// Official Sparco logo (300x78)
const uint16_t sparco_logo_width = 300;
const uint16_t sparco_logo_height = 78;
const uint16_t sparco_logo[] PROGMEM = {
  0xBAB5, 0x3BC6, 0x3BC6, 0x3BC6, 0x3BC6, 0x3BC6, 0x3BC6, 0x3BC6, 0x3BC6, 0x3BC6, 0x3BC6, 0x3BC6, 0x3BC6, 0x3BC6, 0x3BC6, 0x3BC6,
  0x3BC6, 0x3BC6, 0x3BC6, 0x3BC6, 0x3BC6, 0x3BC6, 0x3BC6, 0x3BC6, 0x3BC6, 0x3BC6, 0x3BC6, 0x3BC6, 0x3BC6, 0x3BC6, 0x3BC6, 0x3BC6,
  0x3BC6, 0x3BC6, 0x3BC6, 0x3BC6, 0x3BC6, 0x3BC6, 0x3BC6, 0x3BC6, 0x3BC6, 0x3BC6, 0x3BC6, 0x3BC6, 0x3BC6, 0x3BC6, 0x3BC6, 0x3BC6,
  0x3BC6, 0x3BC6, 0x3BC6, 0x3BC6, 0x3BC6, 0x3BC6, 0x3BC6, 0x3BC6, 0x3BC6, 0x3BC6, 0x3BC6, 0x3BC6, 0x3BC6, 0x3BC6, 0x3BC6, 0x3BC6,
  0x3BC6, 0x3BC6, 0x3BC6, 0x3BC6, 0x3BC6, 0x3BC6, 0x3BC6, 0x3BC6, 0x3BC6, 0x3BC6, 0x3BC6, 0x3BC6, 0x3BC6, 0x3BC6, 0x3BC6, 0x3BC6,
  0x3BC6, 0x3BC6, 0x3BC6, 0x3BC6, 0x3BC6, 0x3BC6, 0x3BC6, 0x3BC6, 0x3BC6, 0x3BC6, 0x3BC6, 0x3BC6, 0x3BC6, 0x3BC6, 0x3BC6, 0x3BC6,
  0x3BC6, 0x3BC6, 0x3BC6, 0x3BC6, 0x3BC6, 0x3BC6, 0x3BC6, 0x3BC6, 0x3BC6, 0x3BC6, 0x3BC6, 0x3BC6, 0x3BC6, 0x3BC6, 0x3BC6, 0x3BC6,
  0x3BC6, 0x3BC6, 0x3BC6, 0x3BC6, 0x3BC6, 0x3BC6, 0x3BC6, 0x3BC6, 0x3BC6, 0x3BC6, 0x3BC6, 0x3BC6, 0x3BC6, 0x3BC6, 0x3BC6, 0x3BC6,
  0x3BC6, 0x3BC6, 0x3BC6, 0x3BC6, 0x3BC6, 0x3BC6, 0x3BC6, 0x3BC6, 0x3BC6, 0x3BC6, 0x3BC6, 0x3BC6, 0x3BC6, 0x3BC6, 0x3BC6, 0x3BC6,
  0x3BC6, 0x3BC6, 0x3BC6, 0x3BC6, 0x3BC6, 0x3BC6, 0x3BC6, 0x3BC6, 0x3BC6, 0x3BC6, 0x3BC6, 0x3BC6, 0x3BC6, 0x3BC6, 0x3BC6, 0x3BC6,
  0x3BC6, 0x3BC6, 0x3BC6, 0x3BC6, 0x3BC6, 0x3BC6, 0x3BC6, 0x3BC6, 0x3BC6, 0x3BC6, 0x3BC6, 0x3BC6, 0x3BC6, 0x3BC6, 0x3BC6, 0x3BC6,
  0x3BC6, 0x3BC6, 0x3BC6, 0x3BC6, 0x3BC6, 0x3BC6, 0x3BC6, 0x3BC6, 0x3BC6, 0x3BC6, 0x3BC6, 0x3BC6, 0x3BC6, 0x3BC6, 0x3BC6, 0x3BC6,
  0x3BC6, 0x3BC6, 0x3BC6, 0x3BC6, 0x3BC6, 0x3BC6, 0x3BC6, 0x3BC6, 0x3BC6, 0x3BC6, 0x3BC6, 0x3BC6, 0x3BC6, 0x3BC6, 0x3BC6, 0x3BC6,
  0x3BC6, 0x3BC6, 0x3BC6, 0x3BC6, 0x3BC6, 0x3BC6, 0x3BC6, 0x3BC6, 0x3BC6, 0x3BC6, 0x3BC6, 0x3BC6, 0x3BC6, 0x3BC6, 0x3BC6, 0x3BC6,
  0x3BC6, 0x3BC6, 0x3BC6, 0x3BC6, 0x3BC6, 0x3BC6, 0x3BC6, 0x3BC6, 0x3BC6, 0x3BC6, 0x3BC6, 0x3BC6, 0x3BC6, 0x3BC6, 0x3BC6, 0x3BC6,
  0x3BC6, 0x3BC6, 0x3BC6, 0x3BC6, 0x3BC6, 0x3BC6, 0x3BC6, 0x3BC6, 0x3BC6, 0x3BC6, 0x3BC6, 0x3BC6, 0x3BC6, 0x3BC6, 0x3BC6, 0x3BC6,
  0x3BC6, 0x3BC6, 0x3BC6, 0x3BC6, 0x3BC6, 0x3BC6, 0x3BC6, 0x3BC6, 0x3BC6, 0x3BC6, 0x3BC6, 0x3BC6, 0x3BC6, 0x3BC6, 0x3BC6, 0x3BC6,
  0x3BC6, 0x3BC6, 0x3BC6, 0x3BC6, 0x3BC6, 0x3BC6, 0x3BC6, 0x3BC6, 0x3BC6, 0x3BC6, 0x3BC6, 0x3BC6, 0x3BC6, 0x3BC6, 0x3BC6, 0x3BC6,
  0x3BC6, 0x3BC6, 0x3BC6, 0x3BC6, 0x3BC6, 0x3BC6, 0x3BC6, 0x3BC6, 0x3BC6, 0x3BC6, 0x3BC6, 0xBAB5, 0x7EEF, 0xFFFF, 0xFFFF, 0xFFFF,
  0xFFFF, 0xFFFF, 0xFFFF, 0xFFFF, 0xFFFF, 0xFFFF, 0xFFFF, 0xFFFF, 0xFFFF, 0xFFFF, 0xFFFF, 0xFFFF, 0xFFFF, 0xFFFF, 0xFFFF, 0xFFFF,
  0xFFFF, 0xFFFF, 0xFFFF, 0xFFFF, 0xFFFF, 0xFFFF, 0xFFFF, 0xFFFF, 0xFFFF, 0xFFFF, 0xFFFF, 0xFFFF, 0xFFFF, 0xFFFF, 0xFFFF, 0xFFFF,
  0xFFFF, 0xFFFF, 0xFFFF, 0xFFFF, 0xFFFF, 0xFFFF, 0xFFFF, 0xFFFF, 0xFFFF, 0xFFFF, 0xFFFF, 0xFFFF, 0xFFFF, 0xFFFF, 0xFFFF, 0xFFFF,
  0xFFFF, 0xFFFF, 0xFFFF, 0xFFFF, 0xFFFF, 0xFFFF, 0xFFFF, 0xFFFF, 0xFFFF, 0xFFFF, 0xFFFF, 0xFFFF, 0xFFFF, 0xFFFF, 0xFFFF, 0xFFFF,
  0xFFFF, 0xFFFF, 0xFFFF, 0xFFFF, 0xFFFF, 0xFFFF, 0xFFFF, 0xFFFF, 0xFFFF, 0xFFFF, 0xFFFF, 0xFFFF, 0xFFFF, 0xFFFF, 0xFFFF, 0xFFFF,
  0xFFFF, 0xFFFF, 0xFFFF, 0xFFFF, 0xFFFF, 0xFFFF, 0xFFFF, 0xFFFF, 0xFFFF, 0xFFFF, 0xFFFF, 0xFFFF, 0xFFFF, 0xFFFF, 0xFFFF, 0xFFFF,
  0xFFFF, 0xFFFF, 0xFFFF, 0xFFFF, 0xFFFF, 0xFFFF, 0xFFFF, 0xFFFF, 0xFFFF, 0xFFFF, 0xFFFF, 0xFFFF, 0xFFFF, 0xFFFF, 0xFFFF, 0xFFFF,
  0xFFFF, 0xFFFF, 0xFFFF, 0xFFFF, 0xFFFF, 0xFFFF, 0xFFFF, 0xFFFF, 0xFFFF, 0xFFFF, 0xFFFF, 0xFFFF, 0xFFFF, 0xFFFF, 0xFFFF, 0xFFFF,
  0xFFFF, 0xFFFF, 0xFFFF, 0xFFFF, 0xFFFF, 0xFFFF, 0xFFFF, 0xFFFF, 0xFFFF, 0xFFFF, 0xFFFF, 0xFFFF, 0xFFFF, 0xFFFF, 0xFFFF, 0xFFFF,
  0xFFFF, 0xFFFF, 0xFFFF, 0xFFFF, 0xFFFF, 0xFFFF, 0xFFFF, 0xFFFF, 0xFFFF, 0xFFFF, 0xFFFF, 0xFFFF, 0xFFFF, 0xFFFF, 0xFFFF, 0xFFFF,
  0xFFFF, 0xFFFF, 0xFFFF, 0xFFFF, 0xFFFF, 0xFFFF, 0xFFFF, 0xFFFF, 0xFFFF, 0xFFFF, 0xFFFF, 0xFFFF, 0xFFFF, 0xFFFF, 0xFFFF, 0xFFFF,
  0xFFFF, 0xFFFF, 0xFFFF, 0xFFFF, 0xFFFF, 0xFFFF, 0xFFFF, 0xFFFF, 0xFFFF, 0xFFFF, 0xFFFF, 0xFFFF, 0xFFFF, 0xFFFF, 0xFFFF, 0xFFFF,
  0xFFFF, 0xFFFF, 0xFFFF, 0xFFFF, 0xFFFF, 0xFFFF, 0xFFFF, 0xFFFF, 0xFFFF, 0xFFFF, 0xFFFF, 0xFFFF, 0xFFFF, 0xFFFF, 0xFFFF, 0xFFFF,
  0xFFFF, 0xFFFF, 0xFFFF, 0xFFFF, 0xFFFF, 0xFFFF, 0xFFFF, 0xFFFF, 0xFFFF, 0xFFFF, 0xFFFF, 0xFFFF, 0xFFFF, 0xFFFF, 0xFFFF, 0xFFFF,
  0xFFFF, 0xFFFF, 0xFFFF, 0xFFFF, 0xFFFF, 0xFFFF, 0xFFFF, 0xFFFF, 0xFFFF, 0xFFFF, 0xFFFF, 0xFFFF, 0xFFFF, 0xFFFF, 0xFFFF, 0xFFFF,
  0xFFFF, 0xFFFF, 0xFFFF, 0xFFFF, 0xFFFF, 0xFFFF, 0xFFFF, 0xFFFF, 0xFFFF, 0xFFFF, 0xFFFF, 0xFFFF, 0xFFFF, 0xFFFF, 0xFFFF, 0xFFFF,
  0xFFFF, 0xFFFF, 0xFFFF, 0xFFFF, 0xFFFF, 0xFFFF, 0xFFFF, 0xFFFF, 0xFFFF, 0xFFFF, 0xFFFF, 0xFFFF, 0xFFFF, 0xFFFF, 0xFFFF, 0xFFFF,
  0xFFFF, 0xFFFF, 0xFFFF, 0xFFFF, 0xFFFF, 0xFFFF, 0xFFFF, 0xFFFF, 0xFFFF, 0xFFFF, 0xFFFF, 0xFFFF, 0xFFFF, 0xFFFF, 0xFFFF, 0xFFFF,
  0xFFFF, 0xFFFF, 0xFFFF, 0xFFFF, 0xFFFF, 0xFFFF, 0xFFFF, 0x7EEF, 0x3EE7, 0xFFFF, 0xFFFF, 0xFFFF, 0xFFFF, 0xFFFF, 0xFFFF, 0xFFFF,
  0xFFFF, 0xFFFF, 0xFFFF, 0xFFFF, 0xFFFF, 0xFFFF, 0xFFFF, 0xFFFF, 0xFFFF, 0xFFFF, 0xFFFF, 0xFFFF, 0xFFFF, 0xFFFF, 0xFFFF, 0xFFFF,
  0xFFFF, 0xFFFF, 0xFFFF, 0xFFFF, 0xFFFF, 0xFFFF, 0xFFFF, 0xFFFF, 0xFFFF, 0xFFFF, 0xFFFF, 0xFFFF, 0xFFFF, 0xFFFF, 0xFFFF, 0xFFFF,
  0xFFFF, 0xFFFF, 0xFFFF, 0xFFFF, 0xFFFF, 0xFFFF, 0xFFFF, 0xFFFF, 0xFFFF, 0xFFFF, 0xFFFF, 0xFFFF, 0xFFFF, 0xFFFF, 0xFFFF, 0xFFFF,
  0xFFFF, 0xFFFF, 0xFFFF, 0xFFFF, 0xFFFF, 0xFFFF, 0xFFFF, 0xFFFF, 0xFFFF, 0xFFFF, 0xFFFF, 0xFFFF, 0xFFFF, 0xFFFF, 0xFFFF, 0xFFFF,
  0xFFFF, 0xFFFF, 0xFFFF, 0xFFFF, 0xFFFF, 0xFFFF, 0xFFFF, 0xFFFF, 0xFFFF, 0xFFFF, 0xFFFF, 0xFFFF, 0xFFFF, 0xFFFF, 0xFFFF, 0xFFFF,
  0xFFFF, 0xFFFF, 0xFFFF, 0xFFFF, 0xFFFF, 0xFFFF, 0xFFFF, 0xFFFF, 0xFFFF, 0xFFFF, 0xFFFF, 0xFFFF, 0xFFFF, 0xFFFF, 0xFFFF, 0xFFFF,
  0xFFFF, 0xFFFF, 0xFFFF, 0xFFFF, 0xFFFF, 0xFFFF, 0xFFFF, 0xFFFF, 0xFFFF, 0xFFFF, 0xFFFF, 0xFFFF, 0xFFFF, 0xFFFF, 0xFFFF, 0xFFFF,
  0xFFFF, 0xFFFF, 0xFFFF, 0xFFFF, 0xFFFF, 0xFFFF, 0xFFFF, 0xFFFF, 0xFFFF, 0xFFFF, 0xFFFF, 0xFFFF, 0xFFFF, 0xFFFF, 0xFFFF, 0xFFFF,
  0xFFFF, 0xFFFF, 0xFFFF, 0xFFFF, 0xFFFF, 0xFFFF, 0xFFFF, 0xFFFF, 0xFFFF, 0xFFFF, 0xFFFF, 0xFFFF, 0xFFFF, 0xFFFF, 0xFFFF, 0xFFFF,
  0xFFFF, 0xFFFF, 0xFFFF, 0xFFFF, 0xFFFF, 0xFFFF, 0xFFFF, 0xFFFF, 0xFFFF, 0xFFFF, 0xFFFF, 0xFFFF, 0xFFFF, 0xFFFF, 0xFFFF, 0xFFFF,
  0xFFFF, 0xFFFF, 0xFFFF, 0xFFFF, 0xFFFF, 0xFFFF, 0xFFFF, 0xFFFF, 0xFFFF, 0xFFFF, 0xFFFF, 0xFFFF, 0xFFFF, 0xFFFF, 0xFFFF, 0xFFFF,
  0xFFFF, 0xFFFF, 0xFFFF, 0xFFFF, 0xFFFF, 0xFFFF, 0xFFFF, 0xFFFF, 0xFFFF, 0xFFFF, 0xFFFF, 0xFFFF, 0xFFFF, 0xFFFF, 0xFFFF, 0xFFFF,
  0xFFFF, 0xFFFF, 0xFFFF, 0xFFFF, 0xFFFF, 0xFFFF, 0xFFFF, 0xFFFF, 0xFFFF, 0xFFFF, 0xFFFF, 0xFFFF, 0xFFFF, 0xFFFF, 0xFFFF, 0xFFFF,
  0xFFFF, 0xFFFF, 0xFFFF, 0xFFFF, 0xFFFF, 0xFFFF, 0xFFFF, 0xFFFF, 0xFFFF, 0xFFFF, 0xFFFF, 0xFFFF, 0xFFFF, 0xFFFF, 0xFFFF, 0xFFFF,
  0xFFFF, 0xFFFF, 0xFFFF, 0xFFFF, 0xFFFF, 0xFFFF, 0xFFFF, 0xFFFF, 0xFFFF, 0xFFFF, 0xFFFF, 0xFFFF, 0xFFFF, 0xFFFF, 0xFFFF, 0xFFFF,
  0xFFFF, 0xFFFF, 0xFFFF, 0xFFFF, 0xFFFF, 0xFFFF, 0xFFFF, 0xFFFF, 0xFFFF, 0xFFFF, 0xFFFF, 0xFFFF, 0xFFFF, 0xFFFF, 0xFFFF, 0xFFFF,
  0xFFFF, 0xFFFF, 0xFFFF, 0xFFFF, 0xFFFF, 0xFFFF, 0xFFFF, 0xFFFF, 0xFFFF, 0xFFFF, 0xFFFF, 0xFFFF, 0xFFFF, 0xFFFF, 0xFFFF, 0xFFFF,
  0xFFFF, 0xFFFF, 0xFFFF, 0xFFFF, 0xFFFF, 0xFFFF, 0xFFFF, 0xFFFF, 0xFFFF, 0xFFFF, 0xFFFF, 0xFFFF, 0xFFFF, 0xFFFF, 0xFFFF, 0xFFFF,
  0xFFFF, 0xFFFF, 0xFFFF, 0x3EE7, 0x3EE7, 0xFFFF, 0xFFFF, 0xFFFF, 0xFFFF, 0xFFFF, 0xFFFF, 0xFFFF, 0xFFFF, 0xFFFF, 0xFFFF, 0xFFFF,
  0xFFFF, 0xFFFF, 0xFFFF, 0xFFFF, 0xFFFF, 0xFFFF, 0xFFFF, 0xFFFF, 0xFFFF, 0xFFFF, 0xFFFF, 0xFFFF, 0xFFFF, 0xFFFF, 0xFFFF, 0xFFFF,
  0xFFFF, 0xFFFF, 0xFFFF, 0xFFFF, 0xFFFF, 0xFFFF, 0xFFFF, 0xFFFF, 0xFFFF, 0xFFFF, 0xFFFF, 0xFFFF, 0xFFFF, 0xFFFF, 0xFFFF, 0xFFFF,
  0xFFFF, 0xFFFF, 0xFFFF, 0xFFFF, 0xFFFF, 0xFFFF, 0xFFFF, 0xFFFF, 0xFFFF, 0xFFFF, 0xFFFF, 0xFFFF, 0xFFFF, 0xFFFF, 0xFFFF, 0xFFFF,
  0xFFFF, 0xFFFF, 0xFFFF, 0xFFFF, 0xFFFF, 0xFFFF, 0xFFFF, 0xFFFF, 0xFFFF, 0xFFFF, 0xFFFF, 0xFFFF, 0xFFFF, 0xFFFF, 0xFFFF, 0xFFFF,
  0xFFFF, 0xFFFF, 0xFFFF, 0xFFFF, 0xFFFF, 0xFFFF, 0xFFFF, 0xFFFF, 0xFFFF, 0xFFFF, 0xFFFF, 0xFFFF, 0xFFFF, 0xFFFF, 0xFFFF, 0xFFFF,
  0xFFFF, 0xFFFF, 0xFFFF, 0xFFFF, 0xFFFF, 0xFFFF, 0xFFFF, 0xFFFF, 0xFFFF, 0xFFFF, 0xFFFF, 0xFFFF, 0xFFFF, 0xFFFF, 0xFFFF, 0xFFFF,
  0xFFFF, 0xFFFF, 0xFFFF, 0xFFFF, 0xFFFF, 0xFFFF, 0xFFFF, 0xFFFF, 0xFFFF, 0xFFFF, 0xFFFF, 0xFFFF, 0xFFFF, 0xFFFF, 0xFFFF, 0xFFFF,
  0xFFFF, 0xFFFF, 0xFFFF, 0xFFFF, 0xFFFF, 0xFFFF, 0xFFFF, 0xFFFF, 0xFFFF, 0xFFFF, 0xFFFF, 0xFFFF, 0xFFFF, 0xFFFF, 0xFFFF, 0xFFFF,
  0xFFFF, 0xFFFF, 0xFFFF, 0xFFFF, 0xFFFF, 0xFFFF, 0xFFFF, 0xFFFF, 0xFFFF, 0xFFFF, 0xFFFF, 0xFFFF, 0xFFFF, 0xFFFF, 0xFFFF, 0xFFFF,
  0xFFFF, 0xFFFF, 0xFFFF, 0xFFFF, 0xFFFF, 0xFFFF, 0xFFFF, 0xFFFF, 0xFFFF, 0xFFFF, 0xFFFF, 0xFFFF, 0xFFFF, 0xFFFF, 0xFFFF, 0xFFFF,
  0xFFFF, 0xFFFF, 0xFFFF, 0xFFFF, 0xFFFF, 0xFFFF, 0xFFFF, 0xFFFF, 0xFFFF, 0xFFFF, 0xFFFF, 0xFFFF, 0xFFFF, 0xFFFF, 0xFFFF, 0xFFFF,
  0xFFFF, 0xFFFF, 0xFFFF, 0xFFFF, 0xFFFF, 0xFFFF, 0xFFFF, 0xFFFF, 0xFFFF, 0xFFFF, 0xFFFF, 0xFFFF, 0xFFFF, 0xFFFF, 0xFFFF, 0xFFFF,
  0xFFFF, 0xFFFF, 0xFFFF, 0xFFFF, 0xFFFF, 0xFFFF, 0xFFFF, 0xFFFF, 0xFFFF, 0xFFFF, 0xFFFF, 0xFFFF, 0xFFFF, 0xFFFF, 0xFFFF, 0xFFFF,
  0xFFFF, 0xFFFF, 0xFFFF, 0xFFFF, 0xFFFF, 0xFFFF, 0xFFFF, 0xFFFF, 0xFFFF, 0xFFFF, 0xFFFF, 0xFFFF, 0xFFFF, 0xFFFF, 0xFFFF, 0xFFFF,
  0xFFFF, 0xFFFF, 0xFFFF, 0xFFFF, 0xFFFF, 0xFFFF, 0xFFFF, 0xFFFF, 0xFFFF, 0xFFFF, 0xFFFF, 0xFFFF, 0xFFFF, 0xFFFF, 0xFFFF, 0xFFFF,
  0xFFFF, 0xFFFF, 0xFFFF, 0xFFFF, 0xFFFF, 0xFFFF, 0xFFFF, 0xFFFF, 0xFFFF, 0xFFFF, 0xFFFF, 0xFFFF, 0xFFFF, 0xFFFF, 0xFFFF, 0xFFFF,
  0xFFFF, 0xFFFF, 0xFFFF, 0xFFFF, 0xFFFF, 0xFFFF, 0xFFFF, 0xFFFF, 0xFFFF, 0xFFFF, 0xFFFF, 0xFFFF, 0xFFFF, 0xFFFF, 0xFFFF, 0xFFFF,
  0xFFFF, 0xFFFF, 0xFFFF, 0xFFFF, 0xFFFF, 0xFFFF, 0xFFFF, 0xFFFF, 0xFFFF, 0xFFFF, 0xFFFF, 0xFFFF, 0xFFFF, 0xFFFF, 0xFFFF, 0x3EE7,
  0x3EE7, 0xFFFF, 0xFFFF, 0xFFFF, 0xFFFF, 0xFFFF, 0xFFFF, 0xFFFF, 0xFFFF, 0xFFFF, 0xFFFF, 0xFFFF, 0xFFFF, 0xFFFF, 0xFFFF, 0xFFFF,
  0xFFFF, 0xFFFF, 0xFFFF, 0xFFFF, 0xFFFF, 0xFFFF, 0xFFFF, 0xFFFF, 0xFFFF, 0xFFFF, 0xFFFF, 0xFFFF, 0xFFFF, 0xFFFF, 0xFFFF, 0xFFFF,
  0xFFFF, 0xFFFF, 0xFFFF, 0xFFFF, 0xFFFF, 0xFFFF, 0xFFFF, 0xFFFF, 0xFFFF, 0xFFFF, 0xFFFF, 0xFFFF, 0xFFFF, 0xFFFF, 0xFFFF, 0xFFFF,
  0xFFFF, 0xFFFF, 0xFFFF, 0xFFFF, 0xFFFF, 0xFFFF, 0xFFFF, 0xFFFF, 0xFFFF, 0xFFFF, 0xFFFF, 0xFFFF, 0xFFFF, 0xFFFF, 0xFFFF, 0xFFFF,
  0xFFFF, 0xFFFF, 0xFFFF, 0xFFFF, 0xFFFF, 0xFFFF, 0xFFFF, 0xFFFF, 0xFFFF, 0xFFFF, 0xFFFF, 0xFFFF, 0xFFFF, 0xFFFF, 0xFFFF, 0xFFFF,
  0xFFFF, 0xFFFF, 0xFFFF, 0xFFFF, 0xFFFF, 0xFFFF, 0xFFFF, 0xFFFF, 0xFFFF, 0xFFFF, 0xFFFF, 0xFFFF, 0xFFFF, 0xFFFF, 0xFFFF, 0xFFFF,
  0xFFFF, 0xFFFF, 0xFFFF, 0xFFFF, 0xFFFF, 0xFFFF, 0xFFFF, 0xFFFF, 0xFFFF, 0xFFFF, 0xFFFF, 0xFFFF, 0xFFFF, 0xFFFF, 0xFFFF, 0xFFFF,
  0xFFFF, 0xFFFF, 0xFFFF, 0xFFFF, 0xFFFF, 0xFFFF, 0xFFFF, 0xFFFF, 0xFFFF, 0xFFFF, 0xFFFF, 0xFFFF, 0xFFFF, 0xFFFF, 0xFFFF, 0xFFFF,
  0xFFFF, 0xFFFF, 0xFFFF, 0xFFFF, 0xFFFF, 0xFFFF, 0xFFFF, 0xFFFF, 0xFFFF, 0xFFFF, 0xFFFF, 0xFFFF, 0xFFFF, 0xFFFF, 0xFFFF, 0xFFFF,
  0xFFFF, 0xFFFF, 0xFFFF, 0xFFFF, 0xFFFF, 0xFFFF, 0xFFFF, 0xFFFF, 0xFFFF, 0xFFFF, 0xFFFF, 0xFFFF, 0xFFFF, 0xFFFF, 0xFFFF, 0xFFFF,
  0xFFFF, 0xFFFF, 0xFFFF, 0xFFFF, 0xFFFF, 0xFFFF, 0xFFFF, 0xFFFF, 0xFFFF, 0xFFFF, 0xFFFF, 0xFFFF, 0xFFFF, 0xFFFF, 0xFFFF, 0xFFFF,
  0xFFFF, 0xFFFF, 0xFFFF, 0xFFFF, 0xFFFF, 0xFFFF, 0xFFFF, 0xFFFF, 0xFFFF, 0xFFFF, 0xFFFF, 0xFFFF, 0xFFFF, 0xFFFF, 0xFFFF, 0xFFFF,
  0xFFFF, 0xFFFF, 0xFFFF, 0xFFFF, 0xFFFF, 0xFFFF, 0xFFFF, 0xFFFF, 0xFFFF, 0xFFFF, 0xFFFF, 0xFFFF, 0xFFFF, 0xFFFF, 0xFFFF, 0xFFFF,
  0xFFFF, 0xFFFF, 0xFFFF, 0xFFFF, 0xFFFF, 0xFFFF, 0xFFFF, 0xFFFF, 0xFFFF, 0xFFFF, 0xFFFF, 0xFFFF, 0xFFFF, 0xFFFF, 0xFFFF, 0xFFFF,
  0xFFFF, 0xFFFF, 0xFFFF, 0xFFFF, 0xFFFF, 0xFFFF, 0xFFFF, 0xFFFF, 0xFFFF, 0xFFFF, 0xFFFF, 0xFFFF, 0xFFFF, 0xFFFF, 0xFFFF, 0xFFFF,
  0xFFFF, 0xFFFF, 0xFFFF, 0xFFFF, 0xFFFF, 0xFFFF, 0xFFFF, 0xFFFF, 0xFFFF, 0xFFFF, 0xFFFF, 0xFFFF, 0xFFFF, 0xFFFF, 0xFFFF, 0xFFFF,
  0xFFFF, 0xFFFF, 0xFFFF, 0xFFFF, 0xFFFF, 0xFFFF, 0xFFFF, 0xFFFF, 0xFFFF, 0xFFFF, 0xFFFF, 0xFFFF, 0xFFFF, 0xFFFF, 0xFFFF, 0xFFFF,
  0xFFFF, 0xFFFF, 0xFFFF, 0xFFFF, 0xFFFF, 0xFFFF, 0xFFFF, 0xFFFF, 0xFFFF, 0xFFFF, 0xFFFF, 0xFFFF, 0xFFFF, 0xFFFF, 0xFFFF, 0xFFFF,
  0xFFFF, 0xFFFF, 0xFFFF, 0xFFFF, 0xFFFF, 0xFFFF, 0xFFFF, 0xFFFF, 0xFFFF, 0xFFFF, 0xFFFF, 0x3EE7, 0x3EE7, 0xFFFF, 0xFFFF, 0xFFFF,
  0xFFFF, 0xFFFF, 0xFFFF, 0xFFFF, 0xFFFF, 0xFFFF, 0xFFFF, 0xFFFF, 0xFFFF, 0xFFFF, 0xFFFF, 0xFFFF, 0xFFFF, 0xFFFF, 0xFFFF, 0xFFFF,
  0xFFFF, 0xFFFF, 0xFFFF, 0xFFFF, 0xFFFF, 0xFFFF, 0xFFFF, 0xFFFF, 0xFFFF, 0xFFFF, 0xFFFF, 0xFFFF, 0xFFFF, 0xFFFF, 0xFFFF, 0xFFFF,
  0xFFFF, 0xFFFF, 0xFFFF, 0xFFFF, 0xFFFF, 0xFFFF, 0xFFFF, 0xFFFF, 0xFFFF, 0xFFFF, 0xFFFF, 0xFFFF, 0xFFFF, 0xFFFF, 0xFFFF, 0xFFFF,
  0xFFFF, 0xFFFF, 0xFFFF, 0xFFFF, 0xFFFF, 0xFFFF, 0xFFFF, 0xFFFF, 0xFFFF, 0xFFFF, 0xFFFF, 0xFFFF, 0xFFFF, 0xFFFF, 0xFFFF, 0xFFFF,
  0xFFFF, 0xFFFF, 0xFFFF, 0xFFFF, 0xFFFF, 0xFFFF, 0xFFFF, 0xFFFF, 0xFFFF, 0xFFFF, 0xFFFF, 0xFFFF, 0xFFFF, 0xFFFF, 0xFFFF, 0xFFFF,
  0xFFFF, 0xFFFF, 0xFFFF, 0xFFFF, 0xFFFF, 0xFFFF, 0xFFFF, 0xFFFF, 0xFFFF, 0xFFFF, 0xFFFF, 0xFFFF, 0xFFFF, 0xFFFF, 0xFFFF, 0xFFFF,
  0xFFFF, 0xFFFF, 0xFFFF, 0xFFFF, 0xFFFF, 0xFFFF, 0xFFFF, 0xFFFF, 0xFFFF, 0xFFFF, 0xFFFF, 0xFFFF, 0xFFFF, 0xFFFF, 0xFFFF, 0xFFFF,
  0xFFFF, 0xFFFF, 0xFFFF, 0xFFFF, 0xFFFF, 0xFFFF, 0xFFFF, 0xFFFF, 0xFFFF, 0xFFFF, 0xFFFF, 0xFFFF, 0xFFFF, 0xFFFF, 0xFFFF, 0xFFFF,
  0xFFFF, 0xFFFF, 0xFFFF, 0xFFFF, 0xFFFF, 0xFFFF, 0xFFFF, 0xFFFF, 0xFFFF, 0xFFFF, 0xFFFF, 0xFFFF, 0xFFFF, 0xFFFF, 0xFFFF, 0xFFFF,
  0xFFFF, 0xFFFF, 0xFFFF, 0xFFFF, 0xFFFF, 0xFFFF, 0xFFFF, 0xFFFF, 0xFFFF, 0xFFFF, 0xFFFF, 0xFFFF, 0xFFFF, 0xFFFF, 0xFFFF, 0xFFFF,
  0xFFFF, 0xFFFF, 0xFFFF, 0xFFFF, 0xFFFF, 0xFFFF, 0xFFFF, 0xFFFF, 0xFFFF, 0xFFFF, 0xFFFF, 0xFFFF, 0xFFFF, 0xFFFF, 0xFFFF, 0xFFFF,
  0xFFFF, 0xFFFF, 0xFFFF, 0xFFFF, 0xFFFF, 0xFFFF, 0xFFFF, 0xFFFF, 0xFFFF, 0xFFFF, 0xFFFF, 0xFFFF, 0xFFFF, 0xFFFF, 0xFFFF, 0xFFFF,
  0xFFFF, 0xFFFF, 0xFFFF, 0xFFFF, 0xFFFF, 0xFFFF, 0xFFFF, 0xFFFF, 0xFFFF, 0xFFFF, 0xFFFF, 0xFFFF, 0xFFFF, 0xFFFF, 0xFFFF, 0xFFFF,
  0xFFFF, 0xFFFF, 0xFFFF, 0xFFFF, 0xFFFF, 0xFFFF, 0xFFFF, 0xFFFF, 0xFFFF, 0xFFFF, 0xFFFF, 0xFFFF, 0xFFFF, 0xFFFF, 0xFFFF, 0xFFFF,
  0xFFFF, 0xFFFF, 0xFFFF, 0xFFFF, 0xFFFF, 0xFFFF, 0xFFFF, 0xFFFF, 0xFFFF, 0xFFFF, 0xFFFF, 0xFFFF, 0xFFFF, 0xFFFF, 0xFFFF, 0xFFFF,
  0xFFFF, 0xFFFF, 0xFFFF, 0xFFFF, 0xFFFF, 0xFFFF, 0xFFFF, 0xFFFF, 0xFFFF, 0xFFFF, 0xFFFF, 0xFFFF, 0xFFFF, 0xFFFF, 0xFFFF, 0xFFFF,
  0xFFFF, 0xFFFF, 0xFFFF, 0xFFFF, 0xFFFF, 0xFFFF, 0xFFFF, 0xFFFF, 0xFFFF, 0xFFFF, 0xFFFF, 0xFFFF, 0xFFFF, 0xFFFF, 0xFFFF, 0xFFFF,
  0xFFFF, 0xFFFF, 0xFFFF, 0xFFFF, 0xFFFF, 0xFFFF, 0xFFFF, 0xFFFF, 0xFFFF, 0xFFFF, 0xFFFF, 0xFFFF, 0xFFFF, 0xFFFF, 0xFFFF, 0xFFFF,
  0xFFFF, 0xFFFF, 0xFFFF, 0xFFFF, 0xFFFF, 0xFFFF, 0xFFFF, 0x3EE7, 0x3EE7, 0xFFFF, 0xFFFF, 0xFFFF, 0xFFFF, 0xFFFF, 0xFFFF, 0xFFFF,
  0xFFFF, 0xFFFF, 0xFFFF, 0xFFFF, 0xFFFF, 0xFFFF, 0xFFFF, 0xFFFF, 0xFFFF, 0xFFFF, 0xFFFF, 0xFFFF, 0xFFFF, 0xFFFF, 0xFFFF, 0xFFFF,
  0xFFFF, 0xFFFF, 0xFFFF, 0xFFFF, 0xFFFF, 0xFFFF, 0xFFFF, 0xFFFF, 0xFFFF, 0xFFFF, 0xFFFF, 0xFFFF, 0xFFFF, 0xFFFF, 0xFFFF, 0xFFFF,
  0xFFFF, 0xFFFF, 0xFFFF, 0xFFFF, 0xFFFF, 0xFFFF, 0xFFFF, 0xFFFF, 0xFFFF, 0xFFFF, 0xFFFF, 0xFFFF, 0xFFFF, 0xFFFF, 0xFFFF, 0xFFFF,
  0xFFFF, 0xFFFF, 0xFFFF, 0xFFFF, 0xFFFF, 0xFFFF, 0xFFFF, 0xFFFF, 0xFFFF, 0xFFFF, 0xFFFF, 0xFFFF, 0xFFFF, 0xFFFF, 0xFFFF, 0xFFFF,
  0xFFFF, 0xFFFF, 0xFFFF, 0xFFFF, 0xFFFF, 0xFFFF, 0xFFFF, 0xFFFF, 0xFFFF, 0xFFFF, 0xFFFF, 0xFFFF, 0xFFFF, 0xFFFF, 0xFFFF, 0xFFFF,
  0xFFFF, 0xFFFF, 0xFFFF, 0xFFFF, 0xFFFF, 0xFFFF, 0xFFFF, 0xFFFF, 0xFFFF, 0xFFFF, 0xFFFF, 0xFFFF, 0xFFFF, 0xFFFF, 0xFFFF, 0xFFFF,
  0xFFFF, 0xFFFF, 0xFFFF, 0xFFFF, 0xFFFF, 0xFFFF, 0xFFFF, 0xFFFF, 0xFFFF, 0xFFFF, 0xFFFF, 0xFFFF, 0xFFFF, 0xFFFF, 0xFFFF, 0xFFFF,
  0xFFFF, 0xFFFF, 0xFFFF, 0xFFFF, 0xFFFF, 0xFFFF, 0xFFFF, 0xFFFF, 0xFFFF, 0xFFFF, 0xFFFF, 0xFFFF, 0xFFFF, 0xFFFF, 0xFFFF, 0xFFFF,
  0xFFFF, 0xFFFF, 0xFFFF, 0xFFFF, 0xFFFF, 0xFFFF, 0xFFFF, 0xFFFF, 0xFFFF, 0xFFFF, 0xFFFF, 0xFFFF, 0xFFFF, 0xFFFF, 0xFFFF, 0xFFFF,
  0xFFFF, 0xFFFF, 0xFFFF, 0xFFFF, 0xFFFF, 0xFFFF, 0xFFFF, 0xFFFF, 0xFFFF, 0xFFFF, 0xFFFF, 0xFFFF, 0xFFFF, 0xFFFF, 0xFFFF, 0xFFFF,
  0xFFFF, 0xFFFF, 0xFFFF, 0xFFFF, 0xFFFF, 0xFFFF, 0xFFFF, 0xFFFF, 0xFFFF, 0xFFFF, 0xFFFF, 0xFFFF, 0xFFFF, 0xFFFF, 0xFFFF, 0xFFFF,
  0xFFFF, 0xFFFF, 0xFFFF, 0xFFFF, 0xFFFF, 0xFFFF, 0xFFFF, 0xFFFF, 0xFFFF, 0xFFFF, 0xFFFF, 0xFFFF, 0xFFFF, 0xFFFF, 0xFFFF, 0xFFFF,
  0xFFFF, 0xFFFF, 0xFFFF, 0xFFFF, 0xFFFF, 0xFFFF, 0xFFFF, 0xFFFF, 0xFFFF, 0xFFFF, 0xFFFF, 0xFFFF, 0xFFFF, 0xFFFF, 0xFFFF, 0xFFFF,
  0xFFFF, 0xFFFF, 0xFFFF, 0xFFFF, 0xFFFF, 0xFFFF, 0xFFFF, 0xFFFF, 0xFFFF, 0xFFFF, 0xFFFF, 0xFFFF, 0xFFFF, 0xFFFF, 0xFFFF, 0xFFFF,
  0xFFFF, 0xFFFF, 0xFFFF, 0xFFFF, 0xFFFF, 0xFFFF, 0xFFFF, 0xFFFF, 0xFFFF, 0xFFFF, 0xFFFF, 0xFFFF, 0xFFFF, 0xFFFF, 0xFFFF, 0xFFFF,
  0xFFFF, 0xFFFF, 0xFFFF, 0xFFFF, 0xFFFF, 0xFFFF, 0xFFFF, 0xFFFF, 0xFFFF, 0xFFFF, 0xFFFF, 0xFFFF, 0xFFFF, 0xFFFF, 0xFFFF, 0xFFFF,
  0xFFFF, 0xFFFF, 0xFFFF, 0xFFFF, 0xFFFF, 0xFFFF, 0xFFFF, 0xFFFF, 0xFFFF, 0xFFFF, 0xFFFF, 0xFFFF, 0xFFFF, 0xFFFF, 0xFFFF, 0xFFFF,
  0xFFFF, 0xFFFF, 0xFFFF, 0xFFFF, 0xFFFF, 0xFFFF, 0xFFFF, 0xFFFF, 0xFFFF, 0xFFFF, 0xFFFF, 0xFFFF, 0xFFFF, 0xFFFF, 0xFFFF, 0xFFFF,
  0xFFFF, 0xFFFF, 0xFFFF, 0x3EE7, 0x3EE7, 0xFFFF, 0xFFFF, 0xFFFF, 0xFFFF, 0xFFFF, 0xFFFF, 0xFFFF, 0xFFFF, 0xFFFF, 0xFFFF, 0xFFFF,
  0xFFFF, 0xFFFF, 0xFFFF, 0xFFFF, 0xFFFF, 0xFFFF, 0xFFFF, 0xFFFF, 0xFFFF, 0xFFFF, 0xFFFF, 0xFFFF, 0xFFFF, 0xFFFF, 0xFFFF, 0xFFFF,
  0xDFFF, 0xDFFF, 0xFFFF, 0xFFFF, 0xFFFF, 0xFFFF, 0xFFFF, 0xDFFF, 0xDFFF, 0xFFFF, 0xFFFF, 0xFFFF, 0xFFFF, 0xFFFF, 0xFFFF, 0xFFFF,
  0xFFFF, 0xFFFF, 0xFFFF, 0xFFFF, 0xFFFF, 0xFFFF, 0xFFFF, 0xFFFF, 0xFFFF, 0xFFFF, 0xFFFF, 0xFFFF, 0xFFFF, 0xFFFF, 0xFFFF, 0xFFFF,
  0xFFFF, 0xFFFF, 0xFFFF, 0xFFFF, 0xFFFF, 0xFFFF, 0xFFFF, 0xFFFF, 0xFFFF, 0xFFFF, 0xFFFF, 0xFFFF, 0xFFFF, 0xFFFF, 0xFFFF, 0xFFFF,
  0xFFFF, 0xDFFF, 0xDFFF, 0xFFFF, 0xFFFF, 0xFFFF, 0xFFFF, 0xFFFF, 0xDFFF, 0xDFFF, 0xFFFF, 0xFFFF, 0xFFFF, 0xFFFF, 0xFFFF, 0xFFFF,
  0xFFFF, 0xFFFF, 0xFFFF, 0xFFFF, 0xFFFF, 0xFFFF, 0xFFFF, 0xFFFF, 0xFFFF, 0xFFFF, 0xFFFF, 0xFFFF, 0xFFFF, 0xFFFF, 0xFFFF, 0xFFFF,
  0xFFFF, 0xFFFF, 0xFFFF, 0xFFFF, 0xFFFF, 0xFFFF, 0xFFFF, 0xFFFF, 0xFFFF, 0xFFFF, 0xFFFF, 0xFFFF, 0xFFFF, 0xFFFF, 0xFFFF, 0xFFFF,
  0xFFFF, 0xDFFF, 0xDFFF, 0xFFFF, 0xFFFF, 0xFFFF, 0xFFFF, 0xFFFF, 0xDFFF, 0xDFFF, 0xFFFF, 0xFFFF, 0xFFFF, 0xFFFF, 0xFFFF, 0xFFFF,
  0xFFFF, 0xFFFF, 0xFFFF, 0xFFFF, 0xFFFF, 0xFFFF, 0xFFFF, 0xFFFF, 0xFFFF, 0xFFFF, 0xFFFF, 0xFFFF, 0xFFFF, 0xFFFF, 0xFFFF, 0xFFFF,
  0xFFFF, 0xFFFF, 0xFFFF, 0xFFFF, 0xFFFF, 0xFFFF, 0xFFFF, 0xFFFF, 0xFFFF, 0xFFFF, 0xFFFF, 0xFFFF, 0xFFFF, 0xFFFF, 0xFFFF, 0xFFFF,
  0xFFFF, 0xFFFF, 0xFFFF, 0xFFFF, 0xDFFF, 0xDFFF, 0xFFFF, 0xFFFF, 0xFFFF, 0xFFFF, 0xFFFF, 0xDFFF, 0xDFFF, 0xFFFF, 0xFFFF, 0xFFFF,
  0xFFFF, 0xFFFF, 0xFFFF, 0xFFFF, 0xFFFF, 0xFFFF, 0xFFFF, 0xFFFF, 0xFFFF, 0xFFFF, 0xFFFF, 0xFFFF, 0xFFFF, 0xFFFF, 0xFFFF, 0xFFFF,
  0xFFFF, 0xFFFF, 0xFFFF, 0xFFFF, 0xFFFF, 0xFFFF, 0xFFFF, 0xFFFF, 0xFFFF, 0xFFFF, 0xFFFF, 0xFFFF, 0xFFFF, 0xFFFF, 0xFFFF, 0xDFFF,
  0xDFFF, 0xFFFF, 0xFFFF, 0xFFFF, 0xFFFF, 0xFFFF, 0xDFFF, 0xDFFF, 0xFFFF, 0xFFFF, 0xFFFF, 0xFFFF, 0xFFFF, 0xFFFF, 0xFFFF, 0xFFFF,
  0xFFFF, 0xFFFF, 0xFFFF, 0xFFFF, 0xFFFF, 0xFFFF, 0xFFFF, 0xFFFF, 0xFFFF, 0xFFFF, 0xFFFF, 0xFFFF, 0xFFFF, 0xFFFF, 0xFFFF, 0xFFFF,
  0xFFFF, 0xFFFF, 0xFFFF, 0xFFFF, 0xFFFF, 0xFFFF, 0xFFFF, 0xFFFF, 0xFFFF, 0xFFFF, 0xFFFF, 0xFFFF, 0xFFFF, 0xDFFF, 0xDFFF, 0xFFFF,
  0xFFFF, 0xFFFF, 0xFFFF, 0xFFFF, 0xDFFF, 0xDFFF, 0xFFFF, 0xFFFF, 0xFFFF, 0xFFFF, 0xFFFF, 0xFFFF, 0xFFFF, 0xFFFF, 0xFFFF, 0xFFFF,
  0xFFFF, 0xFFFF, 0xFFFF, 0xFFFF, 0xFFFF, 0xFFFF, 0xFFFF, 0xFFFF, 0xFFFF, 0xFFFF, 0xFFFF, 0xFFFF, 0xFFFF, 0xFFFF, 0xFFFF, 0x3EE7,
  0x3EE7, 0xFFFF, 0xFFFF, 0xFFFF, 0xFFFF, 0xFFFF, 0xFFFF, 0xFFFF, 0xFFFF, 0xFFFF, 0xFFFF, 0xFFFF, 0xFFFF, 0xFFFF, 0xFFFF, 0xFFFF,
  0xFFFF, 0xFFFF, 0xFFFF, 0xFFFF, 0xFFFF, 0xFFFF, 0xFFFF, 0xFFFF, 0xFFFF, 0xFFFF, 0xFFFF, 0xFFFF, 0xFFFF, 0xFFFF, 0xFFFF, 0xFFFF,
  0xFFFF, 0xFFFF, 0xFFFF, 0xFFFF, 0xFFFF, 0xFFFF, 0xFFFF, 0xFFFF, 0xDFFF, 0xFFFF, 0xFFFF, 0xFFFF, 0xFFFF, 0xFFFF, 0xFFFF, 0xFFFF,
  0xFFFF, 0xFFFF, 0xFFFF, 0xFFFF, 0xFFFF, 0xFFFF, 0xFFFF, 0xFFFF, 0xFFFF, 0xFFFF, 0xFFFF, 0xFFFF, 0xFFFF, 0xFFFF, 0xFFFF, 0xFFFF,
  0xFFFF, 0xFFFF, 0xFFFF, 0xFFFF, 0xFFFF, 0xFFFF, 0xFFFF, 0xFFFF, 0xFFFF, 0xFFFF, 0xDFFF, 0xFFFF, 0xFFFF, 0xFFFF, 0xFFFF, 0xFFFF,
  0xFFFF, 0xFFFF, 0xFFFF, 0xFFFF, 0xFFFF, 0xFFFF, 0xFFFF, 0xFFFF, 0xFFFF, 0xDFFF, 0xFFFF, 0xFFFF, 0xFFFF, 0xFFFF, 0xFFFF, 0xFFFF,
  0xFFFF, 0xFFFF, 0xFFFF, 0xFFFF, 0xFFFF, 0xFFFF, 0xFFFF, 0xFFFF, 0xFFFF, 0xFFFF, 0xFFFF, 0xFFFF, 0xFFFF, 0xFFFF, 0xFFFF, 0xFFFF,
  0xFFFF, 0xFFFF, 0xFFFF, 0xFFFF, 0xFFFF, 0xFFFF, 0xFFFF, 0xFFFF, 0xFFFF, 0xFFFF, 0xDFFF, 0xFFFF, 0xFFFF, 0xFFFF, 0xFFFF, 0xFFFF,
  0xFFFF, 0xFFFF, 0xFFFF, 0xFFFF, 0xFFFF, 0xFFFF, 0xFFFF, 0xFFFF, 0xFFFF, 0xDFFF, 0xFFFF, 0xFFFF, 0xFFFF, 0xFFFF, 0xFFFF, 0xFFFF,
  0xFFFF, 0xFFFF, 0xFFFF, 0xFFFF, 0xFFFF, 0xFFFF, 0xFFFF, 0xFFFF, 0xFFFF, 0xFFFF, 0xFFFF, 0xFFFF, 0xFFFF, 0xFFFF, 0xFFFF, 0xFFFF,
  0xFFFF, 0xFFFF, 0xFFFF, 0xFFFF, 0xFFFF, 0xFFFF, 0xFFFF, 0xFFFF, 0xFFFF, 0xFFFF, 0xFFFF, 0xFFFF, 0xDFFF, 0xFFFF, 0xFFFF, 0xFFFF,
  0xFFFF, 0xFFFF, 0xFFFF, 0xFFFF, 0xFFFF, 0xFFFF, 0xFFFF, 0xFFFF, 0xFFFF, 0xFFFF, 0xFFFF, 0xFFFF, 0xFFFF, 0xFFFF, 0xFFFF, 0xFFFF,
  0xFFFF, 0xFFFF, 0xFFFF, 0xFFFF, 0xFFFF, 0xFFFF, 0xFFFF, 0xFFFF, 0xFFFF, 0xFFFF, 0xFFFF, 0xFFFF, 0xFFFF, 0xFFFF, 0xFFFF, 0xFFFF,
  0xFFFF, 0xFFFF, 0xFFFF, 0xFFFF, 0xFFFF, 0xFFFF, 0xFFFF, 0xFFFF, 0xFFFF, 0xFFFF, 0xFFFF, 0xFFFF, 0xFFFF, 0xFFFF, 0xFFFF, 0xFFFF,
  0xFFFF, 0xFFFF, 0xFFFF, 0xFFFF, 0xFFFF, 0xFFFF, 0xFFFF, 0xFFFF, 0xFFFF, 0xFFFF, 0xFFFF, 0xFFFF, 0xFFFF, 0xFFFF, 0xFFFF, 0xFFFF,
  0xFFFF, 0xFFFF, 0xFFFF, 0xFFFF, 0xFFFF, 0xFFFF, 0xFFFF, 0xFFFF, 0xFFFF, 0xFFFF, 0xFFFF, 0xFFFF, 0xFFFF, 0xFFFF, 0xFFFF, 0xFFFF,
  0xFFFF, 0xFFFF, 0xFFFF, 0xFFFF, 0xFFFF, 0xFFFF, 0xFFFF, 0xFFFF, 0xFFFF, 0xFFFF, 0xFFFF, 0xFFFF, 0xFFFF, 0xFFFF, 0xFFFF, 0xFFFF,
  0xFFFF, 0xFFFF, 0xFFFF, 0xFFFF, 0xFFFF, 0xFFFF, 0xFFFF, 0xFFFF, 0xFFFF, 0xFFFF, 0xFFFF, 0xFFFF, 0xFFFF, 0xFFFF, 0xFFFF, 0xFFFF,
  0xFFFF, 0xFFFF, 0xFFFF, 0xFFFF, 0xFFFF, 0xFFFF, 0xFFFF, 0xFFFF, 0xFFFF, 0xFFFF, 0xFFFF, 0x3EE7, 0x3EE7, 0xFFFF, 0xFFFF, 0xFFFF,
  0xFFFF, 0xFFFF, 0xFFFF, 0xFFFF, 0xFFFF, 0xFFFF, 0xFFFF, 0xFFFF, 0xFFFF, 0xFFFF, 0xFFFF, 0xFFFF, 0xFFFF, 0xFFFF, 0xFFFF, 0xFFFF,
  0xFFFF, 0xFFFF, 0xFFFF, 0xFFFF, 0xFFFF, 0xFFFF, 0xDFFF, 0x9CD6, 0x39A5, 0xF67B, 0x3463, 0xB352, 0x9352, 0xD352, 0x3463, 0xD67B,
  0xD89C, 0x1BBE, 0x3EE7, 0xFFFF, 0xFFFF, 0xFFFF, 0xFFFF, 0xFFFF, 0xFFFF, 0xFFFF, 0xFFFF, 0xFFFF, 0xFFFF, 0xFFFF, 0xFFFF, 0xFFFF,
  0xFFFF, 0xFFFF, 0xFFFF, 0xFFFF, 0xFFFF, 0xFFFF, 0x7AAD, 0x934A, 0xB352, 0xB352, 0xB352, 0xB352, 0xB352, 0xB352, 0xB352, 0x934A,
  0x19A5, 0xFFFF, 0xFFFF, 0xFFFF, 0xFFFF, 0xFFFF, 0xFFFF, 0xDFFF, 0xBDD6, 0x79AD, 0x3784, 0x756B, 0xD45A, 0xB352, 0xB352, 0x145B,
  0x9573, 0x9894, 0xDABD, 0x3DE7, 0xFFFF, 0xFFFF, 0xFFFF, 0xFFFF, 0xFFFF, 0xFFFF, 0xFFFF, 0xFFFF, 0xFFFF, 0xFFFF, 0xFFFF, 0xFFFF,
  0xFFFF, 0xFFFF, 0xFFFF, 0xFFFF, 0xFFFF, 0xFFFF, 0xFFFF, 0xFFFF, 0xFFFF, 0xFFFF, 0xFFFF, 0xFFFF, 0xFFFF, 0xFFFF, 0xFFFF, 0xFFFF,
  0xFFFF, 0xFFFF, 0xFFFF, 0xFFFF, 0xFFFF, 0xFFFF, 0xFFFF, 0xDFFF, 0xBDD6, 0x79AD, 0x3784, 0x756B, 0xD45A, 0xB352, 0xB352, 0x145B,
  0x9573, 0x9894, 0xDABD, 0x1DE7, 0xFFFF, 0xFFFF, 0xFFFF, 0xFFFF, 0xFFFF, 0xFFFF, 0xFFFF, 0x956B, 0x934A, 0xB352, 0xB352, 0xB352,
  0xB352, 0xB352, 0xB352, 0xB352, 0xB352, 0xFDDE, 0xFFFF, 0xFFFF, 0x5EEF, 0xD352, 0x934A, 0x934A, 0x934A, 0x934A, 0x934A, 0x934A,
  0x9352, 0x934A, 0x3463, 0xBFF7, 0xFFFF, 0xFFFF, 0xFFFF, 0xFFFF, 0xFFFF, 0xFFFF, 0x5EEF, 0x1BC6, 0xD894, 0xB673, 0x145B, 0xB352,
  0x9352, 0xD45A, 0x5563, 0x3784, 0x59AD, 0xBCD6, 0xDFFF, 0xFFFF, 0xFFFF, 0xFFFF, 0xFFFF, 0xFFFF, 0xFFFF, 0xFFFF, 0xFFFF, 0xFFFF,
  0xFFFF, 0xFFFF, 0xFFFF, 0xFFFF, 0xFFFF, 0xFFFF, 0xFFFF, 0xFFFF, 0xFFFF, 0xFFFF, 0xFFFF, 0xFFFF, 0xFFFF, 0xFFFF, 0xFFFF, 0xFFFF,
  0xFFFF, 0xFFFF, 0xFFFF, 0xFFFF, 0xFFFF, 0x9EF7, 0x5BC6, 0xF89C, 0xD67B, 0x3463, 0xD352, 0x9352, 0xD352, 0x3463, 0xF67B, 0x39A5,
  0x7CCE, 0xBFF7, 0xFFFF, 0xFFFF, 0xFFFF, 0xFFFF, 0xFFFF, 0xFFFF, 0xFFFF, 0xFFFF, 0xFFFF, 0xFFFF, 0xFFFF, 0xFFFF, 0xFFFF, 0xFFFF,
  0xFFFF, 0xFFFF, 0xFFFF, 0xFFFF, 0xFFFF, 0xFFFF, 0xFFFF, 0xFFFF, 0xFFFF, 0xFFFF, 0xFFFF, 0xFFFF, 0xFFFF, 0xFFFF, 0xFFFF, 0xDFFF,
  0xFFFF, 0xFFFF, 0xFFFF, 0x9FF7, 0x5CCE, 0x199D, 0xF67B, 0x3463, 0xD352, 0xB352, 0xD352, 0x3463, 0xF67B, 0x199D, 0x5CCE, 0x9EF7,
  0xFFFF, 0xFFFF, 0xFFFF, 0xDFFF, 0xFFFF, 0xFFFF, 0xFFFF, 0xFFFF, 0xFFFF, 0xFFFF, 0xFFFF, 0xFFFF, 0xFFFF, 0xFFFF, 0xFFFF, 0xFFFF,
  0xFFFF, 0xFFFF, 0xFFFF, 0xFFFF, 0xFFFF, 0xFFFF, 0xFFFF, 0x3EE7, 0x3EE7, 0xFFFF, 0xFFFF, 0xFFFF, 0xFFFF, 0xFFFF, 0xFFFF, 0xFFFF,
  0xFFFF, 0xFFFF, 0xFFFF, 0xFFFF, 0xFFFF, 0xFFFF, 0xFFFF, 0xFFFF, 0xFFFF, 0xFFFF, 0xFFFF, 0xFFFF, 0xFFFF, 0xFFFF, 0xFFFF, 0xFFFF,
  0x3BC6, 0xB673, 0xB131, 0xAF10, 0xAF10, 0xAF10, 0xAF10, 0xAF10, 0xAF10, 0xAF10, 0xAF10, 0xAF10, 0xAF10, 0xAF10, 0x3021, 0x934A,
  0xB894, 0x1DDF, 0xFFFF, 0xFFFF, 0xFFFF, 0xFFFF, 0xFFFF, 0xFFFF, 0xFFFF, 0xFFFF, 0xFFFF, 0xFFFF, 0xFFFF, 0xFFFF, 0xFFFF, 0xFFFF,
  0xDFFF, 0xFFFF, 0x578C, 0xAF10, 0xAF10, 0xAF10, 0xAF10, 0xAF10, 0xAF10, 0xAF10, 0xAF10, 0xAF10, 0xD67B, 0xFFFF, 0xDFFF, 0xFFFF,
  0xFFFF, 0x3BC6, 0xD67B, 0xD131, 0xCF10, 0xAF10, 0xAF10, 0xAF10, 0xAF10, 0xAF10, 0xAF10, 0xAF10, 0xAF10, 0xAF10, 0xAF10, 0x0F19,
  0x734A, 0x9894, 0xFDDE, 0xFFFF, 0xFFFF, 0xFFFF, 0xFFFF, 0xFFFF, 0xFFFF, 0xFFFF, 0xFFFF, 0xFFFF, 0xFFFF, 0xFFFF, 0xFFFF, 0xFFFF,
  0xFFFF, 0xFFFF, 0xFFFF, 0xFFFF, 0xFFFF, 0xFFFF, 0xFFFF, 0xFFFF, 0xFFFF, 0xFFFF, 0xFFFF, 0xFFFF, 0xFFFF, 0xFFFF, 0xFFFF, 0xFFFF,
  0xFFFF, 0x3BC6, 0xD673, 0xD131, 0xCF10, 0xAF10, 0xAF10, 0xAF10, 0xAF10, 0xAF10, 0xAF10, 0xAF10, 0xAF10, 0xAF10, 0xAF10, 0x0F19,
  0x734A, 0x9894, 0xFDDE, 0xFFFF, 0xFFFF, 0xFFFF, 0xFFFF, 0xB131, 0xAF10, 0xAF10, 0xAF10, 0xAF10, 0xAF10, 0xAF10, 0xAF10, 0xAF10,
  0xAF10, 0x9CD6, 0xFFFF, 0xFFFF, 0x1DE7, 0xAF10, 0xAF10, 0xAF10, 0xAF10, 0xAF10, 0xAF10, 0xAF10, 0xAF10, 0xAF10, 0x3021, 0x9FF7,
  0xFFFF, 0xFFFF, 0xFFFF, 0x5EEF, 0x199D, 0xD352, 0x3021, 0xAF10, 0xAF10, 0xAF10, 0xAF10, 0xAF10, 0xAF10, 0xAF10, 0xAF10, 0xAF10,
  0xAF10, 0xAF10, 0xD131, 0xB573, 0x1BC6, 0xFFFF, 0xFFFF, 0xFFFF, 0xFFFF, 0xFFFF, 0xFFFF, 0xFFFF, 0xFFFF, 0xFFFF, 0xFFFF, 0xFFFF,
  0xFFFF, 0xFFFF, 0xFFFF, 0xFFFF, 0xFFFF, 0xFFFF, 0xFFFF, 0xFFFF, 0xFFFF, 0xFFFF, 0xFFFF, 0xFFFF, 0xFFFF, 0xFFFF, 0x9EF7, 0x7AAD,
  0x145B, 0x7029, 0xAF10, 0xAF10, 0xAF10, 0xAF10, 0xAF10, 0xAF10, 0xAF10, 0xAF10, 0xAF10, 0xAF10, 0xAF10, 0x9129, 0x556B, 0xBAB5,
  0xBFF7, 0xFFFF, 0xFFFF, 0xFFFF, 0xFFFF, 0xFFFF, 0xFFFF, 0xFFFF, 0xFFFF, 0xFFFF, 0xFFFF, 0xFFFF, 0xFFFF, 0xFFFF, 0xFFFF, 0xFFFF,
  0xFFFF, 0xFFFF, 0xFFFF, 0xFFFF, 0xFFFF, 0xFFFF, 0xFFFF, 0xFFFF, 0xFFFF, 0xFFFF, 0xFFFF, 0xFFFF, 0x9FF7, 0x9AB5, 0x3463, 0x7029,
  0xAF10, 0xAF10, 0xAF10, 0xAF10, 0xAF10, 0xAF10, 0xAF10, 0xAF10, 0xAF10, 0xAF10, 0xAF10, 0x7029, 0x3463, 0x7AAD, 0x9FF7, 0xFFFF,
  0xFFFF, 0xFFFF, 0xFFFF, 0xFFFF, 0xFFFF, 0xFFFF, 0xFFFF, 0xFFFF, 0xFFFF, 0xFFFF, 0xFFFF, 0xFFFF, 0xFFFF, 0xFFFF, 0xFFFF, 0xFFFF,
  0xFFFF, 0xFFFF, 0xFFFF, 0x3EE7, 0x3EE7, 0xFFFF, 0xFFFF, 0xFFFF, 0xFFFF, 0xFFFF, 0xFFFF, 0xFFFF, 0xFFFF, 0xFFFF, 0xFFFF, 0xFFFF,
  0xFFFF, 0xFFFF, 0xFFFF, 0xFFFF, 0xFFFF, 0xFFFF, 0xFFFF, 0xFFFF, 0xFFFF, 0xFFFF, 0x9AAD, 0x734A, 0xAF10, 0xAF10, 0xAF10, 0xAF10,
  0xCF10, 0xCF10, 0xCF10, 0xCF10, 0xCF10, 0xCF10, 0xCF10, 0xCF10, 0xCF10, 0xCF10, 0xAF10, 0xAF10, 0xAF10, 0x0F19, 0x5563, 0x9CD6,
  0xFFFF, 0xFFFF, 0xFFFF, 0xFFFF, 0xFFFF, 0xFFFF, 0xFFFF, 0xFFFF, 0xFFFF, 0xFFFF, 0xFFFF, 0xFFFF, 0xDFFF, 0xFFFF, 0x978C, 0xCF10,
  0xEF18, 0xCF10, 0xCF10, 0xCF10, 0xCF10, 0xCF10, 0xEF18, 0xCF10, 0x167C, 0xFFFF, 0xFFFF, 0x9AAD, 0x724A, 0xAF10, 0xAF10, 0xAF10,
  0xAF10, 0xCF10, 0xCF10, 0xCF10, 0xCF10, 0xCF10, 0xCF10, 0xCF10, 0xCF10, 0xCF10, 0xCF10, 0xAF10, 0xAF10, 0xAF10, 0xEF18, 0x3463,
  0x7CCE, 0xFFFF, 0xFFFF, 0xFFFF, 0xFFFF, 0xFFFF, 0xFFFF, 0xFFFF, 0xFFFF, 0xFFFF, 0xFFFF, 0xFFFF, 0xFFFF, 0xFFFF, 0xFFFF, 0xFFFF,
  0xFFFF, 0xFFFF, 0xFFFF, 0xFFFF, 0xFFFF, 0xFFFF, 0xFFFF, 0xFFFF, 0xFFFF, 0xFFFF, 0xDFFF, 0x59AD, 0x5242, 0xAF10, 0xAF10, 0xAF10,
  0xAF10, 0xCF10, 0xCF10, 0xCF10, 0xCF10, 0xCF10, 0xCF10, 0xCF10, 0xCF10, 0xCF10, 0xCF10, 0xAF10, 0xAF10, 0xAF10, 0xEF18, 0x3463,
  0x7CCE, 0xFFFF, 0xFFFF, 0xF239, 0xCF10, 0xCF10, 0xCF10, 0xCF10, 0xCF10, 0xCF10, 0xCF10, 0xCF10, 0xCF10, 0xBCD6, 0xFFFF, 0xFFFF,
  0x1DE7, 0x0F19, 0xCF10, 0xCF10, 0xCF10, 0xCF10, 0xCF10, 0xCF10, 0xCF10, 0xCF10, 0x9129, 0xDFFF, 0xFFFF, 0xDDDE, 0xB673, 0x3021,
  0xAF10, 0xAF10, 0xAF10, 0xCF10, 0xCF10, 0xCF10, 0xCF10, 0xCF10, 0xCF10, 0xCF10, 0xCF10, 0xCF10, 0xCF10, 0xAF10, 0xAF10, 0xAF10,
  0xAF10, 0x3242, 0x19A5, 0xDFFF, 0xFFFF, 0xFFFF, 0xFFFF, 0xFFFF, 0xFFFF, 0xFFFF, 0xFFFF, 0xFFFF, 0xFFFF, 0xFFFF, 0xFFFF, 0xFFFF,
  0xFFFF, 0xFFFF, 0xFFFF, 0xFFFF, 0xFFFF, 0xFFFF, 0xFFFF, 0xFFFF, 0x5EEF, 0x578C, 0x9129, 0xAF10, 0xAF10, 0xAF10, 0xAF10, 0xCF10,
  0xCF10, 0xCF10, 0xCF10, 0xCF10, 0xCF10, 0xCF10, 0xCF10, 0xCF10, 0xAF10, 0xAF10, 0xAF10, 0xAF10, 0xD131, 0x9894, 0x9EF7, 0xFFFF,
  0xFFFF, 0xFFFF, 0xFFFF, 0xFFFF, 0xFFFF, 0xFFFF, 0xFFFF, 0xFFFF, 0xFFFF, 0xFFFF, 0xFFFF, 0xFFFF, 0xFFFF, 0xFFFF, 0xFFFF, 0xFFFF,
  0xFFFF, 0xFFFF, 0xFFFF, 0xFFFF, 0xFFFF, 0xFFFF, 0x7EEF, 0x778C, 0xB131, 0xAF10, 0xAF10, 0xAF10, 0xAF10, 0xCF10, 0xCF10, 0xCF10,
  0xCF10, 0xCF10, 0xCF10, 0xCF10, 0xCF10, 0xCF10, 0xAF10, 0xAF10, 0xAF10, 0xAF10, 0x9129, 0x578C, 0x5EEF, 0xFFFF, 0xFFFF, 0xFFFF,
  0xFFFF, 0xFFFF, 0xFFFF, 0xFFFF, 0xFFFF, 0xFFFF, 0xFFFF, 0xFFFF, 0xFFFF, 0xFFFF, 0xFFFF, 0xFFFF, 0xFFFF, 0xFFFF, 0xFFFF, 0x3EE7,
  0x3EE7, 0xFFFF, 0xFFFF, 0xFFFF, 0xFFFF, 0xFFFF, 0xFFFF, 0xFFFF, 0xFFFF, 0xFFFF, 0xFFFF, 0xFFFF, 0xFFFF, 0xFFFF, 0xFFFF, 0xFFFF,
  0xFFFF, 0xFFFF, 0xFFFF, 0xFFFF, 0x3BC6, 0x734A, 0xAF10, 0xAF10, 0xAF10, 0xCF10, 0xCF10, 0xAF10, 0xAF10, 0xAF10, 0xAF10, 0xAF10,
  0xAF10, 0xAF10, 0xAF10, 0xAF10, 0xAF10, 0xAF10, 0xAF10, 0xCF10, 0xCF10, 0xAF10, 0xAF10, 0xCF10, 0xD673, 0x7EEF, 0xFFFF, 0xFFFF,
  0xFFFF, 0xFFFF, 0xFFFF, 0xFFFF, 0xFFFF, 0xFFFF, 0xFFFF, 0xFFFF, 0xDFFF, 0xFFFF, 0x978C, 0xAF10, 0xCF10, 0xAF10, 0xAF10, 0xAF10,
  0xAF10, 0xAF10, 0xCF10, 0xAF10, 0x578C, 0xBCD6, 0x734A, 0xAF10, 0xAF10, 0xAF10, 0xCF10, 0xCF10, 0xAF10, 0xAF10, 0xAF10, 0xAF10,
  0xAF10, 0xAF10, 0xAF10, 0xAF10, 0xAF10, 0xAF10, 0xAF10, 0xAF10, 0xCF10, 0xCF10, 0xAF10, 0xAF10, 0xAF10, 0x956B, 0x3EE7, 0xFFFF,
  0xFFFF, 0xFFFF, 0xFFFF, 0xFFFF, 0xFFFF, 0xFFFF, 0xFFFF, 0xFFFF, 0xFFFF, 0xFFFF, 0xFFFF, 0xFFFF, 0xFFFF, 0xFFFF, 0xFFFF, 0xFFFF,
  0xFFFF, 0xFFFF, 0xFFFF, 0xFFFF, 0xFFFF, 0x1BBE, 0x5242, 0xAF10, 0xAF10, 0xAF10, 0xCF10, 0xCF10, 0xAF10, 0xAF10, 0xAF10, 0xAF10,
  0xAF10, 0xAF10, 0xAF10, 0xAF10, 0xAF10, 0xAF10, 0xAF10, 0xAF10, 0xCF10, 0xCF10, 0xAF10, 0xAF10, 0xCF10, 0xB673, 0x5EEF, 0x3242,
  0xAF10, 0xCF10, 0xAF10, 0xAF10, 0xAF10, 0xAF10, 0xAF10, 0xAF10, 0xAF10, 0xBCD6, 0xFFFF, 0xFFFF, 0x1DE7, 0xEF18, 0xAF10, 0xAF10,
  0xAF10, 0xAF10, 0xAF10, 0xAF10, 0xCF10, 0xAF10, 0xB131, 0x5EEF, 0x3784, 0x0F19, 0xAF10, 0xAF10, 0xCF10, 0xCF10, 0xAF10, 0xAF10,
  0xAF10, 0xAF10, 0xAF10, 0xAF10, 0xAF10, 0xAF10, 0xAF10, 0xAF10, 0xAF10, 0xAF10, 0xCF10, 0xCF10, 0xAF10, 0xAF10, 0xAF10, 0x123A,
  0xBAB5, 0xFFFF, 0xFFFF, 0xFFFF, 0xFFFF, 0xFFFF, 0xFFFF, 0xFFFF, 0xFFFF, 0xFFFF, 0xFFFF, 0xFFFF, 0xFFFF, 0xFFFF, 0xFFFF, 0xFFFF,
  0xFFFF, 0xFFFF, 0xFFFF, 0xD894, 0x7029, 0xAF10, 0xAF10, 0xCF10, 0xCF10, 0xAF10, 0xAF10, 0xAF10, 0xAF10, 0xAF10, 0xAF10, 0xAF10,
  0xAF10, 0xAF10, 0xAF10, 0xAF10, 0xAF10, 0xCF10, 0xCF10, 0xCF10, 0xAF10, 0xAF10, 0x9129, 0x39A5, 0xFFFF, 0xFFFF, 0xFFFF, 0xFFFF,
  0xFFFF, 0xFFFF, 0xFFFF, 0xFFFF, 0xFFFF, 0xFFFF, 0xFFFF, 0xFFFF, 0xFFFF, 0xFFFF, 0xFFFF, 0xFFFF, 0xFFFF, 0xFFFF, 0xFFFF, 0xFFFF,
  0xFFFF, 0xF89C, 0x7029, 0xAF10, 0xAF10, 0xCF10, 0xCF10, 0xAF10, 0xAF10, 0xAF10, 0xAF10, 0xAF10, 0xAF10, 0xAF10, 0xAF10, 0xAF10,
  0xAF10, 0xAF10, 0xAF10, 0xAF10, 0xCF10, 0xCF10, 0xAF10, 0xAF10, 0x7029, 0xD89C, 0xFFFF, 0xFFFF, 0xFFFF, 0xFFFF, 0xFFFF, 0xFFFF,
  0xFFFF, 0xFFFF, 0xFFFF, 0xFFFF, 0xFFFF, 0xFFFF, 0xFFFF, 0xFFFF, 0xFFFF, 0xFFFF, 0xFFFF, 0x3EE7, 0x3EE7, 0xFFFF, 0xFFFF, 0xFFFF,
  0xFFFF, 0xFFFF, 0xFFFF, 0xFFFF, 0xFFFF, 0xFFFF, 0xFFFF, 0xFFFF, 0xFFFF, 0xFFFF, 0xFFFF, 0xFFFF, 0xFFFF, 0xFFFF, 0xDFFF, 0x1684,
  0xAF10, 0xAF10, 0xCF10, 0xCF10, 0xAF10, 0xAF10, 0xAF10, 0xAF10, 0xAF10, 0xAF10, 0xAF10, 0xAF10, 0xAF10, 0xAF10, 0xAF10, 0xAF10,
  0xAF10, 0xAF10, 0xAF10, 0xAF10, 0xAF10, 0xAF10, 0xCF10, 0xAF10, 0xAF10, 0xB131, 0x3BC6, 0xFFFF, 0xFFFF, 0xFFFF, 0xFFFF, 0xFFFF,
  0xFFFF, 0xFFFF, 0xFFFF, 0xFFFF, 0xDFFF, 0xFFFF, 0x978C, 0xAF10, 0xCF10, 0xAF10, 0xAF10, 0xAF10, 0xAF10, 0xAF10, 0xAF10, 0xAF10,
  0xD131, 0x0F19, 0xAF10, 0xCF10, 0xCF10, 0xAF10, 0xAF10, 0xAF10, 0xAF10, 0xAF10, 0xAF10, 0xAF10, 0xAF10, 0xAF10, 0xAF10, 0xAF10,
  0xAF10, 0xAF10, 0xAF10, 0xAF10, 0xAF10, 0xAF10, 0xAF10, 0xCF10, 0xAF10, 0xAF10, 0x5021, 0x7AAD, 0xFFFF, 0xFFFF, 0xFFFF, 0xFFFF,
  0xFFFF, 0xFFFF, 0xFFFF, 0xFFFF, 0xFFFF, 0xFFFF, 0xFFFF, 0xFFFF, 0xFFFF, 0xFFFF, 0xFFFF, 0xFFFF, 0xFFFF, 0xFFFF, 0xFFFF, 0xBFF7,
  0xD67B, 0xAF10, 0xAF10, 0xCF10, 0xCF10, 0xAF10, 0xAF10, 0xAF10, 0xAF10, 0xAF10, 0xAF10, 0xAF10, 0xAF10, 0xAF10, 0xAF10, 0xAF10,
  0xAF10, 0xAF10, 0xAF10, 0xAF10, 0xAF10, 0xAF10, 0xAF10, 0xCF10, 0xAF10, 0xAF10, 0x9131, 0x5021, 0xAF10, 0xAF10, 0xAF10, 0xAF10,
  0xAF10, 0xAF10, 0xAF10, 0xAF10, 0xAF10, 0xBCD6, 0xFFFF, 0xFFFF, 0x1DE7, 0xEF18, 0xAF10, 0xAF10, 0xAF10, 0xAF10, 0xAF10, 0xAF10,
  0xAF10, 0xAF10, 0x3021, 0xB131, 0xAF10, 0xAF10, 0xCF10, 0xAF10, 0xAF10, 0xAF10, 0xAF10, 0xAF10, 0xAF10, 0xAF10, 0xAF10, 0xAF10,
  0xAF10, 0xAF10, 0xAF10, 0xAF10, 0xAF10, 0xAF10, 0xAF10, 0xAF10, 0xAF10, 0xCF10, 0xCF10, 0xAF10, 0xAF10, 0x756B, 0x7EEF, 0xFFFF,
  0xFFFF, 0xFFFF, 0xFFFF, 0xFFFF, 0xFFFF, 0xFFFF, 0xFFFF, 0xFFFF, 0xFFFF, 0xFFFF, 0xFFFF, 0xDFFF, 0xFFFF, 0xDDDE, 0x734A, 0xAF10,
  0xAF10, 0xCF10, 0xAF10, 0xAF10, 0xAF10, 0xAF10, 0xAF10, 0xAF10, 0xAF10, 0xAF10, 0xAF10, 0xAF10, 0xAF10, 0xAF10, 0xAF10, 0xAF10,
  0xAF10, 0xAF10, 0xAF10, 0xAF10, 0xCF10, 0xCF10, 0xAF10, 0xAF10, 0xB352, 0x1DE7, 0xFFFF, 0xDFFF, 0xFFFF, 0xFFFF, 0xFFFF, 0xFFFF,
  0xFFFF, 0xFFFF, 0xFFFF, 0xFFFF, 0xFFFF, 0xFFFF, 0xFFFF, 0xFFFF, 0xFFFF, 0xDFFF, 0xFFFF, 0xFDDE, 0xB352, 0xAF10, 0xAF10, 0xCF10,
  0xCF10, 0xAF10, 0xAF10, 0xAF10, 0xAF10, 0xAF10, 0xAF10, 0xAF10, 0xAF10, 0xAF10, 0xAF10, 0xAF10, 0xAF10, 0xAF10, 0xAF10, 0xAF10,
  0xAF10, 0xAF10, 0xCF10, 0xCF10, 0xAF10, 0xAF10, 0x934A, 0xDDDE, 0xFFFF, 0xDFFF, 0xFFFF, 0xFFFF, 0xFFFF, 0xFFFF, 0xFFFF, 0xFFFF,
  0xFFFF, 0xFFFF, 0xFFFF, 0xFFFF, 0xFFFF, 0xFFFF, 0xFFFF, 0x3EE7, 0x3EE7, 0xFFFF, 0xFFFF, 0xFFFF, 0xFFFF, 0xFFFF, 0xFFFF, 0xFFFF,
  0xFFFF, 0xFFFF, 0xFFFF, 0xFFFF, 0xFFFF, 0xFFFF, 0xFFFF, 0xDFFF, 0xFFFF, 0x1DE7, 0x734A, 0xAF10, 0xAF10, 0xCF10, 0xAF10, 0xAF10,
  0xAF10, 0xAF10, 0xAF10, 0xAF10, 0xAF10, 0xAF10, 0xAF10, 0xAF10, 0xAF10, 0xAF10, 0xAF10, 0xAF10, 0xAF10, 0xAF10, 0xAF10, 0xAF10,
  0xAF10, 0xAF10, 0xAF10, 0xAF10, 0xCF10, 0xAF10, 0xCF10, 0x39A5, 0xFFFF, 0xDFFF, 0xFFFF, 0xFFFF, 0xFFFF, 0xFFFF, 0xFFFF, 0xFFFF,
  0xDFFF, 0xFFFF, 0x978C, 0xAF10, 0xCF10, 0xAF10, 0xAF10, 0xAF10, 0xAF10, 0xAF10, 0xAF10, 0xAF10, 0xAF10, 0xAF10, 0xCF10, 0xAF10,
  0xAF10, 0xAF10, 0xAF10, 0xAF10, 0xAF10, 0xAF10, 0xAF10, 0xAF10, 0xAF10, 0xAF10, 0xAF10, 0xAF10, 0xAF10, 0xAF10, 0xAF10, 0xAF10,
  0xAF10, 0xAF10, 0xAF10, 0xAF10, 0xAF10, 0xCF10, 0xAF10, 0xAF10, 0xF67B, 0xFFFF, 0xFFFF, 0xFFFF, 0xFFFF, 0xFFFF, 0xFFFF, 0xFFFF,
  0xFFFF, 0xFFFF, 0xFFFF, 0xFFFF, 0xFFFF, 0xFFFF, 0xFFFF, 0xFFFF, 0xFFFF, 0xFFFF, 0x1DDF, 0x5242, 0xAF10, 0xCF10, 0xCF10, 0xAF10,
  0xAF10, 0xAF10, 0xAF10, 0xAF10, 0xAF10, 0xAF10, 0xAF10, 0xAF10, 0xAF10, 0xAF10, 0xAF10, 0xAF10, 0xAF10, 0xAF10, 0xAF10, 0xAF10,
  0xAF10, 0xAF10, 0xAF10, 0xAF10, 0xAF10, 0xCF10, 0xAF10, 0xAF10, 0xAF10, 0xAF10, 0xAF10, 0xAF10, 0xAF10, 0xAF10, 0xAF10, 0xAF10,
  0xAF10, 0xBCD6, 0xFFFF, 0xFFFF, 0x1DE7, 0xEF18, 0xAF10, 0xAF10, 0xAF10, 0xAF10, 0xAF10, 0xAF10, 0xAF10, 0xAF10, 0xAF10, 0xAF10,
  0xCF10, 0xAF10, 0xAF10, 0xAF10, 0xAF10, 0xAF10, 0xAF10, 0xAF10, 0xAF10, 0xAF10, 0xAF10, 0xAF10, 0xAF10, 0xAF10, 0xAF10, 0xAF10,
  0xAF10, 0xAF10, 0xAF10, 0xAF10, 0xAF10, 0xAF10, 0xAF10, 0xCF10, 0xCF10, 0xAF10, 0xD131, 0x9CD6, 0xFFFF, 0xDFFF, 0xFFFF, 0xFFFF,
  0xFFFF, 0xFFFF, 0xFFFF, 0xFFFF, 0xFFFF, 0xFFFF, 0xFFFF, 0xFFFF, 0x9AB5, 0x3021, 0xAF10, 0xCF10, 0xAF10, 0xAF10, 0xAF10, 0xAF10,
  0xAF10, 0xAF10, 0xAF10, 0xAF10, 0xAF10, 0xAF10, 0xAF10, 0xAF10, 0xAF10, 0xAF10, 0xAF10, 0xAF10, 0xAF10, 0xAF10, 0xAF10, 0xAF10,
  0xAF10, 0xAF10, 0xCF10, 0xCF10, 0xAF10, 0x5021, 0xFBBD, 0xFFFF, 0xDFFF, 0xFFFF, 0xFFFF, 0xFFFF, 0xFFFF, 0xFFFF, 0xFFFF, 0xFFFF,
  0xFFFF, 0xFFFF, 0xFFFF, 0xFFFF, 0xDFFF, 0xFFFF, 0xDABD, 0x5021, 0xAF10, 0xCF10, 0xAF10, 0xAF10, 0xAF10, 0xAF10, 0xAF10, 0xAF10,
  0xAF10, 0xAF10, 0xAF10, 0xAF10, 0xAF10, 0xAF10, 0xAF10, 0xAF10, 0xAF10, 0xAF10, 0xAF10, 0xAF10, 0xAF10, 0xAF10, 0xAF10, 0xAF10,
  0xAF10, 0xCF10, 0xAF10, 0x3021, 0xBAB5, 0xFFFF, 0xFFFF, 0xFFFF, 0xFFFF, 0xFFFF, 0xFFFF, 0xFFFF, 0xFFFF, 0xFFFF, 0xFFFF, 0xFFFF,
  0xFFFF, 0xFFFF, 0xFFFF, 0x3EE7, 0x3EE7, 0xFFFF, 0xFFFF, 0xFFFF, 0xFFFF, 0xFFFF, 0xFFFF, 0xFFFF, 0xFFFF, 0xFFFF, 0xFFFF, 0xFFFF,
  0xFFFF, 0xFFFF, 0xDFFF, 0xFFFF, 0x7CCE, 0x9029, 0xAF10, 0xCF10, 0xAF10, 0xAF10, 0xAF10, 0xAF10, 0xAF10, 0xAF10, 0xAF10, 0xAF10,
  0xAF10, 0xAF10, 0xAF10, 0xAF10, 0xAF10, 0xAF10, 0xAF10, 0xAF10, 0xAF10, 0xAF10, 0xAF10, 0xAF10, 0xAF10, 0xAF10, 0xAF10, 0xAF10,
  0xAF10, 0xCF10, 0xAF10, 0xAF10, 0xD894, 0xFFFF, 0xDFFF, 0xFFFF, 0xFFFF, 0xFFFF, 0xFFFF, 0xFFFF, 0xDFFF, 0xFFFF, 0x978C, 0xAF10,
  0xCF10, 0xAF10, 0xAF10, 0xAF10, 0xAF10, 0xAF10, 0xAF10, 0xAF10, 0xCF10, 0xAF10, 0xAF10, 0xAF10, 0xAF10, 0xAF10, 0xAF10, 0xAF10,
  0xAF10, 0xAF10, 0xAF10, 0xAF10, 0xAF10, 0xAF10, 0xAF10, 0xAF10, 0xAF10, 0xAF10, 0xAF10, 0xAF10, 0xAF10, 0xAF10, 0xAF10, 0xAF10,
  0xAF10, 0xAF10, 0xCF10, 0xCF10, 0xAF10, 0x145B, 0xDFFF, 0xFFFF, 0xFFFF, 0xFFFF, 0xFFFF, 0xFFFF, 0xFFFF, 0xFFFF, 0xFFFF, 0xFFFF,
  0xFFFF, 0xFFFF, 0xFFFF, 0xFFFF, 0xFFFF, 0x9CD6, 0x9029, 0xAF10, 0xCF10, 0xAF10, 0xAF10, 0xAF10, 0xAF10, 0xAF10, 0xAF10, 0xAF10,
  0xAF10, 0xAF10, 0xAF10, 0xAF10, 0xAF10, 0xAF10, 0xAF10, 0xAF10, 0xAF10, 0xAF10, 0xAF10, 0xAF10, 0xAF10, 0xAF10, 0xAF10, 0xAF10,
  0xAF10, 0xAF10, 0xCF10, 0xAF10, 0xAF10, 0xAF10, 0xAF10, 0xAF10, 0xAF10, 0xAF10, 0xAF10, 0xAF10, 0xAF10, 0xBCD6, 0xFFFF, 0xFFFF,
  0x1DE7, 0xEF18, 0xAF10, 0xAF10, 0xAF10, 0xAF10, 0xAF10, 0xAF10, 0xAF10, 0xAF10, 0xAF10, 0xCF10, 0xAF10, 0xAF10, 0xAF10, 0xAF10,
  0xAF10, 0xAF10, 0xAF10, 0xAF10, 0xAF10, 0xAF10, 0xAF10, 0xAF10, 0xAF10, 0xAF10, 0xAF10, 0xAF10, 0xAF10, 0xAF10, 0xAF10, 0xAF10,
  0xAF10, 0xAF10, 0xAF10, 0xAF10, 0xAF10, 0xCF10, 0xAF10, 0x3021, 0x1BBE, 0xFFFF, 0xDFFF, 0xFFFF, 0xFFFF, 0xFFFF, 0xFFFF, 0xFFFF,
  0xFFFF, 0xDFFF, 0xFFFF, 0xF89C, 0xAF10, 0xAF10, 0xCF10, 0xAF10, 0xAF10, 0xAF10, 0xAF10, 0xAF10, 0xAF10, 0xAF10, 0xAF10, 0xAF10,
  0xAF10, 0xAF10, 0xAF10, 0xAF10, 0xAF10, 0xAF10, 0xAF10, 0xAF10, 0xAF10, 0xAF10, 0xAF10, 0xAF10, 0xAF10, 0xAF10, 0xAF10, 0xAF10,
  0xCF10, 0xAF10, 0xCF10, 0x39A5, 0xFFFF, 0xDFFF, 0xFFFF, 0xFFFF, 0xFFFF, 0xFFFF, 0xFFFF, 0xFFFF, 0xFFFF, 0xFFFF, 0xFFFF, 0xDFFF,
  0xFFFF, 0x39A5, 0xCF10, 0xAF10, 0xCF10, 0xAF10, 0xAF10, 0xAF10, 0xAF10, 0xAF10, 0xAF10, 0xAF10, 0xAF10, 0xAF10, 0xAF10, 0xAF10,
  0xAF10, 0xAF10, 0xAF10, 0xAF10, 0xAF10, 0xAF10, 0xAF10, 0xAF10, 0xAF10, 0xAF10, 0xAF10, 0xAF10, 0xAF10, 0xAF10, 0xCF10, 0xAF10,
  0xAF10, 0xF89C, 0xFFFF, 0xDFFF, 0xFFFF, 0xFFFF, 0xFFFF, 0xFFFF, 0xFFFF, 0xFFFF, 0xFFFF, 0xFFFF, 0xFFFF, 0xFFFF, 0xFFFF, 0x3EE7,
  0x3EE7, 0xFFFF, 0xFFFF, 0xFFFF, 0xFFFF, 0xFFFF, 0xFFFF, 0xFFFF, 0xFFFF, 0xFFFF, 0xFFFF, 0xFFFF, 0xFFFF, 0xFFFF, 0xFFFF, 0x5CCE,
  0x3021, 0xAF10, 0xCF10, 0xAF10, 0xAF10, 0xAF10, 0xAF10, 0xAF10, 0xAF10, 0xAF10, 0xAF10, 0xAF10, 0xAF10, 0xAF10, 0xAF10, 0xAF10,
  0xAF10, 0xAF10, 0xAF10, 0xAF10, 0xAF10, 0xAF10, 0xAF10, 0xAF10, 0xAF10, 0xAF10, 0xAF10, 0xAF10, 0xAF10, 0xAF10, 0xAF10, 0xCF10,
  0xAF10, 0x39A5, 0xFFFF, 0xFFFF, 0xFFFF, 0xFFFF, 0xFFFF, 0xFFFF, 0xDFFF, 0xFFFF, 0x978C, 0xAF10, 0xCF10, 0xAF10, 0xAF10, 0xAF10,
  0xAF10, 0xAF10, 0xAF10, 0xAF10, 0xAF10, 0xAF10, 0xAF10, 0xAF10, 0xAF10, 0xAF10, 0xAF10, 0xAF10, 0xAF10, 0xAF10, 0xAF10, 0xAF10,
  0xAF10, 0xAF10, 0xAF10, 0xAF10, 0xAF10, 0xAF10, 0xAF10, 0xAF10, 0xAF10, 0xAF10, 0xAF10, 0xAF10, 0xAF10, 0xAF10, 0xAF10, 0xAF10,
  0xCF10, 0xAF10, 0xD45A, 0xDFFF, 0xFFFF, 0xFFFF, 0xFFFF, 0xFFFF, 0xFFFF, 0xFFFF, 0xFFFF, 0xFFFF, 0xFFFF, 0xFFFF, 0xFFFF, 0xFFFF,
  0xBCD6, 0x5021, 0xAF10, 0xCF10, 0xAF10, 0xAF10, 0xAF10, 0xAF10, 0xAF10, 0xAF10, 0xAF10, 0xAF10, 0xAF10, 0xAF10, 0xAF10, 0xAF10,
  0xAF10, 0xAF10, 0xAF10, 0xAF10, 0xAF10, 0xAF10, 0xAF10, 0xAF10, 0xAF10, 0xAF10, 0xAF10, 0xAF10, 0xAF10, 0xAF10, 0xAF10, 0xAF10,
  0xAF10, 0xAF10, 0xAF10, 0xAF10, 0xAF10, 0xAF10, 0xAF10, 0xAF10, 0xAF10, 0xBCD6, 0xFFFF, 0xFFFF, 0x1DE7, 0xEF18, 0xAF10, 0xAF10,
  0xAF10, 0xAF10, 0xAF10, 0xAF10, 0xAF10, 0xAF10, 0xAF10, 0xAF10, 0xAF10, 0xAF10, 0xAF10, 0xAF10, 0xAF10, 0xAF10, 0xAF10, 0xAF10,
  0xAF10, 0xAF10, 0xAF10, 0xAF10, 0xAF10, 0xAF10, 0xAF10, 0xAF10, 0xAF10, 0xAF10, 0xAF10, 0xAF10, 0xAF10, 0xAF10, 0xAF10, 0xAF10,
  0xAF10, 0xAF10, 0xCF10, 0xAF10, 0xEF18, 0x1BBE, 0xFFFF, 0xFFFF, 0xFFFF, 0xFFFF, 0xFFFF, 0xFFFF, 0xDFFF, 0xFFFF, 0xD89C, 0xAF10,
  0xCF10, 0xCF10, 0xAF10, 0xAF10, 0xAF10, 0xAF10, 0xAF10, 0xAF10, 0xAF10, 0xAF10, 0xAF10, 0xAF10, 0xAF10, 0xAF10, 0xAF10, 0xAF10,
  0xAF10, 0xAF10, 0xAF10, 0xAF10, 0xAF10, 0xAF10, 0xAF10, 0xAF10, 0xAF10, 0xAF10, 0xAF10, 0xAF10, 0xAF10, 0xCF10, 0xAF10, 0xAF10,
  0x39A5, 0xFFFF, 0xDFFF, 0xFFFF, 0xFFFF, 0xFFFF, 0xFFFF, 0xFFFF, 0xFFFF, 0xFFFF, 0xDFFF, 0xFFFF, 0x39A5, 0xAF10, 0xAF10, 0xCF10,
  0xAF10, 0xAF10, 0xAF10, 0xAF10, 0xAF10, 0xAF10, 0xAF10, 0xAF10, 0xAF10, 0xAF10, 0xAF10, 0xAF10, 0xAF10, 0xAF10, 0xAF10, 0xAF10,
  0xAF10, 0xAF10, 0xAF10, 0xAF10, 0xAF10, 0xAF10, 0xAF10, 0xAF10, 0xAF10, 0xAF10, 0xAF10, 0xCF10, 0xCF10, 0xAF10, 0xF89C, 0xFFFF,
  0xDFFF, 0xFFFF, 0xFFFF, 0xFFFF, 0xFFFF, 0xFFFF, 0xFFFF, 0xFFFF, 0xFFFF, 0xFFFF, 0xFFFF, 0x3EE7, 0x3EE7, 0xFFFF, 0xFFFF, 0xFFFF,
  0xFFFF, 0xFFFF, 0xFFFF, 0xFFFF, 0xFFFF, 0xFFFF, 0xFFFF, 0xFFFF, 0xFFFF, 0xFFFF, 0xBCD6, 0x3021, 0xAF10, 0xCF10, 0xAF10, 0xAF10,
  0xAF10, 0xAF10, 0xAF10, 0xAF10, 0xAF10, 0xAF10, 0xAF10, 0xAF10, 0xCF10, 0xCF10, 0xAF10, 0xAF10, 0xAF10, 0xAF10, 0xCF10, 0xCF10,
  0xCF10, 0xAF10, 0xAF10, 0xAF10, 0xAF10, 0xAF10, 0xAF10, 0xAF10, 0xAF10, 0xAF10, 0xAF10, 0xAF10, 0xCF10, 0xCF18, 0x5CCE, 0xFFFF,
  0xFFFF, 0xFFFF, 0xFFFF, 0xFFFF, 0xDFFF, 0xFFFF, 0x978C, 0xAF10, 0xCF10, 0xAF10, 0xAF10, 0xAF10, 0xAF10, 0xAF10, 0xAF10, 0xAF10,
  0xAF10, 0xAF10, 0xAF10, 0xAF10, 0xAF10, 0xAF10, 0xAF10, 0xAF10, 0xAF10, 0xCF10, 0xCF10, 0xCF10, 0xAF10, 0xAF10, 0xAF10, 0xAF10,
  0xCF10, 0xCF10, 0xCF10, 0xAF10, 0xAF10, 0xAF10, 0xAF10, 0xAF10, 0xAF10, 0xAF10, 0xAF10, 0xAF10, 0xAF10, 0xCF10, 0xAF10, 0x756B,
  0xFFFF, 0xDFFF, 0xFFFF, 0xFFFF, 0xFFFF, 0xFFFF, 0xFFFF, 0xFFFF, 0xFFFF, 0xFFFF, 0xFFFF, 0x3EE7, 0x9129, 0xAF10, 0xCF10, 0xAF10,
  0xAF10, 0xAF10, 0xAF10, 0xAF10, 0xAF10, 0xAF10, 0xAF10, 0xAF10, 0xAF10, 0xCF10, 0xCF10, 0xCF10, 0xAF10, 0xAF10, 0xAF10, 0xAF10,
  0xCF10, 0xCF10, 0xAF10, 0xAF10, 0xAF10, 0xAF10, 0xAF10, 0xAF10, 0xAF10, 0xAF10, 0xAF10, 0xAF10, 0xAF10, 0xAF10, 0xAF10, 0xAF10,
  0xAF10, 0xAF10, 0xAF10, 0xAF10, 0xAF10, 0xBCD6, 0xFFFF, 0xFFFF, 0x1DE7, 0xEF18, 0xAF10, 0xAF10, 0xAF10, 0xAF10, 0xAF10, 0xAF10,
  0xAF10, 0xAF10, 0xAF10, 0xAF10, 0xAF10, 0xAF10, 0xAF10, 0xAF10, 0xAF10, 0xAF10, 0xAF10, 0xAF10, 0xCF10, 0xCF10, 0xCF10, 0xAF10,
  0xAF10, 0xAF10, 0xCF10, 0xCF10, 0xCF10, 0xAF10, 0xAF10, 0xAF10, 0xAF10, 0xAF10, 0xAF10, 0xAF10, 0xAF10, 0xAF10, 0xAF10, 0xCF10,
  0xAF10, 0x0F19, 0x9CD6, 0xFFFF, 0xFFFF, 0xFFFF, 0xFFFF, 0xFFFF, 0xFFFF, 0x9AAD, 0xAF10, 0xCF10, 0xAF10, 0xAF10, 0xAF10, 0xAF10,
  0xAF10, 0xAF10, 0xAF10, 0xAF10, 0xAF10, 0xAF10, 0xAF10, 0xCF10, 0xCF10, 0xCF10, 0xAF10, 0xAF10, 0xAF10, 0xCF10, 0xCF10, 0xCF10,
  0xAF10, 0xAF10, 0xAF10, 0xAF10, 0xAF10, 0xAF10, 0xAF10, 0xAF10, 0xAF10, 0xAF10, 0xCF10, 0xCF10, 0xAF10, 0xDABD, 0xFFFF, 0xFFFF,
  0xFFFF, 0xFFFF, 0xFFFF, 0xFFFF, 0xFFFF, 0xFFFF, 0xFFFF, 0xDAB5, 0xAF10, 0xCF10, 0xCF10, 0xAF10, 0xAF10, 0xAF10, 0xAF10, 0xAF10,
  0xAF10, 0xAF10, 0xAF10, 0xAF10, 0xAF10, 0xCF10, 0xCF10, 0xCF10, 0xAF10, 0xAF10, 0xAF10, 0xCF10, 0xCF10, 0xCF10, 0xAF10, 0xAF10,
  0xAF10, 0xAF10, 0xAF10, 0xAF10, 0xAF10, 0xAF10, 0xAF10, 0xAF10, 0xAF10, 0xCF10, 0xAF10, 0x9AB5, 0xFFFF, 0xFFFF, 0xFFFF, 0xFFFF,
  0xFFFF, 0xFFFF, 0xFFFF, 0xFFFF, 0xFFFF, 0xFFFF, 0xFFFF, 0x3EE7, 0x3EE7, 0xFFFF, 0xFFFF, 0xFFFF, 0xFFFF, 0xFFFF, 0xFFFF, 0xFFFF,
  0xFFFF, 0xFFFF, 0xFFFF, 0xFFFF, 0xFFFF, 0x7EEF, 0xB131, 0xAF10, 0xCF10, 0xAF10, 0xAF10, 0xAF10, 0xAF10, 0xAF10, 0xAF10, 0xAF10,
  0xAF10, 0xCF10, 0xCF10, 0xAF10, 0xAF10, 0xAF10, 0xAF10, 0xAF10, 0xCF10, 0xAF10, 0xAF10, 0xAF10, 0xAF10, 0xAF10, 0xCF10, 0xAF10,
  0xAF10, 0xAF10, 0xAF10, 0xAF10, 0xAF10, 0xAF10, 0xAF10, 0xAF10, 0xCF10, 0xAF10, 0xB131, 0x9EF7, 0xFFFF, 0xFFFF, 0xFFFF, 0xFFFF,
  0xDFFF, 0xFFFF, 0x978C, 0xAF10, 0xCF10, 0xAF10, 0xAF10, 0xAF10, 0xAF10, 0xAF10, 0xAF10, 0xAF10, 0xAF10, 0xAF10, 0xAF10, 0xAF10,
  0xAF10, 0xAF10, 0xAF10, 0xCF10, 0xAF10, 0xAF10, 0xAF10, 0xAF10, 0xAF10, 0xCF10, 0xAF10, 0xAF10, 0xAF10, 0xAF10, 0xAF10, 0xCF10,
  0xCF10, 0xAF10, 0xAF10, 0xAF10, 0xAF10, 0xAF10, 0xAF10, 0xAF10, 0xAF10, 0xAF10, 0xCF10, 0xAF10, 0xB894, 0xFFFF, 0xFFFF, 0xFFFF,
  0xFFFF, 0xFFFF, 0xFFFF, 0xFFFF, 0xFFFF, 0xFFFF, 0xDFFF, 0x734A, 0xAF10, 0xCF10, 0xAF10, 0xAF10, 0xAF10, 0xAF10, 0xAF10, 0xAF10,
  0xAF10, 0xAF10, 0xAF10, 0xCF10, 0xAF10, 0xAF10, 0xAF10, 0xAF10, 0xAF10, 0xCF10, 0xAF10, 0xAF10, 0xAF10, 0xAF10, 0xAF10, 0xCF10,
  0xCF10, 0xAF10, 0xAF10, 0xAF10, 0xAF10, 0xAF10, 0xAF10, 0xAF10, 0xAF10, 0xAF10, 0xAF10, 0xAF10, 0xAF10, 0xAF10, 0xAF10, 0xAF10,
  0xAF10, 0xBCD6, 0xFFFF, 0xFFFF, 0x1DE7, 0xEF18, 0xAF10, 0xAF10, 0xAF10, 0xAF10, 0xAF10, 0xAF10, 0xAF10, 0xAF10, 0xAF10, 0xAF10,
  0xAF10, 0xAF10, 0xAF10, 0xAF10, 0xAF10, 0xAF10, 0xCF10, 0xAF10, 0xAF10, 0xAF10, 0xAF10, 0xAF10, 0xCF10, 0xAF10, 0xAF10, 0xAF10,
  0xAF10, 0xAF10, 0xCF10, 0xAF10, 0xAF10, 0xAF10, 0xAF10, 0xAF10, 0xAF10, 0xAF10, 0xAF10, 0xAF10, 0xCF10, 0xAF10, 0xD131, 0x7EEF,
  0xFFFF, 0xFFFF, 0xFFFF, 0xFFFF, 0xBCD6, 0xEF18, 0xCF10, 0xCF10, 0xAF10, 0xAF10, 0xAF10, 0xAF10, 0xAF10, 0xAF10, 0xAF10, 0xAF10,
  0xAF10, 0xCF10, 0xAF10, 0xAF10, 0xAF10, 0xAF10, 0xAF10, 0xCF10, 0xAF10, 0xAF10, 0xAF10, 0xAF10, 0xAF10, 0xCF10, 0xAF10, 0xAF10,
  0xAF10, 0xAF10, 0xAF10, 0xAF10, 0xAF10, 0xAF10, 0xAF10, 0xCF10, 0xAF10, 0x3021, 0xFDDE, 0xFFFF, 0xFFFF, 0xFFFF, 0xFFFF, 0xFFFF,
  0xFFFF, 0xFFFF, 0xFDDE, 0x3021, 0xAF10, 0xCF10, 0xAF10, 0xAF10, 0xAF10, 0xAF10, 0xAF10, 0xAF10, 0xAF10, 0xAF10, 0xAF10, 0xCF10,
  0xAF10, 0xAF10, 0xAF10, 0xAF10, 0xAF10, 0xCF10, 0xAF10, 0xAF10, 0xAF10, 0xAF10, 0xAF10, 0xCF10, 0xAF10, 0xAF10, 0xAF10, 0xAF10,
  0xAF10, 0xAF10, 0xAF10, 0xAF10, 0xAF10, 0xCF10, 0xAF10, 0x0F19, 0xDDD6, 0xFFFF, 0xFFFF, 0xFFFF, 0xFFFF, 0xFFFF, 0xFFFF, 0xFFFF,
  0xFFFF, 0xFFFF, 0xFFFF, 0x3EE7, 0x3EE7, 0xFFFF, 0xFFFF, 0xFFFF, 0xFFFF, 0xFFFF, 0xFFFF, 0xFFFF, 0xFFFF, 0xFFFF, 0xFFFF, 0xFFFF,
  0xFFFF, 0xD352, 0xAF10, 0xCF10, 0xAF10, 0xAF10, 0xAF10, 0xAF10, 0xAF10, 0xAF10, 0xAF10, 0xAF10, 0xCF10, 0xAF10, 0xAF10, 0x5021,
  0x3463, 0x199D, 0x3BC6, 0xBDD6, 0xDDDE, 0x7CCE, 0x9AAD, 0x167C, 0x123A, 0xAF10, 0xAF10, 0xCF10, 0xAF10, 0xAF10, 0xAF10, 0xAF10,
  0xAF10, 0xAF10, 0xAF10, 0xAF10, 0xAF10, 0xCF10, 0xAF10, 0xB573, 0xFFFF, 0xFFFF, 0xFFFF, 0xFFFF, 0xDFFF, 0xFFFF, 0x978C, 0xAF10,
  0xCF10, 0xAF10, 0xAF10, 0xAF10, 0xAF10, 0xAF10, 0xAF10, 0xAF10, 0xAF10, 0xAF10, 0xAF10, 0xAF10, 0xAF10, 0xAF10, 0xCF10, 0xAF10,
  0xAF10, 0x123A, 0xF67B, 0x7AAD, 0x7CCE, 0xDDDE, 0xDDD6, 0x3BC6, 0x39A5, 0x756B, 0x7029, 0xAF10, 0xAF10, 0xCF10, 0xAF10, 0xAF10,
  0xAF10, 0xAF10, 0xAF10, 0xAF10, 0xAF10, 0xAF10, 0xAF10, 0xCF10, 0xCF10, 0x7CCE, 0xFFFF, 0xFFFF, 0xFFFF, 0xFFFF, 0xFFFF, 0xFFFF,
  0xFFFF, 0xFFFF, 0x3784, 0xAF10, 0xCF10, 0xAF10, 0xAF10, 0xAF10, 0xAF10, 0xAF10, 0xAF10, 0xAF10, 0xAF10, 0xAF10, 0xCF10, 0xAF10,
  0xAF10, 0x123A, 0x167C, 0x9AAD, 0x7CCE, 0xDDDE, 0xBDD6, 0x3BC6, 0x19A5, 0x556B, 0x7029, 0xAF10, 0xAF10, 0xCF10, 0xAF10, 0xAF10,
  0xAF10, 0xAF10, 0xAF10, 0xAF10, 0xAF10, 0xAF10, 0xAF10, 0xAF10, 0xAF10, 0xAF10, 0xAF10, 0xAF10, 0xAF10, 0xBCD6, 0xFFFF, 0xFFFF,
  0x1DE7, 0xEF18, 0xAF10, 0xAF10, 0xAF10, 0xAF10, 0xAF10, 0xAF10, 0xAF10, 0xAF10, 0xAF10, 0xAF10, 0xAF10, 0xAF10, 0xAF10, 0xAF10,
  0xCF10, 0xAF10, 0xAF10, 0x3021, 0x1463, 0xF89C, 0x1BC6, 0xBCD6, 0xDDDE, 0x7CCE, 0x9AB5, 0x3784, 0x5242, 0xAF10, 0xAF10, 0xAF10,
  0xCF10, 0xCF10, 0xCF10, 0xCF10, 0xCF10, 0xCF10, 0xCF10, 0xCF10, 0xCF10, 0xEF18, 0xAF10, 0x556B, 0xFFFF, 0xFFFF, 0xFFFF, 0xDFFF,
  0x123A, 0xAF10, 0xCF10, 0xAF10, 0xAF10, 0xAF10, 0xAF10, 0xAF10, 0xAF10, 0xAF10, 0xAF10, 0xCF10, 0xAF10, 0xAF10, 0xEF18, 0xD352,
  0xB894, 0xFBBD, 0xBCD6, 0xDDDE, 0x9CD6, 0xDAB5, 0x578C, 0x734A, 0xCF10, 0xAF10, 0xAF10, 0xCF10, 0xCF10, 0xCF10, 0xCF10, 0xCF10,
  0xCF10, 0xCF10, 0xCF10, 0xCF10, 0xCF18, 0xAF10, 0x934A, 0xFFFF, 0xFFFF, 0xFFFF, 0xFFFF, 0xFFFF, 0xFFFF, 0xDFFF, 0x5242, 0xAF10,
  0xCF10, 0xAF10, 0xAF10, 0xAF10, 0xAF10, 0xAF10, 0xAF10, 0xAF10, 0xAF10, 0xCF10, 0xAF10, 0xAF10, 0xEF18, 0xB352, 0x978C, 0xDBBD,
  0x9CD6, 0xDDDE, 0xBCD6, 0xFBBD, 0x9894, 0xD352, 0xEF18, 0xAF10, 0xAF10, 0xCF10, 0xAF10, 0xAF10, 0xAF10, 0xAF10, 0xAF10, 0xAF10,
  0xAF10, 0xAF10, 0xCF10, 0xAF10, 0x3242, 0xDFFF, 0xFFFF, 0xFFFF, 0xFFFF, 0xFFFF, 0xFFFF, 0xFFFF, 0xFFFF, 0xFFFF, 0xFFFF, 0x3EE7,
  0x3EE7, 0xFFFF, 0xFFFF, 0xFFFF, 0xFFFF, 0xFFFF, 0xFFFF, 0xFFFF, 0xFFFF, 0xFFFF, 0xFFFF, 0xFFFF, 0xF89C, 0xAF10, 0xCF10, 0xAF10,
  0xAF10, 0xAF10, 0xAF10, 0xAF10, 0xAF10, 0xAF10, 0xAF10, 0xCF10, 0xAF10, 0x9129, 0xD89C, 0x5EEF, 0xFFFF, 0xFFFF, 0xFFFF, 0xFFFF,
  0xFFFF, 0xFFFF, 0xFFFF, 0xFFFF, 0xFFFF, 0x1BC6, 0xF45A, 0xAF10, 0xAF10, 0xCF10, 0xAF10, 0xAF10, 0xAF10, 0xAF10, 0xAF10, 0xAF10,
  0xAF10, 0xAF10, 0xCF10, 0xCF10, 0x7CCE, 0xFFFF, 0xFFFF, 0xFFFF, 0xDFFF, 0xFFFF, 0x978C, 0xAF10, 0xCF10, 0xAF10, 0xAF10, 0xAF10,
  0xAF10, 0xAF10, 0xAF10, 0xAF10, 0xAF10, 0xAF10, 0xAF10, 0xAF10, 0xCF10, 0xAF10, 0xAF10, 0xB352, 0xFBBD, 0xFFFF, 0xFFFF, 0xFFFF,
  0xFFFF, 0xFFFF, 0xFFFF, 0xFFFF, 0xFFFF, 0xFFFF, 0x9EF7, 0x39A5, 0xD139, 0xAF10, 0xAF10, 0xAF10, 0xAF10, 0xAF10, 0xAF10, 0xAF10,
  0xAF10, 0xAF10, 0xAF10, 0xCF10, 0xAF10, 0x3242, 0xDFFF, 0xFFFF, 0xFFFF, 0xFFFF, 0xFFFF, 0xFFFF, 0xFFFF, 0x9CD6, 0xCF10, 0xCF10,
  0xAF10, 0xAF10, 0xAF10, 0xAF10, 0xAF10, 0xAF10, 0xAF10, 0xAF10, 0xCF10, 0xAF10, 0xAF10, 0xD45A, 0x1BC6, 0xFFFF, 0xFFFF, 0xFFFF,
  0xFFFF, 0xFFFF, 0xFFFF, 0xFFFF, 0xFFFF, 0xFFFF, 0x7EEF, 0x199D, 0xD131, 0xAF10, 0xCF10, 0xAF10, 0xAF10, 0xAF10, 0xAF10, 0xAF10,
  0xAF10, 0xAF10, 0xAF10, 0xAF10, 0xAF10, 0xAF10, 0xAF10, 0xAF10, 0xAF10, 0xBCD6, 0xFFFF, 0xFFFF, 0x1DE7, 0xEF18, 0xAF10, 0xAF10,
  0xAF10, 0xAF10, 0xAF10, 0xAF10, 0xAF10, 0xAF10, 0xAF10, 0xAF10, 0xAF10, 0xAF10, 0xAF10, 0xCF10, 0xAF10, 0x5021, 0x978C, 0x3EE7,
  0xFFFF, 0xFFFF, 0xFFFF, 0xFFFF, 0xFFFF, 0xFFFF, 0xFFFF, 0xFFFF, 0xFFFF, 0x7CCE, 0x756B, 0xCF10, 0xAF10, 0xAF10, 0xAF10, 0xAF10,
  0xAF10, 0xAF10, 0xAF10, 0xAF10, 0xAF10, 0xAF10, 0xAF10, 0xAF10, 0x7AAD, 0xFFFF, 0xFFFF, 0x778C, 0xAF10, 0xCF10, 0xAF10, 0xAF10,
  0xAF10, 0xAF10, 0xAF10, 0xAF10, 0xAF10, 0xAF10, 0xCF10, 0xAF10, 0x0F19, 0x1684, 0xFDDE, 0xFFFF, 0xFFFF, 0xFFFF, 0xFFFF, 0xFFFF,
  0xFFFF, 0xFFFF, 0xFFFF, 0xFFFF, 0x9CD6, 0x956B, 0xCF10, 0xAF10, 0xAF10, 0xAF10, 0xAF10, 0xAF10, 0xAF10, 0xAF10, 0xAF10, 0xAF10,
  0xAF10, 0xAF10, 0xAF10, 0x978C, 0xFFFF, 0xFFFF, 0xFFFF, 0xFFFF, 0xFFFF, 0xD894, 0xAF10, 0xCF10, 0xAF10, 0xAF10, 0xAF10, 0xAF10,
  0xAF10, 0xAF10, 0xAF10, 0xAF10, 0xCF10, 0xAF10, 0xEF18, 0xF67B, 0xDDDE, 0xFFFF, 0xFFFF, 0xFFFF, 0xFFFF, 0xFFFF, 0xFFFF, 0xFFFF,
  0xFFFF, 0xFFFF, 0xFDDE, 0x167C, 0x0F19, 0xAF10, 0xCF10, 0xAF10, 0xAF10, 0xAF10, 0xAF10, 0xAF10, 0xAF10, 0xAF10, 0xAF10, 0xCF10,
  0xAF10, 0x9894, 0xFFFF, 0xFFFF, 0xFFFF, 0xFFFF, 0xFFFF, 0xFFFF, 0xFFFF, 0xFFFF, 0xFFFF, 0x3EE7, 0x3EE7, 0xFFFF, 0xFFFF, 0xFFFF,
  0xFFFF, 0xFFFF, 0xFFFF, 0xFFFF, 0xFFFF, 0xFFFF, 0xFFFF, 0x3EE7, 0x3021, 0xCF10, 0xAF10, 0xAF10, 0xAF10, 0xAF10, 0xAF10, 0xAF10,
  0xAF10, 0xAF10, 0xCF10, 0xAF10, 0x956B, 0x7EEF, 0xFFFF, 0xFFFF, 0xFFFF, 0xDFFF, 0xFFFF, 0xFFFF, 0xFFFF, 0xFFFF, 0xFFFF, 0xDFFF,
  0xFFFF, 0xFFFF, 0xFFFF, 0x9AB5, 0x7029, 0xAF10, 0xCF10, 0xCF10, 0xCF10, 0xCF10, 0xCF10, 0xCF10, 0xCF10, 0xCF10, 0xCF10, 0xCF10,
  0xB352, 0xFFFF, 0xFFFF, 0xFFFF, 0xDFFF, 0xFFFF, 0x978C, 0xAF10, 0xCF10, 0xAF10, 0xAF10, 0xAF10, 0xAF10, 0xAF10, 0xAF10, 0xAF10,
  0xAF10, 0xAF10, 0xAF10, 0xCF10, 0xAF10, 0x3021, 0x59AD, 0xFFFF, 0xFFFF, 0xFFFF, 0xDFFF, 0xFFFF, 0xFFFF, 0xFFFF, 0xFFFF, 0xFFFF,
  0xDFFF, 0xFFFF, 0xFFFF, 0xFFFF, 0xBFF7, 0x1684, 0xAF10, 0xAF10, 0xAF10, 0xAF10, 0xAF10, 0xAF10, 0xAF10, 0xAF10, 0xAF10, 0xAF10,
  0xCF10, 0xAF10, 0x19A5, 0xFFFF, 0xDFFF, 0xFFFF, 0xFFFF, 0xFFFF, 0xFFFF, 0xB352, 0xAF10, 0xCF10, 0xAF10, 0xAF10, 0xAF10, 0xAF10,
  0xAF10, 0xAF10, 0xAF10, 0xCF10, 0xAF10, 0x5021, 0x9AAD, 0xFFFF, 0xFFFF, 0xFFFF, 0xDFFF, 0xFFFF, 0xFFFF, 0xFFFF, 0xFFFF, 0xFFFF,
  0xDFFF, 0xFFFF, 0xFFFF, 0xFFFF, 0x9EF7, 0xD67B, 0xAF10, 0xAF10, 0xAF10, 0xAF10, 0xAF10, 0xAF10, 0xAF10, 0xAF10, 0xAF10, 0xAF10,
  0xAF10, 0xAF10, 0xAF10, 0xAF10, 0xAF10, 0xBCD6, 0xFFFF, 0xFFFF, 0x1DE7, 0xEF18, 0xAF10, 0xAF10, 0xAF10, 0xAF10, 0xAF10, 0xAF10,
  0xAF10, 0xAF10, 0xAF10, 0xAF10, 0xAF10, 0xAF10, 0xCF10, 0xAF10, 0x3463, 0x3EE7, 0xFFFF, 0xFFFF, 0xFFFF, 0xDFFF, 0xFFFF, 0xFFFF,
  0xFFFF, 0xFFFF, 0xFFFF, 0xDFFF, 0xFFFF, 0xFFFF, 0xFFFF, 0x7CCE, 0x3463, 0xD352, 0xD352, 0xB352, 0xB352, 0xB352, 0xB352, 0x9352,
  0x934A, 0x934A, 0x934A, 0x734A, 0x956B, 0xFFFF, 0x1DE7, 0x0F19, 0xCF10, 0xAF10, 0xAF10, 0xAF10, 0xAF10, 0xAF10, 0xAF10, 0xAF10,
  0xAF10, 0xCF10, 0xAF10, 0x9352, 0xDDDE, 0xFFFF, 0xFFFF, 0xFFFF, 0xDFFF, 0xFFFF, 0xFFFF, 0xFFFF, 0xFFFF, 0xFFFF, 0xDFFF, 0xFFFF,
  0xFFFF, 0xFFFF, 0x3BC6, 0x145B, 0xD352, 0xD352, 0xB352, 0xB352, 0xB352, 0xB352, 0x9352, 0x934A, 0x934A, 0x934A, 0x934A, 0x145B,
  0xBFF7, 0xFFFF, 0xFFFF, 0xFFFF, 0x5EEF, 0x3021, 0xCF10, 0xAF10, 0xAF10, 0xAF10, 0xAF10, 0xAF10, 0xAF10, 0xAF10, 0xAF10, 0xCF10,
  0xAF10, 0x734A, 0xBCD6, 0xFFFF, 0xFFFF, 0xFFFF, 0xDFFF, 0xFFFF, 0xFFFF, 0xFFFF, 0xFFFF, 0xFFFF, 0xDFFF, 0xFFFF, 0xFFFF, 0xFFFF,
  0xDDD6, 0x934A, 0xAF10, 0xCF10, 0xAF10, 0xAF10, 0xAF10, 0xAF10, 0xAF10, 0xAF10, 0xAF10, 0xAF10, 0xCF10, 0x0F19, 0x3EE7, 0xFFFF,
  0xFFFF, 0xFFFF, 0xFFFF, 0xFFFF, 0xFFFF, 0xFFFF, 0xFFFF, 0x3EE7, 0x3EE7, 0xFFFF, 0xFFFF, 0xFFFF, 0xFFFF, 0xFFFF, 0xFFFF, 0xFFFF,
  0xFFFF, 0xFFFF, 0xFFFF, 0x956B, 0xAF10, 0xCF10, 0xAF10, 0xAF10, 0xAF10, 0xAF10, 0xAF10, 0xAF10, 0xAF10, 0xCF10, 0xAF10, 0xD89C,
  0xFFFF, 0xFFFF, 0xDFFF, 0xFFFF, 0xFFFF, 0xFFFF, 0xFFFF, 0xFFFF, 0xFFFF, 0xFFFF, 0xFFFF, 0xFFFF, 0xFFFF, 0xFFFF, 0xFFFF, 0xFFFF,
  0xFDDE, 0x123A, 0xAF10, 0xAF10, 0xAF10, 0xAF10, 0xAF10, 0xAF10, 0xAF10, 0xAF10, 0xAF10, 0xAF10, 0xAF10, 0xFBBD, 0xFFFF, 0xFFFF,
  0xDFFF, 0xFFFF, 0x978C, 0xAF10, 0xCF10, 0xAF10, 0xAF10, 0xAF10, 0xAF10, 0xAF10, 0xAF10, 0xAF10, 0xAF10, 0xAF10, 0xCF10, 0xAF10,
  0xD131, 0xDDDE, 0xFFFF, 0xFFFF, 0xFFFF, 0xFFFF, 0xFFFF, 0xFFFF, 0xFFFF, 0xFFFF, 0xFFFF, 0xFFFF, 0xFFFF, 0xFFFF, 0xFFFF, 0xDFFF,
  0xFFFF, 0xFFFF, 0x9AAD, 0xEF18, 0xAF10, 0xAF10, 0xAF10, 0xAF10, 0xAF10, 0xAF10, 0xAF10, 0xAF10, 0xCF10, 0xAF10, 0xB131, 0xBFF7,
  0xFFFF, 0xFFFF, 0xFFFF, 0xFFFF, 0x1BC6, 0xAF10, 0xCF10, 0xAF10, 0xAF10, 0xAF10, 0xAF10, 0xAF10, 0xAF10, 0xAF10, 0xCF10, 0xAF10,
  0xF139, 0xFDDE, 0xFFFF, 0xFFFF, 0xFFFF, 0xFFFF, 0xFFFF, 0xFFFF, 0xFFFF, 0xFFFF, 0xFFFF, 0xFFFF, 0xFFFF, 0xFFFF, 0xFFFF, 0xDFFF,
  0xFFFF, 0xFFFF, 0x59A5, 0xCF10, 0xAF10, 0xAF10, 0xAF10, 0xAF10, 0xAF10, 0xAF10, 0xAF10, 0xAF10, 0xAF10, 0xAF10, 0xAF10, 0xAF10,
  0xAF10, 0xBCD6, 0xFFFF, 0xFFFF, 0x1DE7, 0xEF18, 0xAF10, 0xAF10, 0xAF10, 0xAF10, 0xAF10, 0xAF10, 0xAF10, 0xAF10, 0xAF10, 0xAF10,
  0xAF10, 0xCF10, 0xAF10, 0x978C, 0xFFFF, 0xFFFF, 0xDFFF, 0xFFFF, 0xFFFF, 0xFFFF, 0xFFFF, 0xFFFF, 0xFFFF, 0xFFFF, 0xFFFF, 0xFFFF,
  0xFFFF, 0xFFFF, 0xFFFF, 0xFFFF, 0xFFFF, 0xFFFF, 0xFFFF, 0xFFFF, 0xFFFF, 0xFFFF, 0xFFFF, 0xFFFF, 0xFFFF, 0xFFFF, 0xFFFF, 0xFFFF,
  0xFFFF, 0xFFFF, 0xB673, 0xAF10, 0xCF10, 0xAF10, 0xAF10, 0xAF10, 0xAF10, 0xAF10, 0xAF10, 0xAF10, 0xCF10, 0xAF10, 0xB673, 0xFFFF,
  0xFFFF, 0xDFFF, 0xFFFF, 0xFFFF, 0xFFFF, 0xFFFF, 0xFFFF, 0xFFFF, 0xFFFF, 0xFFFF, 0xFFFF, 0xFFFF, 0xFFFF, 0xFFFF, 0xFFFF, 0xFFFF,
  0xFFFF, 0xFFFF, 0xFFFF, 0xFFFF, 0xFFFF, 0xFFFF, 0xFFFF, 0xFFFF, 0xFFFF, 0xFFFF, 0xFFFF, 0xFFFF, 0xFFFF, 0xFFFF, 0xFFFF, 0xFFFF,
  0x1684, 0xAF10, 0xCF10, 0xAF10, 0xAF10, 0xAF10, 0xAF10, 0xAF10, 0xAF10, 0xAF10, 0xCF10, 0xAF10, 0x756B, 0xDFFF, 0xFFFF, 0xDFFF,
  0xFFFF, 0xFFFF, 0xFFFF, 0xFFFF, 0xFFFF, 0xFFFF, 0xFFFF, 0xFFFF, 0xFFFF, 0xFFFF, 0xFFFF, 0xDFFF, 0xFFFF, 0xFFFF, 0xB573, 0xAF10,
  0xCF10, 0xAF10, 0xAF10, 0xAF10, 0xAF10, 0xAF10, 0xAF10, 0xAF10, 0xCF10, 0xAF10, 0xF67B, 0xFFFF, 0xFFFF, 0xFFFF, 0xFFFF, 0xFFFF,
  0xFFFF, 0xFFFF, 0xFFFF, 0x3EE7, 0x3EE7, 0xFFFF, 0xFFFF, 0xFFFF, 0xFFFF, 0xFFFF, 0xFFFF, 0xFFFF, 0xFFFF, 0xFFFF, 0xFDDE, 0xEF18,
  0xCF10, 0xAF10, 0xAF10, 0xAF10, 0xAF10, 0xAF10, 0xAF10, 0xAF10, 0xCF10, 0xAF10, 0xD89C, 0xFFFF, 0xDFFF, 0xFFFF, 0xFFFF, 0xFFFF,
  0xFFFF, 0xFFFF, 0xFFFF, 0xFFFF, 0xFFFF, 0xFFFF, 0xFFFF, 0xFFFF, 0xFFFF, 0xFFFF, 0xFFFF, 0xDFFF, 0xFFFF, 0x5EEF, 0x9352, 0xD139,
  0xF239, 0xF139, 0xF139, 0xF139, 0xF139, 0xF139, 0xF139, 0x123A, 0xD139, 0x167C, 0xFFFF, 0xFFFF, 0xDFFF, 0xFFFF, 0x978C, 0xAF10,
  0xCF10, 0xAF10, 0xAF10, 0xAF10, 0xAF10, 0xAF10, 0xAF10, 0xAF10, 0xAF10, 0xCF10, 0xAF10, 0x9131, 0x1DE7, 0xFFFF, 0xDFFF, 0xFFFF,
  0xFFFF, 0xFFFF, 0xFFFF, 0xFFFF, 0xFFFF, 0xFFFF, 0xFFFF, 0xFFFF, 0xFFFF, 0xFFFF, 0xFFFF, 0xFFFF, 0xFFFF, 0xDFFF, 0xFFFF, 0xBAB5,
  0xCF10, 0xCF10, 0xAF10, 0xAF10, 0xAF10, 0xAF10, 0xAF10, 0xAF10, 0xAF10, 0xCF10, 0xAF10, 0x59A5, 0xFFFF, 0xDFFF, 0xFFFF, 0xFFFF,
  0xF45A, 0xAF10, 0xCF10, 0xAF10, 0xAF10, 0xAF10, 0xAF10, 0xAF10, 0xAF10, 0xCF10, 0xAF10, 0xD131, 0x5EEF, 0xFFFF, 0xDFFF, 0xFFFF,
  0xFFFF, 0xFFFF, 0xFFFF, 0xFFFF, 0xFFFF, 0xFFFF, 0xFFFF, 0xFFFF, 0xFFFF, 0xFFFF, 0xFFFF, 0xFFFF, 0xFFFF, 0xDFFF, 0xFFFF, 0x7AAD,
  0xAF10, 0xCF10, 0xAF10, 0xAF10, 0xAF10, 0xAF10, 0xAF10, 0xAF10, 0xAF10, 0xAF10, 0xAF10, 0xAF10, 0xAF10, 0xBCD6, 0xFFFF, 0xFFFF,
  0x1DE7, 0xEF18, 0xAF10, 0xAF10, 0xAF10, 0xAF10, 0xAF10, 0xAF10, 0xAF10, 0xAF10, 0xAF10, 0xAF10, 0xCF10, 0xAF10, 0x9894, 0xFFFF,
  0xDFFF, 0xFFFF, 0xFFFF, 0xFFFF, 0xFFFF, 0xFFFF, 0xFFFF, 0xFFFF, 0xFFFF, 0xFFFF, 0xFFFF, 0xFFFF, 0xFFFF, 0xFFFF, 0xFFFF, 0xFFFF,
  0xFFFF, 0xFFFF, 0xFFFF, 0xFFFF, 0xFFFF, 0xFFFF, 0xFFFF, 0xFFFF, 0xFFFF, 0xFFFF, 0xFFFF, 0xFFFF, 0xFFFF, 0x5EEF, 0x0F19, 0xAF10,
  0xAF10, 0xAF10, 0xAF10, 0xAF10, 0xAF10, 0xAF10, 0xAF10, 0xCF10, 0xAF10, 0xB573, 0xFFFF, 0xFFFF, 0xFFFF, 0xFFFF, 0xFFFF, 0xFFFF,
  0xFFFF, 0xFFFF, 0xFFFF, 0xFFFF, 0xFFFF, 0xFFFF, 0xFFFF, 0xFFFF, 0xFFFF, 0xFFFF, 0xFFFF, 0xFFFF, 0xFFFF, 0xFFFF, 0xFFFF, 0xFFFF,
  0xFFFF, 0xFFFF, 0xFFFF, 0xFFFF, 0xFFFF, 0xFFFF, 0xFFFF, 0xFFFF, 0xFFFF, 0xFFFF, 0xFFFF, 0x7EEF, 0x5021, 0xAF10, 0xAF10, 0xAF10,
  0xAF10, 0xAF10, 0xAF10, 0xAF10, 0xAF10, 0xCF10, 0xAF10, 0x756B, 0xFFFF, 0xFFFF, 0xFFFF, 0xFFFF, 0xFFFF, 0xFFFF, 0xFFFF, 0xFFFF,
  0xFFFF, 0xFFFF, 0xFFFF, 0xFFFF, 0xFFFF, 0xFFFF, 0xFFFF, 0xFFFF, 0xFFFF, 0xFFFF, 0xFFFF, 0x9573, 0xAF10, 0xCF10, 0xAF10, 0xAF10,
  0xAF10, 0xAF10, 0xAF10, 0xAF10, 0xAF10, 0xAF10, 0x3021, 0x7EEF, 0xFFFF, 0xFFFF, 0xFFFF, 0xFFFF, 0xFFFF, 0xFFFF, 0xFFFF, 0x3EE7,
  0x3EE7, 0xFFFF, 0xFFFF, 0xFFFF, 0xFFFF, 0xFFFF, 0xFFFF, 0xFFFF, 0xDFFF, 0xFFFF, 0x167C, 0xAF10, 0xCF10, 0xAF10, 0xAF10, 0xAF10,
  0xAF10, 0xAF10, 0xAF10, 0xCF10, 0xAF10, 0x9573, 0xFFFF, 0xDFFF, 0xFFFF, 0xFFFF, 0xFFFF, 0xFFFF, 0xFFFF, 0xFFFF, 0xFFFF, 0xFFFF,
  0xFFFF, 0xFFFF, 0xFFFF, 0xFFFF, 0xFFFF, 0xFFFF, 0xFFFF, 0xFFFF, 0xFFFF, 0xFFFF, 0xFFFF, 0xFFFF, 0xFFFF, 0xFFFF, 0xFFFF, 0xFFFF,
  0xFFFF, 0xFFFF, 0xFFFF, 0xFFFF, 0xFFFF, 0xDFFF, 0xFFFF, 0xFFFF, 0xDFFF, 0xFFFF, 0x978C, 0xAF10, 0xCF10, 0xAF10, 0xAF10, 0xAF10,
  0xAF10, 0xAF10, 0xAF10, 0xAF10, 0xAF10, 0xCF10, 0xEF18, 0x7CCE, 0xFFFF, 0xDFFF, 0xFFFF, 0xFFFF, 0xFFFF, 0xFFFF, 0xFFFF, 0xFFFF,
  0xFFFF, 0xFFFF, 0xFFFF, 0xFFFF, 0xFFFF, 0xFFFF, 0xFFFF, 0xFFFF, 0xFFFF, 0xFFFF, 0xDFFF, 0xFFFF, 0xD894, 0xAF10, 0xCF10, 0xAF10,
  0xAF10, 0xAF10, 0xAF10, 0xAF10, 0xAF10, 0xCF10, 0xAF10, 0x734A, 0xFFFF, 0xFFFF, 0xFFFF, 0xFDDE, 0xEF18, 0xAF10, 0xAF10, 0xAF10,
  0xAF10, 0xAF10, 0xAF10, 0xAF10, 0xAF10, 0xCF10, 0x0F19, 0xBDD6, 0xFFFF, 0xDFFF, 0xFFFF, 0xFFFF, 0xFFFF, 0xFFFF, 0xFFFF, 0xFFFF,
  0xFFFF, 0xFFFF, 0xFFFF, 0xFFFF, 0xFFFF, 0xFFFF, 0xFFFF, 0xFFFF, 0xFFFF, 0xFFFF, 0xDFFF, 0xFFFF, 0x778C, 0xAF10, 0xCF10, 0xAF10,
  0xAF10, 0xAF10, 0xAF10, 0xAF10, 0xAF10, 0xAF10, 0xAF10, 0xAF10, 0xAF10, 0xBCD6, 0xFFFF, 0xFFFF, 0x1DE7, 0xEF18, 0xAF10, 0xAF10,
  0xAF10, 0xAF10, 0xAF10, 0xAF10, 0xAF10, 0xAF10, 0xAF10, 0xCF10, 0xAF10, 0x956B, 0xFFFF, 0xDFFF, 0xFFFF, 0xFFFF, 0xFFFF, 0xFFFF,
  0xFFFF, 0xFFFF, 0xFFFF, 0xFFFF, 0xFFFF, 0xFFFF, 0xFFFF, 0xFFFF, 0xFFFF, 0xFFFF, 0xFFFF, 0xFFFF, 0xFFFF, 0xFFFF, 0xFFFF, 0xFFFF,
  0xFFFF, 0xFFFF, 0xFFFF, 0xFFFF, 0xFFFF, 0xFFFF, 0xFFFF, 0xDFFF, 0xFFFF, 0xD894, 0xAF10, 0xCF10, 0xAF10, 0xAF10, 0xAF10, 0xAF10,
  0xAF10, 0xAF10, 0xCF10, 0xAF10, 0x934A, 0xFFFF, 0xFFFF, 0xFFFF, 0xFFFF, 0xFFFF, 0xFFFF, 0xFFFF, 0xFFFF, 0xFFFF, 0xFFFF, 0xFFFF,
  0xFFFF, 0xFFFF, 0xFFFF, 0xFFFF, 0xFFFF, 0xFFFF, 0xFFFF, 0xFFFF, 0xFFFF, 0xFFFF, 0xFFFF, 0xFFFF, 0xFFFF, 0xFFFF, 0xFFFF, 0xFFFF,
  0xFFFF, 0xFFFF, 0xFFFF, 0xFFFF, 0xFFFF, 0xDFFF, 0xFFFF, 0x39A5, 0xAF10, 0xCF10, 0xAF10, 0xAF10, 0xAF10, 0xAF10, 0xAF10, 0xAF10,
  0xCF10, 0xAF10, 0x5242, 0xDFFF, 0xFFFF, 0xFFFF, 0xFFFF, 0xFFFF, 0xFFFF, 0xFFFF, 0xFFFF, 0xFFFF, 0xFFFF, 0xFFFF, 0xFFFF, 0xFFFF,
  0xFFFF, 0xFFFF, 0xFFFF, 0xFFFF, 0xFFFF, 0xFFFF, 0xFFFF, 0xFFFF, 0x734A, 0xAF10, 0xCF10, 0xAF10, 0xAF10, 0xAF10, 0xAF10, 0xAF10,
  0xAF10, 0xCF10, 0xAF10, 0x199D, 0xFFFF, 0xDFFF, 0xFFFF, 0xFFFF, 0xFFFF, 0xFFFF, 0xFFFF, 0x3EE7, 0x3EE7, 0xFFFF, 0xFFFF, 0xFFFF,
  0xFFFF, 0xFFFF, 0xFFFF, 0xFFFF, 0xFFFF, 0xBFF7, 0x9129, 0xAF10, 0xCF10, 0xAF10, 0xAF10, 0xAF10, 0xAF10, 0xAF10, 0xCF10, 0xAF10,
  0x9129, 0x9EF7, 0xFFFF, 0xFFFF, 0xFFFF, 0xFFFF, 0xFFFF, 0xFFFF, 0xFFFF, 0xFFFF, 0xFFFF, 0xFFFF, 0xFFFF, 0xFFFF, 0xFFFF, 0xFFFF,
  0xFFFF, 0xFFFF, 0xFFFF, 0xFFFF, 0xFFFF, 0xFFFF, 0xFFFF, 0xFFFF, 0xFFFF, 0xFFFF, 0xFFFF, 0xFFFF, 0xFFFF, 0xFFFF, 0xFFFF, 0xFFFF,
  0xFFFF, 0xFFFF, 0xFFFF, 0xFFFF, 0xDFFF, 0xFFFF, 0x978C, 0xAF10, 0xCF10, 0xAF10, 0xAF10, 0xAF10, 0xAF10, 0xAF10, 0xAF10, 0xAF10,
  0xCF10, 0xAF10, 0x778C, 0xFFFF, 0xDFFF, 0xFFFF, 0xFFFF, 0xFFFF, 0xFFFF, 0xFFFF, 0xFFFF, 0xFFFF, 0xFFFF, 0xFFFF, 0xFFFF, 0xFFFF,
  0xFFFF, 0xFFFF, 0xFFFF, 0xFFFF, 0xFFFF, 0xFFFF, 0xFFFF, 0xDFFF, 0xFFFF, 0x934A, 0xAF10, 0xCF10, 0xAF10, 0xAF10, 0xAF10, 0xAF10,
  0xAF10, 0xAF10, 0xAF10, 0xCF18, 0xFDDE, 0xFFFF, 0xFFFF, 0xB894, 0xAF10, 0xCF10, 0xAF10, 0xAF10, 0xAF10, 0xAF10, 0xAF10, 0xAF10,
  0xCF10, 0xAF10, 0xD89C, 0xFFFF, 0xDFFF, 0xFFFF, 0xFFFF, 0xFFFF, 0xFFFF, 0xFFFF, 0xFFFF, 0xFFFF, 0xFFFF, 0xFFFF, 0xFFFF, 0xFFFF,
  0xFFFF, 0xFFFF, 0xFFFF, 0xFFFF, 0xFFFF, 0xFFFF, 0xFFFF, 0xDFFF, 0xFFFF, 0x5242, 0xAF10, 0xCF10, 0xAF10, 0xAF10, 0xAF10, 0xAF10,
  0xAF10, 0xAF10, 0xAF10, 0xAF10, 0xAF10, 0xBCD6, 0xFFFF, 0xFFFF, 0x1DE7, 0xEF18, 0xAF10, 0xAF10, 0xAF10, 0xAF10, 0xAF10, 0xAF10,
  0xAF10, 0xAF10, 0xCF10, 0xAF10, 0xB131, 0x9FF7, 0xFFFF, 0xFFFF, 0xFFFF, 0xFFFF, 0xFFFF, 0xFFFF, 0xFFFF, 0xFFFF, 0xFFFF, 0xFFFF,
  0xFFFF, 0xFFFF, 0xFFFF, 0xFFFF, 0xFFFF, 0xFFFF, 0xFFFF, 0xFFFF, 0xFFFF, 0xFFFF, 0xFFFF, 0xFFFF, 0xFFFF, 0xFFFF, 0xFFFF, 0xFFFF,
  0xFFFF, 0xFFFF, 0xFFFF, 0xFFFF, 0xFFFF, 0x724A, 0xAF10, 0xCF10, 0xAF10, 0xAF10, 0xAF10, 0xAF10, 0xAF10, 0xAF10, 0xAF10, 0x0F19,
  0x1DDF, 0xFFFF, 0xFFFF, 0xFFFF, 0xFFFF, 0xFFFF, 0xFFFF, 0xFFFF, 0xFFFF, 0xFFFF, 0xFFFF, 0xFFFF, 0xFFFF, 0xFFFF, 0xFFFF, 0xFFFF,
  0xFFFF, 0xFFFF, 0xFFFF, 0xFFFF, 0xFFFF, 0xFFFF, 0xFFFF, 0xFFFF, 0xFFFF, 0xFFFF, 0xFFFF, 0xFFFF, 0xFFFF, 0xFFFF, 0xFFFF, 0xFFFF,
  0xFFFF, 0xFFFF, 0xFFFF, 0xB352, 0xAF10, 0xCF10, 0xAF10, 0xAF10, 0xAF10, 0xAF10, 0xAF10, 0xAF10, 0xCF10, 0xEF18, 0xDDDE, 0xFFFF,
  0xFFFF, 0xFFFF, 0xFFFF, 0xFFFF, 0xFFFF, 0xFFFF, 0xFFFF, 0xFFFF, 0xFFFF, 0xFFFF, 0xFFFF, 0xFFFF, 0xFFFF, 0xFFFF, 0xFFFF, 0xFFFF,
  0xFFFF, 0xFFFF, 0xFFFF, 0xFFFF, 0xFDDE, 0x0F19, 0xCF10, 0xAF10, 0xAF10, 0xAF10, 0xAF10, 0xAF10, 0xAF10, 0xCF10, 0xAF10, 0x9352,
  0xFFFF, 0xFFFF, 0xFFFF, 0xFFFF, 0xFFFF, 0xFFFF, 0xFFFF, 0x3EE7, 0x3EE7, 0xFFFF, 0xFFFF, 0xFFFF, 0xFFFF, 0xFFFF, 0xFFFF, 0xFFFF,
  0xFFFF, 0x1BC6, 0xAF10, 0xCF10, 0xAF10, 0xAF10, 0xAF10, 0xAF10, 0xAF10, 0xAF10, 0xCF10, 0xAF10, 0x39A5, 0xFFFF, 0xFFFF, 0xFFFF,
  0xFFFF, 0xFFFF, 0xFFFF, 0xFFFF, 0xFFFF, 0xFFFF, 0xFFFF, 0xFFFF, 0xFFFF, 0xFFFF, 0xFFFF, 0xFFFF, 0xFFFF, 0xFFFF, 0xFFFF, 0xFFFF,
  0xFFFF, 0xFFFF, 0xFFFF, 0xFFFF, 0xFFFF, 0xFFFF, 0xFFFF, 0xFFFF, 0xFFFF, 0xFFFF, 0xFFFF, 0xFFFF, 0xFFFF, 0xFFFF, 0xFFFF, 0xFFFF,
  0xDFFF, 0xFFFF, 0x978C, 0xAF10, 0xCF10, 0xAF10, 0xAF10, 0xAF10, 0xAF10, 0xAF10, 0xAF10, 0xCF10, 0xAF10, 0xB131, 0xBFF7, 0xFFFF,
  0xFFFF, 0xFFFF, 0xFFFF, 0xFFFF, 0xFFFF, 0xFFFF, 0xFFFF, 0xFFFF, 0xFFFF, 0xFFFF, 0xFFFF, 0xFFFF, 0xFFFF, 0xFFFF, 0xFFFF, 0xFFFF,
  0xFFFF, 0xFFFF, 0xFFFF, 0xFFFF, 0xFFFF, 0x7CCE, 0xCF10, 0xAF10, 0xAF10, 0xAF10, 0xAF10, 0xAF10, 0xAF10, 0xAF10, 0xCF10, 0xAF10,
  0xF89C, 0xFFFF, 0xFFFF, 0xB352, 0xAF10, 0xCF10, 0xAF10, 0xAF10, 0xAF10, 0xAF10, 0xAF10, 0xCF10, 0xAF10, 0xF139, 0xDFFF, 0xFFFF,
  0xFFFF, 0xFFFF, 0xFFFF, 0xFFFF, 0xFFFF, 0xFFFF, 0xFFFF, 0xFFFF, 0xFFFF, 0xFFFF, 0xFFFF, 0xFFFF, 0xFFFF, 0xFFFF, 0xFFFF, 0xFFFF,
  0xFFFF, 0xFFFF, 0xFFFF, 0xFFFF, 0xFFFF, 0x3BC6, 0xAF10, 0xCF10, 0xAF10, 0xAF10, 0xAF10, 0xAF10, 0xAF10, 0xAF10, 0xAF10, 0xAF10,
  0xAF10, 0xBCD6, 0xFFFF, 0xFFFF, 0x1DE7, 0xEF18, 0xAF10, 0xAF10, 0xAF10, 0xAF10, 0xAF10, 0xAF10, 0xAF10, 0xAF10, 0xCF10, 0xAF10,
  0x59AD, 0xFFFF, 0xDFFF, 0xFFFF, 0xFFFF, 0xFFFF, 0xFFFF, 0xFFFF, 0xFFFF, 0xFFFF, 0xFFFF, 0xFFFF, 0xFFFF, 0xFFFF, 0xFFFF, 0xFFFF,
  0xFFFF, 0xFFFF, 0xFFFF, 0xFFFF, 0xFFFF, 0xFFFF, 0xFFFF, 0xFFFF, 0xFFFF, 0xFFFF, 0xFFFF, 0xFFFF, 0xFFFF, 0xFFFF, 0xFFFF, 0xFFFF,
  0x1DE7, 0xEF18, 0xAF10, 0xAF10, 0xAF10, 0xAF10, 0xAF10, 0xAF10, 0xAF10, 0xCF10, 0xAF10, 0x3784, 0xFFFF, 0xDFFF, 0xFFFF, 0xFFFF,
  0xFFFF, 0xFFFF, 0xFFFF, 0xFFFF, 0xFFFF, 0xFFFF, 0xFFFF, 0xFFFF, 0xFFFF, 0xFFFF, 0xFFFF, 0xFFFF, 0xFFFF, 0xFFFF, 0xFFFF, 0xFFFF,
  0xFFFF, 0xFFFF, 0xFFFF, 0xFFFF, 0xFFFF, 0xFFFF, 0xFFFF, 0xFFFF, 0xFFFF, 0xFFFF, 0xFFFF, 0xFFFF, 0xFFFF, 0xFFFF, 0x5EEF, 0x0F19,
  0xAF10, 0xAF10, 0xAF10, 0xAF10, 0xAF10, 0xAF10, 0xAF10, 0xCF10, 0xAF10, 0xD67B, 0xFFFF, 0xDFFF, 0xFFFF, 0xFFFF, 0xFFFF, 0xFFFF,
  0xFFFF, 0xFFFF, 0xFFFF, 0xFFFF, 0xFFFF, 0xFFFF, 0xFFFF, 0xFFFF, 0xFFFF, 0xFFFF, 0xFFFF, 0xFFFF, 0xFFFF, 0xFFFF, 0xFFFF, 0xDFFF,
  0xFFFF, 0xF67B, 0xAF10, 0xCF10, 0xAF10, 0xAF10, 0xAF10, 0xAF10, 0xAF10, 0xAF10, 0xAF10, 0x0F19, 0x3EE7, 0xFFFF, 0xFFFF, 0xFFFF,
  0xFFFF, 0xFFFF, 0xFFFF, 0x3EE7, 0x3EE7, 0xFFFF, 0xFFFF, 0xFFFF, 0xFFFF, 0xFFFF, 0xFFFF, 0xDFFF, 0xFFFF, 0x1684, 0xAF10, 0xCF10,
  0xAF10, 0xAF10, 0xAF10, 0xAF10, 0xAF10, 0xAF10, 0xAF10, 0x7029, 0x3EE7, 0x9EF7, 0x9EF7, 0x9EF7, 0x9EF7, 0x9EF7, 0x9FF7, 0x9FF7,
  0x9FF7, 0x9FF7, 0x9FF7, 0xBFF7, 0xBFF7, 0xBFF7, 0xBFF7, 0xBFF7, 0xBFF7, 0xBFF7, 0xBFF7, 0xBFF7, 0xBFF7, 0xBFF7, 0xBFF7, 0xBFF7,
  0xBFF7, 0xBFF7, 0xBFF7, 0xBFF7, 0xBFF7, 0xBFF7, 0xDFFF, 0xDFFF, 0xDFFF, 0xDFFF, 0xDFFF, 0xFFFF, 0xDFFF, 0xFFFF, 0x978C, 0xAF10,
  0xCF10, 0xAF10, 0xAF10, 0xAF10, 0xAF10, 0xAF10, 0xAF10, 0xCF10, 0xAF10, 0x9894, 0xFFFF, 0xDFFF, 0xFFFF, 0xFFFF, 0xFFFF, 0xFFFF,
  0xFFFF, 0xFFFF, 0xFFFF, 0xFFFF, 0xFFFF, 0xFFFF, 0xFFFF, 0xFFFF, 0xFFFF, 0xFFFF, 0xFFFF, 0xFFFF, 0xFFFF, 0xFFFF, 0xFFFF, 0xFFFF,
  0xFFFF, 0xFFFF, 0xB352, 0xAF10, 0xCF10, 0xAF10, 0xAF10, 0xAF10, 0xAF10, 0xAF10, 0xCF10, 0xAF10, 0x3463, 0xFFFF, 0x7EEF, 0x5021,
  0xAF10, 0xAF10, 0xAF10, 0xAF10, 0xAF10, 0xAF10, 0xAF10, 0xCF10, 0xAF10, 0x199D, 0xFFFF, 0xDFFF, 0xFFFF, 0xFFFF, 0xFFFF, 0xFFFF,
  0xFFFF, 0xFFFF, 0xFFFF, 0xFFFF, 0xFFFF, 0xFFFF, 0xFFFF, 0xFFFF, 0xFFFF, 0xFFFF, 0xFFFF, 0xFFFF, 0xFFFF, 0xFFFF, 0xFFFF, 0xFFFF,
  0xFFFF, 0xFFFF, 0x524A, 0xAF10, 0xCF10, 0xAF10, 0xAF10, 0xAF10, 0xAF10, 0xAF10, 0xAF10, 0xAF10, 0xAF10, 0xBCD6, 0xFFFF, 0xFFFF,
  0x1DE7, 0xEF18, 0xAF10, 0xAF10, 0xAF10, 0xAF10, 0xAF10, 0xAF10, 0xAF10, 0xCF10, 0xAF10, 0xB131, 0xDFFF, 0xFFFF, 0xFFFF, 0xFFFF,
  0xFFFF, 0xFFFF, 0xFFFF, 0xFFFF, 0xFFFF, 0xFFFF, 0xFFFF, 0xFFFF, 0xFFFF, 0xFFFF, 0xFFFF, 0xFFFF, 0xFFFF, 0xFFFF, 0xFFFF, 0xFFFF,
  0xFFFF, 0xFFFF, 0xFFFF, 0xFFFF, 0xFFFF, 0xFFFF, 0xFFFF, 0xFFFF, 0xFFFF, 0xFFFF, 0xDFFF, 0xFFFF, 0x9AB5, 0xAF10, 0xCF10, 0xAF10,
  0xAF10, 0xAF10, 0xAF10, 0xAF10, 0xAF10, 0xAF10, 0x0F19, 0x3EE7, 0xFFFF, 0xFFFF, 0xFFFF, 0xFFFF, 0xFFFF, 0xFFFF, 0xFFFF, 0xFFFF,
  0xFFFF, 0xFFFF, 0xFFFF, 0xFFFF, 0xFFFF, 0xFFFF, 0xFFFF, 0xFFFF, 0xFFFF, 0xFFFF, 0xFFFF, 0xFFFF, 0xFFFF, 0xFFFF, 0xFFFF, 0xFFFF,
  0xFFFF, 0xFFFF, 0xFFFF, 0xFFFF, 0xFFFF, 0xFFFF, 0xFFFF, 0xFFFF, 0xFFFF, 0xFFFF, 0xDBBD, 0xAF10, 0xCF10, 0xAF10, 0xAF10, 0xAF10,
  0xAF10, 0xAF10, 0xAF10, 0xAF10, 0xEF18, 0xFDDE, 0xFFFF, 0xFFFF, 0xFFFF, 0xFFFF, 0xFFFF, 0xFFFF, 0xFFFF, 0xFFFF, 0xFFFF, 0xFFFF,
  0xFFFF, 0xFFFF, 0xFFFF, 0xFFFF, 0xFFFF, 0xFFFF, 0xFFFF, 0xFFFF, 0xFFFF, 0xFFFF, 0xFFFF, 0xFFFF, 0xFFFF, 0x1DE7, 0xEF18, 0xAF10,
  0xAF10, 0xAF10, 0xAF10, 0xAF10, 0xAF10, 0xAF10, 0xCF10, 0xAF10, 0xDAB5, 0xFFFF, 0xFFFF, 0xFFFF, 0xFFFF, 0xFFFF, 0xFFFF, 0x3EE7,
  0x3EE7, 0xFFFF, 0xFFFF, 0xFFFF, 0xFFFF, 0xFFFF, 0xFFFF, 0xFFFF, 0xFFFF, 0x934A, 0xAF10, 0xCF10, 0xAF10, 0xAF10, 0xAF10, 0xAF10,
  0xAF10, 0xAF10, 0xAF10, 0xEF18, 0x7029, 0x7029, 0x7029, 0x7029, 0x7029, 0x7029, 0x7029, 0x7029, 0x7029, 0x7029, 0x7029, 0x7029,
  0x7029, 0x7029, 0x7029, 0x9029, 0x9029, 0x9029, 0x9029, 0x9029, 0x9029, 0x9129, 0x9129, 0x9129, 0x9129, 0x9129, 0x9129, 0x9129,
  0x9129, 0x9129, 0xB131, 0xB131, 0xB131, 0xB131, 0xB131, 0x7CCE, 0xFFFF, 0xFFFF, 0x978C, 0xAF10, 0xCF10, 0xAF10, 0xAF10, 0xAF10,
  0xAF10, 0xAF10, 0xAF10, 0xAF10, 0xEF18, 0xFDDE, 0xFFFF, 0xFFFF, 0xFFFF, 0xFFFF, 0xFFFF, 0xFFFF, 0xFFFF, 0xFFFF, 0xFFFF, 0xFFFF,
  0xFFFF, 0xFFFF, 0xFFFF, 0xFFFF, 0xFFFF, 0xFFFF, 0xFFFF, 0xFFFF, 0xFFFF, 0xFFFF, 0xFFFF, 0xFFFF, 0xDFFF, 0xFFFF, 0x59AD, 0xAF10,
  0xCF10, 0xAF10, 0xAF10, 0xAF10, 0xAF10, 0xAF10, 0xCF10, 0xAF10, 0xF139, 0xFFFF, 0x7CCE, 0xAF10, 0xAF10, 0xAF10, 0xAF10, 0xAF10,
  0xAF10, 0xAF10, 0xAF10, 0xAF10, 0x0F19, 0x5EEF, 0xFFFF, 0xFFFF, 0xFFFF, 0xFFFF, 0xFFFF, 0xFFFF, 0xFFFF, 0xFFFF, 0xFFFF, 0xFFFF,
  0xFFFF, 0xFFFF, 0xFFFF, 0xFFFF, 0xFFFF, 0xFFFF, 0xFFFF, 0xFFFF, 0xFFFF, 0xFFFF, 0xFFFF, 0xFFFF, 0xDFFF, 0xFFFF, 0xF89C, 0xAF10,
  0xCF10, 0xAF10, 0xAF10, 0xAF10, 0xAF10, 0xAF10, 0xAF10, 0xAF10, 0xAF10, 0xBCD6, 0xFFFF, 0xFFFF, 0x1DE7, 0xEF18, 0xAF10, 0xAF10,
  0xAF10, 0xAF10, 0xAF10, 0xAF10, 0xAF10, 0xCF10, 0xAF10, 0x167C, 0xFFFF, 0xDFFF, 0xFFFF, 0xFFFF, 0xFFFF, 0xFFFF, 0xFFFF, 0xFFFF,
  0xFFFF, 0xFFFF, 0xFFFF, 0xFFFF, 0xFFFF, 0xFFFF, 0xFFFF, 0xFFFF, 0xFFFF, 0xFFFF, 0xFFFF, 0xFFFF, 0xFFFF, 0xFFFF, 0xFFFF, 0xFFFF,
  0xFFFF, 0xFFFF, 0xFFFF, 0xFFFF, 0xFFFF, 0xFFFF, 0xDFFF, 0xFFFF, 0x3784, 0xAF10, 0xCF10, 0xAF10, 0xAF10, 0xAF10, 0xAF10, 0xAF10,
  0xCF10, 0xAF10, 0xF45A, 0xFFFF, 0xFFFF, 0xFFFF, 0xFFFF, 0xFFFF, 0xFFFF, 0xFFFF, 0xFFFF, 0xFFFF, 0xFFFF, 0xFFFF, 0xFFFF, 0xFFFF,
  0xFFFF, 0xFFFF, 0xFFFF, 0xFFFF, 0xFFFF, 0xFFFF, 0xFFFF, 0xFFFF, 0xFFFF, 0xFFFF, 0xFFFF, 0xFFFF, 0xFFFF, 0xFFFF, 0xFFFF, 0xFFFF,
  0xFFFF, 0xFFFF, 0xFFFF, 0xFFFF, 0xDFFF, 0xFFFF, 0x778C, 0xAF10, 0xCF10, 0xAF10, 0xAF10, 0xAF10, 0xAF10, 0xAF10, 0xCF10, 0xAF10,
  0xB352, 0xFFFF, 0xFFFF, 0xFFFF, 0xFFFF, 0xFFFF, 0xFFFF, 0xFFFF, 0xFFFF, 0xFFFF, 0xFFFF, 0xFFFF, 0xFFFF, 0xFFFF, 0xFFFF, 0xFFFF,
  0xFFFF, 0xFFFF, 0xFFFF, 0xFFFF, 0xFFFF, 0xFFFF, 0xFFFF, 0xFFFF, 0xFFFF, 0xFFFF, 0xD352, 0xAF10, 0xCF10, 0xAF10, 0xAF10, 0xAF10,
  0xAF10, 0xAF10, 0xCF10, 0xAF10, 0x778C, 0xFFFF, 0xDFFF, 0xFFFF, 0xFFFF, 0xFFFF, 0xFFFF, 0x3EE7, 0x3EE7, 0xFFFF, 0xFFFF, 0xFFFF,
  0xFFFF, 0xFFFF, 0xFFFF, 0xFFFF, 0xBFF7, 0x9129, 0xAF10, 0xCF10, 0xAF10, 0xAF10, 0xAF10, 0xAF10, 0xAF10, 0xAF10, 0xAF10, 0xAF10,
  0xAF10, 0xAF10, 0xAF10, 0xAF10, 0xAF10, 0xAF10, 0xAF10, 0xAF10, 0xAF10, 0xAF10, 0xAF10, 0xAF10, 0xAF10, 0xAF10, 0xAF10, 0xAF10,
  0xAF10, 0xAF10, 0xAF10, 0xAF10, 0xAF10, 0xAF10, 0xAF10, 0xAF10, 0xAF10, 0xAF10, 0xAF10, 0xAF10, 0xAF10, 0xAF10, 0xAF10, 0xAF10,
  0xAF10, 0xAF10, 0xAF10, 0x59AD, 0xFFFF, 0xFFFF, 0x978C, 0xAF10, 0xCF10, 0xAF10, 0xAF10, 0xAF10, 0xAF10, 0xAF10, 0xCF10, 0xAF10,
  0x3242, 0xFFFF, 0xFFFF, 0xFFFF, 0xFFFF, 0xFFFF, 0xFFFF, 0xFFFF, 0xFFFF, 0xFFFF, 0xFFFF, 0xFFFF, 0xFFFF, 0xFFFF, 0xFFFF, 0xFFFF,
  0xFFFF, 0xFFFF, 0xFFFF, 0xFFFF, 0xFFFF, 0xFFFF, 0xFFFF, 0xFFFF, 0xFFFF, 0xFFFF, 0x1DDF, 0xEF18, 0xAF10, 0xAF10, 0xAF10, 0xAF10,
  0xAF10, 0xAF10, 0xAF10, 0xAF10, 0x0F19, 0xDFFF, 0xBAB5, 0xAF10, 0xCF10, 0xAF10, 0xAF10, 0xAF10, 0xAF10, 0xAF10, 0xCF10, 0xAF10,
  0x934A, 0xFFFF, 0xFFFF, 0xFFFF, 0xFFFF, 0xFFFF, 0xFFFF, 0xFFFF, 0xFFFF, 0xFFFF, 0xFFFF, 0xFFFF, 0xFFFF, 0xFFFF, 0xFFFF, 0xFFFF,
  0xFFFF, 0xFFFF, 0xFFFF, 0xFFFF, 0xFFFF, 0xFFFF, 0xFFFF, 0xFFFF, 0xFFFF, 0xFFFF, 0xBCD6, 0xCF10, 0xAF10, 0xAF10, 0xAF10, 0xAF10,
  0xAF10, 0xAF10, 0xAF10, 0xAF10, 0xAF10, 0xBCD6, 0xFFFF, 0xFFFF, 0x1DE7, 0xEF18, 0xAF10, 0xAF10, 0xAF10, 0xAF10, 0xAF10, 0xAF10,
  0xAF10, 0xCF10, 0xAF10, 0xFBBD, 0xFFFF, 0xFFFF, 0xFFFF, 0xFFFF, 0xFFFF, 0xFFFF, 0xFFFF, 0xFFFF, 0xFFFF, 0xFFFF, 0xFFFF, 0xFFFF,
  0xFFFF, 0xFFFF, 0xFFFF, 0xFFFF, 0xFFFF, 0xFFFF, 0xFFFF, 0xFFFF, 0xFFFF, 0xFFFF, 0xFFFF, 0xFFFF, 0xFFFF, 0xFFFF, 0xFFFF, 0xFFFF,
  0xFFFF, 0xFFFF, 0xFFFF, 0xFFFF, 0x145B, 0xAF10, 0xCF10, 0xAF10, 0xAF10, 0xAF10, 0xAF10, 0xAF10, 0xCF10, 0xAF10, 0xF89C, 0xFFFF,
  0xDFFF, 0xFFFF, 0xFFFF, 0xFFFF, 0xFFFF, 0xFFFF, 0xFFFF, 0xFFFF, 0xFFFF, 0xFFFF, 0xFFFF, 0xFFFF, 0xFFFF, 0xFFFF, 0xFFFF, 0xFFFF,
  0xFFFF, 0xFFFF, 0xFFFF, 0xFFFF, 0xFFFF, 0xFFFF, 0xFFFF, 0xFFFF, 0xFFFF, 0xFFFF, 0xFFFF, 0xFFFF, 0xFFFF, 0xFFFF, 0xFFFF, 0xFFFF,
  0xFFFF, 0xFFFF, 0x756B, 0xAF10, 0xCF10, 0xAF10, 0xAF10, 0xAF10, 0xAF10, 0xAF10, 0xCF10, 0xAF10, 0x9894, 0xFFFF, 0xDFFF, 0xFFFF,
  0xFFFF, 0xFFFF, 0xFFFF, 0xFFFF, 0xFFFF, 0xFFFF, 0xFFFF, 0xFFFF, 0xFFFF, 0xFFFF, 0xFFFF, 0xFFFF, 0xFFFF, 0xFFFF, 0xFFFF, 0xFFFF,
  0xFFFF, 0xFFFF, 0xFFFF, 0xFFFF, 0xDFFF, 0xFFFF, 0xB894, 0xAF10, 0xCF10, 0xAF10, 0xAF10, 0xAF10, 0xAF10, 0xAF10, 0xCF10, 0xAF10,
  0x5563, 0xFFFF, 0xFFFF, 0xFFFF, 0xFFFF, 0xFFFF, 0xFFFF, 0x3EE7, 0x3EE7, 0xFFFF, 0xFFFF, 0xFFFF, 0xFFFF, 0xFFFF, 0xFFFF, 0xFFFF,
  0x3EE7, 0x0F19, 0xAF10, 0xAF10, 0xAF10, 0xAF10, 0xAF10, 0xAF10, 0xAF10, 0xAF10, 0xAF10, 0xAF10, 0xAF10, 0xAF10, 0xAF10, 0xAF10,
  0xAF10, 0xAF10, 0xAF10, 0xAF10, 0xAF10, 0xAF10, 0xAF10, 0xCF10, 0xCF10, 0xCF10, 0xCF10, 0xCF10, 0xCF10, 0xCF10, 0xCF10, 0xCF10,
  0xCF10, 0xCF10, 0xCF10, 0xCF10, 0xCF10, 0xCF10, 0xCF10, 0xCF10, 0xCF10, 0xCF10, 0xCF10, 0xCF10, 0xCF10, 0xCF18, 0xCF10, 0xB894,
  0xFFFF, 0xFFFF, 0x978C, 0xAF10, 0xCF10, 0xAF10, 0xAF10, 0xAF10, 0xAF10, 0xAF10, 0xCF10, 0xAF10, 0x756B, 0xFFFF, 0xFFFF, 0xFFFF,
  0xFFFF, 0xFFFF, 0xFFFF, 0xFFFF, 0xFFFF, 0xFFFF, 0xFFFF, 0xFFFF, 0xFFFF, 0xFFFF, 0xFFFF, 0xFFFF, 0xFFFF, 0xFFFF, 0xFFFF, 0xFFFF,
  0xFFFF, 0xFFFF, 0xFFFF, 0xFFFF, 0xFFFF, 0xFFFF, 0xDFFF, 0xD131, 0xAF10, 0xCF10, 0xAF10, 0xAF10, 0xAF10, 0xAF10, 0xAF10, 0xAF10,
  0xAF10, 0x5EEF, 0xF89C, 0xAF10, 0xCF10, 0xAF10, 0xAF10, 0xAF10, 0xAF10, 0xAF10, 0xCF10, 0xAF10, 0xD67B, 0xFFFF, 0xDFFF, 0xFFFF,
  0xFFFF, 0xFFFF, 0xFFFF, 0xFFFF, 0xFFFF, 0xFFFF, 0xFFFF, 0xFFFF, 0xFFFF, 0xFFFF, 0xFFFF, 0xFFFF, 0xFFFF, 0xFFFF, 0xFFFF, 0xFFFF,
  0xFFFF, 0xFFFF, 0xFFFF, 0xFFFF, 0xFFFF, 0xFFFF, 0x9FF7, 0x7029, 0xAF10, 0xAF10, 0xAF10, 0xAF10, 0xAF10, 0xAF10, 0xAF10, 0xAF10,
  0xAF10, 0xBCD6, 0xFFFF, 0xFFFF, 0x1DE7, 0xEF18, 0xAF10, 0xAF10, 0xAF10, 0xAF10, 0xAF10, 0xAF10, 0xAF10, 0xAF10, 0xEF18, 0x1DE7,
  0xFFFF, 0xFFFF, 0xFFFF, 0xFFFF, 0xFFFF, 0xFFFF, 0xFFFF, 0xFFFF, 0xFFFF, 0xFFFF, 0xFFFF, 0xFFFF, 0xFFFF, 0xFFFF, 0xFFFF, 0xFFFF,
  0xFFFF, 0xFFFF, 0xFFFF, 0xFFFF, 0xFFFF, 0xFFFF, 0xFFFF, 0xFFFF, 0xFFFF, 0xFFFF, 0xFFFF, 0xFFFF, 0xFFFF, 0xFFFF, 0xFFFF, 0xFFFF,
  0x524A, 0xAF10, 0xCF10, 0xAF10, 0xAF10, 0xAF10, 0xAF10, 0xAF10, 0xAF10, 0xAF10, 0x3BC6, 0xFFFF, 0xFFFF, 0xFFFF, 0xFFFF, 0xFFFF,
  0xFFFF, 0xFFFF, 0xFFFF, 0xFFFF, 0xFFFF, 0xFFFF, 0xFFFF, 0xFFFF, 0xFFFF, 0xFFFF, 0xFFFF, 0xFFFF, 0xFFFF, 0xFFFF, 0xFFFF, 0xFFFF,
  0xFFFF, 0xFFFF, 0xFFFF, 0xFFFF, 0xFFFF, 0xFFFF, 0xFFFF, 0xFFFF, 0xFFFF, 0xFFFF, 0xFFFF, 0xFFFF, 0xFFFF, 0xFFFF, 0x9352, 0xAF10,
  0xCF10, 0xAF10, 0xAF10, 0xAF10, 0xAF10, 0xAF10, 0xCF10, 0xAF10, 0xFBBD, 0xFFFF, 0xFFFF, 0xFFFF, 0xFFFF, 0xFFFF, 0xFFFF, 0xFFFF,
  0xFFFF, 0xFFFF, 0xFFFF, 0xFFFF, 0xFFFF, 0xFFFF, 0xFFFF, 0xFFFF, 0xFFFF, 0xFFFF, 0xFFFF, 0xFFFF, 0xFFFF, 0xFFFF, 0xFFFF, 0xFFFF,
  0xFFFF, 0xFFFF, 0xFBBD, 0xAF10, 0xCF10, 0xAF10, 0xAF10, 0xAF10, 0xAF10, 0xAF10, 0xCF10, 0xAF10, 0x934A, 0xFFFF, 0xFFFF, 0xFFFF,
  0xFFFF, 0xFFFF, 0xFFFF, 0x3EE7, 0x3EE7, 0xFFFF, 0xFFFF, 0xFFFF, 0xFFFF, 0xFFFF, 0xFFFF, 0xFFFF, 0xDDDE, 0xCF10, 0xAF10, 0xAF10,
  0xAF10, 0xAF10, 0xAF10, 0xAF10, 0xAF10, 0xAF10, 0xAF10, 0xAF10, 0xAF10, 0xAF10, 0xAF10, 0xAF10, 0xAF10, 0xAF10, 0xAF10, 0xAF10,
  0xAF10, 0xAF10, 0xAF10, 0xAF10, 0xAF10, 0xAF10, 0xAF10, 0xAF10, 0xAF10, 0xAF10, 0xAF10, 0xAF10, 0xAF10, 0xAF10, 0xAF10, 0xAF10,
  0xAF10, 0xAF10, 0xAF10, 0xAF10, 0xAF10, 0xAF10, 0xAF10, 0xAF10, 0xAF10, 0xCF10, 0xAF10, 0x5784, 0xFFFF, 0xFFFF, 0x978C, 0xAF10,
  0xCF10, 0xAF10, 0xAF10, 0xAF10, 0xAF10, 0xAF10, 0xCF10, 0xAF10, 0x3784, 0xFFFF, 0xDFFF, 0xFFFF, 0xFFFF, 0xFFFF, 0xFFFF, 0xFFFF,
  0xFFFF, 0xFFFF, 0xFFFF, 0xFFFF, 0xFFFF, 0xFFFF, 0xFFFF, 0xFFFF, 0xFFFF, 0xFFFF, 0xFFFF, 0xFFFF, 0xFFFF, 0xFFFF, 0xFFFF, 0xFFFF,
  0xFFFF, 0xFFFF, 0xFFFF, 0x734A, 0xAF10, 0xCF10, 0xAF10, 0xAF10, 0xAF10, 0xAF10, 0xAF10, 0xAF10, 0xAF10, 0xFDDE, 0x978C, 0xAF10,
  0xCF10, 0xAF10, 0xAF10, 0xAF10, 0xAF10, 0xAF10, 0xCF10, 0xAF10, 0xB894, 0xFFFF, 0xDFFF, 0xFFFF, 0xFFFF, 0xFFFF, 0xFFFF, 0xFFFF,
  0xFFFF, 0xFFFF, 0xFFFF, 0xFFFF, 0xFFFF, 0xFFFF, 0xFFFF, 0xFFFF, 0xFFFF, 0xFFFF, 0xFFFF, 0xFFFF, 0xFFFF, 0xFFFF, 0xFFFF, 0xFFFF,
  0xFFFF, 0xFFFF, 0xFFFF, 0x123A, 0xAF10, 0xCF10, 0xAF10, 0xAF10, 0xAF10, 0xAF10, 0xAF10, 0xAF10, 0xAF10, 0xBCD6, 0xFFFF, 0xFFFF,
  0x1DE7, 0xEF18, 0xAF10, 0xAF10, 0xAF10, 0xAF10, 0xAF10, 0xAF10, 0xAF10, 0xAF10, 0x7029, 0x9FF7, 0xFFFF, 0xFFFF, 0xFFFF, 0xFFFF,
  0xFFFF, 0xFFFF, 0xFFFF, 0xFFFF, 0xFFFF, 0xFFFF, 0xFFFF, 0xFFFF, 0xFFFF, 0xFFFF, 0xFFFF, 0xFFFF, 0xFFFF, 0xFFFF, 0xFFFF, 0xFFFF,
  0xFFFF, 0xFFFF, 0xFFFF, 0xFFFF, 0xFFFF, 0xFFFF, 0xFFFF, 0xFFFF, 0xFFFF, 0xFFFF, 0xFFFF, 0xFFFF, 0xF139, 0xAF10, 0xCF10, 0xAF10,
  0xAF10, 0xAF10, 0xAF10, 0xAF10, 0xAF10, 0xCF10, 0xFDDE, 0xFFFF, 0xFFFF, 0xFFFF, 0xFFFF, 0xFFFF, 0xFFFF, 0xFFFF, 0xFFFF, 0xFFFF,
  0xFFFF, 0xFFFF, 0xFFFF, 0xFFFF, 0xFFFF, 0xFFFF, 0xFFFF, 0xFFFF, 0xFFFF, 0xFFFF, 0xFFFF, 0xFFFF, 0xFFFF, 0xFFFF, 0xFFFF, 0xFFFF,
  0xFFFF, 0xFFFF, 0xFFFF, 0xFFFF, 0xFFFF, 0xFFFF, 0xFFFF, 0xFFFF, 0xFFFF, 0xFFFF, 0x3242, 0xAF10, 0xCF10, 0xAF10, 0xAF10, 0xAF10,
  0xAF10, 0xAF10, 0xAF10, 0xAF10, 0xBCD6, 0xFFFF, 0xFFFF, 0xFFFF, 0xFFFF, 0xFFFF, 0xFFFF, 0xFFFF, 0xFFFF, 0xFFFF, 0xFFFF, 0xFFFF,
  0xFFFF, 0xFFFF, 0xFFFF, 0xFFFF, 0xFFFF, 0xFFFF, 0xFFFF, 0xFFFF, 0xFFFF, 0xFFFF, 0xFFFF, 0xFFFF, 0xFFFF, 0xFFFF, 0xBCD6, 0xAF10,
  0xAF10, 0xAF10, 0xAF10, 0xAF10, 0xAF10, 0xAF10, 0xCF10, 0xAF10, 0x3242, 0xFFFF, 0xFFFF, 0xFFFF, 0xFFFF, 0xFFFF, 0xFFFF, 0x3EE7,
  0x3EE7, 0xFFFF, 0xFFFF, 0xFFFF, 0xFFFF, 0xFFFF, 0xFFFF, 0xFFFF, 0x9CD6, 0xAF10, 0xAF10, 0xAF10, 0xAF10, 0xAF10, 0xAF10, 0xAF10,
  0xAF10, 0xAF10, 0xAF10, 0xAF10, 0xAF10, 0xAF10, 0xAF10, 0xAF10, 0xAF10, 0xAF10, 0xAF10, 0xAF10, 0xAF10, 0xAF10, 0xAF10, 0xAF10,
  0xAF10, 0xAF10, 0xAF10, 0xAF10, 0xAF10, 0xAF10, 0xAF10, 0xAF10, 0xAF10, 0xAF10, 0xAF10, 0xAF10, 0xAF10, 0xAF10, 0xAF10, 0xAF10,
  0xAF10, 0xAF10, 0xAF10, 0xAF10, 0xAF10, 0xCF10, 0xAF10, 0x3784, 0xFFFF, 0xFFFF, 0x978C, 0xAF10, 0xCF10, 0xAF10, 0xAF10, 0xAF10,
  0xAF10, 0xAF10, 0xCF10, 0xAF10, 0x978C, 0xFFFF, 0xDFFF, 0xFFFF, 0xFFFF, 0xFFFF, 0xFFFF, 0xFFFF, 0xFFFF, 0xFFFF, 0xFFFF, 0xFFFF,
  0xFFFF, 0xFFFF, 0xFFFF, 0xFFFF, 0xFFFF, 0xFFFF, 0xFFFF, 0xFFFF, 0xFFFF, 0xFFFF, 0xFFFF, 0xFFFF, 0xFFFF, 0xFFFF, 0xFFFF, 0xB352,
  0xAF10, 0xCF10, 0xAF10, 0xAF10, 0xAF10, 0xAF10, 0xAF10, 0xAF10, 0xAF10, 0xDDDE, 0x778C, 0xAF10, 0xCF10, 0xAF10, 0xAF10, 0xAF10,
  0xAF10, 0xAF10, 0xCF10, 0xAF10, 0xF89C, 0xFFFF, 0xDFFF, 0xFFFF, 0xFFFF, 0xFFFF, 0xFFFF, 0xFFFF, 0xFFFF, 0xFFFF, 0xFFFF, 0xFFFF,
  0xFFFF, 0xFFFF, 0xFFFF, 0xFFFF, 0xFFFF, 0xFFFF, 0xFFFF, 0xFFFF, 0xFFFF, 0xFFFF, 0xFFFF, 0xFFFF, 0xFFFF, 0xFFFF, 0xFFFF, 0x5242,
  0xAF10, 0xCF10, 0xAF10, 0xAF10, 0xAF10, 0xAF10, 0xAF10, 0xAF10, 0xAF10, 0xBCD6, 0xFFFF, 0xFFFF, 0x1DE7, 0xEF18, 0xAF10, 0xAF10,
  0xAF10, 0xAF10, 0xAF10, 0xAF10, 0xCF10, 0xAF10, 0x9029, 0xBFF7, 0xFFFF, 0xFFFF, 0xFFFF, 0xFFFF, 0xFFFF, 0xFFFF, 0xFFFF, 0xFFFF,
  0xFFFF, 0xFFFF, 0xFFFF, 0xFFFF, 0xFFFF, 0xFFFF, 0xFFFF, 0xFFFF, 0xFFFF, 0xFFFF, 0xFFFF, 0xFFFF, 0xFFFF, 0xFFFF, 0xFFFF, 0xFFFF,
  0xFFFF, 0xFFFF, 0xFFFF, 0xFFFF, 0xFFFF, 0xFFFF, 0xFFFF, 0xDFFF, 0xD131, 0xAF10, 0xCF10, 0xAF10, 0xAF10, 0xAF10, 0xAF10, 0xAF10,
  0xAF10, 0x0F19, 0x3DE7, 0xFFFF, 0xFFFF, 0xFFFF, 0xFFFF, 0xFFFF, 0xFFFF, 0xFFFF, 0xFFFF, 0xFFFF, 0xFFFF, 0xFFFF, 0xFFFF, 0xFFFF,
  0xFFFF, 0xFFFF, 0xFFFF, 0xFFFF, 0xFFFF, 0xFFFF, 0xFFFF, 0xFFFF, 0xFFFF, 0xFFFF, 0xFFFF, 0xFFFF, 0xFFFF, 0xFFFF, 0xFFFF, 0xFFFF,
  0xFFFF, 0xFFFF, 0xFFFF, 0xFFFF, 0xFFFF, 0xFFFF, 0x1242, 0xAF10, 0xCF10, 0xAF10, 0xAF10, 0xAF10, 0xAF10, 0xAF10, 0xAF10, 0xCF10,
  0xDDDE, 0xFFFF, 0xFFFF, 0xFFFF, 0xFFFF, 0xFFFF, 0xFFFF, 0xFFFF, 0xFFFF, 0xFFFF, 0xFFFF, 0xFFFF, 0xFFFF, 0xFFFF, 0xFFFF, 0xFFFF,
  0xFFFF, 0xFFFF, 0xFFFF, 0xFFFF, 0xFFFF, 0xFFFF, 0xFFFF, 0xFFFF, 0xFFFF, 0xFFFF, 0xFDDE, 0xCF10, 0xAF10, 0xAF10, 0xAF10, 0xAF10,
  0xAF10, 0xAF10, 0xCF10, 0xAF10, 0x123A, 0xFFFF, 0xFFFF, 0xFFFF, 0xFFFF, 0xFFFF, 0xFFFF, 0x3EE7, 0x3EE7, 0xFFFF, 0xFFFF, 0xFFFF,
  0xFFFF, 0xFFFF, 0xFFFF, 0xFFFF, 0xBDD6, 0xAF10, 0xAF10, 0xAF10, 0xAF10, 0xAF10, 0xAF10, 0xAF10, 0xAF10, 0xAF10, 0xAF10, 0xAF10,
  0xAF10, 0xAF10, 0xAF10, 0xAF10, 0xAF10, 0xAF10, 0xAF10, 0xAF10, 0xAF10, 0xAF10, 0xAF10, 0xAF10, 0xAF10, 0xAF10, 0xAF10, 0xAF10,
  0xAF10, 0xAF10, 0xAF10, 0xAF10, 0xAF10, 0xAF10, 0xAF10, 0xAF10, 0xAF10, 0xAF10, 0xAF10, 0xAF10, 0xAF10, 0xAF10, 0xAF10, 0xAF10,
  0xAF10, 0xCF10, 0xAF10, 0x5784, 0xFFFF, 0xFFFF, 0x978C, 0xAF10, 0xCF10, 0xAF10, 0xAF10, 0xAF10, 0xAF10, 0xAF10, 0xCF10, 0xAF10,
  0x5784, 0xFFFF, 0xDFFF, 0xFFFF, 0xFFFF, 0xFFFF, 0xFFFF, 0xFFFF, 0xFFFF, 0xFFFF, 0xFFFF, 0xFFFF, 0xFFFF, 0xFFFF, 0xFFFF, 0xFFFF,
  0xFFFF, 0xFFFF, 0xFFFF, 0xFFFF, 0xFFFF, 0xFFFF, 0xFFFF, 0xFFFF, 0xFFFF, 0xFFFF, 0xFFFF, 0x934A, 0xAF10, 0xCF10, 0xAF10, 0xAF10,
  0xAF10, 0xAF10, 0xAF10, 0xAF10, 0xAF10, 0xDDDE, 0x978C, 0xAF10, 0xCF10, 0xAF10, 0xAF10, 0xAF10, 0xAF10, 0xAF10, 0xCF10, 0xAF10,
  0xB894, 0xFFFF, 0xDFFF, 0xFFFF, 0xFFFF, 0xFFFF, 0xFFFF, 0xFFFF, 0xFFFF, 0xFFFF, 0xFFFF, 0xFFFF, 0xFFFF, 0xFFFF, 0xFFFF, 0xFFFF,
  0xFFFF, 0xFFFF, 0xFFFF, 0xFFFF, 0xFFFF, 0xFFFF, 0xFFFF, 0xFFFF, 0xFFFF, 0xFFFF, 0xFFFF, 0x3242, 0xAF10, 0xCF10, 0xAF10, 0xAF10,
  0xAF10, 0xAF10, 0xAF10, 0xAF10, 0xAF10, 0xBCD6, 0xFFFF, 0xFFFF, 0x1DE7, 0xEF18, 0xAF10, 0xAF10, 0xAF10, 0xAF10, 0xAF10, 0xAF10,
  0xCF10, 0xAF10, 0x9029, 0xBFF7, 0xFFFF, 0xFFFF, 0xFFFF, 0xFFFF, 0xFFFF, 0xFFFF, 0xFFFF, 0xFFFF, 0xFFFF, 0xFFFF, 0xFFFF, 0xFFFF,
  0xFFFF, 0xFFFF, 0xFFFF, 0xFFFF, 0xFFFF, 0xFFFF, 0xFFFF, 0xFFFF, 0xFFFF, 0xFFFF, 0xFFFF, 0xFFFF, 0xFFFF, 0xFFFF, 0xFFFF, 0xFFFF,
  0xFFFF, 0xFFFF, 0xFFFF, 0xFFFF, 0xF139, 0xAF10, 0xCF10, 0xAF10, 0xAF10, 0xAF10, 0xAF10, 0xAF10, 0xAF10, 0xCF18, 0xFDDE, 0xFFFF,
  0xFFFF, 0xFFFF, 0xFFFF, 0xFFFF, 0xFFFF, 0xFFFF, 0xFFFF, 0xFFFF, 0xFFFF, 0xFFFF, 0xFFFF, 0xFFFF, 0xFFFF, 0xFFFF, 0xFFFF, 0xFFFF,
  0xFFFF, 0xFFFF, 0xFFFF, 0xFFFF, 0xFFFF, 0xFFFF, 0xFFFF, 0xFFFF, 0xFFFF, 0xFFFF, 0xFFFF, 0xFFFF, 0xFFFF, 0xFFFF, 0xFFFF, 0xFFFF,
  0xFFFF, 0xFFFF, 0x3242, 0xAF10, 0xCF10, 0xAF10, 0xAF10, 0xAF10, 0xAF10, 0xAF10, 0xAF10, 0xAF10, 0xBCD6, 0xFFFF, 0xFFFF, 0xFFFF,
  0xFFFF, 0xFFFF, 0xFFFF, 0xFFFF, 0xFFFF, 0xFFFF, 0xFFFF, 0xFFFF, 0xFFFF, 0xFFFF, 0xFFFF, 0xFFFF, 0xFFFF, 0xFFFF, 0xFFFF, 0xFFFF,
  0xFFFF, 0xFFFF, 0xFFFF, 0xFFFF, 0xFFFF, 0xFFFF, 0xDDD6, 0xCF10, 0xAF10, 0xAF10, 0xAF10, 0xAF10, 0xAF10, 0xAF10, 0xCF10, 0xAF10,
  0x3242, 0xFFFF, 0xFFFF, 0xFFFF, 0xFFFF, 0xFFFF, 0xFFFF, 0x3EE7, 0x3EE7, 0xFFFF, 0xFFFF, 0xFFFF, 0xFFFF, 0xFFFF, 0xFFFF, 0xFFFF,
  0x1DE7, 0x0F19, 0xCF10, 0xCF10, 0xCF10, 0xCF10, 0xCF10, 0xCF10, 0xCF10, 0xCF10, 0xCF10, 0xCF10, 0xCF10, 0xCF10, 0xCF10, 0xCF10,
  0xCF10, 0xCF10, 0xCF10, 0xCF10, 0xCF10, 0xCF10, 0xCF10, 0xCF10, 0xCF10, 0xCF10, 0xCF10, 0xCF10, 0xCF10, 0xCF10, 0xCF10, 0xCF10,
  0xCF10, 0xCF10, 0xCF10, 0xCF10, 0xCF10, 0xAF10, 0xAF10, 0xAF10, 0xAF10, 0xAF10, 0xAF10, 0xAF10, 0xAF10, 0xCF10, 0xAF10, 0xD89C,
  0xFFFF, 0xFFFF, 0x978C, 0xAF10, 0xCF10, 0xAF10, 0xAF10, 0xAF10, 0xAF10, 0xAF10, 0xCF10, 0xAF10, 0x956B, 0xFFFF, 0xFFFF, 0xFFFF,
  0xFFFF, 0xFFFF, 0xFFFF, 0xFFFF, 0xFFFF, 0xFFFF, 0xFFFF, 0xFFFF, 0xFFFF, 0xFFFF, 0xFFFF, 0xFFFF, 0xFFFF, 0xFFFF, 0xFFFF, 0xFFFF,
  0xFFFF, 0xFFFF, 0xFFFF, 0xFFFF, 0xFFFF, 0xFFFF, 0xFFFF, 0xD139, 0xAF10, 0xCF10, 0xAF10, 0xAF10, 0xAF10, 0xAF10, 0xAF10, 0xAF10,
  0xAF10, 0x3EE7, 0xF89C, 0xAF10, 0xCF10, 0xAF10, 0xAF10, 0xAF10, 0xAF10, 0xAF10, 0xCF10, 0xAF10, 0xF67B, 0xFFFF, 0xDFFF, 0xFFFF,
  0xFFFF, 0xFFFF, 0xFFFF, 0xFFFF, 0xFFFF, 0xFFFF, 0xFFFF, 0xFFFF, 0xFFFF, 0xFFFF, 0xFFFF, 0xFFFF, 0xFFFF, 0xFFFF, 0xFFFF, 0xFFFF,
  0xFFFF, 0xFFFF, 0xFFFF, 0xFFFF, 0xFFFF, 0xFFFF, 0xBFF7, 0x9029, 0xAF10, 0xCF10, 0xAF10, 0xAF10, 0xAF10, 0xAF10, 0xAF10, 0xAF10,
  0xAF10, 0xBCD6, 0xFFFF, 0xFFFF, 0x1DE7, 0xEF18, 0xAF10, 0xAF10, 0xAF10, 0xAF10, 0xAF10, 0xAF10, 0xCF10, 0xAF10, 0x9029, 0xBFF7,
  0xFFFF, 0xFFFF, 0xFFFF, 0xFFFF, 0xFFFF, 0xFFFF, 0xFFFF, 0xFFFF, 0xFFFF, 0xFFFF, 0xFFFF, 0xFFFF, 0xFFFF, 0xFFFF, 0xFFFF, 0xFFFF,
  0xFFFF, 0xFFFF, 0xFFFF, 0xFFFF, 0xFFFF, 0xFFFF, 0xFFFF, 0xFFFF, 0xFFFF, 0xFFFF, 0xFFFF, 0xFFFF, 0xFFFF, 0xFFFF, 0xFFFF, 0xFFFF,
  0x5242, 0xAF10, 0xCF10, 0xAF10, 0xAF10, 0xAF10, 0xAF10, 0xAF10, 0xAF10, 0xAF10, 0x5CCE, 0xFFFF, 0xFFFF, 0xFFFF, 0xFFFF, 0xFFFF,
  0xFFFF, 0xFFFF, 0xFFFF, 0xFFFF, 0xFFFF, 0xFFFF, 0xFFFF, 0xFFFF, 0xFFFF, 0xFFFF, 0xFFFF, 0xFFFF, 0xFFFF, 0xFFFF, 0xFFFF, 0xFFFF,
  0xFFFF, 0xFFFF, 0xFFFF, 0xFFFF, 0xFFFF, 0xFFFF, 0xFFFF, 0xFFFF, 0xFFFF, 0xFFFF, 0xFFFF, 0xFFFF, 0xFFFF, 0xFFFF, 0x934A, 0xAF10,
  0xCF10, 0xAF10, 0xAF10, 0xAF10, 0xAF10, 0xAF10, 0xCF10, 0xAF10, 0x1BC6, 0xFFFF, 0xFFFF, 0xFFFF, 0xFFFF, 0xFFFF, 0xFFFF, 0xFFFF,
  0xFFFF, 0xFFFF, 0xFFFF, 0xFFFF, 0xFFFF, 0xFFFF, 0xFFFF, 0xFFFF, 0xFFFF, 0xFFFF, 0xFFFF, 0xFFFF, 0xFFFF, 0xFFFF, 0xFFFF, 0xFFFF,
  0xFFFF, 0xFFFF, 0x1BC6, 0xAF10, 0xCF10, 0xAF10, 0xAF10, 0xAF10, 0xAF10, 0xAF10, 0xCF10, 0xAF10, 0x934A, 0xFFFF, 0xFFFF, 0xFFFF,
  0xFFFF, 0xFFFF, 0xFFFF, 0x3EE7, 0x3EE7, 0xFFFF, 0xFFFF, 0xFFFF, 0xFFFF, 0xFFFF, 0xFFFF, 0xFFFF, 0x9FF7, 0x3021, 0xAF10, 0xAF10,
  0xAF10, 0xAF10, 0xAF10, 0xAF10, 0xAF10, 0xAF10, 0xAF10, 0xAF10, 0xAF10, 0xAF10, 0xAF10, 0xAF10, 0xAF10, 0xAF10, 0xAF10, 0xAF10,
  0xAF10, 0xAF10, 0xAF10, 0xAF10, 0xAF10, 0xAF10, 0xAF10, 0xAF10, 0xAF10, 0xAF10, 0xAF10, 0xAF10, 0xAF10, 0xAF10, 0xAF10, 0xAF10,
  0xAF10, 0xAF10, 0xAF10, 0xAF10, 0xAF10, 0xAF10, 0xAF10, 0xAF10, 0xAF10, 0xCF10, 0xAF10, 0x9AB5, 0xFFFF, 0xFFFF, 0x978C, 0xAF10,
  0xCF10, 0xAF10, 0xAF10, 0xAF10, 0xAF10, 0xAF10, 0xCF10, 0xAF10, 0x5242, 0xFFFF, 0xFFFF, 0xFFFF, 0xFFFF, 0xFFFF, 0xFFFF, 0xFFFF,
  0xFFFF, 0xFFFF, 0xFFFF, 0xFFFF, 0xFFFF, 0xFFFF, 0xFFFF, 0xFFFF, 0xFFFF, 0xFFFF, 0xFFFF, 0xFFFF, 0xFFFF, 0xFFFF, 0xFFFF, 0xFFFF,
  0xFFFF, 0xFFFF, 0x3EE7, 0xEF18, 0xAF10, 0xAF10, 0xAF10, 0xAF10, 0xAF10, 0xAF10, 0xAF10, 0xAF10, 0x0F19, 0xDFFF, 0x9AB5, 0xAF10,
  0xCF10, 0xAF10, 0xAF10, 0xAF10, 0xAF10, 0xAF10, 0xCF10, 0xAF10, 0xB352, 0xFFFF, 0xFFFF, 0xFFFF, 0xFFFF, 0xFFFF, 0xFFFF, 0xFFFF,
  0xFFFF, 0xFFFF, 0xFFFF, 0xFFFF, 0xFFFF, 0xFFFF, 0xFFFF, 0xFFFF, 0xFFFF, 0xFFFF, 0xFFFF, 0xFFFF, 0xFFFF, 0xFFFF, 0xFFFF, 0xFFFF,
  0xFFFF, 0xFFFF, 0xDDDE, 0xCF10, 0xAF10, 0xAF10, 0xAF10, 0xAF10, 0xAF10, 0xAF10, 0xAF10, 0xAF10, 0xAF10, 0xBCD6, 0xFFFF, 0xFFFF,
  0x1DE7, 0xEF18, 0xAF10, 0xAF10, 0xAF10, 0xAF10, 0xAF10, 0xAF10, 0xCF10, 0xAF10, 0x9029, 0xBFF7, 0xFFFF, 0xFFFF, 0xFFFF, 0xFFFF,
  0xFFFF, 0xFFFF, 0xFFFF, 0xFFFF, 0xFFFF, 0xFFFF, 0xFFFF, 0xFFFF, 0xFFFF, 0xFFFF, 0xFFFF, 0xFFFF, 0xFFFF, 0xFFFF, 0xFFFF, 0xFFFF,
  0xFFFF, 0xFFFF, 0xFFFF, 0xFFFF, 0xFFFF, 0xFFFF, 0xFFFF, 0xFFFF, 0xFFFF, 0xFFFF, 0xFFFF, 0xFFFF, 0xF45A, 0xAF10, 0xCF10, 0xAF10,
  0xAF10, 0xAF10, 0xAF10, 0xAF10, 0xCF10, 0xAF10, 0x19A5, 0xFFFF, 0xDFFF, 0xFFFF, 0xFFFF, 0xFFFF, 0xFFFF, 0xFFFF, 0xFFFF, 0xFFFF,
  0xFFFF, 0xFFFF, 0xFFFF, 0xFFFF, 0xFFFF, 0xFFFF, 0xFFFF, 0xFFFF, 0xFFFF, 0xFFFF, 0xFFFF, 0xFFFF, 0xFFFF, 0xFFFF, 0xFFFF, 0xFFFF,
  0xFFFF, 0xFFFF, 0xFFFF, 0xFFFF, 0xFFFF, 0xFFFF, 0xFFFF, 0xFFFF, 0xFFFF, 0xFFFF, 0x5563, 0xAF10, 0xCF10, 0xAF10, 0xAF10, 0xAF10,
  0xAF10, 0xAF10, 0xCF10, 0xAF10, 0xD894, 0xFFFF, 0xDFFF, 0xFFFF, 0xFFFF, 0xFFFF, 0xFFFF, 0xFFFF, 0xFFFF, 0xFFFF, 0xFFFF, 0xFFFF,
  0xFFFF, 0xFFFF, 0xFFFF, 0xFFFF, 0xFFFF, 0xFFFF, 0xFFFF, 0xFFFF, 0xFFFF, 0xFFFF, 0xFFFF, 0xFFFF, 0xDFFF, 0xFFFF, 0xD89C, 0xAF10,
  0xCF10, 0xAF10, 0xAF10, 0xAF10, 0xAF10, 0xAF10, 0xCF10, 0xAF10, 0x3463, 0xFFFF, 0xFFFF, 0xFFFF, 0xFFFF, 0xFFFF, 0xFFFF, 0x3EE7,
  0x3EE7, 0xFFFF, 0xFFFF, 0xFFFF, 0xFFFF, 0xFFFF, 0xFFFF, 0xFFFF, 0xFFFF, 0x3784, 0x1463, 0x3463, 0x3463, 0x3463, 0x3463, 0x3463,
  0x3463, 0x3463, 0x3463, 0x3463, 0x3463, 0x3463, 0x3463, 0x3463, 0x3463, 0x3463, 0x3463, 0x3463, 0x3463, 0x3463, 0x3463, 0x3463,
  0x3463, 0x3463, 0x3463, 0x3463, 0x3463, 0x3463, 0x3463, 0x3463, 0x3463, 0x3463, 0x3463, 0x3463, 0xD45A, 0xAF10, 0xAF10, 0xAF10,
  0xAF10, 0xAF10, 0xAF10, 0xAF10, 0xAF10, 0xAF10, 0xCF10, 0xBCD6, 0xFFFF, 0xFFFF, 0x978C, 0xAF10, 0xCF10, 0xAF10, 0xAF10, 0xAF10,
  0xAF10, 0xAF10, 0xAF10, 0xAF10, 0xEF18, 0x3DE7, 0xFFFF, 0xFFFF, 0xFFFF, 0xFFFF, 0xFFFF, 0xFFFF, 0xFFFF, 0xFFFF, 0xFFFF, 0xFFFF,
  0xFFFF, 0xFFFF, 0xFFFF, 0xFFFF, 0xFFFF, 0xFFFF, 0xFFFF, 0xFFFF, 0xFFFF, 0xFFFF, 0xFFFF, 0xFFFF, 0xDFFF, 0xFFFF, 0x9AB5, 0xAF10,
  0xCF10, 0xAF10, 0xAF10, 0xAF10, 0xAF10, 0xAF10, 0xCF10, 0xAF10, 0xD131, 0xFFFF, 0x7CCE, 0xAF10, 0xAF10, 0xAF10, 0xAF10, 0xAF10,
  0xAF10, 0xAF10, 0xAF10, 0xAF10, 0x3021, 0x7EEF, 0xFFFF, 0xFFFF, 0xFFFF, 0xFFFF, 0xFFFF, 0xFFFF, 0xFFFF, 0xFFFF, 0xFFFF, 0xFFFF,
  0xFFFF, 0xFFFF, 0xFFFF, 0xFFFF, 0xFFFF, 0xFFFF, 0xFFFF, 0xFFFF, 0xFFFF, 0xFFFF, 0xFFFF, 0xFFFF, 0xDFFF, 0xFFFF, 0x39A5, 0xAF10,
  0xCF10, 0xAF10, 0xAF10, 0xAF10, 0xAF10, 0xAF10, 0xAF10, 0xAF10, 0xAF10, 0xBCD6, 0xFFFF, 0xFFFF, 0x1DE7, 0xEF18, 0xAF10, 0xAF10,
  0xAF10, 0xAF10, 0xAF10, 0xAF10, 0xCF10, 0xAF10, 0x9029, 0xBFF7, 0xFFFF, 0xFFFF, 0xFFFF, 0xFFFF, 0xFFFF, 0xFFFF, 0xFFFF, 0xFFFF,
  0xFFFF, 0xFFFF, 0xFFFF, 0xFFFF, 0xFFFF, 0xFFFF, 0xFFFF, 0xFFFF, 0xFFFF, 0xFFFF, 0xFFFF, 0xFFFF, 0xFFFF, 0xFFFF, 0xFFFF, 0xFFFF,
  0xFFFF, 0xFFFF, 0xFFFF, 0xFFFF, 0xFFFF, 0xFFFF, 0xDFFF, 0xFFFF, 0x167C, 0xAF10, 0xCF10, 0xAF10, 0xAF10, 0xAF10, 0xAF10, 0xAF10,
  0xCF10, 0xAF10, 0x3463, 0xFFFF, 0xFFFF, 0xFFFF, 0xFFFF, 0xFFFF, 0xFFFF, 0xFFFF, 0xFFFF, 0xFFFF, 0xFFFF, 0xFFFF, 0xFFFF, 0xFFFF,
  0xFFFF, 0xFFFF, 0xFFFF, 0xFFFF, 0xFFFF, 0xFFFF, 0xFFFF, 0xFFFF, 0xFFFF, 0xFFFF, 0xFFFF, 0xFFFF, 0xFFFF, 0xFFFF, 0xFFFF, 0xFFFF,
  0xFFFF, 0xFFFF, 0xFFFF, 0xFFFF, 0xDFFF, 0xFFFF, 0x578C, 0xAF10, 0xCF10, 0xAF10, 0xAF10, 0xAF10, 0xAF10, 0xAF10, 0xCF10, 0xAF10,
  0xD45A, 0xFFFF, 0xFFFF, 0xFFFF, 0xFFFF, 0xFFFF, 0xFFFF, 0xFFFF, 0xFFFF, 0xFFFF, 0xFFFF, 0xFFFF, 0xFFFF, 0xFFFF, 0xFFFF, 0xFFFF,
  0xFFFF, 0xFFFF, 0xFFFF, 0xFFFF, 0xFFFF, 0xFFFF, 0xFFFF, 0xFFFF, 0xFFFF, 0xFFFF, 0xF45A, 0xAF10, 0xCF10, 0xAF10, 0xAF10, 0xAF10,
  0xAF10, 0xAF10, 0xCF10, 0xAF10, 0x5784, 0xFFFF, 0xDFFF, 0xFFFF, 0xFFFF, 0xFFFF, 0xFFFF, 0x3EE7, 0x3EE7, 0xFFFF, 0xFFFF, 0xFFFF,
  0xFFFF, 0xFFFF, 0xFFFF, 0xFFFF, 0xFFFF, 0xFFFF, 0xFFFF, 0xFFFF, 0xFFFF, 0xFFFF, 0xFFFF, 0xFFFF, 0xFFFF, 0xFFFF, 0xFFFF, 0xFFFF,
  0xFFFF, 0xFFFF, 0xFFFF, 0xFFFF, 0xFFFF, 0xFFFF, 0xFFFF, 0xFFFF, 0xFFFF, 0xFFFF, 0xFFFF, 0xFFFF, 0xFFFF, 0xFFFF, 0xFFFF, 0xFFFF,
  0xFFFF, 0xFFFF, 0xFFFF, 0xFFFF, 0xFFFF, 0xFFFF, 0xFFFF, 0xFFFF, 0xDAB5, 0xAF10, 0xCF10, 0xAF10, 0xAF10, 0xAF10, 0xAF10, 0xAF10,
  0xCF10, 0xAF10, 0x9129, 0xBFF7, 0xFFFF, 0xFFFF, 0x978C, 0xAF10, 0xCF10, 0xAF10, 0xAF10, 0xAF10, 0xAF10, 0xAF10, 0xAF10, 0xCF10,
  0xAF10, 0xF89C, 0xFFFF, 0xDFFF, 0xFFFF, 0xFFFF, 0xFFFF, 0xFFFF, 0xFFFF, 0xFFFF, 0xFFFF, 0xFFFF, 0xFFFF, 0xFFFF, 0xFFFF, 0xFFFF,
  0xFFFF, 0xFFFF, 0xFFFF, 0xFFFF, 0xFFFF, 0xFFFF, 0xFFFF, 0xFFFF, 0xFFFF, 0xFFFF, 0xF45A, 0xAF10, 0xCF10, 0xAF10, 0xAF10, 0xAF10,
  0xAF10, 0xAF10, 0xCF10, 0xAF10, 0x145B, 0xFFFF, 0x5EEF, 0x3021, 0xAF10, 0xAF10, 0xAF10, 0xAF10, 0xAF10, 0xAF10, 0xAF10, 0xCF10,
  0xAF10, 0x59AD, 0xFFFF, 0xDFFF, 0xFFFF, 0xFFFF, 0xFFFF, 0xFFFF, 0xFFFF, 0xFFFF, 0xFFFF, 0xFFFF, 0xFFFF, 0xFFFF, 0xFFFF, 0xFFFF,
  0xFFFF, 0xFFFF, 0xFFFF, 0xFFFF, 0xFFFF, 0xFFFF, 0xFFFF, 0xFFFF, 0xFFFF, 0xFFFF, 0x9352, 0xAF10, 0xCF10, 0xAF10, 0xAF10, 0xAF10,
  0xAF10, 0xAF10, 0xAF10, 0xAF10, 0xAF10, 0xBCD6, 0xFFFF, 0xFFFF, 0x1DE7, 0xEF18, 0xAF10, 0xAF10, 0xAF10, 0xAF10, 0xAF10, 0xAF10,
  0xCF10, 0xAF10, 0x9029, 0xBFF7, 0xFFFF, 0xFFFF, 0xFFFF, 0xFFFF, 0xFFFF, 0xFFFF, 0xFFFF, 0xFFFF, 0xFFFF, 0xFFFF, 0xFFFF, 0xFFFF,
  0xFFFF, 0xFFFF, 0xFFFF, 0xFFFF, 0xFFFF, 0xFFFF, 0xFFFF, 0xFFFF, 0xFFFF, 0xFFFF, 0xFFFF, 0xFFFF, 0xFFFF, 0xFFFF, 0xFFFF, 0xFFFF,
  0xFFFF, 0xFFFF, 0xDFFF, 0xFFFF, 0x79AD, 0xAF10, 0xCF10, 0xAF10, 0xAF10, 0xAF10, 0xAF10, 0xAF10, 0xAF10, 0xAF10, 0x3021, 0x7EEF,
  0xFFFF, 0xFFFF, 0xFFFF, 0xFFFF, 0xFFFF, 0xFFFF, 0xFFFF, 0xFFFF, 0xFFFF, 0xFFFF, 0xFFFF, 0xFFFF, 0xFFFF, 0xFFFF, 0xFFFF, 0xFFFF,
  0xFFFF, 0xFFFF, 0xFFFF, 0xFFFF, 0xFFFF, 0xFFFF, 0xFFFF, 0xFFFF, 0xFFFF, 0xFFFF, 0xFFFF, 0xFFFF, 0xFFFF, 0xFFFF, 0xFFFF, 0xFFFF,
  0xFFFF, 0xFFFF, 0xBAB5, 0xAF10, 0xCF10, 0xAF10, 0xAF10, 0xAF10, 0xAF10, 0xAF10, 0xAF10, 0xAF10, 0x0F19, 0x3EE7, 0xFFFF, 0xFFFF,
  0xFFFF, 0xFFFF, 0xFFFF, 0xFFFF, 0xFFFF, 0xFFFF, 0xFFFF, 0xFFFF, 0xFFFF, 0xFFFF, 0xFFFF, 0xFFFF, 0xFFFF, 0xFFFF, 0xFFFF, 0xFFFF,
  0xFFFF, 0xFFFF, 0xFFFF, 0xFFFF, 0xFFFF, 0x3EE7, 0x0F19, 0xAF10, 0xAF10, 0xAF10, 0xAF10, 0xAF10, 0xAF10, 0xAF10, 0xCF10, 0xAF10,
  0x9AB5, 0xFFFF, 0xFFFF, 0xFFFF, 0xFFFF, 0xFFFF, 0xFFFF, 0x3EE7, 0x3EE7, 0xFFFF, 0xFFFF, 0xFFFF, 0xFFFF, 0xFFFF, 0xFFFF, 0xFFFF,
  0xFFFF, 0xFFFF, 0xDFFF, 0xDFFF, 0xDFFF, 0xDFFF, 0xDFFF, 0xDFFF, 0xDFFF, 0xDFFF, 0xDFFF, 0xDFFF, 0xDFFF, 0xDFFF, 0xFFFF, 0xFFFF,
  0xFFFF, 0xFFFF, 0xFFFF, 0xFFFF, 0xFFFF, 0xFFFF, 0xFFFF, 0xFFFF, 0xFFFF, 0xFFFF, 0xFFFF, 0xFFFF, 0xFFFF, 0xFFFF, 0xFFFF, 0xFFFF,
  0xFFFF, 0xDFFF, 0xDFFF, 0xFFFF, 0x3242, 0xAF10, 0xCF10, 0xAF10, 0xAF10, 0xAF10, 0xAF10, 0xAF10, 0xCF10, 0xAF10, 0x3463, 0xFFFF,
  0xDFFF, 0xFFFF, 0x978C, 0xAF10, 0xCF10, 0xAF10, 0xAF10, 0xAF10, 0xAF10, 0xAF10, 0xAF10, 0xCF10, 0xAF10, 0xD139, 0xDFFF, 0xFFFF,
  0xFFFF, 0xFFFF, 0xFFFF, 0xFFFF, 0xFFFF, 0xFFFF, 0xFFFF, 0xFFFF, 0xFFFF, 0xFFFF, 0xFFFF, 0xFFFF, 0xFFFF, 0xFFFF, 0xFFFF, 0xFFFF,
  0xFFFF, 0xFFFF, 0xFFFF, 0xFFFF, 0xFFFF, 0xDDD6, 0xEF18, 0xAF10, 0xAF10, 0xAF10, 0xAF10, 0xAF10, 0xAF10, 0xAF10, 0xCF10, 0xAF10,
  0xD894, 0xFFFF, 0xFFFF, 0x934A, 0xAF10, 0xCF10, 0xAF10, 0xAF10, 0xAF10, 0xAF10, 0xAF10, 0xCF10, 0xAF10, 0x3242, 0xFFFF, 0xFFFF,
  0xFFFF, 0xFFFF, 0xFFFF, 0xFFFF, 0xFFFF, 0xFFFF, 0xFFFF, 0xFFFF, 0xFFFF, 0xFFFF, 0xFFFF, 0xFFFF, 0xFFFF, 0xFFFF, 0xFFFF, 0xFFFF,
  0xFFFF, 0xFFFF, 0xFFFF, 0xFFFF, 0xFFFF, 0x7CCE, 0xCF10, 0xCF10, 0xAF10, 0xAF10, 0xAF10, 0xAF10, 0xAF10, 0xAF10, 0xAF10, 0xAF10,
  0xAF10, 0xBCD6, 0xFFFF, 0xFFFF, 0x1DE7, 0xEF18, 0xAF10, 0xAF10, 0xAF10, 0xAF10, 0xAF10, 0xAF10, 0xCF10, 0xAF10, 0x9029, 0xBFF7,
  0xFFFF, 0xFFFF, 0xFFFF, 0xFFFF, 0xFFFF, 0xFFFF, 0xFFFF, 0xFFFF, 0xFFFF, 0xFFFF, 0xFFFF, 0xFFFF, 0xFFFF, 0xFFFF, 0xFFFF, 0xFFFF,
  0xFFFF, 0xFFFF, 0xFFFF, 0xFFFF, 0xFFFF, 0xFFFF, 0xFFFF, 0xFFFF, 0xFFFF, 0xFFFF, 0xFFFF, 0xFFFF, 0xFFFF, 0xFFFF, 0xFFFF, 0xFFFF,
  0xFDDE, 0xCF18, 0xAF10, 0xAF10, 0xAF10, 0xAF10, 0xAF10, 0xAF10, 0xAF10, 0xCF10, 0xAF10, 0x978C, 0xFFFF, 0xDFFF, 0xFFFF, 0xFFFF,
  0xFFFF, 0xFFFF, 0xFFFF, 0xFFFF, 0xFFFF, 0xFFFF, 0xFFFF, 0xFFFF, 0xFFFF, 0xFFFF, 0xFFFF, 0xFFFF, 0xFFFF, 0xFFFF, 0xFFFF, 0xFFFF,
  0xFFFF, 0xFFFF, 0xDFFF, 0xDFFF, 0xDFFF, 0xDFFF, 0xDFFF, 0xDFFF, 0xDFFF, 0xDFFF, 0xDFFF, 0xDFFF, 0xDFFF, 0xFFFF, 0x3EE7, 0x0F19,
  0xAF10, 0xAF10, 0xAF10, 0xAF10, 0xAF10, 0xAF10, 0xAF10, 0xCF10, 0xAF10, 0x3784, 0xFFFF, 0xDFFF, 0xFFFF, 0xFFFF, 0xFFFF, 0xFFFF,
  0xFFFF, 0xFFFF, 0xFFFF, 0xFFFF, 0xFFFF, 0xFFFF, 0xFFFF, 0xFFFF, 0xFFFF, 0xFFFF, 0xFFFF, 0xFFFF, 0xFFFF, 0xFFFF, 0xFFFF, 0xDFFF,
  0xFFFF, 0x578C, 0xAF10, 0xCF10, 0xAF10, 0xAF10, 0xAF10, 0xAF10, 0xAF10, 0xAF10, 0xAF10, 0xEF18, 0x1DE7, 0xFFFF, 0xFFFF, 0xFFFF,
  0xFFFF, 0xFFFF, 0xFFFF, 0x3EE7, 0x3EE7, 0xFFFF, 0xFFFF, 0xFFFF, 0xFFFF, 0xFFFF, 0xFFFF, 0xFFFF, 0xFFFF, 0xFFFF, 0xFFFF, 0xFFFF,
  0xFFFF, 0xFFFF, 0xFFFF, 0xFFFF, 0xFFFF, 0xFFFF, 0xFFFF, 0xFFFF, 0xFFFF, 0xFFFF, 0xFFFF, 0xFFFF, 0xFFFF, 0xFFFF, 0xFFFF, 0xFFFF,
  0xFFFF, 0xFFFF, 0xFFFF, 0xFFFF, 0xFFFF, 0xFFFF, 0xFFFF, 0xFFFF, 0xFFFF, 0xFFFF, 0xFFFF, 0xFFFF, 0xFFFF, 0xDFFF, 0xFFFF, 0x9AAD,
  0xAF10, 0xCF10, 0xAF10, 0xAF10, 0xAF10, 0xAF10, 0xAF10, 0xAF10, 0xCF10, 0xAF10, 0x9AAD, 0xFFFF, 0xDFFF, 0xFFFF, 0x978C, 0xAF10,
  0xCF10, 0xAF10, 0xAF10, 0xAF10, 0xAF10, 0xAF10, 0xAF10, 0xAF10, 0xCF10, 0xAF10, 0xD89C, 0xFFFF, 0xDFFF, 0xFFFF, 0xFFFF, 0xFFFF,
  0xFFFF, 0xFFFF, 0xFFFF, 0xFFFF, 0xFFFF, 0xFFFF, 0xFFFF, 0xFFFF, 0xFFFF, 0xFFFF, 0xFFFF, 0xFFFF, 0xFFFF, 0xFFFF, 0xFFFF, 0xDFFF,
  0xFFFF, 0xF45A, 0xAF10, 0xCF10, 0xAF10, 0xAF10, 0xAF10, 0xAF10, 0xAF10, 0xAF10, 0xAF10, 0xCF10, 0xBDD6, 0xFFFF, 0xFFFF, 0x978C,
  0xAF10, 0xCF10, 0xAF10, 0xAF10, 0xAF10, 0xAF10, 0xAF10, 0xAF10, 0xCF10, 0xAF10, 0x39A5, 0xFFFF, 0xDFFF, 0xFFFF, 0xFFFF, 0xFFFF,
  0xFFFF, 0xFFFF, 0xFFFF, 0xFFFF, 0xFFFF, 0xFFFF, 0xFFFF, 0xFFFF, 0xFFFF, 0xFFFF, 0xFFFF, 0xFFFF, 0xFFFF, 0xFFFF, 0xFFFF, 0xDFFF,
  0xFFFF, 0x934A, 0xAF10, 0xCF10, 0xAF10, 0xAF10, 0xAF10, 0xAF10, 0xAF10, 0xAF10, 0xAF10, 0xAF10, 0xAF10, 0xBCD6, 0xFFFF, 0xFFFF,
  0x1DE7, 0xEF18, 0xAF10, 0xAF10, 0xAF10, 0xAF10, 0xAF10, 0xAF10, 0xCF10, 0xAF10, 0x9029, 0xBFF7, 0xFFFF, 0xFFFF, 0xFFFF, 0xFFFF,
  0xFFFF, 0xFFFF, 0xFFFF, 0xFFFF, 0xFFFF, 0xFFFF, 0xFFFF, 0xFFFF, 0xFFFF, 0xFFFF, 0xFFFF, 0xFFFF, 0xFFFF, 0xFFFF, 0xFFFF, 0xFFFF,
  0xFFFF, 0xFFFF, 0xFFFF, 0xFFFF, 0xFFFF, 0xFFFF, 0xFFFF, 0xFFFF, 0xFFFF, 0xFFFF, 0xFFFF, 0xFFFF, 0xFFFF, 0x3242, 0xAF10, 0xCF10,
  0xAF10, 0xAF10, 0xAF10, 0xAF10, 0xAF10, 0xCF10, 0xAF10, 0x5021, 0x5EEF, 0xFFFF, 0xFFFF, 0xFFFF, 0xFFFF, 0xFFFF, 0xFFFF, 0xFFFF,
  0xFFFF, 0xFFFF, 0xFFFF, 0xFFFF, 0xFFFF, 0xFFFF, 0xFFFF, 0xFFFF, 0xFFFF, 0xFFFF, 0xFFFF, 0xFFFF, 0xFFFF, 0xFFFF, 0xFFFF, 0xFFFF,
  0xFFFF, 0xFFFF, 0xFFFF, 0xFFFF, 0xFFFF, 0xFFFF, 0xFFFF, 0xFFFF, 0xFFFF, 0xFFFF, 0xFFFF, 0x934A, 0xAF10, 0xCF10, 0xAF10, 0xAF10,
  0xAF10, 0xAF10, 0xAF10, 0xAF10, 0xAF10, 0x0F19, 0x1DE7, 0xFFFF, 0xFFFF, 0xFFFF, 0xFFFF, 0xFFFF, 0xFFFF, 0xFFFF, 0xFFFF, 0xFFFF,
  0xFFFF, 0xFFFF, 0xFFFF, 0xFFFF, 0xFFFF, 0xFFFF, 0xFFFF, 0xFFFF, 0xFFFF, 0xFFFF, 0xFFFF, 0xFFFF, 0x3EE7, 0x3021, 0xAF10, 0xAF10,
  0xAF10, 0xAF10, 0xAF10, 0xAF10, 0xAF10, 0xCF10, 0xAF10, 0x724A, 0xFFFF, 0xFFFF, 0xFFFF, 0xFFFF, 0xFFFF, 0xFFFF, 0xFFFF, 0x3EE7,
  0x3EE7, 0xFFFF, 0xFFFF, 0xFFFF, 0xFFFF, 0xFFFF, 0xFFFF, 0xFFFF, 0xFFFF, 0xDFFF, 0x1BC6, 0x1BC6, 0x1BC6, 0x1BC6, 0x1BC6, 0x1BC6,
  0x1BC6, 0x1BC6, 0x1BC6, 0x1BC6, 0xFBBD, 0x9CD6, 0xFFFF, 0xFFFF, 0xFFFF, 0xFFFF, 0xFFFF, 0xFFFF, 0xFFFF, 0xFFFF, 0xFFFF, 0xFFFF,
  0xFFFF, 0xFFFF, 0xFFFF, 0xFFFF, 0xFFFF, 0xFFFF, 0xFFFF, 0xFFFF, 0xFFFF, 0xFFFF, 0x5EEF, 0x7029, 0xCF10, 0xCF10, 0xAF10, 0xAF10,
  0xAF10, 0xAF10, 0xAF10, 0xCF10, 0xAF10, 0x7029, 0x9FF7, 0xFFFF, 0xDFFF, 0xFFFF, 0x978C, 0xAF10, 0xCF10, 0xAF10, 0xAF10, 0xAF10,
  0xAF10, 0xAF10, 0xAF10, 0xAF10, 0xAF10, 0xCF10, 0x0F19, 0xDDDE, 0xFFFF, 0xDFFF, 0xFFFF, 0xFFFF, 0xFFFF, 0xFFFF, 0xFFFF, 0xFFFF,
  0xFFFF, 0xFFFF, 0xFFFF, 0xFFFF, 0xFFFF, 0xFFFF, 0xFFFF, 0xFFFF, 0xFFFF, 0xFFFF, 0xDFFF, 0xFFFF, 0x39A5, 0xAF10, 0xCF10, 0xAF10,
  0xAF10, 0xAF10, 0xAF10, 0xAF10, 0xAF10, 0xCF10, 0xAF10, 0x3242, 0xFFFF, 0xFFFF, 0xFFFF, 0xDDDE, 0xCF10, 0xAF10, 0xAF10, 0xAF10,
  0xAF10, 0xAF10, 0xAF10, 0xAF10, 0xCF10, 0xCF10, 0x3021, 0x1DDF, 0xFFFF, 0xFFFF, 0xFFFF, 0xFFFF, 0xFFFF, 0xFFFF, 0xFFFF, 0xFFFF,
  0xFFFF, 0xFFFF, 0xFFFF, 0xFFFF, 0xFFFF, 0xFFFF, 0xFFFF, 0xFFFF, 0xFFFF, 0xFFFF, 0xDFFF, 0xFFFF, 0xD89C, 0xAF10, 0xCF10, 0xAF10,
  0xAF10, 0xAF10, 0xAF10, 0xAF10, 0xAF10, 0xAF10, 0xAF10, 0xAF10, 0xAF10, 0xBCD6, 0xFFFF, 0xFFFF, 0x1DE7, 0xEF18, 0xAF10, 0xAF10,
  0xAF10, 0xAF10, 0xAF10, 0xAF10, 0xCF10, 0xAF10, 0x9029, 0xBFF7, 0xFFFF, 0xFFFF, 0xFFFF, 0xFFFF, 0xFFFF, 0xFFFF, 0xFFFF, 0xFFFF,
  0xFFFF, 0xFFFF, 0xFFFF, 0xFFFF, 0xFFFF, 0xFFFF, 0xFFFF, 0xFFFF, 0xFFFF, 0xFFFF, 0xFFFF, 0xFFFF, 0xFFFF, 0xFFFF, 0xFFFF, 0xFFFF,
  0xFFFF, 0xFFFF, 0xFFFF, 0xFFFF, 0xFFFF, 0xFFFF, 0xFFFF, 0xDFFF, 0xFFFF, 0x978C, 0xAF10, 0xCF10, 0xAF10, 0xAF10, 0xAF10, 0xAF10,
  0xAF10, 0xAF10, 0xCF10, 0xAF10, 0xF45A, 0xFFFF, 0xDFFF, 0xFFFF, 0xFFFF, 0xFFFF, 0xFFFF, 0xFFFF, 0xFFFF, 0xFFFF, 0xFFFF, 0xFFFF,
  0xFFFF, 0xFFFF, 0xFFFF, 0xFFFF, 0xFFFF, 0xFFFF, 0xFFFF, 0xFFFF, 0xFFFF, 0xFFFF, 0x199D, 0xD894, 0xF89C, 0xF89C, 0xF89C, 0xF89C,
  0x199D, 0x19A5, 0x39A5, 0x39A5, 0x19A5, 0xFDDE, 0xFFFF, 0xD89C, 0xAF10, 0xCF10, 0xAF10, 0xAF10, 0xAF10, 0xAF10, 0xAF10, 0xAF10,
  0xCF10, 0xAF10, 0xB352, 0xFFFF, 0xFFFF, 0xFFFF, 0xFFFF, 0xFFFF, 0xFFFF, 0xFFFF, 0xFFFF, 0xFFFF, 0xFFFF, 0xFFFF, 0xFFFF, 0xFFFF,
  0xFFFF, 0xFFFF, 0xFFFF, 0xFFFF, 0xFFFF, 0xFFFF, 0xDFFF, 0xFFFF, 0xD352, 0xAF10, 0xCF10, 0xAF10, 0xAF10, 0xAF10, 0xAF10, 0xAF10,
  0xAF10, 0xCF10, 0xAF10, 0xD894, 0xFFFF, 0xDFFF, 0xFFFF, 0xFFFF, 0xFFFF, 0xFFFF, 0xFFFF, 0x3EE7, 0x3EE7, 0xFFFF, 0xFFFF, 0xFFFF,
  0xFFFF, 0xFFFF, 0xFFFF, 0xFFFF, 0xFFFF, 0xDFFF, 0xF139, 0xAF10, 0xAF10, 0xAF10, 0xAF10, 0xAF10, 0xAF10, 0xAF10, 0xAF10, 0xAF10,
  0xAF10, 0xCF10, 0xDAB5, 0xFFFF, 0xDFFF, 0xFFFF, 0xFFFF, 0xFFFF, 0xFFFF, 0xFFFF, 0xFFFF, 0xFFFF, 0xFFFF, 0xFFFF, 0xFFFF, 0xFFFF,
  0xFFFF, 0xFFFF, 0xFFFF, 0xDFFF, 0xFFFF, 0xBFF7, 0x734A, 0xAF10, 0xCF10, 0xAF10, 0xAF10, 0xAF10, 0xAF10, 0xAF10, 0xAF10, 0xCF10,
  0xAF10, 0x3784, 0xFFFF, 0xFFFF, 0xDFFF, 0xFFFF, 0x978C, 0xAF10, 0xCF10, 0xAF10, 0xAF10, 0xAF10, 0xAF10, 0xAF10, 0xAF10, 0xAF10,
  0xAF10, 0xCF10, 0xAF10, 0xF139, 0x7EEF, 0xFFFF, 0xDFFF, 0xFFFF, 0xFFFF, 0xFFFF, 0xFFFF, 0xFFFF, 0xFFFF, 0xFFFF, 0xFFFF, 0xFFFF,
  0xFFFF, 0xFFFF, 0xFFFF, 0xFFFF, 0xFFFF, 0xDFFF, 0xFFFF, 0x3BC6, 0xEF18, 0xCF10, 0xAF10, 0xAF10, 0xAF10, 0xAF10, 0xAF10, 0xAF10,
  0xAF10, 0xCF10, 0xAF10, 0xF89C, 0xFFFF, 0xDFFF, 0xFFFF, 0xFFFF, 0xB352, 0xAF10, 0xCF10, 0xAF10, 0xAF10, 0xAF10, 0xAF10, 0xAF10,
  0xAF10, 0xCF10, 0xAF10, 0x3242, 0x9EF7, 0xFFFF, 0xDFFF, 0xFFFF, 0xFFFF, 0xFFFF, 0xFFFF, 0xFFFF, 0xFFFF, 0xFFFF, 0xFFFF, 0xFFFF,
  0xFFFF, 0xFFFF, 0xFFFF, 0xFFFF, 0xFFFF, 0xDFFF, 0xFFFF, 0xFBBD, 0xCF10, 0xCF10, 0xAF10, 0xAF10, 0xAF10, 0xAF10, 0xAF10, 0xAF10,
  0xAF10, 0xAF10, 0xAF10, 0xAF10, 0xAF10, 0xBCD6, 0xFFFF, 0xFFFF, 0x1DE7, 0xEF18, 0xAF10, 0xAF10, 0xAF10, 0xAF10, 0xAF10, 0xAF10,
  0xCF10, 0xAF10, 0x9029, 0xBFF7, 0xFFFF, 0xFFFF, 0xFFFF, 0xFFFF, 0xFFFF, 0xFFFF, 0xFFFF, 0xFFFF, 0xFFFF, 0xFFFF, 0xFFFF, 0xFFFF,
  0xFFFF, 0xFFFF, 0xFFFF, 0xFFFF, 0xFFFF, 0xFFFF, 0xFFFF, 0xFFFF, 0xFFFF, 0xFFFF, 0xFFFF, 0xFFFF, 0xFFFF, 0xFFFF, 0xFFFF, 0xFFFF,
  0xFFFF, 0xFFFF, 0xFFFF, 0xFFFF, 0xFFFF, 0x1DE7, 0xEF18, 0xAF10, 0xAF10, 0xAF10, 0xAF10, 0xAF10, 0xAF10, 0xAF10, 0xAF10, 0xCF10,
  0xAF10, 0x3784, 0xFFFF, 0xFFFF, 0xFFFF, 0xFFFF, 0xFFFF, 0xFFFF, 0xFFFF, 0xFFFF, 0xFFFF, 0xFFFF, 0xFFFF, 0xFFFF, 0xFFFF, 0xFFFF,
  0xFFFF, 0xFFFF, 0xFFFF, 0xFFFF, 0xFFFF, 0xF67B, 0xAF10, 0xAF10, 0xAF10, 0xAF10, 0xAF10, 0xAF10, 0xAF10, 0xAF10, 0xAF10, 0xAF10,
  0xAF10, 0xFDDE, 0xFFFF, 0x3EE7, 0x3021, 0xAF10, 0xAF10, 0xAF10, 0xAF10, 0xAF10, 0xAF10, 0xAF10, 0xAF10, 0xCF10, 0xAF10, 0xD67B,
  0xFFFF, 0xFFFF, 0xFFFF, 0xFFFF, 0xFFFF, 0xFFFF, 0xFFFF, 0xFFFF, 0xFFFF, 0xFFFF, 0xFFFF, 0xFFFF, 0xFFFF, 0xFFFF, 0xFFFF, 0xFFFF,
  0xFFFF, 0xFFFF, 0xFFFF, 0x167C, 0xAF10, 0xCF10, 0xAF10, 0xAF10, 0xAF10, 0xAF10, 0xAF10, 0xAF10, 0xAF10, 0xAF10, 0x0F19, 0x3EE7,
  0xFFFF, 0xFFFF, 0xFFFF, 0xFFFF, 0xFFFF, 0xFFFF, 0xFFFF, 0x3EE7, 0x3EE7, 0xFFFF, 0xFFFF, 0xFFFF, 0xFFFF, 0xFFFF, 0xFFFF, 0xFFFF,
  0xDFFF, 0xFFFF, 0x59AD, 0xAF10, 0xCF10, 0xCF10, 0xCF10, 0xCF10, 0xCF10, 0xCF10, 0xCF10, 0xCF10, 0xCF10, 0xAF10, 0xEF18, 0xBAB5,
  0xFFFF, 0xFFFF, 0xFFFF, 0xFFFF, 0xFFFF, 0xFFFF, 0xFFFF, 0xFFFF, 0xFFFF, 0xFFFF, 0xFFFF, 0xFFFF, 0xFFFF, 0xFFFF, 0xDFFF, 0xFFFF,
  0x7EEF, 0xB352, 0xAF10, 0xCF10, 0xAF10, 0xAF10, 0xAF10, 0xAF10, 0xAF10, 0xAF10, 0xAF10, 0xCF10, 0x3021, 0x3EE7, 0xFFFF, 0xFFFF,
  0xDFFF, 0xFFFF, 0x978C, 0xAF10, 0xCF10, 0xAF10, 0xAF10, 0xAF10, 0xAF10, 0xAF10, 0xAF10, 0xAF10, 0xAF10, 0xAF10, 0xCF10, 0xAF10,
  0x1242, 0x3DE7, 0xFFFF, 0xFFFF, 0xFFFF, 0xFFFF, 0xFFFF, 0xFFFF, 0xFFFF, 0xFFFF, 0xFFFF, 0xFFFF, 0xFFFF, 0xFFFF, 0xFFFF, 0xFFFF,
  0xFFFF, 0xFFFF, 0xFBBD, 0x0F19, 0xAF10, 0xCF10, 0xAF10, 0xAF10, 0xAF10, 0xAF10, 0xAF10, 0xAF10, 0xCF10, 0xAF10, 0x7029, 0x9EF7,
  0xFFFF, 0xFFFF, 0xFFFF, 0xFFFF, 0xDABD, 0xAF10, 0xCF10, 0xAF10, 0xAF10, 0xAF10, 0xAF10, 0xAF10, 0xAF10, 0xAF10, 0xCF10, 0xAF10,
  0x5242, 0x5EEF, 0xFFFF, 0xDFFF, 0xFFFF, 0xFFFF, 0xFFFF, 0xFFFF, 0xFFFF, 0xFFFF, 0xFFFF, 0xFFFF, 0xFFFF, 0xFFFF, 0xFFFF, 0xFFFF,
  0xFFFF, 0xFFFF, 0xBAB5, 0xEF18, 0xAF10, 0xAF10, 0xAF10, 0xAF10, 0xAF10, 0xAF10, 0xAF10, 0xAF10, 0xAF10, 0xAF10, 0xAF10, 0xAF10,
  0xAF10, 0xBCD6, 0xFFFF, 0xFFFF, 0x1DE7, 0xEF18, 0xAF10, 0xAF10, 0xAF10, 0xAF10, 0xAF10, 0xAF10, 0xCF10, 0xAF10, 0x9029, 0xBFF7,
  0xFFFF, 0xFFFF, 0xFFFF, 0xFFFF, 0xFFFF, 0xFFFF, 0xFFFF, 0xFFFF, 0xFFFF, 0xFFFF, 0xFFFF, 0xFFFF, 0xFFFF, 0xFFFF, 0xFFFF, 0xFFFF,
  0xFFFF, 0xFFFF, 0xFFFF, 0xFFFF, 0xFFFF, 0xFFFF, 0xFFFF, 0xFFFF, 0xFFFF, 0xFFFF, 0xFFFF, 0xFFFF, 0xFFFF, 0xFFFF, 0xFFFF, 0xFFFF,
  0xFFFF, 0xFFFF, 0x756B, 0xAF10, 0xCF10, 0xAF10, 0xAF10, 0xAF10, 0xAF10, 0xAF10, 0xAF10, 0xAF10, 0xCF10, 0xAF10, 0x3784, 0xFFFF,
  0xFFFF, 0xDFFF, 0xFFFF, 0xFFFF, 0xFFFF, 0xFFFF, 0xFFFF, 0xFFFF, 0xFFFF, 0xFFFF, 0xFFFF, 0xFFFF, 0xFFFF, 0xDFFF, 0xFFFF, 0xFFFF,
  0x167C, 0xAF10, 0xCF10, 0xCF10, 0xCF10, 0xCF10, 0xCF10, 0xCF10, 0xCF10, 0xCF10, 0xEF18, 0xCF10, 0xB673, 0xFFFF, 0xDFFF, 0xFFFF,
  0xB673, 0xAF10, 0xCF10, 0xAF10, 0xAF10, 0xAF10, 0xAF10, 0xAF10, 0xAF10, 0xAF10, 0xCF10, 0xAF10, 0xF67B, 0xFFFF, 0xFFFF, 0xDFFF,
  0xFFFF, 0xFFFF, 0xFFFF, 0xFFFF, 0xFFFF, 0xFFFF, 0xFFFF, 0xFFFF, 0xFFFF, 0xFFFF, 0xFFFF, 0xDFFF, 0xFFFF, 0xFFFF, 0x1684, 0xAF10,
  0xCF10, 0xAF10, 0xAF10, 0xAF10, 0xAF10, 0xAF10, 0xAF10, 0xAF10, 0xCF10, 0xAF10, 0x9573, 0xFFFF, 0xFFFF, 0xFFFF, 0xFFFF, 0xFFFF,
  0xFFFF, 0xFFFF, 0xFFFF, 0x3EE7, 0x3EE7, 0xFFFF, 0xFFFF, 0xFFFF, 0xFFFF, 0xFFFF, 0xFFFF, 0xFFFF, 0xFFFF, 0xFFFF, 0xDFFF, 0xD131,
  0xAF10, 0xCF10, 0xAF10, 0xAF10, 0xAF10, 0xAF10, 0xAF10, 0xAF10, 0xAF10, 0xCF10, 0xAF10, 0xAF10, 0x778C, 0xDFFF, 0xFFFF, 0xFFFF,
  0xFFFF, 0xFFFF, 0xFFFF, 0xFFFF, 0xFFFF, 0xFFFF, 0xFFFF, 0xDFFF, 0xFFFF, 0xFFFF, 0xFFFF, 0x3BC6, 0xD139, 0xAF10, 0xCF10, 0xAF10,
  0xAF10, 0xAF10, 0xAF10, 0xAF10, 0xAF10, 0xAF10, 0xCF10, 0xAF10, 0x978C, 0xFFFF, 0xFFFF, 0xFFFF, 0xDFFF, 0xFFFF, 0x978C, 0xAF10,
  0xCF10, 0xAF10, 0xAF10, 0xAF10, 0xAF10, 0xAF10, 0xAF10, 0xAF10, 0xAF10, 0xAF10, 0xAF10, 0xCF10, 0xAF10, 0x9029, 0xDABD, 0xFFFF,
  0xFFFF, 0xFFFF, 0xDFFF, 0xFFFF, 0xFFFF, 0xFFFF, 0xFFFF, 0xFFFF, 0xFFFF, 0xDFFF, 0xFFFF, 0xFFFF, 0xFFFF, 0x978C, 0xCF10, 0xAF10,
  0xCF10, 0xAF10, 0xAF10, 0xAF10, 0xAF10, 0xAF10, 0xAF10, 0xAF10, 0xCF10, 0xAF10, 0xB894, 0xFFFF, 0xFFFF, 0xFFFF, 0xFFFF, 0xFFFF,
  0xFFFF, 0x524A, 0xAF10, 0xCF10, 0xAF10, 0xAF10, 0xAF10, 0xAF10, 0xAF10, 0xAF10, 0xAF10, 0xCF10, 0xAF10, 0xB131, 0xFBBD, 0xFFFF,
  0xFFFF, 0xFFFF, 0xDFFF, 0xFFFF, 0xFFFF, 0xFFFF, 0xFFFF, 0xFFFF, 0xFFFF, 0xFFFF, 0xFFFF, 0xFFFF, 0xDFFF, 0x778C, 0xAF10, 0xAF10,
  0xCF10, 0xAF10, 0xAF10, 0xAF10, 0xAF10, 0xAF10, 0xAF10, 0xAF10, 0xAF10, 0xAF10, 0xAF10, 0xAF10, 0xAF10, 0xBCD6, 0xFFFF, 0xFFFF,
  0x1DE7, 0xEF18, 0xAF10, 0xAF10, 0xAF10, 0xAF10, 0xAF10, 0xAF10, 0xCF10, 0xAF10, 0x9029, 0xBFF7, 0xFFFF, 0xFFFF, 0xFFFF, 0xFFFF,
  0xFFFF, 0xFFFF, 0xFFFF, 0xFFFF, 0xFFFF, 0xFFFF, 0xFFFF, 0xFFFF, 0xFFFF, 0xFFFF, 0xFFFF, 0xFFFF, 0xFFFF, 0xFFFF, 0xFFFF, 0xFFFF,
  0xFFFF, 0xFFFF, 0xFFFF, 0xFFFF, 0xFFFF, 0xFFFF, 0xFFFF, 0xFFFF, 0xFFFF, 0xFFFF, 0xFFFF, 0xFFFF, 0xFFFF, 0xFFFF, 0xDDDE, 0xEF18,
  0xCF10, 0xAF10, 0xAF10, 0xAF10, 0xAF10, 0xAF10, 0xAF10, 0xAF10, 0xAF10, 0xCF10, 0xAF10, 0x145B, 0x3EE7, 0xFFFF, 0xFFFF, 0xFFFF,
  0xDFFF, 0xFFFF, 0xFFFF, 0xFFFF, 0xFFFF, 0xFFFF, 0xDFFF, 0xFFFF, 0xFFFF, 0xFFFF, 0x1DE7, 0xF45A, 0xAF10, 0xCF10, 0xAF10, 0xAF10,
  0xAF10, 0xAF10, 0xAF10, 0xAF10, 0xAF10, 0xAF10, 0xCF10, 0xEF18, 0xFDDE, 0xFFFF, 0xDFFF, 0xFFFF, 0x1DE7, 0x0F19, 0xCF10, 0xAF10,
  0xAF10, 0xAF10, 0xAF10, 0xAF10, 0xAF10, 0xAF10, 0xAF10, 0xCF10, 0xAF10, 0xD352, 0x1DE7, 0xFFFF, 0xFFFF, 0xFFFF, 0xDFFF, 0xFFFF,
  0xFFFF, 0xFFFF, 0xFFFF, 0xFFFF, 0xDFFF, 0xFFFF, 0xFFFF, 0xFFFF, 0x3DE7, 0xF45A, 0xAF10, 0xCF10, 0xAF10, 0xAF10, 0xAF10, 0xAF10,
  0xAF10, 0xAF10, 0xAF10, 0xAF10, 0xCF10, 0xEF18, 0xFDDE, 0xFFFF, 0xFFFF, 0xFFFF, 0xFFFF, 0xFFFF, 0xFFFF, 0xFFFF, 0xFFFF, 0x3EE7,
  0x3EE7, 0xFFFF, 0xFFFF, 0xFFFF, 0xFFFF, 0xFFFF, 0xFFFF, 0xFFFF, 0xFFFF, 0xFFFF, 0xFFFF, 0x9AB5, 0xAF10, 0xCF10, 0xAF10, 0xAF10,
  0xAF10, 0xAF10, 0xAF10, 0xAF10, 0xAF10, 0xAF10, 0xAF10, 0xAF10, 0xAF10, 0x3242, 0x9AAD, 0xDFFF, 0xFFFF, 0xFFFF, 0xFFFF, 0xFFFF,
  0xFFFF, 0xFFFF, 0xFFFF, 0xFFFF, 0xFFFF, 0xBCD6, 0x956B, 0xAF10, 0xAF10, 0xCF10, 0xAF10, 0xAF10, 0xAF10, 0xAF10, 0xAF10, 0xAF10,
  0xAF10, 0xCF10, 0xAF10, 0xF239, 0xDFFF, 0xFFFF, 0xFFFF, 0xFFFF, 0xDFFF, 0xFFFF, 0x978C, 0xAF10, 0xCF10, 0xAF10, 0xAF10, 0xAF10,
  0xAF10, 0xAF10, 0xAF10, 0xAF10, 0xAF10, 0xAF10, 0xAF10, 0xAF10, 0xCF10, 0xAF10, 0xAF10, 0x3463, 0x7CCE, 0xFFFF, 0xFFFF, 0xFFFF,
  0xFFFF, 0xFFFF, 0xFFFF, 0xFFFF, 0xFFFF, 0xFFFF, 0xDFFF, 0x9AB5, 0x3242, 0xAF10, 0xAF10, 0xAF10, 0xAF10, 0xAF10, 0xAF10, 0xAF10,
  0xAF10, 0xAF10, 0xAF10, 0xCF10, 0xAF10, 0xD139, 0xBFF7, 0xFFFF, 0xFFFF, 0xFFFF, 0xFFFF, 0xFFFF, 0xFFFF, 0x5CCE, 0xAF10, 0xCF10,
  0xAF10, 0xAF10, 0xAF10, 0xAF10, 0xAF10, 0xAF10, 0xAF10, 0xAF10, 0xCF10, 0xAF10, 0xAF10, 0x556B, 0x9CD6, 0xFFFF, 0xFFFF, 0xFFFF,
  0xFFFF, 0xFFFF, 0xFFFF, 0xFFFF, 0xFFFF, 0xFFFF, 0xBFF7, 0x7AAD, 0x1242, 0xAF10, 0xAF10, 0xAF10, 0xAF10, 0xAF10, 0xAF10, 0xAF10,
  0xAF10, 0xAF10, 0xAF10, 0xAF10, 0xAF10, 0xAF10, 0xAF10, 0xAF10, 0xAF10, 0xBCD6, 0xFFFF, 0xFFFF, 0x1DE7, 0xEF18, 0xAF10, 0xAF10,
  0xAF10, 0xAF10, 0xAF10, 0xAF10, 0xCF10, 0xAF10, 0x9029, 0xBFF7, 0xFFFF, 0xFFFF, 0xFFFF, 0xFFFF, 0xFFFF, 0xFFFF, 0xFFFF, 0xFFFF,
  0xFFFF, 0xFFFF, 0xFFFF, 0xFFFF, 0xFFFF, 0xFFFF, 0xFFFF, 0xFFFF, 0xFFFF, 0xFFFF, 0xFFFF, 0xFFFF, 0xFFFF, 0xFFFF, 0xFFFF, 0xFFFF,
  0xFFFF, 0xFFFF, 0xFFFF, 0xFFFF, 0xFFFF, 0xFFFF, 0xFFFF, 0xFFFF, 0xFFFF, 0xFFFF, 0xFFFF, 0x167C, 0xAF10, 0xCF10, 0xAF10, 0xAF10,
  0xAF10, 0xAF10, 0xAF10, 0xAF10, 0xAF10, 0xAF10, 0xCF10, 0xAF10, 0x5021, 0x978C, 0x3EE7, 0xFFFF, 0xFFFF, 0xFFFF, 0xFFFF, 0xFFFF,
  0xFFFF, 0xFFFF, 0xFFFF, 0xFFFF, 0x3DE7, 0x578C, 0x3021, 0xAF10, 0xCF10, 0xAF10, 0xAF10, 0xAF10, 0xAF10, 0xAF10, 0xAF10, 0xAF10,
  0xAF10, 0xCF10, 0xAF10, 0x1684, 0xFFFF, 0xFFFF, 0xFFFF, 0xFFFF, 0xFFFF, 0x578C, 0xAF10, 0xCF10, 0xAF10, 0xAF10, 0xAF10, 0xAF10,
  0xAF10, 0xAF10, 0xAF10, 0xAF10, 0xCF10, 0xAF10, 0x3021, 0x778C, 0x3EE7, 0xFFFF, 0xFFFF, 0xFFFF, 0xFFFF, 0xFFFF, 0xFFFF, 0xFFFF,
  0xFFFF, 0xFFFF, 0x3EE7, 0x978C, 0x5021, 0xAF10, 0xCF10, 0xAF10, 0xAF10, 0xAF10, 0xAF10, 0xAF10, 0xAF10, 0xAF10, 0xAF10, 0xCF10,
  0xAF10, 0x3784, 0xFFFF, 0xFFFF, 0xFFFF, 0xFFFF, 0xFFFF, 0xFFFF, 0xFFFF, 0xFFFF, 0xFFFF, 0x3EE7, 0x3EE7, 0xFFFF, 0xFFFF, 0xFFFF,
  0xFFFF, 0xFFFF, 0xFFFF, 0xFFFF, 0xFFFF, 0xFFFF, 0xFFFF, 0xFFFF, 0xD45A, 0xAF10, 0xCF10, 0xAF10, 0xAF10, 0xAF10, 0xAF10, 0xAF10,
  0xAF10, 0xAF10, 0xAF10, 0xAF10, 0xCF10, 0xAF10, 0xAF10, 0xD131, 0xD67B, 0x9AB5, 0x9CD6, 0x1DE7, 0x3EE7, 0xDDDE, 0x1BC6, 0x9894,
  0x934A, 0xCF10, 0xAF10, 0xAF10, 0xCF10, 0xAF10, 0xAF10, 0xAF10, 0xAF10, 0xAF10, 0xAF10, 0xAF10, 0xAF10, 0xCF10, 0xCF10, 0x7CCE,
  0xFFFF, 0xFFFF, 0xFFFF, 0xFFFF, 0xDFFF, 0xFFFF, 0x978C, 0xAF10, 0xCF10, 0xAF10, 0xAF10, 0xAF10, 0xAF10, 0xAF10, 0xAF10, 0xAF10,
  0xAF10, 0xAF10, 0xAF10, 0xAF10, 0xAF10, 0xCF10, 0xAF10, 0xAF10, 0xAF10, 0x734A, 0x778C, 0xFBBD, 0xDDDE, 0x3EE7, 0x3DE7, 0xBCD6,
  0x9AB5, 0xF67B, 0xD131, 0xAF10, 0xAF10, 0xCF10, 0xAF10, 0xAF10, 0xAF10, 0xAF10, 0xAF10, 0xAF10, 0xAF10, 0xAF10, 0xAF10, 0xCF10,
  0xAF10, 0x3BC6, 0xFFFF, 0xFFFF, 0xFFFF, 0xFFFF, 0xFFFF, 0xFFFF, 0xFFFF, 0xFFFF, 0xD673, 0xAF10, 0xCF10, 0xAF10, 0xAF10, 0xAF10,
  0xAF10, 0xAF10, 0xAF10, 0xAF10, 0xAF10, 0xCF10, 0xAF10, 0xAF10, 0xCF10, 0x934A, 0x978C, 0x1BC6, 0xDDDE, 0x3EE7, 0x1DE7, 0x9CD6,
  0x9AB5, 0xD673, 0xD131, 0xAF10, 0xAF10, 0xCF10, 0xAF10, 0xAF10, 0xAF10, 0xAF10, 0xAF10, 0xAF10, 0xAF10, 0xAF10, 0xAF10, 0xAF10,
  0xAF10, 0xAF10, 0xAF10, 0xAF10, 0xAF10, 0xBCD6, 0xFFFF, 0xFFFF, 0x1DE7, 0xEF18, 0xAF10, 0xAF10, 0xAF10, 0xAF10, 0xAF10, 0xAF10,
  0xCF10, 0xAF10, 0x9029, 0xBFF7, 0xFFFF, 0xFFFF, 0xFFFF, 0xFFFF, 0xFFFF, 0xFFFF, 0xFFFF, 0xFFFF, 0xFFFF, 0xFFFF, 0xFFFF, 0xFFFF,
  0xFFFF, 0xFFFF, 0xFFFF, 0xFFFF, 0xFFFF, 0xFFFF, 0xFFFF, 0xFFFF, 0xFFFF, 0xFFFF, 0xFFFF, 0xFFFF, 0xFFFF, 0xFFFF, 0xFFFF, 0xFFFF,
  0xFFFF, 0xFFFF, 0xFFFF, 0xFFFF, 0xFFFF, 0xFFFF, 0xFFFF, 0x9FF7, 0xD131, 0xAF10, 0xCF10, 0xAF10, 0xAF10, 0xAF10, 0xAF10, 0xAF10,
  0xAF10, 0xAF10, 0xAF10, 0xCF10, 0xAF10, 0xAF10, 0x3021, 0x3463, 0x19A5, 0x5CCE, 0x1DDF, 0x3EE7, 0xFDDE, 0x5BC6, 0xF89C, 0x145B,
  0x3021, 0xAF10, 0xAF10, 0xCF10, 0xAF10, 0xAF10, 0xAF10, 0xAF10, 0xAF10, 0xAF10, 0xAF10, 0xAF10, 0xCF10, 0xAF10, 0xD131, 0x9FF7,
  0xFFFF, 0xFFFF, 0xFFFF, 0xFFFF, 0xFFFF, 0xDFFF, 0xF239, 0xAF10, 0xCF10, 0xAF10, 0xAF10, 0xAF10, 0xAF10, 0xAF10, 0xAF10, 0xAF10,
  0xAF10, 0xCF10, 0xAF10, 0xAF10, 0x3021, 0x3463, 0x199D, 0x5CCE, 0xFDDE, 0x3EE7, 0xFDDE, 0x5CCE, 0x19A5, 0x3463, 0x3021, 0xAF10,
  0xAF10, 0xCF10, 0xAF10, 0xAF10, 0xAF10, 0xAF10, 0xAF10, 0xAF10, 0xAF10, 0xAF10, 0xCF10, 0xAF10, 0xD139, 0xBFF7, 0xFFFF, 0xFFFF,
  0xFFFF, 0xFFFF, 0xFFFF, 0xFFFF, 0xFFFF, 0xFFFF, 0xFFFF, 0x3EE7, 0x3EE7, 0xFFFF, 0xFFFF, 0xFFFF, 0xFFFF, 0xFFFF, 0xFFFF, 0xFFFF,
  0xFFFF, 0xFFFF, 0xFFFF, 0xFFFF, 0x3EE7, 0x5021, 0xAF10, 0xCF10, 0xAF10, 0xAF10, 0xAF10, 0xAF10, 0xAF10, 0xAF10, 0xAF10, 0xAF10,
  0xAF10, 0xCF10, 0xCF10, 0xAF10, 0xAF10, 0xAF10, 0xAF10, 0xEF18, 0x0F19, 0xCF10, 0xAF10, 0xAF10, 0xAF10, 0xAF10, 0xCF10, 0xAF10,
  0xAF10, 0xAF10, 0xAF10, 0xAF10, 0xAF10, 0xAF10, 0xAF10, 0xAF10, 0xCF10, 0xAF10, 0xF89C, 0xFFFF, 0xFFFF, 0xFFFF, 0xFFFF, 0xFFFF,
  0xDFFF, 0xFFFF, 0x978C, 0xAF10, 0xCF10, 0xAF10, 0xAF10, 0xAF10, 0xAF10, 0xAF10, 0xAF10, 0xAF10, 0xAF10, 0xAF10, 0xAF10, 0xAF10,
  0xAF10, 0xAF10, 0xAF10, 0xCF10, 0xAF10, 0xAF10, 0xAF10, 0xAF10, 0xCF10, 0x0F19, 0xEF18, 0xAF10, 0xAF10, 0xAF10, 0xAF10, 0xCF10,
  0xCF10, 0xAF10, 0xAF10, 0xAF10, 0xAF10, 0xAF10, 0xAF10, 0xAF10, 0xAF10, 0xAF10, 0xCF10, 0xAF10, 0x3784, 0xFFFF, 0xFFFF, 0xFFFF,
  0xFFFF, 0xFFFF, 0xFFFF, 0xFFFF, 0xFFFF, 0xFFFF, 0xBFF7, 0x123A, 0xAF10, 0xCF10, 0xAF10, 0xAF10, 0xAF10, 0xAF10, 0xAF10, 0xAF10,
  0xAF10, 0xAF10, 0xAF10, 0xCF10, 0xAF10, 0xAF10, 0xAF10, 0xAF10, 0xCF10, 0x0F19, 0xEF18, 0xAF10, 0xAF10, 0xAF10, 0xAF10, 0xCF10,
  0xCF10, 0xAF10, 0xAF10, 0xAF10, 0xAF10, 0xAF10, 0xAF10, 0xAF10, 0xAF10, 0xAF10, 0xAF10, 0xAF10, 0xAF10, 0xAF10, 0xAF10, 0xAF10,
  0xAF10, 0xBCD6, 0xFFFF, 0xFFFF, 0x1DE7, 0xEF18, 0xAF10, 0xAF10, 0xAF10, 0xAF10, 0xAF10, 0xAF10, 0xCF10, 0xAF10, 0x9029, 0xBFF7,
  0xFFFF, 0xFFFF, 0xFFFF, 0xFFFF, 0xFFFF, 0xFFFF, 0xFFFF, 0xFFFF, 0xFFFF, 0xFFFF, 0xFFFF, 0xFFFF, 0xFFFF, 0xFFFF, 0xFFFF, 0xFFFF,
  0xFFFF, 0xFFFF, 0xFFFF, 0xFFFF, 0xFFFF, 0xFFFF, 0xFFFF, 0xFFFF, 0xFFFF, 0xFFFF, 0xFFFF, 0xFFFF, 0xFFFF, 0xFFFF, 0xFFFF, 0xFFFF,
  0xFFFF, 0xFFFF, 0xFFFF, 0xFFFF, 0x5CCE, 0xCF10, 0xCF10, 0xAF10, 0xAF10, 0xAF10, 0xAF10, 0xAF10, 0xAF10, 0xAF10, 0xAF10, 0xAF10,
  0xAF10, 0xCF10, 0xAF10, 0xAF10, 0xAF10, 0xAF10, 0xEF18, 0x0F19, 0xCF18, 0xAF10, 0xAF10, 0xAF10, 0xAF10, 0xCF10, 0xAF10, 0xAF10,
  0xAF10, 0xAF10, 0xAF10, 0xAF10, 0xAF10, 0xAF10, 0xAF10, 0xAF10, 0xCF10, 0xCF10, 0x5CCE, 0xFFFF, 0xFFFF, 0xFFFF, 0xFFFF, 0xFFFF,
  0xFFFF, 0xFFFF, 0x9CD6, 0xEF18, 0xCF10, 0xCF10, 0xAF10, 0xAF10, 0xAF10, 0xAF10, 0xAF10, 0xAF10, 0xAF10, 0xAF10, 0xAF10, 0xCF10,
  0xAF10, 0xAF10, 0xAF10, 0xAF10, 0xEF18, 0x0F19, 0xEF18, 0xAF10, 0xAF10, 0xAF10, 0xAF10, 0xCF10, 0xAF10, 0xAF10, 0xAF10, 0xAF10,
  0xAF10, 0xAF10, 0xAF10, 0xAF10, 0xAF10, 0xAF10, 0xCF10, 0xCF18, 0x7CCE, 0xFFFF, 0xFFFF, 0xFFFF, 0xFFFF, 0xFFFF, 0xFFFF, 0xFFFF,
  0xFFFF, 0xFFFF, 0xFFFF, 0x3EE7, 0x3EE7, 0xFFFF, 0xFFFF, 0xFFFF, 0xFFFF, 0xFFFF, 0xFFFF, 0xFFFF, 0xFFFF, 0xFFFF, 0xFFFF, 0xFFFF,
  0xFFFF, 0xDABD, 0xAF10, 0xCF10, 0xAF10, 0xAF10, 0xAF10, 0xAF10, 0xAF10, 0xAF10, 0xAF10, 0xAF10, 0xAF10, 0xAF10, 0xAF10, 0xCF10,
  0xCF10, 0xCF10, 0xAF10, 0xAF10, 0xAF10, 0xAF10, 0xCF10, 0xCF10, 0xCF10, 0xAF10, 0xAF10, 0xAF10, 0xAF10, 0xAF10, 0xAF10, 0xAF10,
  0xAF10, 0xAF10, 0xAF10, 0xCF10, 0xAF10, 0xF67B, 0xFFFF, 0xDFFF, 0xFFFF, 0xFFFF, 0xFFFF, 0xFFFF, 0xDFFF, 0xFFFF, 0x978C, 0xAF10,
  0xCF10, 0xAF10, 0xAF10, 0xAF10, 0xAF10, 0xAF10, 0xAF10, 0xAF10, 0xAF10, 0xAF10, 0xAF10, 0xAF10, 0xAF10, 0xAF10, 0xAF10, 0xAF10,
  0xAF10, 0xCF10, 0xCF10, 0xCF10, 0xAF10, 0xAF10, 0xAF10, 0xAF10, 0xCF10, 0xCF10, 0xCF10, 0xAF10, 0xAF10, 0xAF10, 0xAF10, 0xAF10,
  0xAF10, 0xAF10, 0xAF10, 0xAF10, 0xAF10, 0xCF10, 0xAF10, 0xF45A, 0xFFFF, 0xFFFF, 0xFFFF, 0xFFFF, 0xFFFF, 0xFFFF, 0xFFFF, 0xFFFF,
  0xFFFF, 0xFFFF, 0xFFFF, 0xFDDE, 0x5021, 0xAF10, 0xCF10, 0xAF10, 0xAF10, 0xAF10, 0xAF10, 0xAF10, 0xAF10, 0xAF10, 0xAF10, 0xAF10,
  0xAF10, 0xCF10, 0xCF10, 0xCF10, 0xAF10, 0xAF10, 0xAF10, 0xAF10, 0xCF10, 0xCF10, 0xCF10, 0xAF10, 0xAF10, 0xAF10, 0xAF10, 0xAF10,
  0xAF10, 0xAF10, 0xAF10, 0xAF10, 0xAF10, 0xAF10, 0xAF10, 0xAF10, 0xAF10, 0xAF10, 0xAF10, 0xAF10, 0xAF10, 0xBCD6, 0xFFFF, 0xFFFF,
  0x1DE7, 0xEF18, 0xAF10, 0xAF10, 0xAF10, 0xAF10, 0xAF10, 0xAF10, 0xCF10, 0xAF10, 0x9029, 0xBFF7, 0xFFFF, 0xFFFF, 0xFFFF, 0xFFFF,
  0xFFFF, 0xFFFF, 0xFFFF, 0xFFFF, 0xFFFF, 0xFFFF, 0xFFFF, 0xFFFF, 0xFFFF, 0xFFFF, 0xFFFF, 0xFFFF, 0xFFFF, 0xFFFF, 0xFFFF, 0xFFFF,
  0xFFFF, 0xFFFF, 0xFFFF, 0xFFFF, 0xFFFF, 0xFFFF, 0xFFFF, 0xFFFF, 0xFFFF, 0xFFFF, 0xFFFF, 0xFFFF, 0xFFFF, 0xFFFF, 0xFFFF, 0xFFFF,
  0xFFFF, 0x19A5, 0xAF10, 0xCF10, 0xAF10, 0xAF10, 0xAF10, 0xAF10, 0xAF10, 0xAF10, 0xAF10, 0xAF10, 0xAF10, 0xAF10, 0xAF10, 0xCF10,
  0xCF10, 0xAF10, 0xAF10, 0xAF10, 0xAF10, 0xAF10, 0xCF10, 0xCF10, 0xAF10, 0xAF10, 0xAF10, 0xAF10, 0xAF10, 0xAF10, 0xAF10, 0xAF10,
  0xAF10, 0xAF10, 0xAF10, 0xCF10, 0xAF10, 0x19A5, 0xFFFF, 0xFFFF, 0xFFFF, 0xFFFF, 0xFFFF, 0xFFFF, 0xFFFF, 0xFFFF, 0xFFFF, 0x59AD,
  0xAF10, 0xCF10, 0xAF10, 0xAF10, 0xAF10, 0xAF10, 0xAF10, 0xAF10, 0xAF10, 0xAF10, 0xAF10, 0xAF10, 0xAF10, 0xCF10, 0xCF10, 0xAF10,
  0xAF10, 0xAF10, 0xAF10, 0xAF10, 0xCF10, 0xCF10, 0xAF10, 0xAF10, 0xAF10, 0xAF10, 0xAF10, 0xAF10, 0xAF10, 0xAF10, 0xAF10, 0xAF10,
  0xAF10, 0xCF10, 0xAF10, 0x39A5, 0xFFFF, 0xFFFF, 0xFFFF, 0xFFFF, 0xFFFF, 0xFFFF, 0xFFFF, 0xFFFF, 0xFFFF, 0xFFFF, 0xFFFF, 0x3EE7,
  0x3EE7, 0xFFFF, 0xFFFF, 0xFFFF, 0xFFFF, 0xFFFF, 0xFFFF, 0xFFFF, 0xFFFF, 0xFFFF, 0xFFFF, 0xFFFF, 0xDFFF, 0xFFFF, 0xF89C, 0xAF10,
  0xCF10, 0xAF10, 0xAF10, 0xAF10, 0xAF10, 0xAF10, 0xAF10, 0xAF10, 0xAF10, 0xAF10, 0xAF10, 0xAF10, 0xAF10, 0xAF10, 0xAF10, 0xAF10,
  0xAF10, 0xAF10, 0xAF10, 0xAF10, 0xAF10, 0xAF10, 0xAF10, 0xAF10, 0xAF10, 0xAF10, 0xAF10, 0xAF10, 0xAF10, 0xAF10, 0xCF10, 0xAF10,
  0x9573, 0xFFFF, 0xFFFF, 0xFFFF, 0xFFFF, 0xFFFF, 0xFFFF, 0xFFFF, 0xDFFF, 0xFFFF, 0x978C, 0xAF10, 0xCF10, 0xAF10, 0xAF10, 0xAF10,
  0xAF10, 0xAF10, 0xAF10, 0xAF10, 0xAF10, 0xAF10, 0xAF10, 0xAF10, 0xAF10, 0xAF10, 0xAF10, 0xAF10, 0xAF10, 0xAF10, 0xAF10, 0xAF10,
  0xAF10, 0xAF10, 0xAF10, 0xAF10, 0xAF10, 0xAF10, 0xAF10, 0xAF10, 0xAF10, 0xAF10, 0xAF10, 0xAF10, 0xAF10, 0xAF10, 0xAF10, 0xAF10,
  0xCF10, 0xAF10, 0x734A, 0xBFF7, 0xFFFF, 0xFFFF, 0xFFFF, 0xFFFF, 0xFFFF, 0xFFFF, 0xFFFF, 0xFFFF, 0xFFFF, 0xFFFF, 0xFFFF, 0xFFFF,
  0x5CCE, 0x0F19, 0xAF10, 0xCF10, 0xAF10, 0xAF10, 0xAF10, 0xAF10, 0xAF10, 0xAF10, 0xAF10, 0xAF10, 0xAF10, 0xAF10, 0xAF10, 0xAF10,
  0xAF10, 0xAF10, 0xAF10, 0xAF10, 0xAF10, 0xAF10, 0xAF10, 0xAF10, 0xAF10, 0xAF10, 0xAF10, 0xAF10, 0xAF10, 0xAF10, 0xAF10, 0xAF10,
  0xAF10, 0xAF10, 0xAF10, 0xAF10, 0xAF10, 0xAF10, 0xAF10, 0xAF10, 0xAF10, 0xBCD6, 0xFFFF, 0xFFFF, 0x1DE7, 0xEF18, 0xAF10, 0xAF10,
  0xAF10, 0xAF10, 0xAF10, 0xAF10, 0xCF10, 0xAF10, 0x9029, 0xBFF7, 0xFFFF, 0xFFFF, 0xFFFF, 0xFFFF, 0xFFFF, 0xFFFF, 0xFFFF, 0xFFFF,
  0xFFFF, 0xFFFF, 0xFFFF, 0xFFFF, 0xFFFF, 0xFFFF, 0xFFFF, 0xFFFF, 0xFFFF, 0xFFFF, 0xFFFF, 0xFFFF, 0xFFFF, 0xFFFF, 0xFFFF, 0xFFFF,
  0xFFFF, 0xFFFF, 0xFFFF, 0xFFFF, 0xFFFF, 0xFFFF, 0xFFFF, 0xFFFF, 0xFFFF, 0xFFFF, 0xFFFF, 0xFFFF, 0xDFFF, 0xFFFF, 0x778C, 0xAF10,
  0xCF10, 0xAF10, 0xAF10, 0xAF10, 0xAF10, 0xAF10, 0xAF10, 0xAF10, 0xAF10, 0xAF10, 0xAF10, 0xAF10, 0xAF10, 0xAF10, 0xAF10, 0xAF10,
  0xAF10, 0xAF10, 0xAF10, 0xAF10, 0xAF10, 0xAF10, 0xAF10, 0xAF10, 0xAF10, 0xAF10, 0xAF10, 0xAF10, 0xAF10, 0xAF10, 0xCF10, 0xAF10,
  0x778C, 0xFFFF, 0xDFFF, 0xFFFF, 0xFFFF, 0xFFFF, 0xFFFF, 0xFFFF, 0xFFFF, 0xFFFF, 0xDFFF, 0xFFFF, 0xB894, 0xAF10, 0xCF10, 0xAF10,
  0xAF10, 0xAF10, 0xAF10, 0xAF10, 0xAF10, 0xAF10, 0xAF10, 0xAF10, 0xAF10, 0xAF10, 0xAF10, 0xAF10, 0xAF10, 0xAF10, 0xAF10, 0xAF10,
  0xAF10, 0xAF10, 0xAF10, 0xAF10, 0xAF10, 0xAF10, 0xAF10, 0xAF10, 0xAF10, 0xAF10, 0xAF10, 0xAF10, 0xCF10, 0xAF10, 0x778C, 0xFFFF,
  0xDFFF, 0xFFFF, 0xFFFF, 0xFFFF, 0xFFFF, 0xFFFF, 0xFFFF, 0xFFFF, 0xFFFF, 0xFFFF, 0xFFFF, 0x3EE7, 0x3EE7, 0xFFFF, 0xFFFF, 0xFFFF,
  0xFFFF, 0xFFFF, 0xFFFF, 0xFFFF, 0xFFFF, 0xFFFF, 0xFFFF, 0xFFFF, 0xFFFF, 0xFFFF, 0xFFFF, 0xB894, 0xAF10, 0xAF10, 0xCF10, 0xAF10,
  0xAF10, 0xAF10, 0xAF10, 0xAF10, 0xAF10, 0xAF10, 0xAF10, 0xAF10, 0xAF10, 0xAF10, 0xAF10, 0xAF10, 0xAF10, 0xAF10, 0xAF10, 0xAF10,
  0xAF10, 0xAF10, 0xAF10, 0xAF10, 0xAF10, 0xAF10, 0xAF10, 0xAF10, 0xCF10, 0xAF10, 0xAF10, 0xF67B, 0xFFFF, 0xFFFF, 0xFFFF, 0xFFFF,
  0xFFFF, 0xFFFF, 0xFFFF, 0xFFFF, 0xDFFF, 0xFFFF, 0x978C, 0xAF10, 0xCF10, 0xAF10, 0xAF10, 0xAF10, 0xAF10, 0xAF10, 0xAF10, 0xAF10,
  0xAF10, 0xAF10, 0xAF10, 0xAF10, 0xAF10, 0xAF10, 0xAF10, 0xAF10, 0xAF10, 0xAF10, 0xAF10, 0xAF10, 0xAF10, 0xAF10, 0xAF10, 0xAF10,
  0xAF10, 0xAF10, 0xAF10, 0xAF10, 0xAF10, 0xAF10, 0xAF10, 0xAF10, 0xAF10, 0xAF10, 0xAF10, 0xCF10, 0xAF10, 0x9352, 0x9EF7, 0xFFFF,
  0xFFFF, 0xFFFF, 0xFFFF, 0xFFFF, 0xFFFF, 0xFFFF, 0xFFFF, 0xFFFF, 0xFFFF, 0xFFFF, 0xFFFF, 0xFFFF, 0xFFFF, 0x3BC6, 0x3021, 0xAF10,
  0xCF10, 0xAF10, 0xAF10, 0xAF10, 0xAF10, 0xAF10, 0xAF10, 0xAF10, 0xAF10, 0xAF10, 0xAF10, 0xAF10, 0xAF10, 0xAF10, 0xAF10, 0xAF10,
  0xAF10, 0xAF10, 0xAF10, 0xAF10, 0xAF10, 0xAF10, 0xAF10, 0xAF10, 0xAF10, 0xAF10, 0xAF10, 0xAF10, 0xAF10, 0xAF10, 0xAF10, 0xAF10,
  0xAF10, 0xAF10, 0xAF10, 0xAF10, 0xAF10, 0xBCD6, 0xFFFF, 0xFFFF, 0x1DE7, 0xEF18, 0xAF10, 0xAF10, 0xAF10, 0xAF10, 0xAF10, 0xAF10,
  0xCF10, 0xAF10, 0x9029, 0xBFF7, 0xFFFF, 0xFFFF, 0xFFFF, 0xFFFF, 0xFFFF, 0xFFFF, 0xFFFF, 0xFFFF, 0xFFFF, 0xFFFF, 0xFFFF, 0xFFFF,
  0xFFFF, 0xFFFF, 0xFFFF, 0xFFFF, 0xFFFF, 0xFFFF, 0xFFFF, 0xFFFF, 0xFFFF, 0xFFFF, 0xFFFF, 0xFFFF, 0xFFFF, 0xFFFF, 0xFFFF, 0xFFFF,
  0xFFFF, 0xFFFF, 0xFFFF, 0xFFFF, 0xFFFF, 0xFFFF, 0xFFFF, 0xFFFF, 0xFFFF, 0xFFFF, 0xFFFF, 0x778C, 0xAF10, 0xAF10, 0xCF10, 0xAF10,
  0xAF10, 0xAF10, 0xAF10, 0xAF10, 0xAF10, 0xAF10, 0xAF10, 0xAF10, 0xAF10, 0xAF10, 0xAF10, 0xAF10, 0xAF10, 0xAF10, 0xAF10, 0xAF10,
  0xAF10, 0xAF10, 0xAF10, 0xAF10, 0xAF10, 0xAF10, 0xAF10, 0xAF10, 0xCF10, 0xAF10, 0xAF10, 0x978C, 0xFFFF, 0xFFFF, 0xFFFF, 0xFFFF,
  0xFFFF, 0xFFFF, 0xFFFF, 0xFFFF, 0xFFFF, 0xFFFF, 0xFFFF, 0xFFFF, 0xFFFF, 0xB894, 0xAF10, 0xAF10, 0xCF10, 0xAF10, 0xAF10, 0xAF10,
  0xAF10, 0xAF10, 0xAF10, 0xAF10, 0xAF10, 0xAF10, 0xAF10, 0xAF10, 0xAF10, 0xAF10, 0xAF10, 0xAF10, 0xAF10, 0xAF10, 0xAF10, 0xAF10,
  0xAF10, 0xAF10, 0xAF10, 0xAF10, 0xAF10, 0xAF10, 0xCF10, 0xAF10, 0xAF10, 0x778C, 0xFFFF, 0xFFFF, 0xFFFF, 0xFFFF, 0xFFFF, 0xFFFF,
  0xFFFF, 0xFFFF, 0xFFFF, 0xFFFF, 0xFFFF, 0xFFFF, 0xFFFF, 0x3EE7, 0x3EE7, 0xFFFF, 0xFFFF, 0xFFFF, 0xFFFF, 0xFFFF, 0xFFFF, 0xFFFF,
  0xFFFF, 0xFFFF, 0xFFFF, 0xFFFF, 0xFFFF, 0xFFFF, 0xDFFF, 0xFFFF, 0x39A5, 0xEF18, 0xAF10, 0xCF10, 0xAF10, 0xAF10, 0xAF10, 0xAF10,
  0xAF10, 0xAF10, 0xAF10, 0xAF10, 0xAF10, 0xAF10, 0xAF10, 0xAF10, 0xAF10, 0xAF10, 0xAF10, 0xAF10, 0xAF10, 0xAF10, 0xAF10, 0xAF10,
  0xAF10, 0xAF10, 0xAF10, 0xCF10, 0xAF10, 0xCF10, 0xF89C, 0xFFFF, 0xFFFF, 0xFFFF, 0xFFFF, 0xFFFF, 0xFFFF, 0xFFFF, 0xFFFF, 0xFFFF,
  0xDFFF, 0xFFFF, 0x978C, 0xAF10, 0xCF10, 0xAF10, 0xAF10, 0xAF10, 0xAF10, 0xAF10, 0xAF10, 0xAF10, 0xAF10, 0xAF10, 0xCF10, 0xAF10,
  0xAF10, 0xAF10, 0xAF10, 0xAF10, 0xAF10, 0xAF10, 0xAF10, 0xAF10, 0xAF10, 0xAF10, 0xAF10, 0xAF10, 0xAF10, 0xAF10, 0xAF10, 0xAF10,
  0xAF10, 0xAF10, 0xAF10, 0xAF10, 0xAF10, 0xCF10, 0xAF10, 0xAF10, 0x756B, 0xDFFF, 0xFFFF, 0xFFFF, 0xFFFF, 0xFFFF, 0xFFFF, 0xFFFF,
  0xFFFF, 0xFFFF, 0xFFFF, 0xFFFF, 0xFFFF, 0xFFFF, 0xFFFF, 0xFFFF, 0xDFFF, 0xFFFF, 0xBCD6, 0xF139, 0xAF10, 0xCF10, 0xCF10, 0xAF10,
  0xAF10, 0xAF10, 0xAF10, 0xAF10, 0xAF10, 0xAF10, 0xAF10, 0xAF10, 0xAF10, 0xAF10, 0xAF10, 0xAF10, 0xAF10, 0xAF10, 0xAF10, 0xAF10,
  0xAF10, 0xAF10, 0xAF10, 0xAF10, 0xAF10, 0xCF10, 0xAF10, 0xAF10, 0xAF10, 0xAF10, 0xAF10, 0xAF10, 0xAF10, 0xAF10, 0xAF10, 0xAF10,
  0xAF10, 0xBCD6, 0xFFFF, 0xFFFF, 0x1DE7, 0xEF18, 0xAF10, 0xAF10, 0xAF10, 0xAF10, 0xAF10, 0xAF10, 0xCF10, 0xAF10, 0x9029, 0xBFF7,
  0xFFFF, 0xFFFF, 0xFFFF, 0xFFFF, 0xFFFF, 0xFFFF, 0xFFFF, 0xFFFF, 0xFFFF, 0xFFFF, 0xFFFF, 0xFFFF, 0xFFFF, 0xFFFF, 0xFFFF, 0xFFFF,
  0xFFFF, 0xFFFF, 0xFFFF, 0xFFFF, 0xFFFF, 0xFFFF, 0xFFFF, 0xFFFF, 0xFFFF, 0xFFFF, 0xFFFF, 0xFFFF, 0xFFFF, 0xFFFF, 0xFFFF, 0xFFFF,
  0xFFFF, 0xFFFF, 0xFFFF, 0xFFFF, 0xFFFF, 0xFFFF, 0xFFFF, 0xFFFF, 0x39A5, 0xEF18, 0xAF10, 0xCF10, 0xAF10, 0xAF10, 0xAF10, 0xAF10,
  0xAF10, 0xAF10, 0xAF10, 0xAF10, 0xAF10, 0xAF10, 0xAF10, 0xAF10, 0xAF10, 0xAF10, 0xAF10, 0xAF10, 0xAF10, 0xAF10, 0xAF10, 0xAF10,
  0xAF10, 0xAF10, 0xAF10, 0xCF10, 0xAF10, 0xEF18, 0x59AD, 0xFFFF, 0xFFFF, 0xFFFF, 0xFFFF, 0xFFFF, 0xFFFF, 0xFFFF, 0xFFFF, 0xFFFF,
  0xFFFF, 0xFFFF, 0xFFFF, 0xFFFF, 0xDFFF, 0xFFFF, 0x79AD, 0x0F19, 0xAF10, 0xCF10, 0xAF10, 0xAF10, 0xAF10, 0xAF10, 0xAF10, 0xAF10,
  0xAF10, 0xAF10, 0xAF10, 0xAF10, 0xAF10, 0xAF10, 0xAF10, 0xAF10, 0xAF10, 0xAF10, 0xAF10, 0xAF10, 0xAF10, 0xAF10, 0xAF10, 0xAF10,
  0xAF10, 0xCF10, 0xAF10, 0xEF18, 0x39A5, 0xFFFF, 0xFFFF, 0xFFFF, 0xFFFF, 0xFFFF, 0xFFFF, 0xFFFF, 0xFFFF, 0xFFFF, 0xFFFF, 0xFFFF,
  0xFFFF, 0xFFFF, 0xFFFF, 0x3EE7, 0x3EE7, 0xFFFF, 0xFFFF, 0xFFFF, 0xFFFF, 0xFFFF, 0xFFFF, 0xFFFF, 0xFFFF, 0xFFFF, 0xFFFF, 0xFFFF,
  0xFFFF, 0xFFFF, 0xFFFF, 0xFFFF, 0xFFFF, 0x5CCE, 0xF139, 0xAF10, 0xAF10, 0xCF10, 0xAF10, 0xAF10, 0xAF10, 0xAF10, 0xAF10, 0xAF10,
  0xAF10, 0xAF10, 0xAF10, 0xAF10, 0xAF10, 0xAF10, 0xAF10, 0xAF10, 0xAF10, 0xAF10, 0xAF10, 0xAF10, 0xAF10, 0xCF10, 0xAF10, 0xAF10,
  0xF239, 0x5CCE, 0xFFFF, 0xFFFF, 0xFFFF, 0xFFFF, 0xFFFF, 0xFFFF, 0xFFFF, 0xFFFF, 0xFFFF, 0xFFFF, 0xDFFF, 0xFFFF, 0x978C, 0xAF10,
  0xCF10, 0xAF10, 0xAF10, 0xAF10, 0xAF10, 0xAF10, 0xAF10, 0xAF10, 0x7029, 0xAF10, 0xAF10, 0xCF10, 0xCF10, 0xAF10, 0xAF10, 0xAF10,
  0xAF10, 0xAF10, 0xAF10, 0xAF10, 0xAF10, 0xAF10, 0xAF10, 0xAF10, 0xAF10, 0xAF10, 0xAF10, 0xAF10, 0xAF10, 0xAF10, 0xAF10, 0xCF10,
  0xCF10, 0xAF10, 0x0F19, 0xF89C, 0xFFFF, 0xFFFF, 0xFFFF, 0xFFFF, 0xFFFF, 0xFFFF, 0xFFFF, 0xFFFF, 0xFFFF, 0xFFFF, 0xFFFF, 0xFFFF,
  0xFFFF, 0xFFFF, 0xFFFF, 0xFFFF, 0xFFFF, 0xFFFF, 0xFFFF, 0x7EEF, 0x556B, 0xAF10, 0xAF10, 0xCF10, 0xCF10, 0xAF10, 0xAF10, 0xAF10,
  0xAF10, 0xAF10, 0xAF10, 0xAF10, 0xAF10, 0xAF10, 0xAF10, 0xAF10, 0xAF10, 0xAF10, 0xAF10, 0xAF10, 0xAF10, 0xAF10, 0xAF10, 0xCF10,
  0xCF10, 0xAF10, 0x0F19, 0x3021, 0xAF10, 0xAF10, 0xAF10, 0xAF10, 0xAF10, 0xAF10, 0xAF10, 0xAF10, 0xAF10, 0xBCD6, 0xFFFF, 0xFFFF,
  0x1DE7, 0xEF18, 0xAF10, 0xAF10, 0xAF10, 0xAF10, 0xAF10, 0xAF10, 0xCF10, 0xAF10, 0x9029, 0xBFF7, 0xFFFF, 0xFFFF, 0xFFFF, 0xFFFF,
  0xFFFF, 0xFFFF, 0xFFFF, 0xFFFF, 0xFFFF, 0xFFFF, 0xFFFF, 0xFFFF, 0xFFFF, 0xFFFF, 0xFFFF, 0xFFFF, 0xFFFF, 0xFFFF, 0xFFFF, 0xFFFF,
  0xFFFF, 0xFFFF, 0xFFFF, 0xFFFF, 0xFFFF, 0xFFFF, 0xFFFF, 0xFFFF, 0xFFFF, 0xFFFF, 0xFFFF, 0xFFFF, 0xFFFF, 0xFFFF, 0xFFFF, 0xFFFF,
  0xFFFF, 0xFFFF, 0xFFFF, 0xFFFF, 0xFFFF, 0x7CCE, 0x123A, 0xAF10, 0xAF10, 0xCF10, 0xAF10, 0xAF10, 0xAF10, 0xAF10, 0xAF10, 0xAF10,
  0xAF10, 0xAF10, 0xAF10, 0xAF10, 0xAF10, 0xAF10, 0xAF10, 0xAF10, 0xAF10, 0xAF10, 0xAF10, 0xAF10, 0xAF10, 0xCF10, 0xAF10, 0xAF10,
  0x3242, 0x9CD6, 0xFFFF, 0xFFFF, 0xFFFF, 0xFFFF, 0xFFFF, 0xFFFF, 0xFFFF, 0xFFFF, 0xFFFF, 0xFFFF, 0xFFFF, 0xFFFF, 0xFFFF, 0xFFFF,
  0xFFFF, 0xDFFF, 0xFFFF, 0x9CD6, 0x3242, 0xAF10, 0xAF10, 0xCF10, 0xAF10, 0xAF10, 0xAF10, 0xAF10, 0xAF10, 0xAF10, 0xAF10, 0xAF10,
  0xAF10, 0xAF10, 0xAF10, 0xAF10, 0xAF10, 0xAF10, 0xAF10, 0xAF10, 0xAF10, 0xAF10, 0xAF10, 0xCF10, 0xAF10, 0xAF10, 0x123A, 0x7CCE,
  0xFFFF, 0xFFFF, 0xFFFF, 0xFFFF, 0xFFFF, 0xFFFF, 0xFFFF, 0xFFFF, 0xFFFF, 0xFFFF, 0xFFFF, 0xFFFF, 0xFFFF, 0xFFFF, 0xFFFF, 0x3EE7,
  0x3EE7, 0xFFFF, 0xFFFF, 0xFFFF, 0xFFFF, 0xFFFF, 0xFFFF, 0xFFFF, 0xFFFF, 0xFFFF, 0xFFFF, 0xFFFF, 0xFFFF, 0xFFFF, 0xFFFF, 0xFFFF,
  0xFFFF, 0xFFFF, 0x9FF7, 0x3784, 0x0F19, 0xAF10, 0xAF10, 0xCF10, 0xCF10, 0xAF10, 0xAF10, 0xAF10, 0xAF10, 0xAF10, 0xAF10, 0xAF10,
  0xAF10, 0xAF10, 0xAF10, 0xAF10, 0xAF10, 0xAF10, 0xCF10, 0xCF10, 0xAF10, 0xAF10, 0x0F19, 0x5784, 0xBFF7, 0xFFFF, 0xFFFF, 0xFFFF,
  0xFFFF, 0xFFFF, 0xFFFF, 0xFFFF, 0xFFFF, 0xFFFF, 0xFFFF, 0xFFFF, 0xDFFF, 0xFFFF, 0x978C, 0xAF10, 0xCF10, 0xAF10, 0xAF10, 0xAF10,
  0xAF10, 0xAF10, 0xCF10, 0xAF10, 0x3784, 0xFBBD, 0xD131, 0xAF10, 0xAF10, 0xCF10, 0xCF10, 0xAF10, 0xAF10, 0xAF10, 0xAF10, 0xAF10,
  0xAF10, 0xAF10, 0xAF10, 0xAF10, 0xAF10, 0xAF10, 0xAF10, 0xAF10, 0xCF10, 0xCF10, 0xAF10, 0xAF10, 0xAF10, 0x145B, 0xDDDE, 0xFFFF,
  0xFFFF, 0xFFFF, 0xFFFF, 0xFFFF, 0xFFFF, 0xFFFF, 0xFFFF, 0xFFFF, 0xFFFF, 0xFFFF, 0xFFFF, 0xFFFF, 0xFFFF, 0xFFFF, 0xFFFF, 0xFFFF,
  0xFFFF, 0xFFFF, 0xFFFF, 0xFFFF, 0xFFFF, 0x9AB5, 0xD139, 0xAF10, 0xAF10, 0xCF10, 0xCF10, 0xAF10, 0xAF10, 0xAF10, 0xAF10, 0xAF10,
  0xAF10, 0xAF10, 0xAF10, 0xAF10, 0xAF10, 0xAF10, 0xAF10, 0xAF10, 0xCF10, 0xCF10, 0xAF10, 0xAF10, 0xAF10, 0xF45A, 0xDDDE, 0x3242,
  0xAF10, 0xCF10, 0xAF10, 0xAF10, 0xAF10, 0xAF10, 0xAF10, 0xAF10, 0xAF10, 0xBCD6, 0xFFFF, 0xFFFF, 0x1DE7, 0xEF18, 0xAF10, 0xAF10,
  0xAF10, 0xAF10, 0xAF10, 0xAF10, 0xCF10, 0xAF10, 0x9029, 0xBFF7, 0xFFFF, 0xFFFF, 0xFFFF, 0xFFFF, 0xFFFF, 0xFFFF, 0xFFFF, 0xFFFF,
  0xFFFF, 0xFFFF, 0xFFFF, 0xFFFF, 0xFFFF, 0xFFFF, 0xFFFF, 0xFFFF, 0xFFFF, 0xFFFF, 0xFFFF, 0xFFFF, 0xFFFF, 0xFFFF, 0xFFFF, 0xFFFF,
  0xFFFF, 0xFFFF, 0xFFFF, 0xFFFF, 0xFFFF, 0xFFFF, 0xFFFF, 0xFFFF, 0xFFFF, 0xFFFF, 0xFFFF, 0xFFFF, 0xFFFF, 0xFFFF, 0xFFFF, 0xFFFF,
  0xFFFF, 0xFFFF, 0xBFF7, 0x578C, 0x0F19, 0xAF10, 0xAF10, 0xCF10, 0xCF10, 0xAF10, 0xAF10, 0xAF10, 0xAF10, 0xAF10, 0xAF10, 0xAF10,
  0xAF10, 0xAF10, 0xAF10, 0xAF10, 0xAF10, 0xAF10, 0xCF10, 0xCF10, 0xAF10, 0xAF10, 0x3021, 0x978C, 0xDFFF, 0xFFFF, 0xFFFF, 0xFFFF,
  0xFFFF, 0xFFFF, 0xFFFF, 0xFFFF, 0xFFFF, 0xFFFF, 0xFFFF, 0xFFFF, 0xFFFF, 0xFFFF, 0xFFFF, 0xFFFF, 0xFFFF, 0xFFFF, 0xFFFF, 0xFFFF,
  0xDFFF, 0x978C, 0x3021, 0xAF10, 0xAF10, 0xCF10, 0xCF10, 0xAF10, 0xAF10, 0xAF10, 0xAF10, 0xAF10, 0xAF10, 0xAF10, 0xAF10, 0xAF10,
  0xAF10, 0xAF10, 0xAF10, 0xAF10, 0xCF10, 0xCF10, 0xAF10, 0xAF10, 0x0F19, 0x578C, 0xBFF7, 0xFFFF, 0xFFFF, 0xFFFF, 0xFFFF, 0xFFFF,
  0xFFFF, 0xFFFF, 0xFFFF, 0xFFFF, 0xFFFF, 0xFFFF, 0xFFFF, 0xFFFF, 0xFFFF, 0xFFFF, 0xFFFF, 0x3EE7, 0x3EE7, 0xFFFF, 0xFFFF, 0xFFFF,
  0xFFFF, 0xFFFF, 0xFFFF, 0xFFFF, 0xFFFF, 0xFFFF, 0xFFFF, 0xFFFF, 0xFFFF, 0xFFFF, 0xFFFF, 0xFFFF, 0xFFFF, 0xFFFF, 0xFFFF, 0xFFFF,
  0xDDDE, 0xB573, 0x3021, 0xAF10, 0xAF10, 0xAF10, 0xCF10, 0xCF10, 0xCF10, 0xCF10, 0xCF10, 0xCF10, 0xCF10, 0xCF10, 0xCF10, 0xCF10,
  0xCF10, 0xAF10, 0xAF10, 0xAF10, 0x3021, 0xB673, 0xFDDE, 0xFFFF, 0xFFFF, 0xFFFF, 0xFFFF, 0xFFFF, 0xFFFF, 0xFFFF, 0xFFFF, 0xFFFF,
  0xFFFF, 0xFFFF, 0xFFFF, 0xFFFF, 0xDFFF, 0xFFFF, 0x978C, 0xAF10, 0xCF10, 0xAF10, 0xAF10, 0xAF10, 0xAF10, 0xAF10, 0xCF10, 0xAF10,
  0x167C, 0xFFFF, 0x9FF7, 0xD89C, 0xD139, 0xAF10, 0xAF10, 0xAF10, 0xAF10, 0xCF10, 0xCF10, 0xCF10, 0xCF10, 0xCF10, 0xCF10, 0xCF10,
  0xCF10, 0xCF10, 0xCF10, 0xAF10, 0xAF10, 0xAF10, 0xCF10, 0xD352, 0xFBBD, 0xFFFF, 0xFFFF, 0xFFFF, 0xFFFF, 0xFFFF, 0xFFFF, 0xFFFF,
  0xFFFF, 0xFFFF, 0xFFFF, 0xFFFF, 0xFFFF, 0xFFFF, 0xFFFF, 0xFFFF, 0xFFFF, 0xFFFF, 0xFFFF, 0xFFFF, 0xFFFF, 0xFFFF, 0xFFFF, 0xFFFF,
  0xFFFF, 0xFFFF, 0xBFF7, 0xF89C, 0xD139, 0xAF10, 0xAF10, 0xAF10, 0xAF10, 0xCF10, 0xCF10, 0xCF10, 0xCF10, 0xCF10, 0xCF10, 0xCF10,
  0xCF10, 0xCF10, 0xCF10, 0xAF10, 0xAF10, 0xAF10, 0xAF10, 0xB352, 0xDBBD, 0xFFFF, 0xFFFF, 0xF139, 0xCF10, 0xCF10, 0xCF10, 0xCF10,
  0xCF10, 0xCF10, 0xCF10, 0xCF10, 0xCF10, 0xBCD6, 0xFFFF, 0xFFFF, 0x1DE7, 0x0F19, 0xCF10, 0xCF10, 0xCF10, 0xCF10, 0xCF10, 0xCF10,
  0xCF10, 0xCF10, 0x9129, 0xBFF7, 0xFFFF, 0xFFFF, 0xFFFF, 0xFFFF, 0xFFFF, 0xFFFF, 0xFFFF, 0xFFFF, 0xFFFF, 0xFFFF, 0xFFFF, 0xFFFF,
  0xFFFF, 0xFFFF, 0xFFFF, 0xFFFF, 0xFFFF, 0xFFFF, 0xFFFF, 0xFFFF, 0xFFFF, 0xFFFF, 0xFFFF, 0xFFFF, 0xFFFF, 0xFFFF, 0xFFFF, 0xFFFF,
  0xFFFF, 0xFFFF, 0xFFFF, 0xFFFF, 0xFFFF, 0xFFFF, 0xFFFF, 0xFFFF, 0xFFFF, 0xFFFF, 0xFFFF, 0xFFFF, 0xFFFF, 0xFFFF, 0xFFFF, 0xFFFF,
  0xFDDE, 0xD673, 0x3021, 0xAF10, 0xAF10, 0xAF10, 0xCF10, 0xCF10, 0xCF10, 0xCF10, 0xCF10, 0xCF10, 0xCF10, 0xCF10, 0xCF10, 0xCF10,
  0xCF10, 0xAF10, 0xAF10, 0xAF10, 0x7029, 0x167C, 0x3DE7, 0xFFFF, 0xFFFF, 0xFFFF, 0xFFFF, 0xFFFF, 0xFFFF, 0xFFFF, 0xFFFF, 0xFFFF,
  0xFFFF, 0xFFFF, 0xFFFF, 0xFFFF, 0xFFFF, 0xFFFF, 0xFFFF, 0xFFFF, 0xFFFF, 0xFFFF, 0xFFFF, 0xFFFF, 0xFFFF, 0xFFFF, 0x1DE7, 0xF67B,
  0x5021, 0xAF10, 0xAF10, 0xAF10, 0xCF10, 0xCF10, 0xCF10, 0xCF10, 0xCF10, 0xCF10, 0xCF10, 0xCF10, 0xCF10, 0xCF10, 0xCF10, 0xAF10,
  0xAF10, 0xAF10, 0x3021, 0xD673, 0xFDDE, 0xFFFF, 0xFFFF, 0xFFFF, 0xFFFF, 0xFFFF, 0xFFFF, 0xFFFF, 0xFFFF, 0xFFFF, 0xFFFF, 0xFFFF,
  0xFFFF, 0xFFFF, 0xFFFF, 0xFFFF, 0xFFFF, 0xFFFF, 0xFFFF, 0x3EE7, 0x3EE7, 0xFFFF, 0xFFFF, 0xFFFF, 0xFFFF, 0xFFFF, 0xFFFF, 0xFFFF,
  0xFFFF, 0xFFFF, 0xFFFF, 0xFFFF, 0xFFFF, 0xFFFF, 0xFFFF, 0xFFFF, 0xFFFF, 0xFFFF, 0xFFFF, 0xFFFF, 0xFFFF, 0xFFFF, 0x3EE7, 0xF89C,
  0xB352, 0x3021, 0xAF10, 0xAF10, 0xAF10, 0xAF10, 0xAF10, 0xAF10, 0xAF10, 0xAF10, 0xAF10, 0xAF10, 0xAF10, 0xEF18, 0x734A, 0xD894,
  0x3EE7, 0xFFFF, 0xFFFF, 0xFFFF, 0xFFFF, 0xFFFF, 0xFFFF, 0xFFFF, 0xFFFF, 0xFFFF, 0xFFFF, 0xFFFF, 0xFFFF, 0xFFFF, 0xFFFF, 0xFFFF,
  0xDFFF, 0xFFFF, 0x978C, 0xAF10, 0xCF10, 0xAF10, 0xAF10, 0xAF10, 0xAF10, 0xAF10, 0xCF10, 0xAF10, 0x1684, 0xFFFF, 0xFFFF, 0xFFFF,
  0xDFFF, 0xBAB5, 0x5563, 0x7029, 0xAF10, 0xAF10, 0xAF10, 0xAF10, 0xAF10, 0xAF10, 0xAF10, 0xAF10, 0xAF10, 0xAF10, 0xAF10, 0xCF10,
  0x123A, 0x1684, 0x9CD6, 0xFFFF, 0xFFFF, 0xFFFF, 0xFFFF, 0xFFFF, 0xFFFF, 0xFFFF, 0xFFFF, 0xFFFF, 0xFFFF, 0xFFFF, 0xFFFF, 0xFFFF,
  0xFFFF, 0xFFFF, 0xFFFF, 0xFFFF, 0xFFFF, 0xFFFF, 0xFFFF, 0xFFFF, 0xFFFF, 0xFFFF, 0xFFFF, 0xFFFF, 0xFFFF, 0xFFFF, 0xFFFF, 0xFFFF,
  0xDFFF, 0xBAB5, 0x5563, 0x9029, 0xAF10, 0xAF10, 0xAF10, 0xAF10, 0xAF10, 0xAF10, 0xAF10, 0xAF10, 0xAF10, 0xAF10, 0xAF10, 0xCF10,
  0xF239, 0x167C, 0x7CCE, 0xFFFF, 0xFFFF, 0xFFFF, 0xFFFF, 0xD131, 0xAF10, 0xAF10, 0xAF10, 0xAF10, 0xAF10, 0xAF10, 0xAF10, 0xAF10,
  0xAF10, 0x9CD6, 0xFFFF, 0xFFFF, 0x1DE7, 0xCF10, 0xAF10, 0xAF10, 0xAF10, 0xAF10, 0xAF10, 0xAF10, 0xAF10, 0xAF10, 0x5021, 0xBFF7,
  0xFFFF, 0xFFFF, 0xFFFF, 0xFFFF, 0xFFFF, 0xFFFF, 0xFFFF, 0xFFFF, 0xFFFF, 0xFFFF, 0xFFFF, 0xFFFF, 0xFFFF, 0xFFFF, 0xFFFF, 0xFFFF,
  0xFFFF, 0xFFFF, 0xFFFF, 0xFFFF, 0xFFFF, 0xFFFF, 0xFFFF, 0xFFFF, 0xFFFF, 0xFFFF, 0xFFFF, 0xFFFF, 0xFFFF, 0xFFFF, 0xFFFF, 0xFFFF,
  0xFFFF, 0xFFFF, 0xFFFF, 0xFFFF, 0xFFFF, 0xFFFF, 0xFFFF, 0xFFFF, 0xFFFF, 0xFFFF, 0xFFFF, 0xFFFF, 0xFFFF, 0xFFFF, 0x5EEF, 0xF89C,
  0xB352, 0x0F19, 0xAF10, 0xAF10, 0xAF10, 0xAF10, 0xAF10, 0xAF10, 0xAF10, 0xAF10, 0xAF10, 0xAF10, 0xAF10, 0x3021, 0xD352, 0x39A5,
  0x7EEF, 0xFFFF, 0xFFFF, 0xFFFF, 0xFFFF, 0xFFFF, 0xFFFF, 0xFFFF, 0xFFFF, 0xFFFF, 0xFFFF, 0xFFFF, 0xFFFF, 0xFFFF, 0xFFFF, 0xFFFF,
  0xFFFF, 0xFFFF, 0xFFFF, 0xFFFF, 0xFFFF, 0xFFFF, 0xFFFF, 0xFFFF, 0xFFFF, 0xFFFF, 0xFFFF, 0xFFFF, 0x5EEF, 0x199D, 0xB352, 0x3021,
  0xAF10, 0xAF10, 0xAF10, 0xAF10, 0xAF10, 0xAF10, 0xAF10, 0xAF10, 0xAF10, 0xAF10, 0xAF10, 0x0F19, 0xB352, 0xF89C, 0x5EEF, 0xFFFF,
  0xFFFF, 0xFFFF, 0xFFFF, 0xFFFF, 0xFFFF, 0xFFFF, 0xFFFF, 0xFFFF, 0xFFFF, 0xFFFF, 0xFFFF, 0xFFFF, 0xFFFF, 0xFFFF, 0xFFFF, 0xFFFF,
  0xFFFF, 0xFFFF, 0xFFFF, 0x3EE7, 0x3EE7, 0xFFFF, 0xFFFF, 0xFFFF, 0xFFFF, 0xFFFF, 0xFFFF, 0xFFFF, 0xFFFF, 0xFFFF, 0xFFFF, 0xFFFF,
  0xFFFF, 0xFFFF, 0xFFFF, 0xFFFF, 0xFFFF, 0xFFFF, 0xFFFF, 0xFFFF, 0xFFFF, 0xFFFF, 0xFFFF, 0xFFFF, 0xFFFF, 0x5EEF, 0x1BC6, 0xD894,
  0xB673, 0xF45A, 0x734A, 0x3242, 0x3242, 0x734A, 0x1463, 0x3784, 0x9AAD, 0x1DDF, 0xFFFF, 0xFFFF, 0xFFFF, 0xFFFF, 0xFFFF, 0xFFFF,
  0xFFFF, 0xFFFF, 0xFFFF, 0xFFFF, 0xFFFF, 0xFFFF, 0xFFFF, 0xFFFF, 0xFFFF, 0xFFFF, 0xFFFF, 0xFFFF, 0xDFFF, 0xFFFF, 0x978C, 0xAF10,
  0xCF10, 0xAF10, 0xAF10, 0xAF10, 0xAF10, 0xAF10, 0xCF10, 0xAF10, 0x1684, 0xFFFF, 0xDFFF, 0xFFFF, 0xFFFF, 0xFFFF, 0xFFFF, 0x9EF7,
  0x5BC6, 0xD89C, 0xB673, 0xF45A, 0x724A, 0x3242, 0x3242, 0x934A, 0x3463, 0x1684, 0x59AD, 0xDDDE, 0xFFFF, 0xFFFF, 0xFFFF, 0xFFFF,
  0xFFFF, 0xFFFF, 0xFFFF, 0xFFFF, 0xFFFF, 0xFFFF, 0xFFFF, 0xFFFF, 0xFFFF, 0xFFFF, 0xFFFF, 0xFFFF, 0xFFFF, 0xFFFF, 0xFFFF, 0xFFFF,
  0xFFFF, 0xFFFF, 0xFFFF, 0xFFFF, 0xFFFF, 0xFFFF, 0xFFFF, 0xFFFF, 0xFFFF, 0xFFFF, 0xFFFF, 0xFFFF, 0xFFFF, 0xFFFF, 0xFFFF, 0x9FF7,
  0x5BC6, 0xD89C, 0xB673, 0xD45A, 0x724A, 0x3242, 0x3242, 0x934A, 0x3463, 0x1684, 0x59AD, 0xDDD6, 0xFFFF, 0xFFFF, 0xFFFF, 0xFFFF,
  0xDFFF, 0xFFFF, 0xFFFF, 0xD45A, 0xB131, 0xD131, 0xD131, 0xD131, 0xD131, 0xD131, 0xD131, 0xD131, 0xD131, 0xDDDE, 0xFFFF, 0xFFFF,
  0x3EE7, 0x123A, 0xD131, 0xD139, 0xD131, 0xD131, 0xD131, 0xD131, 0xD139, 0xD131, 0x934A, 0xBFF7, 0xFFFF, 0xFFFF, 0xFFFF, 0xFFFF,
  0xFFFF, 0xFFFF, 0xFFFF, 0xFFFF, 0xFFFF, 0xFFFF, 0xFFFF, 0xFFFF, 0xFFFF, 0xFFFF, 0xFFFF, 0xFFFF, 0xFFFF, 0xFFFF, 0xFFFF, 0xFFFF,
  0xFFFF, 0xFFFF, 0xFFFF, 0xFFFF, 0xFFFF, 0xFFFF, 0xFFFF, 0xFFFF, 0xFFFF, 0xFFFF, 0xFFFF, 0xFFFF, 0xFFFF, 0xFFFF, 0xFFFF, 0xFFFF,
  0xFFFF, 0xFFFF, 0xFFFF, 0xFFFF, 0xFFFF, 0xFFFF, 0xFFFF, 0xFFFF, 0xFFFF, 0xFFFF, 0xFFFF, 0xFFFF, 0xFFFF, 0x3EE7, 0xDABD, 0x778C,
  0x756B, 0xB352, 0x5242, 0x3242, 0x5242, 0xB352, 0x956B, 0x9894, 0xFBBD, 0x5EEF, 0xFFFF, 0xFFFF, 0xFFFF, 0xFFFF, 0xFFFF, 0xFFFF,
  0xFFFF, 0xFFFF, 0xFFFF, 0xFFFF, 0xFFFF, 0xFFFF, 0xFFFF, 0xFFFF, 0xFFFF, 0xFFFF, 0xFFFF, 0xFFFF, 0xFFFF, 0xFFFF, 0xFFFF, 0xFFFF,
  0xFFFF, 0xFFFF, 0xFFFF, 0xFFFF, 0xFFFF, 0xFFFF, 0xFFFF, 0xFFFF, 0xFFFF, 0xFFFF, 0xFFFF, 0x5EEF, 0xDBBD, 0x978C, 0x756B, 0xB352,
  0x5242, 0x3242, 0x5242, 0xB352, 0x756B, 0x778C, 0xDABD, 0x3EE7, 0xFFFF, 0xFFFF, 0xFFFF, 0xFFFF, 0xFFFF, 0xFFFF, 0xFFFF, 0xFFFF,
  0xFFFF, 0xFFFF, 0xFFFF, 0xFFFF, 0xFFFF, 0xFFFF, 0xFFFF, 0xFFFF, 0xFFFF, 0xFFFF, 0xFFFF, 0xFFFF, 0xFFFF, 0xFFFF, 0xFFFF, 0x3EE7,
  0x3EE7, 0xFFFF, 0xFFFF, 0xFFFF, 0xFFFF, 0xFFFF, 0xFFFF, 0xFFFF, 0xFFFF, 0xFFFF, 0xFFFF, 0xFFFF, 0xFFFF, 0xFFFF, 0xFFFF, 0xFFFF,
  0xFFFF, 0xFFFF, 0xFFFF, 0xFFFF, 0xFFFF, 0xFFFF, 0xFFFF, 0xDFFF, 0xFFFF, 0xFFFF, 0xFFFF, 0xFFFF, 0xFFFF, 0xFFFF, 0xFFFF, 0xFFFF,
  0xFFFF, 0xFFFF, 0xFFFF, 0xFFFF, 0xFFFF, 0xFFFF, 0xFFFF, 0xDFFF, 0xFFFF, 0xFFFF, 0xFFFF, 0xFFFF, 0xFFFF, 0xFFFF, 0xFFFF, 0xFFFF,
  0xFFFF, 0xFFFF, 0xFFFF, 0xFFFF, 0xFFFF, 0xFFFF, 0xFFFF, 0xFFFF, 0xDFFF, 0xFFFF, 0x978C, 0xAF10, 0xCF10, 0xAF10, 0xAF10, 0xAF10,
  0xAF10, 0xAF10, 0xCF10, 0xAF10, 0x1684, 0xFFFF, 0xDFFF, 0xFFFF, 0xFFFF, 0xFFFF, 0xFFFF, 0xFFFF, 0xFFFF, 0xFFFF, 0xFFFF, 0xFFFF,
  0xFFFF, 0xFFFF, 0xFFFF, 0xFFFF, 0xFFFF, 0xFFFF, 0xFFFF, 0xFFFF, 0xFFFF, 0xDFFF, 0xFFFF, 0xFFFF, 0xFFFF, 0xFFFF, 0xFFFF, 0xFFFF,
  0xFFFF, 0xFFFF, 0xFFFF, 0xFFFF, 0xFFFF, 0xFFFF, 0xFFFF, 0xFFFF, 0xFFFF, 0xFFFF, 0xFFFF, 0xFFFF, 0xFFFF, 0xFFFF, 0xFFFF, 0xFFFF,
  0xFFFF, 0xFFFF, 0xFFFF, 0xFFFF, 0xFFFF, 0xFFFF, 0xFFFF, 0xFFFF, 0xFFFF, 0xFFFF, 0xFFFF, 0xFFFF, 0xFFFF, 0xFFFF, 0xFFFF, 0xFFFF,
  0xFFFF, 0xFFFF, 0xFFFF, 0xFFFF, 0xFFFF, 0xFFFF, 0xFFFF, 0xFFFF, 0xFFFF, 0xDFFF, 0xFFFF, 0xFFFF, 0xFFFF, 0xFFFF, 0xFFFF, 0xDFFF,
  0xDFFF, 0xDFFF, 0xDFFF, 0xDFFF, 0xDFFF, 0xDFFF, 0xDFFF, 0xDFFF, 0xDFFF, 0xFFFF, 0xFFFF, 0xFFFF, 0xFFFF, 0xDFFF, 0xDFFF, 0xDFFF,
  0xDFFF, 0xDFFF, 0xDFFF, 0xDFFF, 0xDFFF, 0xDFFF, 0xDFFF, 0xFFFF, 0xFFFF, 0xFFFF, 0xFFFF, 0xFFFF, 0xFFFF, 0xFFFF, 0xFFFF, 0xFFFF,
  0xFFFF, 0xFFFF, 0xFFFF, 0xFFFF, 0xFFFF, 0xFFFF, 0xFFFF, 0xFFFF, 0xFFFF, 0xFFFF, 0xFFFF, 0xFFFF, 0xFFFF, 0xFFFF, 0xFFFF, 0xFFFF,
  0xFFFF, 0xFFFF, 0xFFFF, 0xFFFF, 0xFFFF, 0xFFFF, 0xFFFF, 0xFFFF, 0xFFFF, 0xFFFF, 0xFFFF, 0xFFFF, 0xFFFF, 0xFFFF, 0xFFFF, 0xFFFF,
  0xFFFF, 0xFFFF, 0xFFFF, 0xFFFF, 0xFFFF, 0xFFFF, 0xFFFF, 0xDFFF, 0xFFFF, 0xFFFF, 0xFFFF, 0xFFFF, 0xFFFF, 0xFFFF, 0xFFFF, 0xFFFF,
  0xFFFF, 0xFFFF, 0xFFFF, 0xFFFF, 0xFFFF, 0xFFFF, 0xFFFF, 0xFFFF, 0xFFFF, 0xFFFF, 0xFFFF, 0xFFFF, 0xFFFF, 0xFFFF, 0xFFFF, 0xFFFF,
  0xFFFF, 0xFFFF, 0xFFFF, 0xFFFF, 0xFFFF, 0xFFFF, 0xFFFF, 0xFFFF, 0xFFFF, 0xFFFF, 0xFFFF, 0xFFFF, 0xFFFF, 0xFFFF, 0xFFFF, 0xFFFF,
  0xFFFF, 0xFFFF, 0xFFFF, 0xFFFF, 0xFFFF, 0xDFFF, 0xFFFF, 0xFFFF, 0xFFFF, 0xFFFF, 0xFFFF, 0xFFFF, 0xFFFF, 0xFFFF, 0xFFFF, 0xFFFF,
  0xFFFF, 0xFFFF, 0xFFFF, 0xFFFF, 0xFFFF, 0xDFFF, 0xFFFF, 0xFFFF, 0xFFFF, 0xFFFF, 0xFFFF, 0xFFFF, 0xFFFF, 0xFFFF, 0xFFFF, 0xFFFF,
  0xFFFF, 0xFFFF, 0xFFFF, 0xFFFF, 0xFFFF, 0xFFFF, 0xFFFF, 0xFFFF, 0xFFFF, 0xFFFF, 0xFFFF, 0x3EE7, 0x3EE7, 0xFFFF, 0xFFFF, 0xFFFF,
  0xFFFF, 0xFFFF, 0xFFFF, 0xFFFF, 0xFFFF, 0xFFFF, 0xFFFF, 0xFFFF, 0xFFFF, 0xFFFF, 0xFFFF, 0xFFFF, 0xFFFF, 0xFFFF, 0xFFFF, 0xFFFF,
  0xFFFF, 0xFFFF, 0xFFFF, 0xFFFF, 0xFFFF, 0xFFFF, 0xFFFF, 0xDFFF, 0xDFFF, 0xFFFF, 0xFFFF, 0xFFFF, 0xFFFF, 0xFFFF, 0xFFFF, 0xDFFF,
  0xFFFF, 0xFFFF, 0xFFFF, 0xFFFF, 0xFFFF, 0xFFFF, 0xFFFF, 0xFFFF, 0xFFFF, 0xFFFF, 0xFFFF, 0xFFFF, 0xFFFF, 0xFFFF, 0xFFFF, 0xFFFF,
  0xFFFF, 0xFFFF, 0xFFFF, 0xFFFF, 0xDFFF, 0xFFFF, 0x978C, 0xAF10, 0xCF10, 0xAF10, 0xAF10, 0xAF10, 0xAF10, 0xAF10, 0xCF10, 0xAF10,
  0x1684, 0xFFFF, 0xDFFF, 0xFFFF, 0xFFFF, 0xFFFF, 0xFFFF, 0xFFFF, 0xFFFF, 0xDFFF, 0xDFFF, 0xFFFF, 0xFFFF, 0xFFFF, 0xFFFF, 0xFFFF,
  0xFFFF, 0xDFFF, 0xDFFF, 0xFFFF, 0xFFFF, 0xFFFF, 0xFFFF, 0xFFFF, 0xFFFF, 0xFFFF, 0xFFFF, 0xFFFF, 0xFFFF, 0xFFFF, 0xFFFF, 0xFFFF,
  0xFFFF, 0xFFFF, 0xFFFF, 0xFFFF, 0xFFFF, 0xFFFF, 0xFFFF, 0xFFFF, 0xFFFF, 0xFFFF, 0xFFFF, 0xFFFF, 0xFFFF, 0xFFFF, 0xFFFF, 0xFFFF,
  0xFFFF, 0xFFFF, 0xFFFF, 0xFFFF, 0xFFFF, 0xFFFF, 0xFFFF, 0xFFFF, 0xFFFF, 0xDFFF, 0xDFFF, 0xFFFF, 0xFFFF, 0xFFFF, 0xFFFF, 0xFFFF,
  0xFFFF, 0xDFFF, 0xDFFF, 0xFFFF, 0xFFFF, 0xFFFF, 0xFFFF, 0xFFFF, 0xFFFF, 0xFFFF, 0xFFFF, 0xFFFF, 0xFFFF, 0xFFFF, 0xFFFF, 0xFFFF,
  0xFFFF, 0xFFFF, 0xFFFF, 0xFFFF, 0xFFFF, 0xFFFF, 0xFFFF, 0xFFFF, 0xFFFF, 0xFFFF, 0xFFFF, 0xFFFF, 0xFFFF, 0xFFFF, 0xFFFF, 0xFFFF,
  0xFFFF, 0xFFFF, 0xFFFF, 0xFFFF, 0xFFFF, 0xFFFF, 0xFFFF, 0xFFFF, 0xFFFF, 0xFFFF, 0xFFFF, 0xFFFF, 0xFFFF, 0xFFFF, 0xFFFF, 0xFFFF,
  0xFFFF, 0xFFFF, 0xFFFF, 0xFFFF, 0xFFFF, 0xFFFF, 0xFFFF, 0xFFFF, 0xFFFF, 0xFFFF, 0xFFFF, 0xFFFF, 0xFFFF, 0xFFFF, 0xFFFF, 0xFFFF,
  0xFFFF, 0xFFFF, 0xFFFF, 0xFFFF, 0xFFFF, 0xFFFF, 0xFFFF, 0xFFFF, 0xFFFF, 0xFFFF, 0xFFFF, 0xFFFF, 0xFFFF, 0xFFFF, 0xFFFF, 0xFFFF,
  0xFFFF, 0xFFFF, 0xFFFF, 0xFFFF, 0xFFFF, 0xFFFF, 0xFFFF, 0xDFFF, 0xFFFF, 0xFFFF, 0xFFFF, 0xFFFF, 0xFFFF, 0xFFFF, 0xFFFF, 0xDFFF,
  0xFFFF, 0xFFFF, 0xFFFF, 0xFFFF, 0xFFFF, 0xFFFF, 0xFFFF, 0xFFFF, 0xFFFF, 0xFFFF, 0xFFFF, 0xFFFF, 0xFFFF, 0xFFFF, 0xFFFF, 0xFFFF,
  0xFFFF, 0xFFFF, 0xFFFF, 0xFFFF, 0xFFFF, 0xFFFF, 0xFFFF, 0xFFFF, 0xFFFF, 0xFFFF, 0xFFFF, 0xFFFF, 0xFFFF, 0xFFFF, 0xFFFF, 0xFFFF,
  0xFFFF, 0xFFFF, 0xFFFF, 0xFFFF, 0xFFFF, 0xDFFF, 0xFFFF, 0xFFFF, 0xFFFF, 0xFFFF, 0xFFFF, 0xFFFF, 0xFFFF, 0xDFFF, 0xFFFF, 0xFFFF,
  0xFFFF, 0xFFFF, 0xFFFF, 0xFFFF, 0xFFFF, 0xFFFF, 0xFFFF, 0xFFFF, 0xFFFF, 0xFFFF, 0xFFFF, 0xFFFF, 0xFFFF, 0xFFFF, 0xFFFF, 0xFFFF,
  0xFFFF, 0xFFFF, 0xFFFF, 0xFFFF, 0xFFFF, 0xFFFF, 0xFFFF, 0x3EE7, 0x3EE7, 0xFFFF, 0xFFFF, 0xFFFF, 0xFFFF, 0xFFFF, 0xFFFF, 0xFFFF,
  0xFFFF, 0xDFFF, 0xDFFF, 0xDFFF, 0xDFFF, 0xDFFF, 0xDFFF, 0xDFFF, 0xDFFF, 0xDFFF, 0xDFFF, 0xDFFF, 0xDFFF, 0xDFFF, 0xDFFF, 0xDFFF,
  0xDFFF, 0xDFFF, 0xDFFF, 0xDFFF, 0xDFFF, 0xDFFF, 0xDFFF, 0xDFFF, 0xDFFF, 0xDFFF, 0xDFFF, 0xDFFF, 0xDFFF, 0xDFFF, 0xDFFF, 0xDFFF,
  0xDFFF, 0xDFFF, 0xDFFF, 0xDFFF, 0xDFFF, 0xDFFF, 0xDFFF, 0xDFFF, 0xDFFF, 0xDFFF, 0xDFFF, 0xDFFF, 0xDFFF, 0xDFFF, 0xFFFF, 0xFFFF,
  0xDFFF, 0xFFFF, 0x978C, 0xAF10, 0xCF10, 0xAF10, 0xAF10, 0xAF10, 0xAF10, 0xAF10, 0xCF10, 0xAF10, 0x1684, 0xFFFF, 0xDFFF, 0xFFFF,
  0xFFFF, 0xDFFF, 0xDFFF, 0xDFFF, 0xDFFF, 0xDFFF, 0xDFFF, 0xDFFF, 0xDFFF, 0xDFFF, 0xDFFF, 0xDFFF, 0xDFFF, 0xDFFF, 0xDFFF, 0xDFFF,
  0xDFFF, 0xDFFF, 0xDFFF, 0xDFFF, 0xDFFF, 0xDFFF, 0xDFFF, 0xDFFF, 0xDFFF, 0xDFFF, 0xDFFF, 0xDFFF, 0xDFFF, 0xDFFF, 0xDFFF, 0xDFFF,
  0xDFFF, 0xDFFF, 0xDFFF, 0xDFFF, 0xDFFF, 0xDFFF, 0xDFFF, 0xDFFF, 0xDFFF, 0xDFFF, 0xDFFF, 0xDFFF, 0xDFFF, 0xDFFF, 0xDFFF, 0xDFFF,
  0xDFFF, 0xDFFF, 0xDFFF, 0xDFFF, 0xDFFF, 0xDFFF, 0xDFFF, 0xDFFF, 0xDFFF, 0xDFFF, 0xDFFF, 0xDFFF, 0xDFFF, 0xDFFF, 0xDFFF, 0xDFFF,
  0xDFFF, 0xDFFF, 0xDFFF, 0xDFFF, 0xDFFF, 0xDFFF, 0xDFFF, 0xDFFF, 0xDFFF, 0xDFFF, 0xDFFF, 0xDFFF, 0xDFFF, 0xDFFF, 0xDFFF, 0xDFFF,
  0xDFFF, 0xDFFF, 0xDFFF, 0xDFFF, 0xDFFF, 0xDFFF, 0xDFFF, 0xDFFF, 0xDFFF, 0xDFFF, 0xDFFF, 0xDFFF, 0xDFFF, 0xDFFF, 0xDFFF, 0xDFFF,
  0xDFFF, 0xDFFF, 0xDFFF, 0xDFFF, 0xDFFF, 0xDFFF, 0xDFFF, 0xDFFF, 0xDFFF, 0xDFFF, 0xDFFF, 0xDFFF, 0xDFFF, 0xDFFF, 0xDFFF, 0xDFFF,
  0xDFFF, 0xDFFF, 0xDFFF, 0xDFFF, 0xDFFF, 0xDFFF, 0xDFFF, 0xDFFF, 0xDFFF, 0xDFFF, 0xDFFF, 0xDFFF, 0xDFFF, 0xDFFF, 0xDFFF, 0xDFFF,
  0xDFFF, 0xDFFF, 0xDFFF, 0xDFFF, 0xDFFF, 0xDFFF, 0xDFFF, 0xDFFF, 0xDFFF, 0xDFFF, 0xDFFF, 0xDFFF, 0xDFFF, 0xDFFF, 0xDFFF, 0xDFFF,
  0xDFFF, 0xDFFF, 0xDFFF, 0xDFFF, 0xDFFF, 0xDFFF, 0xDFFF, 0xDFFF, 0xDFFF, 0xDFFF, 0xDFFF, 0xDFFF, 0xDFFF, 0xDFFF, 0xDFFF, 0xDFFF,
  0xDFFF, 0xDFFF, 0xDFFF, 0xDFFF, 0xDFFF, 0xDFFF, 0xDFFF, 0xDFFF, 0xDFFF, 0xDFFF, 0xDFFF, 0xDFFF, 0xDFFF, 0xDFFF, 0xDFFF, 0xDFFF,
  0xDFFF, 0xDFFF, 0xDFFF, 0xDFFF, 0xDFFF, 0xDFFF, 0xDFFF, 0xDFFF, 0xDFFF, 0xDFFF, 0xDFFF, 0xDFFF, 0xDFFF, 0xDFFF, 0xDFFF, 0xDFFF,
  0xDFFF, 0xDFFF, 0xDFFF, 0xDFFF, 0xDFFF, 0xDFFF, 0xDFFF, 0xDFFF, 0xDFFF, 0xDFFF, 0xDFFF, 0xDFFF, 0xDFFF, 0xDFFF, 0xDFFF, 0xDFFF,
  0xDFFF, 0xDFFF, 0xDFFF, 0xDFFF, 0xDFFF, 0xDFFF, 0xDFFF, 0xDFFF, 0xDFFF, 0xDFFF, 0xDFFF, 0xDFFF, 0xFFFF, 0xFFFF, 0xFFFF, 0xFFFF,
  0xFFFF, 0xFFFF, 0xFFFF, 0x3EE7, 0x3EE7, 0xFFFF, 0xFFFF, 0xFFFF, 0xFFFF, 0xFFFF, 0xFFFF, 0xFFFF, 0xFFFF, 0xFFFF, 0xFFFF, 0xFFFF,
  0xFFFF, 0xFFFF, 0xFFFF, 0xFFFF, 0xFFFF, 0xFFFF, 0xFFFF, 0xFFFF, 0xFFFF, 0xFFFF, 0xFFFF, 0xFFFF, 0xFFFF, 0xFFFF, 0xFFFF, 0xFFFF,
  0xFFFF, 0xFFFF, 0xFFFF, 0xFFFF, 0xFFFF, 0xFFFF, 0xFFFF, 0xFFFF, 0xFFFF, 0xFFFF, 0xFFFF, 0xFFFF, 0xFFFF, 0xFFFF, 0xFFFF, 0xFFFF,
  0xFFFF, 0xFFFF, 0xFFFF, 0xFFFF, 0xFFFF, 0xFFFF, 0xFFFF, 0xFFFF, 0xFFFF, 0xFFFF, 0xFFFF, 0xFFFF, 0xDFFF, 0xFFFF, 0x978C, 0xAF10,
  0xCF10, 0xAF10, 0xAF10, 0xAF10, 0xAF10, 0xAF10, 0xCF10, 0xAF10, 0x1684, 0xFFFF, 0xDFFF, 0xFFFF, 0xFFFF, 0xFFFF, 0xFFFF, 0xFFFF,
  0xFFFF, 0xFFFF, 0xFFFF, 0xFFFF, 0xFFFF, 0xFFFF, 0xFFFF, 0xFFFF, 0xFFFF, 0xFFFF, 0xFFFF, 0xFFFF, 0xFFFF, 0xFFFF, 0xFFFF, 0xFFFF,
  0xFFFF, 0xFFFF, 0xFFFF, 0xFFFF, 0xFFFF, 0xFFFF, 0xFFFF, 0xFFFF, 0xFFFF, 0xFFFF, 0xFFFF, 0xFFFF, 0xFFFF, 0xFFFF, 0xFFFF, 0xFFFF,
  0xFFFF, 0xFFFF, 0xFFFF, 0xFFFF, 0xFFFF, 0xFFFF, 0xFFFF, 0xFFFF, 0xFFFF, 0xFFFF, 0xFFFF, 0xFFFF, 0xFFFF, 0xFFFF, 0xFFFF, 0xFFFF,
  0xFFFF, 0xFFFF, 0xFFFF, 0xFFFF, 0xFFFF, 0xFFFF, 0xFFFF, 0xFFFF, 0xFFFF, 0xFFFF, 0xFFFF, 0xFFFF, 0xFFFF, 0xFFFF, 0xFFFF, 0xFFFF,
  0xFFFF, 0xFFFF, 0xFFFF, 0xFFFF, 0xFFFF, 0xFFFF, 0xFFFF, 0xFFFF, 0xFFFF, 0xFFFF, 0xFFFF, 0xFFFF, 0xFFFF, 0xFFFF, 0xFFFF, 0xFFFF,
  0xFFFF, 0xFFFF, 0xFFFF, 0xFFFF, 0xFFFF, 0xFFFF, 0xFFFF, 0xFFFF, 0xFFFF, 0xFFFF, 0xFFFF, 0xFFFF, 0xFFFF, 0xFFFF, 0xFFFF, 0xFFFF,
  0xFFFF, 0xFFFF, 0xFFFF, 0xFFFF, 0xFFFF, 0xFFFF, 0xFFFF, 0xFFFF, 0xFFFF, 0xFFFF, 0xFFFF, 0xFFFF, 0xFFFF, 0xFFFF, 0xFFFF, 0xFFFF,
  0xFFFF, 0xFFFF, 0xFFFF, 0xFFFF, 0xFFFF, 0xFFFF, 0xFFFF, 0xFFFF, 0xFFFF, 0xFFFF, 0xFFFF, 0xFFFF, 0xFFFF, 0xFFFF, 0xFFFF, 0xFFFF,
  0xFFFF, 0xFFFF, 0xFFFF, 0xFFFF, 0xFFFF, 0xFFFF, 0xFFFF, 0xFFFF, 0xFFFF, 0xFFFF, 0xFFFF, 0xFFFF, 0xFFFF, 0xFFFF, 0xFFFF, 0xFFFF,
  0xFFFF, 0xFFFF, 0xFFFF, 0xFFFF, 0xFFFF, 0xFFFF, 0xFFFF, 0xFFFF, 0xFFFF, 0xFFFF, 0xFFFF, 0xFFFF, 0xFFFF, 0xFFFF, 0xFFFF, 0xFFFF,
  0xFFFF, 0xFFFF, 0xFFFF, 0xFFFF, 0xFFFF, 0xFFFF, 0xFFFF, 0xFFFF, 0xFFFF, 0xFFFF, 0xFFFF, 0xFFFF, 0xFFFF, 0xFFFF, 0xFFFF, 0xFFFF,
  0xFFFF, 0xFFFF, 0xFFFF, 0xFFFF, 0xFFFF, 0xFFFF, 0xFFFF, 0xFFFF, 0xFFFF, 0xFFFF, 0xFFFF, 0xFFFF, 0xFFFF, 0xFFFF, 0xFFFF, 0xFFFF,
  0xFFFF, 0xFFFF, 0xFFFF, 0xFFFF, 0xFFFF, 0xFFFF, 0xFFFF, 0xFFFF, 0xFFFF, 0xFFFF, 0xFFFF, 0xFFFF, 0xFFFF, 0xFFFF, 0xFFFF, 0xFFFF,
  0xFFFF, 0xFFFF, 0xFFFF, 0xFFFF, 0xFFFF, 0xFFFF, 0xFFFF, 0xFFFF, 0xFFFF, 0xFFFF, 0xFFFF, 0xFFFF, 0xFFFF, 0xFFFF, 0xFFFF, 0x3EE7,
  0x3EE7, 0xFFFF, 0xFFFF, 0xFFFF, 0xFFFF, 0xFFFF, 0xFFFF, 0xFFFF, 0x5EEF, 0x578C, 0x578C, 0x578C, 0x578C, 0x578C, 0x578C, 0x578C,
  0x578C, 0x578C, 0x578C, 0x578C, 0x578C, 0x578C, 0x578C, 0x578C, 0x578C, 0x578C, 0x578C, 0x578C, 0x578C, 0x578C, 0x578C, 0x578C,
  0x578C, 0x578C, 0x578C, 0x578C, 0x578C, 0x578C, 0x578C, 0x578C, 0x578C, 0x578C, 0x578C, 0x578C, 0x578C, 0x578C, 0x578C, 0x578C,
  0x578C, 0x578C, 0x578C, 0x578C, 0x778C, 0x3784, 0x9AAD, 0xFFFF, 0xDFFF, 0xFFFF, 0x978C, 0xAF10, 0xCF10, 0xAF10, 0xAF10, 0xAF10,
  0xAF10, 0xAF10, 0xCF10, 0xAF10, 0x1684, 0xFFFF, 0xDFFF, 0xFFFF, 0xBAB5, 0x3784, 0x778C, 0x578C, 0x578C, 0x578C, 0x578C, 0x578C,
  0x578C, 0x578C, 0x578C, 0x578C, 0x578C, 0x578C, 0x578C, 0x578C, 0x578C, 0x578C, 0x578C, 0x578C, 0x578C, 0x578C, 0x578C, 0x578C,
  0x578C, 0x578C, 0x578C, 0x578C, 0x578C, 0x578C, 0x578C, 0x578C, 0x578C, 0x578C, 0x578C, 0x578C, 0x578C, 0x578C, 0x578C, 0x578C,
  0x578C, 0x578C, 0x578C, 0x578C, 0x578C, 0x578C, 0x578C, 0x578C, 0x578C, 0x578C, 0x578C, 0x578C, 0x578C, 0x578C, 0x578C, 0x578C,
  0x578C, 0x578C, 0x578C, 0x578C, 0x578C, 0x578C, 0x578C, 0x578C, 0x578C, 0x578C, 0x578C, 0x578C, 0x578C, 0x578C, 0x578C, 0x578C,
  0x578C, 0x578C, 0x578C, 0x578C, 0x578C, 0x578C, 0x578C, 0x578C, 0x578C, 0x578C, 0x578C, 0x578C, 0x578C, 0x578C, 0x578C, 0x578C,
  0x578C, 0x578C, 0x578C, 0x578C, 0x578C, 0x578C, 0x578C, 0x578C, 0x578C, 0x578C, 0x578C, 0x578C, 0x578C, 0x578C, 0x578C, 0x578C,
  0x578C, 0x578C, 0x578C, 0x578C, 0x578C, 0x578C, 0x578C, 0x578C, 0x578C, 0x578C, 0x578C, 0x578C, 0x578C, 0x578C, 0x578C, 0x578C,
  0x578C, 0x578C, 0x578C, 0x578C, 0x578C, 0x578C, 0x578C, 0x578C, 0x578C, 0x578C, 0x578C, 0x578C, 0x578C, 0x578C, 0x578C, 0x578C,
  0x578C, 0x578C, 0x578C, 0x578C, 0x578C, 0x578C, 0x578C, 0x578C, 0x578C, 0x578C, 0x578C, 0x578C, 0x578C, 0x578C, 0x578C, 0x578C,
  0x578C, 0x578C, 0x578C, 0x578C, 0x578C, 0x578C, 0x578C, 0x578C, 0x578C, 0x578C, 0x578C, 0x578C, 0x578C, 0x578C, 0x578C, 0x578C,
  0x578C, 0x578C, 0x578C, 0x578C, 0x578C, 0x578C, 0x578C, 0x578C, 0x578C, 0x578C, 0x578C, 0x578C, 0x578C, 0x578C, 0x578C, 0x578C,
  0x578C, 0x578C, 0x578C, 0x578C, 0x578C, 0x578C, 0x578C, 0x578C, 0x578C, 0x578C, 0x578C, 0x578C, 0x578C, 0x578C, 0x578C, 0x578C,
  0x578C, 0x578C, 0x578C, 0x578C, 0x578C, 0x578C, 0x578C, 0x578C, 0x578C, 0x578C, 0x578C, 0x578C, 0x578C, 0x578C, 0x578C, 0x578C,
  0x578C, 0x578C, 0x578C, 0x5784, 0xD89C, 0xDFFF, 0xFFFF, 0xFFFF, 0xFFFF, 0xFFFF, 0xFFFF, 0x3EE7, 0x3EE7, 0xFFFF, 0xFFFF, 0xFFFF,
  0xFFFF, 0xFFFF, 0xFFFF, 0xFFFF, 0x9CD6, 0xAF10, 0xAF10, 0xAF10, 0xAF10, 0xAF10, 0xAF10, 0xAF10, 0xAF10, 0xAF10, 0xAF10, 0xAF10,
  0xAF10, 0xAF10, 0xAF10, 0xAF10, 0xAF10, 0xAF10, 0xAF10, 0xAF10, 0xAF10, 0xAF10, 0xAF10, 0xAF10, 0xAF10, 0xAF10, 0xAF10, 0xAF10,
  0xAF10, 0xAF10, 0xAF10, 0xAF10, 0xAF10, 0xAF10, 0xAF10, 0xAF10, 0xAF10, 0xAF10, 0xAF10, 0xAF10, 0xAF10, 0xAF10, 0xAF10, 0xAF10,
  0xAF10, 0xAF10, 0xB352, 0xFFFF, 0xDFFF, 0xFFFF, 0x978C, 0xAF10, 0xCF10, 0xAF10, 0xAF10, 0xAF10, 0xAF10, 0xAF10, 0xCF10, 0xAF10,
  0x1684, 0xFFFF, 0xDFFF, 0xFFFF, 0x3463, 0xAF10, 0xAF10, 0xAF10, 0xAF10, 0xAF10, 0xAF10, 0xAF10, 0xAF10, 0xAF10, 0xAF10, 0xAF10,
  0xAF10, 0xAF10, 0xAF10, 0xAF10, 0xAF10, 0xAF10, 0xAF10, 0xAF10, 0xAF10, 0xAF10, 0xAF10, 0xAF10, 0xAF10, 0xAF10, 0xAF10, 0xAF10,
  0xAF10, 0xAF10, 0xAF10, 0xAF10, 0xAF10, 0xAF10, 0xAF10, 0xAF10, 0xAF10, 0xAF10, 0xAF10, 0xAF10, 0xAF10, 0xAF10, 0xAF10, 0xAF10,
  0xAF10, 0xAF10, 0xAF10, 0xAF10, 0xAF10, 0xAF10, 0xAF10, 0xAF10, 0xAF10, 0xAF10, 0xAF10, 0xAF10, 0xAF10, 0xAF10, 0xAF10, 0xAF10,
  0xAF10, 0xAF10, 0xAF10, 0xAF10, 0xAF10, 0xAF10, 0xAF10, 0xAF10, 0xAF10, 0xAF10, 0xAF10, 0xAF10, 0xAF10, 0xAF10, 0xAF10, 0xAF10,
  0xAF10, 0xAF10, 0xAF10, 0xAF10, 0xAF10, 0xAF10, 0xAF10, 0xAF10, 0xAF10, 0xAF10, 0xAF10, 0xAF10, 0xAF10, 0xAF10, 0xAF10, 0xAF10,
  0xAF10, 0xAF10, 0xAF10, 0xAF10, 0xAF10, 0xAF10, 0xAF10, 0xAF10, 0xAF10, 0xAF10, 0xAF10, 0xAF10, 0xAF10, 0xAF10, 0xAF10, 0xAF10,
  0xAF10, 0xAF10, 0xAF10, 0xAF10, 0xAF10, 0xAF10, 0xAF10, 0xAF10, 0xAF10, 0xAF10, 0xAF10, 0xAF10, 0xAF10, 0xAF10, 0xAF10, 0xAF10,
  0xAF10, 0xAF10, 0xAF10, 0xAF10, 0xAF10, 0xAF10, 0xAF10, 0xAF10, 0xAF10, 0xAF10, 0xAF10, 0xAF10, 0xAF10, 0xAF10, 0xAF10, 0xAF10,
  0xAF10, 0xAF10, 0xAF10, 0xAF10, 0xAF10, 0xAF10, 0xAF10, 0xAF10, 0xAF10, 0xAF10, 0xAF10, 0xAF10, 0xAF10, 0xAF10, 0xAF10, 0xAF10,
  0xAF10, 0xAF10, 0xAF10, 0xAF10, 0xAF10, 0xAF10, 0xAF10, 0xAF10, 0xAF10, 0xAF10, 0xAF10, 0xAF10, 0xAF10, 0xAF10, 0xAF10, 0xAF10,
  0xAF10, 0xAF10, 0xAF10, 0xAF10, 0xAF10, 0xAF10, 0xAF10, 0xAF10, 0xAF10, 0xAF10, 0xAF10, 0xAF10, 0xAF10, 0xAF10, 0xAF10, 0xAF10,
  0xAF10, 0xAF10, 0xAF10, 0xAF10, 0xAF10, 0xAF10, 0xAF10, 0xAF10, 0xAF10, 0xAF10, 0xAF10, 0xAF10, 0xAF10, 0xAF10, 0xAF10, 0xAF10,
  0xAF10, 0xAF10, 0xAF10, 0xAF10, 0xAF10, 0xAF10, 0xAF10, 0xAF10, 0xAF10, 0xAF10, 0xAF10, 0xAF10, 0xAF10, 0xAF10, 0xAF10, 0xAF10,
  0x3021, 0xBFF7, 0xFFFF, 0xFFFF, 0xFFFF, 0xFFFF, 0xFFFF, 0x3EE7, 0x3EE7, 0xFFFF, 0xFFFF, 0xFFFF, 0xFFFF, 0xFFFF, 0xFFFF, 0xFFFF,
  0xBCD6, 0xCF10, 0xCF10, 0xCF10, 0xCF10, 0xCF10, 0xCF10, 0xCF10, 0xCF10, 0xCF10, 0xCF10, 0xCF10, 0xCF10, 0xCF10, 0xCF10, 0xCF10,
  0xCF10, 0xCF10, 0xCF10, 0xCF10, 0xCF10, 0xCF10, 0xCF10, 0xCF10, 0xCF10, 0xCF10, 0xCF10, 0xCF10, 0xCF10, 0xCF10, 0xCF10, 0xCF10,
  0xCF10, 0xCF10, 0xCF10, 0xCF10, 0xCF10, 0xCF10, 0xCF10, 0xCF10, 0xCF10, 0xCF10, 0xCF10, 0xCF10, 0xEF18, 0xCF10, 0x3463, 0xFFFF,
  0xDFFF, 0xFFFF, 0x978C, 0xAF10, 0xCF10, 0xAF10, 0xAF10, 0xAF10, 0xAF10, 0xAF10, 0xCF10, 0xAF10, 0x1684, 0xFFFF, 0xDFFF, 0xFFFF,
  0x956B, 0xCF10, 0xEF18, 0xCF10, 0xCF10, 0xCF10, 0xCF10, 0xCF10, 0xCF10, 0xCF10, 0xCF10, 0xCF10, 0xCF10, 0xCF10, 0xCF10, 0xCF10,
  0xCF10, 0xCF10, 0xCF10, 0xCF10, 0xCF10, 0xCF10, 0xCF10, 0xCF10, 0xCF10, 0xCF10, 0xCF10, 0xCF10, 0xCF10, 0xCF10, 0xCF10, 0xCF10,
  0xCF10, 0xCF10, 0xCF10, 0xCF10, 0xCF10, 0xCF10, 0xCF10, 0xCF10, 0xCF10, 0xCF10, 0xCF10, 0xCF10, 0xCF10, 0xCF10, 0xCF10, 0xCF10,
  0xCF10, 0xCF10, 0xCF10, 0xCF10, 0xCF10, 0xCF10, 0xCF10, 0xCF10, 0xCF10, 0xCF10, 0xCF10, 0xCF10, 0xCF10, 0xCF10, 0xCF10, 0xCF10,
  0xCF10, 0xCF10, 0xCF10, 0xCF10, 0xCF10, 0xCF10, 0xCF10, 0xCF10, 0xCF10, 0xCF10, 0xCF10, 0xCF10, 0xCF10, 0xCF10, 0xCF10, 0xCF10,
  0xCF10, 0xCF10, 0xCF10, 0xCF10, 0xCF10, 0xCF10, 0xCF10, 0xCF10, 0xCF10, 0xCF10, 0xCF10, 0xCF10, 0xCF10, 0xCF10, 0xCF10, 0xCF10,
  0xCF10, 0xCF10, 0xCF10, 0xCF10, 0xCF10, 0xCF10, 0xCF10, 0xCF10, 0xCF10, 0xCF10, 0xCF10, 0xCF10, 0xCF10, 0xCF10, 0xCF10, 0xCF10,
  0xCF10, 0xCF10, 0xCF10, 0xCF10, 0xCF10, 0xCF10, 0xCF10, 0xCF10, 0xCF10, 0xCF10, 0xCF10, 0xCF10, 0xCF10, 0xCF10, 0xCF10, 0xCF10,
  0xCF10, 0xCF10, 0xCF10, 0xCF10, 0xCF10, 0xCF10, 0xCF10, 0xCF10, 0xCF10, 0xCF10, 0xCF10, 0xCF10, 0xCF10, 0xCF10, 0xCF10, 0xCF10,
  0xCF10, 0xCF10, 0xCF10, 0xCF10, 0xCF10, 0xCF10, 0xCF10, 0xCF10, 0xCF10, 0xCF10, 0xCF10, 0xCF10, 0xCF10, 0xCF10, 0xCF10, 0xCF10,
  0xCF10, 0xCF10, 0xCF10, 0xCF10, 0xCF10, 0xCF10, 0xCF10, 0xCF10, 0xCF10, 0xCF10, 0xCF10, 0xCF10, 0xCF10, 0xCF10, 0xCF10, 0xCF10,
  0xCF10, 0xCF10, 0xCF10, 0xCF10, 0xCF10, 0xCF10, 0xCF10, 0xCF10, 0xCF10, 0xCF10, 0xCF10, 0xCF10, 0xCF10, 0xCF10, 0xCF10, 0xCF10,
  0xCF10, 0xCF10, 0xCF10, 0xCF10, 0xCF10, 0xCF10, 0xCF10, 0xCF10, 0xCF10, 0xCF10, 0xCF10, 0xCF10, 0xCF10, 0xCF10, 0xCF10, 0xCF10,
  0xCF10, 0xCF10, 0xCF10, 0xCF10, 0xCF10, 0xCF10, 0xCF10, 0xCF10, 0xCF10, 0xCF10, 0xCF18, 0xCF10, 0xB131, 0xDFFF, 0xFFFF, 0xFFFF,
  0xFFFF, 0xFFFF, 0xFFFF, 0x3EE7, 0x3EE7, 0xFFFF, 0xFFFF, 0xFFFF, 0xFFFF, 0xFFFF, 0xFFFF, 0xFFFF, 0x9CD6, 0xAF10, 0xAF10, 0xAF10,
  0xAF10, 0xAF10, 0xAF10, 0xAF10, 0xAF10, 0xAF10, 0xAF10, 0xAF10, 0xAF10, 0xAF10, 0xAF10, 0xAF10, 0xAF10, 0xAF10, 0xAF10, 0xAF10,
  0xAF10, 0xAF10, 0xAF10, 0xAF10, 0xAF10, 0xAF10, 0xAF10, 0xAF10, 0xAF10, 0xAF10, 0xAF10, 0xAF10, 0xAF10, 0xAF10, 0xAF10, 0xAF10,
  0xAF10, 0xAF10, 0xAF10, 0xAF10, 0xAF10, 0xAF10, 0xAF10, 0xAF10, 0xCF10, 0xAF10, 0x145B, 0xFFFF, 0xDFFF, 0xFFFF, 0x978C, 0xAF10,
  0xCF10, 0xAF10, 0xAF10, 0xAF10, 0xAF10, 0xAF10, 0xCF10, 0xAF10, 0x1684, 0xFFFF, 0xDFFF, 0xFFFF, 0x756B, 0xAF10, 0xCF10, 0xAF10,
  0xAF10, 0xAF10, 0xAF10, 0xAF10, 0xAF10, 0xAF10, 0xAF10, 0xAF10, 0xAF10, 0xAF10, 0xAF10, 0xAF10, 0xAF10, 0xAF10, 0xAF10, 0xAF10,
  0xAF10, 0xAF10, 0xAF10, 0xAF10, 0xAF10, 0xAF10, 0xAF10, 0xAF10, 0xAF10, 0xAF10, 0xAF10, 0xAF10, 0xAF10, 0xAF10, 0xAF10, 0xAF10,
  0xAF10, 0xAF10, 0xAF10, 0xAF10, 0xAF10, 0xAF10, 0xAF10, 0xAF10, 0xAF10, 0xAF10, 0xAF10, 0xAF10, 0xAF10, 0xAF10, 0xAF10, 0xAF10,
  0xAF10, 0xAF10, 0xAF10, 0xAF10, 0xAF10, 0xAF10, 0xAF10, 0xAF10, 0xAF10, 0xAF10, 0xAF10, 0xAF10, 0xAF10, 0xAF10, 0xAF10, 0xAF10,
  0xAF10, 0xAF10, 0xAF10, 0xAF10, 0xAF10, 0xAF10, 0xAF10, 0xAF10, 0xAF10, 0xAF10, 0xAF10, 0xAF10, 0xAF10, 0xAF10, 0xAF10, 0xAF10,
  0xAF10, 0xAF10, 0xAF10, 0xAF10, 0xAF10, 0xAF10, 0xAF10, 0xAF10, 0xAF10, 0xAF10, 0xAF10, 0xAF10, 0xAF10, 0xAF10, 0xAF10, 0xAF10,
  0xAF10, 0xAF10, 0xAF10, 0xAF10, 0xAF10, 0xAF10, 0xAF10, 0xAF10, 0xAF10, 0xAF10, 0xAF10, 0xAF10, 0xAF10, 0xAF10, 0xAF10, 0xAF10,
  0xAF10, 0xAF10, 0xAF10, 0xAF10, 0xAF10, 0xAF10, 0xAF10, 0xAF10, 0xAF10, 0xAF10, 0xAF10, 0xAF10, 0xAF10, 0xAF10, 0xAF10, 0xAF10,
  0xAF10, 0xAF10, 0xAF10, 0xAF10, 0xAF10, 0xAF10, 0xAF10, 0xAF10, 0xAF10, 0xAF10, 0xAF10, 0xAF10, 0xAF10, 0xAF10, 0xAF10, 0xAF10,
  0xAF10, 0xAF10, 0xAF10, 0xAF10, 0xAF10, 0xAF10, 0xAF10, 0xAF10, 0xAF10, 0xAF10, 0xAF10, 0xAF10, 0xAF10, 0xAF10, 0xAF10, 0xAF10,
  0xAF10, 0xAF10, 0xAF10, 0xAF10, 0xAF10, 0xAF10, 0xAF10, 0xAF10, 0xAF10, 0xAF10, 0xAF10, 0xAF10, 0xAF10, 0xAF10, 0xAF10, 0xAF10,
  0xAF10, 0xAF10, 0xAF10, 0xAF10, 0xAF10, 0xAF10, 0xAF10, 0xAF10, 0xAF10, 0xAF10, 0xAF10, 0xAF10, 0xAF10, 0xAF10, 0xAF10, 0xAF10,
  0xAF10, 0xAF10, 0xAF10, 0xAF10, 0xAF10, 0xAF10, 0xAF10, 0xAF10, 0xAF10, 0xAF10, 0xAF10, 0xAF10, 0xAF10, 0xAF10, 0xAF10, 0xAF10,
  0xAF10, 0xAF10, 0xAF10, 0xAF10, 0xAF10, 0xAF10, 0xCF10, 0xAF10, 0x9131, 0xDFFF, 0xFFFF, 0xFFFF, 0xFFFF, 0xFFFF, 0xFFFF, 0x3EE7,
  0x3EE7, 0xFFFF, 0xFFFF, 0xFFFF, 0xFFFF, 0xFFFF, 0xFFFF, 0xFFFF, 0x9CD6, 0xAF10, 0xAF10, 0xAF10, 0xAF10, 0xAF10, 0xAF10, 0xAF10,
  0xAF10, 0xAF10, 0xAF10, 0xAF10, 0xAF10, 0xAF10, 0xAF10, 0xAF10, 0xAF10, 0xAF10, 0xAF10, 0xAF10, 0xAF10, 0xAF10, 0xAF10, 0xAF10,
  0xAF10, 0xAF10, 0xAF10, 0xAF10, 0xAF10, 0xAF10, 0xAF10, 0xAF10, 0xAF10, 0xAF10, 0xAF10, 0xAF10, 0xAF10, 0xAF10, 0xAF10, 0xAF10,
  0xAF10, 0xAF10, 0xAF10, 0xAF10, 0xCF10, 0xAF10, 0x145B, 0xFFFF, 0xDFFF, 0xFFFF, 0x978C, 0xAF10, 0xCF10, 0xAF10, 0xAF10, 0xAF10,
  0xAF10, 0xAF10, 0xCF10, 0xAF10, 0x1684, 0xFFFF, 0xDFFF, 0xFFFF, 0x756B, 0xAF10, 0xCF10, 0xAF10, 0xAF10, 0xAF10, 0xAF10, 0xAF10,
  0xAF10, 0xAF10, 0xAF10, 0xAF10, 0xAF10, 0xAF10, 0xAF10, 0xAF10, 0xAF10, 0xAF10, 0xAF10, 0xAF10, 0xAF10, 0xAF10, 0xAF10, 0xAF10,
  0xAF10, 0xAF10, 0xAF10, 0xAF10, 0xAF10, 0xAF10, 0xAF10, 0xAF10, 0xAF10, 0xAF10, 0xAF10, 0xAF10, 0xAF10, 0xAF10, 0xAF10, 0xAF10,
  0xAF10, 0xAF10, 0xAF10, 0xAF10, 0xAF10, 0xAF10, 0xAF10, 0xAF10, 0xAF10, 0xAF10, 0xAF10, 0xAF10, 0xAF10, 0xAF10, 0xAF10, 0xAF10,
  0xAF10, 0xAF10, 0xAF10, 0xAF10, 0xAF10, 0xAF10, 0xAF10, 0xAF10, 0xAF10, 0xAF10, 0xAF10, 0xAF10, 0xAF10, 0xAF10, 0xAF10, 0xAF10,
  0xAF10, 0xAF10, 0xAF10, 0xAF10, 0xAF10, 0xAF10, 0xAF10, 0xAF10, 0xAF10, 0xAF10, 0xAF10, 0xAF10, 0xAF10, 0xAF10, 0xAF10, 0xAF10,
  0xAF10, 0xAF10, 0xAF10, 0xAF10, 0xAF10, 0xAF10, 0xAF10, 0xAF10, 0xAF10, 0xAF10, 0xAF10, 0xAF10, 0xAF10, 0xAF10, 0xAF10, 0xAF10,
  0xAF10, 0xAF10, 0xAF10, 0xAF10, 0xAF10, 0xAF10, 0xAF10, 0xAF10, 0xAF10, 0xAF10, 0xAF10, 0xAF10, 0xAF10, 0xAF10, 0xAF10, 0xAF10,
  0xAF10, 0xAF10, 0xAF10, 0xAF10, 0xAF10, 0xAF10, 0xAF10, 0xAF10, 0xAF10, 0xAF10, 0xAF10, 0xAF10, 0xAF10, 0xAF10, 0xAF10, 0xAF10,
  0xAF10, 0xAF10, 0xAF10, 0xAF10, 0xAF10, 0xAF10, 0xAF10, 0xAF10, 0xAF10, 0xAF10, 0xAF10, 0xAF10, 0xAF10, 0xAF10, 0xAF10, 0xAF10,
  0xAF10, 0xAF10, 0xAF10, 0xAF10, 0xAF10, 0xAF10, 0xAF10, 0xAF10, 0xAF10, 0xAF10, 0xAF10, 0xAF10, 0xAF10, 0xAF10, 0xAF10, 0xAF10,
  0xAF10, 0xAF10, 0xAF10, 0xAF10, 0xAF10, 0xAF10, 0xAF10, 0xAF10, 0xAF10, 0xAF10, 0xAF10, 0xAF10, 0xAF10, 0xAF10, 0xAF10, 0xAF10,
  0xAF10, 0xAF10, 0xAF10, 0xAF10, 0xAF10, 0xAF10, 0xAF10, 0xAF10, 0xAF10, 0xAF10, 0xAF10, 0xAF10, 0xAF10, 0xAF10, 0xAF10, 0xAF10,
  0xAF10, 0xAF10, 0xAF10, 0xAF10, 0xAF10, 0xAF10, 0xAF10, 0xAF10, 0xAF10, 0xAF10, 0xAF10, 0xAF10, 0xAF10, 0xAF10, 0xAF10, 0xAF10,
  0xAF10, 0xAF10, 0xCF10, 0xAF10, 0x9131, 0xDFFF, 0xFFFF, 0xFFFF, 0xFFFF, 0xFFFF, 0xFFFF, 0x3EE7, 0x3EE7, 0xFFFF, 0xFFFF, 0xFFFF,
  0xFFFF, 0xFFFF, 0xFFFF, 0xFFFF, 0x9CD6, 0xAF10, 0xAF10, 0xAF10, 0xAF10, 0xAF10, 0xAF10, 0xAF10, 0xAF10, 0xAF10, 0xAF10, 0xAF10,
  0xAF10, 0xAF10, 0xAF10, 0xAF10, 0xAF10, 0xAF10, 0xAF10, 0xAF10, 0xAF10, 0xAF10, 0xAF10, 0xAF10, 0xAF10, 0xAF10, 0xAF10, 0xAF10,
  0xAF10, 0xAF10, 0xAF10, 0xAF10, 0xAF10, 0xAF10, 0xAF10, 0xAF10, 0xAF10, 0xAF10, 0xAF10, 0xAF10, 0xAF10, 0xAF10, 0xAF10, 0xAF10,
  0xCF10, 0xAF10, 0x145B, 0xFFFF, 0xDFFF, 0xFFFF, 0x978C, 0xAF10, 0xCF10, 0xAF10, 0xAF10, 0xAF10, 0xAF10, 0xAF10, 0xCF10, 0xAF10,
  0x1684, 0xFFFF, 0xDFFF, 0xFFFF, 0x756B, 0xAF10, 0xCF10, 0xAF10, 0xAF10, 0xAF10, 0xAF10, 0xAF10, 0xAF10, 0xAF10, 0xAF10, 0xAF10,
  0xAF10, 0xAF10, 0xAF10, 0xAF10, 0xAF10, 0xAF10, 0xAF10, 0xAF10, 0xAF10, 0xAF10, 0xAF10, 0xAF10, 0xAF10, 0xAF10, 0xAF10, 0xAF10,
  0xAF10, 0xAF10, 0xAF10, 0xAF10, 0xAF10, 0xAF10, 0xAF10, 0xAF10, 0xAF10, 0xAF10, 0xAF10, 0xAF10, 0xAF10, 0xAF10, 0xAF10, 0xAF10,
  0xAF10, 0xAF10, 0xAF10, 0xAF10, 0xAF10, 0xAF10, 0xAF10, 0xAF10, 0xAF10, 0xAF10, 0xAF10, 0xAF10, 0xAF10, 0xAF10, 0xAF10, 0xAF10,
  0xAF10, 0xAF10, 0xAF10, 0xAF10, 0xAF10, 0xAF10, 0xAF10, 0xAF10, 0xAF10, 0xAF10, 0xAF10, 0xAF10, 0xAF10, 0xAF10, 0xAF10, 0xAF10,
  0xAF10, 0xAF10, 0xAF10, 0xAF10, 0xAF10, 0xAF10, 0xAF10, 0xAF10, 0xAF10, 0xAF10, 0xAF10, 0xAF10, 0xAF10, 0xAF10, 0xAF10, 0xAF10,
  0xAF10, 0xAF10, 0xAF10, 0xAF10, 0xAF10, 0xAF10, 0xAF10, 0xAF10, 0xAF10, 0xAF10, 0xAF10, 0xAF10, 0xAF10, 0xAF10, 0xAF10, 0xAF10,
  0xAF10, 0xAF10, 0xAF10, 0xAF10, 0xAF10, 0xAF10, 0xAF10, 0xAF10, 0xAF10, 0xAF10, 0xAF10, 0xAF10, 0xAF10, 0xAF10, 0xAF10, 0xAF10,
  0xAF10, 0xAF10, 0xAF10, 0xAF10, 0xAF10, 0xAF10, 0xAF10, 0xAF10, 0xAF10, 0xAF10, 0xAF10, 0xAF10, 0xAF10, 0xAF10, 0xAF10, 0xAF10,
  0xAF10, 0xAF10, 0xAF10, 0xAF10, 0xAF10, 0xAF10, 0xAF10, 0xAF10, 0xAF10, 0xAF10, 0xAF10, 0xAF10, 0xAF10, 0xAF10, 0xAF10, 0xAF10,
  0xAF10, 0xAF10, 0xAF10, 0xAF10, 0xAF10, 0xAF10, 0xAF10, 0xAF10, 0xAF10, 0xAF10, 0xAF10, 0xAF10, 0xAF10, 0xAF10, 0xAF10, 0xAF10,
  0xAF10, 0xAF10, 0xAF10, 0xAF10, 0xAF10, 0xAF10, 0xAF10, 0xAF10, 0xAF10, 0xAF10, 0xAF10, 0xAF10, 0xAF10, 0xAF10, 0xAF10, 0xAF10,
  0xAF10, 0xAF10, 0xAF10, 0xAF10, 0xAF10, 0xAF10, 0xAF10, 0xAF10, 0xAF10, 0xAF10, 0xAF10, 0xAF10, 0xAF10, 0xAF10, 0xAF10, 0xAF10,
  0xAF10, 0xAF10, 0xAF10, 0xAF10, 0xAF10, 0xAF10, 0xAF10, 0xAF10, 0xAF10, 0xAF10, 0xAF10, 0xAF10, 0xAF10, 0xAF10, 0xCF10, 0xAF10,
  0x9131, 0xDFFF, 0xFFFF, 0xFFFF, 0xFFFF, 0xFFFF, 0xFFFF, 0x3EE7, 0x3EE7, 0xFFFF, 0xFFFF, 0xFFFF, 0xFFFF, 0xFFFF, 0xFFFF, 0xFFFF,
  0x9CD6, 0xAF10, 0xAF10, 0xAF10, 0xAF10, 0xAF10, 0xAF10, 0xAF10, 0xAF10, 0xAF10, 0xAF10, 0xAF10, 0xAF10, 0xAF10, 0xAF10, 0xAF10,
  0xAF10, 0xAF10, 0xAF10, 0xAF10, 0xAF10, 0xAF10, 0xAF10, 0xAF10, 0xAF10, 0xAF10, 0xAF10, 0xAF10, 0xAF10, 0xAF10, 0xAF10, 0xAF10,
  0xAF10, 0xAF10, 0xAF10, 0xAF10, 0xAF10, 0xAF10, 0xAF10, 0xAF10, 0xAF10, 0xAF10, 0xAF10, 0xAF10, 0xCF10, 0xAF10, 0x145B, 0xFFFF,
  0xDFFF, 0xFFFF, 0x978C, 0xAF10, 0xCF10, 0xAF10, 0xAF10, 0xAF10, 0xAF10, 0xAF10, 0xCF10, 0xAF10, 0x1684, 0xFFFF, 0xDFFF, 0xFFFF,
  0x756B, 0xAF10, 0xCF10, 0xAF10, 0xAF10, 0xAF10, 0xAF10, 0xAF10, 0xAF10, 0xAF10, 0xAF10, 0xAF10, 0xAF10, 0xAF10, 0xAF10, 0xAF10,
  0xAF10, 0xAF10, 0xAF10, 0xAF10, 0xAF10, 0xAF10, 0xAF10, 0xAF10, 0xAF10, 0xAF10, 0xAF10, 0xAF10, 0xAF10, 0xAF10, 0xAF10, 0xAF10,
  0xAF10, 0xAF10, 0xAF10, 0xAF10, 0xAF10, 0xAF10, 0xAF10, 0xAF10, 0xAF10, 0xAF10, 0xAF10, 0xAF10, 0xAF10, 0xAF10, 0xAF10, 0xAF10,
  0xAF10, 0xAF10, 0xAF10, 0xAF10, 0xAF10, 0xAF10, 0xAF10, 0xAF10, 0xAF10, 0xAF10, 0xAF10, 0xAF10, 0xAF10, 0xAF10, 0xAF10, 0xAF10,
  0xAF10, 0xAF10, 0xAF10, 0xAF10, 0xAF10, 0xAF10, 0xAF10, 0xAF10, 0xAF10, 0xAF10, 0xAF10, 0xAF10, 0xAF10, 0xAF10, 0xAF10, 0xAF10,
  0xAF10, 0xAF10, 0xAF10, 0xAF10, 0xAF10, 0xAF10, 0xAF10, 0xAF10, 0xAF10, 0xAF10, 0xAF10, 0xAF10, 0xAF10, 0xAF10, 0xAF10, 0xAF10,
  0xAF10, 0xAF10, 0xAF10, 0xAF10, 0xAF10, 0xAF10, 0xAF10, 0xAF10, 0xAF10, 0xAF10, 0xAF10, 0xAF10, 0xAF10, 0xAF10, 0xAF10, 0xAF10,
  0xAF10, 0xAF10, 0xAF10, 0xAF10, 0xAF10, 0xAF10, 0xAF10, 0xAF10, 0xAF10, 0xAF10, 0xAF10, 0xAF10, 0xAF10, 0xAF10, 0xAF10, 0xAF10,
  0xAF10, 0xAF10, 0xAF10, 0xAF10, 0xAF10, 0xAF10, 0xAF10, 0xAF10, 0xAF10, 0xAF10, 0xAF10, 0xAF10, 0xAF10, 0xAF10, 0xAF10, 0xAF10,
  0xAF10, 0xAF10, 0xAF10, 0xAF10, 0xAF10, 0xAF10, 0xAF10, 0xAF10, 0xAF10, 0xAF10, 0xAF10, 0xAF10, 0xAF10, 0xAF10, 0xAF10, 0xAF10,
  0xAF10, 0xAF10, 0xAF10, 0xAF10, 0xAF10, 0xAF10, 0xAF10, 0xAF10, 0xAF10, 0xAF10, 0xAF10, 0xAF10, 0xAF10, 0xAF10, 0xAF10, 0xAF10,
  0xAF10, 0xAF10, 0xAF10, 0xAF10, 0xAF10, 0xAF10, 0xAF10, 0xAF10, 0xAF10, 0xAF10, 0xAF10, 0xAF10, 0xAF10, 0xAF10, 0xAF10, 0xAF10,
  0xAF10, 0xAF10, 0xAF10, 0xAF10, 0xAF10, 0xAF10, 0xAF10, 0xAF10, 0xAF10, 0xAF10, 0xAF10, 0xAF10, 0xAF10, 0xAF10, 0xAF10, 0xAF10,
  0xAF10, 0xAF10, 0xAF10, 0xAF10, 0xAF10, 0xAF10, 0xAF10, 0xAF10, 0xAF10, 0xAF10, 0xCF10, 0xAF10, 0x9131, 0xDFFF, 0xFFFF, 0xFFFF,
  0xFFFF, 0xFFFF, 0xFFFF, 0x3EE7, 0x3EE7, 0xFFFF, 0xFFFF, 0xFFFF, 0xFFFF, 0xFFFF, 0xFFFF, 0xFFFF, 0x9CD6, 0xCF10, 0xCF10, 0xCF10,
  0xCF10, 0xCF10, 0xCF10, 0xCF10, 0xCF10, 0xCF10, 0xCF10, 0xCF10, 0xCF10, 0xCF10, 0xCF10, 0xCF10, 0xCF10, 0xCF10, 0xCF10, 0xCF10,
  0xCF10, 0xCF10, 0xCF10, 0xCF10, 0xCF10, 0xCF10, 0xCF10, 0xCF10, 0xCF10, 0xCF10, 0xCF10, 0xCF10, 0xCF10, 0xCF10, 0xCF10, 0xCF10,
  0xCF10, 0xCF10, 0xCF10, 0xCF10, 0xCF10, 0xCF10, 0xCF10, 0xCF10, 0xCF18, 0xCF10, 0x3463, 0xFFFF, 0xDFFF, 0xFFFF, 0x978C, 0xAF10,
  0xCF10, 0xAF10, 0xAF10, 0xAF10, 0xAF10, 0xAF10, 0xCF10, 0xAF10, 0x1684, 0xFFFF, 0xDFFF, 0xFFFF, 0x956B, 0xCF10, 0xEF18, 0xCF10,
  0xCF10, 0xCF10, 0xCF10, 0xCF10, 0xCF10, 0xCF10, 0xCF10, 0xCF10, 0xCF10, 0xCF10, 0xCF10, 0xCF10, 0xCF10, 0xCF10, 0xCF10, 0xCF10,
  0xCF10, 0xCF10, 0xCF10, 0xCF10, 0xCF10, 0xCF10, 0xCF10, 0xCF10, 0xCF10, 0xCF10, 0xCF10, 0xCF10, 0xCF10, 0xCF10, 0xCF10, 0xCF10,
  0xCF10, 0xCF10, 0xCF10, 0xCF10, 0xCF10, 0xCF10, 0xCF10, 0xCF10, 0xCF10, 0xCF10, 0xCF10, 0xCF10, 0xCF10, 0xCF10, 0xCF10, 0xCF10,
  0xCF10, 0xCF10, 0xCF10, 0xCF10, 0xCF10, 0xCF10, 0xCF10, 0xCF10, 0xCF10, 0xCF10, 0xCF10, 0xCF10, 0xCF10, 0xCF10, 0xCF10, 0xCF10,
  0xCF10, 0xCF10, 0xCF10, 0xCF10, 0xCF10, 0xCF10, 0xCF10, 0xCF10, 0xCF10, 0xCF10, 0xCF10, 0xCF10, 0xCF10, 0xCF10, 0xCF10, 0xCF10,
  0xCF10, 0xCF10, 0xCF10, 0xCF10, 0xCF10, 0xCF10, 0xCF10, 0xCF10, 0xCF10, 0xCF10, 0xCF10, 0xCF10, 0xCF10, 0xCF10, 0xCF10, 0xCF10,
  0xCF10, 0xCF10, 0xCF10, 0xCF10, 0xCF10, 0xCF10, 0xCF10, 0xCF10, 0xCF10, 0xCF10, 0xCF10, 0xCF10, 0xCF10, 0xCF10, 0xCF10, 0xCF10,
  0xCF10, 0xCF10, 0xCF10, 0xCF10, 0xCF10, 0xCF10, 0xCF10, 0xCF10, 0xCF10, 0xCF10, 0xCF10, 0xCF10, 0xCF10, 0xCF10, 0xCF10, 0xCF10,
  0xCF10, 0xCF10, 0xCF10, 0xCF10, 0xCF10, 0xCF10, 0xCF10, 0xCF10, 0xCF10, 0xCF10, 0xCF10, 0xCF10, 0xCF10, 0xCF10, 0xCF10, 0xCF10,
  0xCF10, 0xCF10, 0xCF10, 0xCF10, 0xCF10, 0xCF10, 0xCF10, 0xCF10, 0xCF10, 0xCF10, 0xCF10, 0xCF10, 0xCF10, 0xCF10, 0xCF10, 0xCF10,
  0xCF10, 0xCF10, 0xCF10, 0xCF10, 0xCF10, 0xCF10, 0xCF10, 0xCF10, 0xCF10, 0xCF10, 0xCF10, 0xCF10, 0xCF10, 0xCF10, 0xCF10, 0xCF10,
  0xCF10, 0xCF10, 0xCF10, 0xCF10, 0xCF10, 0xCF10, 0xCF10, 0xCF10, 0xCF10, 0xCF10, 0xCF10, 0xCF10, 0xCF10, 0xCF10, 0xCF10, 0xCF10,
  0xCF10, 0xCF10, 0xCF10, 0xCF10, 0xCF10, 0xCF10, 0xCF10, 0xCF10, 0xCF10, 0xCF10, 0xCF10, 0xCF10, 0xCF10, 0xCF10, 0xCF10, 0xCF10,
  0xCF10, 0xCF10, 0xCF10, 0xCF10, 0xCF10, 0xCF10, 0xCF10, 0xCF10, 0xB131, 0xDFFF, 0xFFFF, 0xFFFF, 0xFFFF, 0xFFFF, 0xFFFF, 0x3EE7,
  0x3EE7, 0xFFFF, 0xFFFF, 0xFFFF, 0xFFFF, 0xFFFF, 0xFFFF, 0xFFFF, 0x9CD6, 0xAF10, 0xAF10, 0xAF10, 0xAF10, 0xAF10, 0xAF10, 0xAF10,
  0xAF10, 0xAF10, 0xAF10, 0xAF10, 0xAF10, 0xAF10, 0xAF10, 0xAF10, 0xAF10, 0xAF10, 0xAF10, 0xAF10, 0xAF10, 0xAF10, 0xAF10, 0xAF10,
  0xAF10, 0xAF10, 0xAF10, 0xAF10, 0xAF10, 0xAF10, 0xAF10, 0xAF10, 0xAF10, 0xAF10, 0xAF10, 0xAF10, 0xAF10, 0xAF10, 0xAF10, 0xAF10,
  0xAF10, 0xAF10, 0xAF10, 0xAF10, 0xAF10, 0xAF10, 0xD45A, 0xFFFF, 0xDFFF, 0xFFFF, 0x978C, 0xAF10, 0xCF10, 0xAF10, 0xAF10, 0xAF10,
  0xAF10, 0xAF10, 0xCF10, 0xAF10, 0x1684, 0xFFFF, 0xDFFF, 0xFFFF, 0x5563, 0xAF10, 0xAF10, 0xAF10, 0xAF10, 0xAF10, 0xAF10, 0xAF10,
  0xAF10, 0xAF10, 0xAF10, 0xAF10, 0xAF10, 0xAF10, 0xAF10, 0xAF10, 0xAF10, 0xAF10, 0xAF10, 0xAF10, 0xAF10, 0xAF10, 0xAF10, 0xAF10,
  0xAF10, 0xAF10, 0xAF10, 0xAF10, 0xAF10, 0xAF10, 0xAF10, 0xAF10, 0xAF10, 0xAF10, 0xAF10, 0xAF10, 0xAF10, 0xAF10, 0xAF10, 0xAF10,
  0xAF10, 0xAF10, 0xAF10, 0xAF10, 0xAF10, 0xAF10, 0xAF10, 0xAF10, 0xAF10, 0xAF10, 0xAF10, 0xAF10, 0xAF10, 0xAF10, 0xAF10, 0xAF10,
  0xAF10, 0xAF10, 0xAF10, 0xAF10, 0xAF10, 0xAF10, 0xAF10, 0xAF10, 0xAF10, 0xAF10, 0xAF10, 0xAF10, 0xAF10, 0xAF10, 0xAF10, 0xAF10,
  0xAF10, 0xAF10, 0xAF10, 0xAF10, 0xAF10, 0xAF10, 0xAF10, 0xAF10, 0xAF10, 0xAF10, 0xAF10, 0xAF10, 0xAF10, 0xAF10, 0xAF10, 0xAF10,
  0xAF10, 0xAF10, 0xAF10, 0xAF10, 0xAF10, 0xAF10, 0xAF10, 0xAF10, 0xAF10, 0xAF10, 0xAF10, 0xAF10, 0xAF10, 0xAF10, 0xAF10, 0xAF10,
  0xAF10, 0xAF10, 0xAF10, 0xAF10, 0xAF10, 0xAF10, 0xAF10, 0xAF10, 0xAF10, 0xAF10, 0xAF10, 0xAF10, 0xAF10, 0xAF10, 0xAF10, 0xAF10,
  0xAF10, 0xAF10, 0xAF10, 0xAF10, 0xAF10, 0xAF10, 0xAF10, 0xAF10, 0xAF10, 0xAF10, 0xAF10, 0xAF10, 0xAF10, 0xAF10, 0xAF10, 0xAF10,
  0xAF10, 0xAF10, 0xAF10, 0xAF10, 0xAF10, 0xAF10, 0xAF10, 0xAF10, 0xAF10, 0xAF10, 0xAF10, 0xAF10, 0xAF10, 0xAF10, 0xAF10, 0xAF10,
  0xAF10, 0xAF10, 0xAF10, 0xAF10, 0xAF10, 0xAF10, 0xAF10, 0xAF10, 0xAF10, 0xAF10, 0xAF10, 0xAF10, 0xAF10, 0xAF10, 0xAF10, 0xAF10,
  0xAF10, 0xAF10, 0xAF10, 0xAF10, 0xAF10, 0xAF10, 0xAF10, 0xAF10, 0xAF10, 0xAF10, 0xAF10, 0xAF10, 0xAF10, 0xAF10, 0xAF10, 0xAF10,
  0xAF10, 0xAF10, 0xAF10, 0xAF10, 0xAF10, 0xAF10, 0xAF10, 0xAF10, 0xAF10, 0xAF10, 0xAF10, 0xAF10, 0xAF10, 0xAF10, 0xAF10, 0xAF10,
  0xAF10, 0xAF10, 0xAF10, 0xAF10, 0xAF10, 0xAF10, 0xAF10, 0xAF10, 0xAF10, 0xAF10, 0xAF10, 0xAF10, 0xAF10, 0xAF10, 0xAF10, 0xAF10,
  0xAF10, 0xAF10, 0xAF10, 0xAF10, 0x5021, 0xDFFF, 0xFFFF, 0xFFFF, 0xFFFF, 0xFFFF, 0xFFFF, 0x3EE7, 0x3EE7, 0xFFFF, 0xFFFF, 0xFFFF,
  0xFFFF, 0xFFFF, 0xFFFF, 0xFFFF, 0xFDDE, 0x5242, 0x5242, 0x5242, 0x5242, 0x5242, 0x5242, 0x5242, 0x5242, 0x5242, 0x5242, 0x5242,
  0x5242, 0x5242, 0x5242, 0x5242, 0x5242, 0x5242, 0x5242, 0x5242, 0x5242, 0x5242, 0x5242, 0x5242, 0x5242, 0x5242, 0x5242, 0x5242,
  0x5242, 0x5242, 0x5242, 0x5242, 0x5242, 0x5242, 0x5242, 0x5242, 0x5242, 0x5242, 0x5242, 0x5242, 0x5242, 0x5242, 0x5242, 0x5242,
  0x524A, 0x3242, 0x3784, 0xFFFF, 0xDFFF, 0xFFFF, 0x978C, 0xAF10, 0xCF10, 0xAF10, 0xAF10, 0xAF10, 0xAF10, 0xAF10, 0xCF10, 0xAF10,
  0x1684, 0xFFFF, 0xDFFF, 0xFFFF, 0x778C, 0x3242, 0x724A, 0x5242, 0x5242, 0x5242, 0x5242, 0x5242, 0x5242, 0x5242, 0x5242, 0x5242,
  0x5242, 0x5242, 0x5242, 0x5242, 0x5242, 0x5242, 0x5242, 0x5242, 0x5242, 0x5242, 0x5242, 0x5242, 0x5242, 0x5242, 0x5242, 0x5242,
  0x5242, 0x5242, 0x5242, 0x5242, 0x5242, 0x5242, 0x5242, 0x5242, 0x5242, 0x5242, 0x5242, 0x5242, 0x5242, 0x5242, 0x5242, 0x5242,
  0x5242, 0x5242, 0x5242, 0x5242, 0x5242, 0x5242, 0x5242, 0x5242, 0x5242, 0x5242, 0x5242, 0x5242, 0x5242, 0x5242, 0x5242, 0x5242,
  0x5242, 0x5242, 0x5242, 0x5242, 0x5242, 0x5242, 0x5242, 0x5242, 0x5242, 0x5242, 0x5242, 0x5242, 0x5242, 0x5242, 0x5242, 0x5242,
  0x5242, 0x5242, 0x5242, 0x5242, 0x5242, 0x5242, 0x5242, 0x5242, 0x5242, 0x5242, 0x5242, 0x5242, 0x5242, 0x5242, 0x5242, 0x5242,
  0x5242, 0x5242, 0x5242, 0x5242, 0x5242, 0x5242, 0x5242, 0x5242, 0x5242, 0x5242, 0x5242, 0x5242, 0x5242, 0x5242, 0x5242, 0x5242,
  0x5242, 0x5242, 0x5242, 0x5242, 0x5242, 0x5242, 0x5242, 0x5242, 0x5242, 0x5242, 0x5242, 0x5242, 0x5242, 0x5242, 0x5242, 0x5242,
  0x5242, 0x5242, 0x5242, 0x5242, 0x5242, 0x5242, 0x5242, 0x5242, 0x5242, 0x5242, 0x5242, 0x5242, 0x5242, 0x5242, 0x5242, 0x5242,
  0x5242, 0x5242, 0x5242, 0x5242, 0x5242, 0x5242, 0x5242, 0x5242, 0x5242, 0x5242, 0x5242, 0x5242, 0x5242, 0x5242, 0x5242, 0x5242,
  0x5242, 0x5242, 0x5242, 0x5242, 0x5242, 0x5242, 0x5242, 0x5242, 0x5242, 0x5242, 0x5242, 0x5242, 0x5242, 0x5242, 0x5242, 0x5242,
  0x5242, 0x5242, 0x5242, 0x5242, 0x5242, 0x5242, 0x5242, 0x5242, 0x5242, 0x5242, 0x5242, 0x5242, 0x5242, 0x5242, 0x5242, 0x5242,
  0x5242, 0x5242, 0x5242, 0x5242, 0x5242, 0x5242, 0x5242, 0x5242, 0x5242, 0x5242, 0x5242, 0x5242, 0x5242, 0x5242, 0x5242, 0x5242,
  0x5242, 0x5242, 0x5242, 0x5242, 0x5242, 0x5242, 0x5242, 0x5242, 0x5242, 0x5242, 0x5242, 0x5242, 0x5242, 0x5242, 0x524A, 0x3242,
  0x145B, 0xDFFF, 0xFFFF, 0xFFFF, 0xFFFF, 0xFFFF, 0xFFFF, 0x3EE7, 0x3EE7, 0xFFFF, 0xFFFF, 0xFFFF, 0xFFFF, 0xFFFF, 0xFFFF, 0xFFFF,
  0xFFFF, 0xFFFF, 0xFFFF, 0xFFFF, 0xFFFF, 0xFFFF, 0xFFFF, 0xFFFF, 0xFFFF, 0xFFFF, 0xFFFF, 0xFFFF, 0xFFFF, 0xFFFF, 0xFFFF, 0xFFFF,
  0xFFFF, 0xFFFF, 0xFFFF, 0xFFFF, 0xFFFF, 0xFFFF, 0xFFFF, 0xFFFF, 0xFFFF, 0xFFFF, 0xFFFF, 0xFFFF, 0xFFFF, 0xFFFF, 0xFFFF, 0xFFFF,
  0xFFFF, 0xFFFF, 0xFFFF, 0xFFFF, 0xFFFF, 0xFFFF, 0xFFFF, 0xFFFF, 0xFFFF, 0xFFFF, 0xFFFF, 0xFFFF, 0xFFFF, 0xFFFF, 0xFFFF, 0xFFFF,
  0xDFFF, 0xFFFF, 0x978C, 0xAF10, 0xCF10, 0xAF10, 0xAF10, 0xAF10, 0xAF10, 0xAF10, 0xCF10, 0xAF10, 0x1684, 0xFFFF, 0xDFFF, 0xFFFF,
  0xFFFF, 0xFFFF, 0xFFFF, 0xFFFF, 0xFFFF, 0xFFFF, 0xFFFF, 0xFFFF, 0xFFFF, 0xFFFF, 0xFFFF, 0xFFFF, 0xFFFF, 0xFFFF, 0xFFFF, 0xFFFF,
  0xFFFF, 0xFFFF, 0xFFFF, 0xFFFF, 0xFFFF, 0xFFFF, 0xFFFF, 0xFFFF, 0xFFFF, 0xFFFF, 0xFFFF, 0xFFFF, 0xFFFF, 0xFFFF, 0xFFFF, 0xFFFF,
  0xFFFF, 0xFFFF, 0xFFFF, 0xFFFF, 0xFFFF, 0xFFFF, 0xFFFF, 0xFFFF, 0xFFFF, 0xFFFF, 0xFFFF, 0xFFFF, 0xFFFF, 0xFFFF, 0xFFFF, 0xFFFF,
  0xFFFF, 0xFFFF, 0xFFFF, 0xFFFF, 0xFFFF, 0xFFFF, 0xFFFF, 0xFFFF, 0xFFFF, 0xFFFF, 0xFFFF, 0xFFFF, 0xFFFF, 0xFFFF, 0xFFFF, 0xFFFF,
  0xFFFF, 0xFFFF, 0xFFFF, 0xFFFF, 0xFFFF, 0xFFFF, 0xFFFF, 0xFFFF, 0xFFFF, 0xFFFF, 0xFFFF, 0xFFFF, 0xFFFF, 0xFFFF, 0xFFFF, 0xFFFF,
  0xFFFF, 0xFFFF, 0xFFFF, 0xFFFF, 0xFFFF, 0xFFFF, 0xFFFF, 0xFFFF, 0xFFFF, 0xFFFF, 0xFFFF, 0xFFFF, 0xFFFF, 0xFFFF, 0xFFFF, 0xFFFF,
  0xFFFF, 0xFFFF, 0xFFFF, 0xFFFF, 0xFFFF, 0xFFFF, 0xFFFF, 0xFFFF, 0xFFFF, 0xFFFF, 0xFFFF, 0xFFFF, 0xFFFF, 0xFFFF, 0xFFFF, 0xFFFF,
  0xFFFF, 0xFFFF, 0xFFFF, 0xFFFF, 0xFFFF, 0xFFFF, 0xFFFF, 0xFFFF, 0xFFFF, 0xFFFF, 0xFFFF, 0xFFFF, 0xFFFF, 0xFFFF, 0xFFFF, 0xFFFF,
  0xFFFF, 0xFFFF, 0xFFFF, 0xFFFF, 0xFFFF, 0xFFFF, 0xFFFF, 0xFFFF, 0xFFFF, 0xFFFF, 0xFFFF, 0xFFFF, 0xFFFF, 0xFFFF, 0xFFFF, 0xFFFF,
  0xFFFF, 0xFFFF, 0xFFFF, 0xFFFF, 0xFFFF, 0xFFFF, 0xFFFF, 0xFFFF, 0xFFFF, 0xFFFF, 0xFFFF, 0xFFFF, 0xFFFF, 0xFFFF, 0xFFFF, 0xFFFF,
  0xFFFF, 0xFFFF, 0xFFFF, 0xFFFF, 0xFFFF, 0xFFFF, 0xFFFF, 0xFFFF, 0xFFFF, 0xFFFF, 0xFFFF, 0xFFFF, 0xFFFF, 0xFFFF, 0xFFFF, 0xFFFF,
  0xFFFF, 0xFFFF, 0xFFFF, 0xFFFF, 0xFFFF, 0xFFFF, 0xFFFF, 0xFFFF, 0xFFFF, 0xFFFF, 0xFFFF, 0xFFFF, 0xFFFF, 0xFFFF, 0xFFFF, 0xFFFF,
  0xFFFF, 0xFFFF, 0xFFFF, 0xFFFF, 0xFFFF, 0xFFFF, 0xFFFF, 0xFFFF, 0xFFFF, 0xFFFF, 0xFFFF, 0xFFFF, 0xFFFF, 0xFFFF, 0xFFFF, 0xFFFF,
  0xFFFF, 0xFFFF, 0xFFFF, 0xFFFF, 0xFFFF, 0xFFFF, 0xFFFF, 0xFFFF, 0xFFFF, 0xFFFF, 0xFFFF, 0xFFFF, 0xFFFF, 0xFFFF, 0xFFFF, 0xFFFF,
  0xFFFF, 0xFFFF, 0xFFFF, 0x3EE7, 0x3EE7, 0xFFFF, 0xFFFF, 0xFFFF, 0xFFFF, 0xFFFF, 0xFFFF, 0xFFFF, 0xFFFF, 0xFFFF, 0xFFFF, 0xFFFF,
  0xFFFF, 0xFFFF, 0xFFFF, 0xFFFF, 0xFFFF, 0xFFFF, 0xFFFF, 0xFFFF, 0xFFFF, 0xFFFF, 0xFFFF, 0xFFFF, 0xFFFF, 0xFFFF, 0xFFFF, 0xFFFF,
  0xFFFF, 0xFFFF, 0xFFFF, 0xFFFF, 0xFFFF, 0xFFFF, 0xFFFF, 0xFFFF, 0xFFFF, 0xFFFF, 0xFFFF, 0xFFFF, 0xFFFF, 0xFFFF, 0xFFFF, 0xFFFF,
  0xFFFF, 0xFFFF, 0xFFFF, 0xFFFF, 0xFFFF, 0xFFFF, 0xFFFF, 0xFFFF, 0xFFFF, 0xFFFF, 0xFFFF, 0xFFFF, 0xDFFF, 0xFFFF, 0x778C, 0xAF10,
  0xAF10, 0xAF10, 0xAF10, 0xAF10, 0xAF10, 0xAF10, 0xAF10, 0xAF10, 0x167C, 0xFFFF, 0xDFFF, 0xFFFF, 0xFFFF, 0xFFFF, 0xFFFF, 0xFFFF,
  0xFFFF, 0xFFFF, 0xFFFF, 0xFFFF, 0xFFFF, 0xFFFF, 0xFFFF, 0xFFFF, 0xFFFF, 0xFFFF, 0xFFFF, 0xFFFF, 0xFFFF, 0xFFFF, 0xFFFF, 0xFFFF,
  0xFFFF, 0xFFFF, 0xFFFF, 0xFFFF, 0xFFFF, 0xFFFF, 0xFFFF, 0xFFFF, 0xFFFF, 0xFFFF, 0xFFFF, 0xFFFF, 0xFFFF, 0xFFFF, 0xFFFF, 0xFFFF,
  0xFFFF, 0xFFFF, 0xFFFF, 0xFFFF, 0xFFFF, 0xFFFF, 0xFFFF, 0xFFFF, 0xFFFF, 0xFFFF, 0xFFFF, 0xFFFF, 0xFFFF, 0xFFFF, 0xFFFF, 0xFFFF,
  0xFFFF, 0xFFFF, 0xFFFF, 0xFFFF, 0xFFFF, 0xFFFF, 0xFFFF, 0xFFFF, 0xFFFF, 0xFFFF, 0xFFFF, 0xFFFF, 0xFFFF, 0xFFFF, 0xFFFF, 0xFFFF,
  0xFFFF, 0xFFFF, 0xFFFF, 0xFFFF, 0xFFFF, 0xFFFF, 0xFFFF, 0xFFFF, 0xFFFF, 0xFFFF, 0xFFFF, 0xFFFF, 0xFFFF, 0xFFFF, 0xFFFF, 0xFFFF,
  0xFFFF, 0xFFFF, 0xFFFF, 0xFFFF, 0xFFFF, 0xFFFF, 0xFFFF, 0xFFFF, 0xFFFF, 0xFFFF, 0xFFFF, 0xFFFF, 0xFFFF, 0xFFFF, 0xFFFF, 0xFFFF,
  0xFFFF, 0xFFFF, 0xFFFF, 0xFFFF, 0xFFFF, 0xFFFF, 0xFFFF, 0xFFFF, 0xFFFF, 0xFFFF, 0xFFFF, 0xFFFF, 0xFFFF, 0xFFFF, 0xFFFF, 0xFFFF,
  0xFFFF, 0xFFFF, 0xFFFF, 0xFFFF, 0xFFFF, 0xFFFF, 0xFFFF, 0xFFFF, 0xFFFF, 0xFFFF, 0xFFFF, 0xFFFF, 0xFFFF, 0xFFFF, 0xFFFF, 0xFFFF,
  0xFFFF, 0xFFFF, 0xFFFF, 0xFFFF, 0xFFFF, 0xFFFF, 0xFFFF, 0xFFFF, 0xFFFF, 0xFFFF, 0xFFFF, 0xFFFF, 0xFFFF, 0xFFFF, 0xFFFF, 0xFFFF,
  0xFFFF, 0xFFFF, 0xFFFF, 0xFFFF, 0xFFFF, 0xFFFF, 0xFFFF, 0xFFFF, 0xFFFF, 0xFFFF, 0xFFFF, 0xFFFF, 0xFFFF, 0xFFFF, 0xFFFF, 0xFFFF,
  0xFFFF, 0xFFFF, 0xFFFF, 0xFFFF, 0xFFFF, 0xFFFF, 0xFFFF, 0xFFFF, 0xFFFF, 0xFFFF, 0xFFFF, 0xFFFF, 0xFFFF, 0xFFFF, 0xFFFF, 0xFFFF,
  0xFFFF, 0xFFFF, 0xFFFF, 0xFFFF, 0xFFFF, 0xFFFF, 0xFFFF, 0xFFFF, 0xFFFF, 0xFFFF, 0xFFFF, 0xFFFF, 0xFFFF, 0xFFFF, 0xFFFF, 0xFFFF,
  0xFFFF, 0xFFFF, 0xFFFF, 0xFFFF, 0xFFFF, 0xFFFF, 0xFFFF, 0xFFFF, 0xFFFF, 0xFFFF, 0xFFFF, 0xFFFF, 0xFFFF, 0xFFFF, 0xFFFF, 0xFFFF,
  0xFFFF, 0xFFFF, 0xFFFF, 0xFFFF, 0xFFFF, 0xFFFF, 0xFFFF, 0xFFFF, 0xFFFF, 0xFFFF, 0xFFFF, 0xFFFF, 0xFFFF, 0xFFFF, 0xFFFF, 0x3EE7,
  0x3EE7, 0xFFFF, 0xFFFF, 0xFFFF, 0xFFFF, 0xFFFF, 0xFFFF, 0xFFFF, 0xFFFF, 0xFFFF, 0xFFFF, 0xFFFF, 0xFFFF, 0xFFFF, 0xFFFF, 0xFFFF,
  0xFFFF, 0xFFFF, 0xFFFF, 0xFFFF, 0xFFFF, 0xFFFF, 0xFFFF, 0xFFFF, 0xFFFF, 0xFFFF, 0xFFFF, 0xFFFF, 0xFFFF, 0xFFFF, 0xFFFF, 0xFFFF,
  0xFFFF, 0xFFFF, 0xFFFF, 0xFFFF, 0xFFFF, 0xFFFF, 0xFFFF, 0xFFFF, 0xFFFF, 0xFFFF, 0xFFFF, 0xFFFF, 0xFFFF, 0xFFFF, 0xFFFF, 0xFFFF,
  0xFFFF, 0xFFFF, 0xFFFF, 0xFFFF, 0xFFFF, 0xFFFF, 0xFFFF, 0xFFFF, 0xDFFF, 0xFFFF, 0xB894, 0x0F19, 0x3021, 0x0F19, 0x0F19, 0x0F19,
  0x0F19, 0x0F19, 0x3021, 0x0F19, 0x5784, 0xFFFF, 0xDFFF, 0xFFFF, 0xFFFF, 0xFFFF, 0xFFFF, 0xFFFF, 0xFFFF, 0xFFFF, 0xFFFF, 0xFFFF,
  0xFFFF, 0xFFFF, 0xFFFF, 0xFFFF, 0xFFFF, 0xFFFF, 0xFFFF, 0xFFFF, 0xFFFF, 0xFFFF, 0xFFFF, 0xFFFF, 0xFFFF, 0xFFFF, 0xFFFF, 0xFFFF,
  0xFFFF, 0xFFFF, 0xFFFF, 0xFFFF, 0xFFFF, 0xFFFF, 0xFFFF, 0xFFFF, 0xFFFF, 0xFFFF, 0xFFFF, 0xFFFF, 0xFFFF, 0xFFFF, 0xFFFF, 0xFFFF,
  0xFFFF, 0xFFFF, 0xFFFF, 0xFFFF, 0xFFFF, 0xFFFF, 0xFFFF, 0xFFFF, 0xFFFF, 0xFFFF, 0xFFFF, 0xFFFF, 0xFFFF, 0xFFFF, 0xFFFF, 0xFFFF,
  0xFFFF, 0xFFFF, 0xFFFF, 0xFFFF, 0xFFFF, 0xFFFF, 0xFFFF, 0xFFFF, 0xFFFF, 0xFFFF, 0xFFFF, 0xFFFF, 0xFFFF, 0xFFFF, 0xFFFF, 0xFFFF,
  0xFFFF, 0xFFFF, 0xFFFF, 0xFFFF, 0xFFFF, 0xFFFF, 0xFFFF, 0xFFFF, 0xFFFF, 0xFFFF, 0xFFFF, 0xFFFF, 0xFFFF, 0xFFFF, 0xFFFF, 0xFFFF,
  0xFFFF, 0xFFFF, 0xFFFF, 0xFFFF, 0xFFFF, 0xFFFF, 0xFFFF, 0xFFFF, 0xFFFF, 0xFFFF, 0xFFFF, 0xFFFF, 0xFFFF, 0xFFFF, 0xFFFF, 0xFFFF,
  0xFFFF, 0xFFFF, 0xFFFF, 0xFFFF, 0xFFFF, 0xFFFF, 0xFFFF, 0xFFFF, 0xFFFF, 0xFFFF, 0xFFFF, 0xFFFF, 0xFFFF, 0xFFFF, 0xFFFF, 0xFFFF,
  0xFFFF, 0xFFFF, 0xFFFF, 0xFFFF, 0xFFFF, 0xFFFF, 0xFFFF, 0xFFFF, 0xFFFF, 0xFFFF, 0xFFFF, 0xFFFF, 0xFFFF, 0xFFFF, 0xFFFF, 0xFFFF,
  0xFFFF, 0xFFFF, 0xFFFF, 0xFFFF, 0xFFFF, 0xFFFF, 0xFFFF, 0xFFFF, 0xFFFF, 0xFFFF, 0xFFFF, 0xFFFF, 0xFFFF, 0xFFFF, 0xFFFF, 0xFFFF,
  0xFFFF, 0xFFFF, 0xFFFF, 0xFFFF, 0xFFFF, 0xFFFF, 0xFFFF, 0xFFFF, 0xFFFF, 0xFFFF, 0xFFFF, 0xFFFF, 0xFFFF, 0xFFFF, 0xFFFF, 0xFFFF,
  0xFFFF, 0xFFFF, 0xFFFF, 0xFFFF, 0xFFFF, 0xFFFF, 0xFFFF, 0xFFFF, 0xFFFF, 0xFFFF, 0xFFFF, 0xFFFF, 0xFFFF, 0xFFFF, 0xFFFF, 0xFFFF,
  0xFFFF, 0xFFFF, 0xFFFF, 0xFFFF, 0xFFFF, 0xFFFF, 0xFFFF, 0xFFFF, 0xFFFF, 0xFFFF, 0xFFFF, 0xFFFF, 0xFFFF, 0xFFFF, 0xFFFF, 0xFFFF,
  0xFFFF, 0xFFFF, 0xFFFF, 0xFFFF, 0xFFFF, 0xFFFF, 0xFFFF, 0xFFFF, 0xFFFF, 0xFFFF, 0xFFFF, 0xFFFF, 0xFFFF, 0xFFFF, 0xFFFF, 0xFFFF,
  0xFFFF, 0xFFFF, 0xFFFF, 0xFFFF, 0xFFFF, 0xFFFF, 0xFFFF, 0xFFFF, 0xFFFF, 0xFFFF, 0xFFFF, 0x3EE7, 0x3EE7, 0xFFFF, 0xFFFF, 0xFFFF,
  0xFFFF, 0xFFFF, 0xFFFF, 0xFFFF, 0xFFFF, 0xFFFF, 0xFFFF, 0xFFFF, 0xFFFF, 0xFFFF, 0xFFFF, 0xFFFF, 0xFFFF, 0xFFFF, 0xFFFF, 0xFFFF,
  0xFFFF, 0xFFFF, 0xFFFF, 0xFFFF, 0xFFFF, 0xFFFF, 0xFFFF, 0xFFFF, 0xFFFF, 0xFFFF, 0xFFFF, 0xFFFF, 0xFFFF, 0xFFFF, 0xFFFF, 0xFFFF,
  0xFFFF, 0xFFFF, 0xFFFF, 0xFFFF, 0xFFFF, 0xFFFF, 0xFFFF, 0xFFFF, 0xFFFF, 0xFFFF, 0xFFFF, 0xFFFF, 0xFFFF, 0xFFFF, 0xFFFF, 0xFFFF,
  0xFFFF, 0xFFFF, 0xFFFF, 0xFFFF, 0xFFFF, 0xFFFF, 0x9FF7, 0x3EE7, 0x3EE7, 0x3EE7, 0x3EE7, 0x3EE7, 0x3EE7, 0x3EE7, 0x3EE7, 0x3EE7,
  0x9FF7, 0xFFFF, 0xFFFF, 0xFFFF, 0xFFFF, 0xFFFF, 0xFFFF, 0xFFFF, 0xFFFF, 0xFFFF, 0xFFFF, 0xFFFF, 0xFFFF, 0xFFFF, 0xFFFF, 0xFFFF,
  0xFFFF, 0xFFFF, 0xFFFF, 0xFFFF, 0xFFFF, 0xFFFF, 0xFFFF, 0xFFFF, 0xFFFF, 0xFFFF, 0xFFFF, 0xFFFF, 0xFFFF, 0xFFFF, 0xFFFF, 0xFFFF,
  0xFFFF, 0xFFFF, 0xFFFF, 0xFFFF, 0xFFFF, 0xFFFF, 0xFFFF, 0xFFFF, 0xFFFF, 0xFFFF, 0xFFFF, 0xFFFF, 0xFFFF, 0xFFFF, 0xFFFF, 0xFFFF,
  0xFFFF, 0xFFFF, 0xFFFF, 0xFFFF, 0xFFFF, 0xFFFF, 0xFFFF, 0xFFFF, 0xFFFF, 0xFFFF, 0xFFFF, 0xFFFF, 0xFFFF, 0xFFFF, 0xFFFF, 0xFFFF,
  0xFFFF, 0xFFFF, 0xFFFF, 0xFFFF, 0xFFFF, 0xFFFF, 0xFFFF, 0xFFFF, 0xFFFF, 0xFFFF, 0xFFFF, 0xFFFF, 0xFFFF, 0xFFFF, 0xFFFF, 0xFFFF,
  0xFFFF, 0xFFFF, 0xFFFF, 0xFFFF, 0xFFFF, 0xFFFF, 0xFFFF, 0xFFFF, 0xFFFF, 0xFFFF, 0xFFFF, 0xFFFF, 0xFFFF, 0xFFFF, 0xFFFF, 0xFFFF,
  0xFFFF, 0xFFFF, 0xFFFF, 0xFFFF, 0xFFFF, 0xFFFF, 0xFFFF, 0xFFFF, 0xFFFF, 0xFFFF, 0xFFFF, 0xFFFF, 0xFFFF, 0xFFFF, 0xFFFF, 0xFFFF,
  0xFFFF, 0xFFFF, 0xFFFF, 0xFFFF, 0xFFFF, 0xFFFF, 0xFFFF, 0xFFFF, 0xFFFF, 0xFFFF, 0xFFFF, 0xFFFF, 0xFFFF, 0xFFFF, 0xFFFF, 0xFFFF,
  0xFFFF, 0xFFFF, 0xFFFF, 0xFFFF, 0xFFFF, 0xFFFF, 0xFFFF, 0xFFFF, 0xFFFF, 0xFFFF, 0xFFFF, 0xFFFF, 0xFFFF, 0xFFFF, 0xFFFF, 0xFFFF,
  0xFFFF, 0xFFFF, 0xFFFF, 0xFFFF, 0xFFFF, 0xFFFF, 0xFFFF, 0xFFFF, 0xFFFF, 0xFFFF, 0xFFFF, 0xFFFF, 0xFFFF, 0xFFFF, 0xFFFF, 0xFFFF,
  0xFFFF, 0xFFFF, 0xFFFF, 0xFFFF, 0xFFFF, 0xFFFF, 0xFFFF, 0xFFFF, 0xFFFF, 0xFFFF, 0xFFFF, 0xFFFF, 0xFFFF, 0xFFFF, 0xFFFF, 0xFFFF,
  0xFFFF, 0xFFFF, 0xFFFF, 0xFFFF, 0xFFFF, 0xFFFF, 0xFFFF, 0xFFFF, 0xFFFF, 0xFFFF, 0xFFFF, 0xFFFF, 0xFFFF, 0xFFFF, 0xFFFF, 0xFFFF,
  0xFFFF, 0xFFFF, 0xFFFF, 0xFFFF, 0xFFFF, 0xFFFF, 0xFFFF, 0xFFFF, 0xFFFF, 0xFFFF, 0xFFFF, 0xFFFF, 0xFFFF, 0xFFFF, 0xFFFF, 0xFFFF,
  0xFFFF, 0xFFFF, 0xFFFF, 0xFFFF, 0xFFFF, 0xFFFF, 0xFFFF, 0xFFFF, 0xFFFF, 0xFFFF, 0xFFFF, 0xFFFF, 0xFFFF, 0xFFFF, 0xFFFF, 0xFFFF,
  0xFFFF, 0xFFFF, 0xFFFF, 0xFFFF, 0xFFFF, 0xFFFF, 0xFFFF, 0x3EE7, 0x3EE7, 0xFFFF, 0xFFFF, 0xFFFF, 0xFFFF, 0xFFFF, 0xFFFF, 0xFFFF,
  0xFFFF, 0xFFFF, 0xFFFF, 0xFFFF, 0xFFFF, 0xFFFF, 0xFFFF, 0xFFFF, 0xFFFF, 0xFFFF, 0xFFFF, 0xFFFF, 0xFFFF, 0xFFFF, 0xFFFF, 0xFFFF,
  0xFFFF, 0xFFFF, 0xFFFF, 0xFFFF, 0xFFFF, 0xFFFF, 0xFFFF, 0xFFFF, 0xFFFF, 0xFFFF, 0xFFFF, 0xFFFF, 0xFFFF, 0xFFFF, 0xFFFF, 0xFFFF,
  0xFFFF, 0xFFFF, 0xFFFF, 0xFFFF, 0xFFFF, 0xFFFF, 0xFFFF, 0xFFFF, 0xFFFF, 0xFFFF, 0xFFFF, 0xFFFF, 0xFFFF, 0xFFFF, 0xFFFF, 0xFFFF,
  0xFFFF, 0xFFFF, 0xFFFF, 0xFFFF, 0xFFFF, 0xFFFF, 0xFFFF, 0xFFFF, 0xFFFF, 0xFFFF, 0xFFFF, 0xFFFF, 0xFFFF, 0xFFFF, 0xFFFF, 0xFFFF,
  0xFFFF, 0xFFFF, 0xFFFF, 0xFFFF, 0xFFFF, 0xFFFF, 0xFFFF, 0xFFFF, 0xFFFF, 0xFFFF, 0xFFFF, 0xFFFF, 0xFFFF, 0xFFFF, 0xFFFF, 0xFFFF,
  0xFFFF, 0xFFFF, 0xFFFF, 0xFFFF, 0xFFFF, 0xFFFF, 0xFFFF, 0xFFFF, 0xFFFF, 0xFFFF, 0xFFFF, 0xFFFF, 0xFFFF, 0xFFFF, 0xFFFF, 0xFFFF,
  0xFFFF, 0xFFFF, 0xFFFF, 0xFFFF, 0xFFFF, 0xFFFF, 0xFFFF, 0xFFFF, 0xFFFF, 0xFFFF, 0xFFFF, 0xFFFF, 0xFFFF, 0xFFFF, 0xFFFF, 0xFFFF,
  0xFFFF, 0xFFFF, 0xFFFF, 0xFFFF, 0xFFFF, 0xFFFF, 0xFFFF, 0xFFFF, 0xFFFF, 0xFFFF, 0xFFFF, 0xFFFF, 0xFFFF, 0xFFFF, 0xFFFF, 0xFFFF,
  0xFFFF, 0xFFFF, 0xFFFF, 0xFFFF, 0xFFFF, 0xFFFF, 0xFFFF, 0xFFFF, 0xFFFF, 0xFFFF, 0xFFFF, 0xFFFF, 0xFFFF, 0xFFFF, 0xFFFF, 0xFFFF,
  0xFFFF, 0xFFFF, 0xFFFF, 0xFFFF, 0xFFFF, 0xFFFF, 0xFFFF, 0xFFFF, 0xFFFF, 0xFFFF, 0xFFFF, 0xFFFF, 0xFFFF, 0xFFFF, 0xFFFF, 0xFFFF,
  0xFFFF, 0xFFFF, 0xFFFF, 0xFFFF, 0xFFFF, 0xFFFF, 0xFFFF, 0xFFFF, 0xFFFF, 0xFFFF, 0xFFFF, 0xFFFF, 0xFFFF, 0xFFFF, 0xFFFF, 0xFFFF,
  0xFFFF, 0xFFFF, 0xFFFF, 0xFFFF, 0xFFFF, 0xFFFF, 0xFFFF, 0xFFFF, 0xFFFF, 0xFFFF, 0xFFFF, 0xFFFF, 0xFFFF, 0xFFFF, 0xFFFF, 0xFFFF,
  0xFFFF, 0xFFFF, 0xFFFF, 0xFFFF, 0xFFFF, 0xFFFF, 0xFFFF, 0xFFFF, 0xFFFF, 0xFFFF, 0xFFFF, 0xFFFF, 0xFFFF, 0xFFFF, 0xFFFF, 0xFFFF,
  0xFFFF, 0xFFFF, 0xFFFF, 0xFFFF, 0xFFFF, 0xFFFF, 0xFFFF, 0xFFFF, 0xFFFF, 0xFFFF, 0xFFFF, 0xFFFF, 0xFFFF, 0xFFFF, 0xFFFF, 0xFFFF,
  0xFFFF, 0xFFFF, 0xFFFF, 0xFFFF, 0xFFFF, 0xFFFF, 0xFFFF, 0xFFFF, 0xFFFF, 0xFFFF, 0xFFFF, 0xFFFF, 0xFFFF, 0xFFFF, 0xFFFF, 0xFFFF,
  0xFFFF, 0xFFFF, 0xFFFF, 0xFFFF, 0xFFFF, 0xFFFF, 0xFFFF, 0xFFFF, 0xFFFF, 0xFFFF, 0xFFFF, 0xFFFF, 0xFFFF, 0xFFFF, 0xFFFF, 0xFFFF,
  0xFFFF, 0xFFFF, 0xFFFF, 0xFFFF, 0xFFFF, 0xFFFF, 0xFFFF, 0xFFFF, 0xFFFF, 0xFFFF, 0xFFFF, 0xFFFF, 0xFFFF, 0xFFFF, 0xFFFF, 0xFFFF,
  0xFFFF, 0xFFFF, 0xFFFF, 0xFFFF, 0xFFFF, 0xFFFF, 0xFFFF, 0xFFFF, 0xFFFF, 0xFFFF, 0xFFFF, 0xFFFF, 0xFFFF, 0xFFFF, 0xFFFF, 0xFFFF,
  0xFFFF, 0xFFFF, 0xFFFF, 0x3EE7, 0x3EE7, 0xFFFF, 0xFFFF, 0xFFFF, 0xFFFF, 0xFFFF, 0xFFFF, 0xFFFF, 0xFFFF, 0xFFFF, 0xFFFF, 0xFFFF,
  0xFFFF, 0xFFFF, 0xFFFF, 0xFFFF, 0xFFFF, 0xFFFF, 0xFFFF, 0xFFFF, 0xFFFF, 0xFFFF, 0xFFFF, 0xFFFF, 0xFFFF, 0xFFFF, 0xFFFF, 0xFFFF,
  0xFFFF, 0xFFFF, 0xFFFF, 0xFFFF, 0xFFFF, 0xFFFF, 0xFFFF, 0xFFFF, 0xFFFF, 0xFFFF, 0xFFFF, 0xFFFF, 0xFFFF, 0xFFFF, 0xFFFF, 0xFFFF,
  0xFFFF, 0xFFFF, 0xFFFF, 0xFFFF, 0xFFFF, 0xFFFF, 0xFFFF, 0xFFFF, 0xFFFF, 0xFFFF, 0xFFFF, 0xFFFF, 0xFFFF, 0xFFFF, 0xFFFF, 0xDFFF,
  0xDFFF, 0xDFFF, 0xDFFF, 0xDFFF, 0xDFFF, 0xDFFF, 0xDFFF, 0xDFFF, 0xFFFF, 0xFFFF, 0xFFFF, 0xFFFF, 0xFFFF, 0xFFFF, 0xFFFF, 0xFFFF,
  0xFFFF, 0xFFFF, 0xFFFF, 0xFFFF, 0xFFFF, 0xFFFF, 0xFFFF, 0xFFFF, 0xFFFF, 0xFFFF, 0xFFFF, 0xFFFF, 0xFFFF, 0xFFFF, 0xFFFF, 0xFFFF,
  0xFFFF, 0xFFFF, 0xFFFF, 0xFFFF, 0xFFFF, 0xFFFF, 0xFFFF, 0xFFFF, 0xFFFF, 0xFFFF, 0xFFFF, 0xFFFF, 0xFFFF, 0xFFFF, 0xFFFF, 0xFFFF,
  0xFFFF, 0xFFFF, 0xFFFF, 0xFFFF, 0xFFFF, 0xFFFF, 0xFFFF, 0xFFFF, 0xFFFF, 0xFFFF, 0xFFFF, 0xFFFF, 0xFFFF, 0xFFFF, 0xFFFF, 0xFFFF,
  0xFFFF, 0xFFFF, 0xFFFF, 0xFFFF, 0xFFFF, 0xFFFF, 0xFFFF, 0xFFFF, 0xFFFF, 0xFFFF, 0xFFFF, 0xFFFF, 0xFFFF, 0xFFFF, 0xFFFF, 0xFFFF,
  0xFFFF, 0xFFFF, 0xFFFF, 0xFFFF, 0xFFFF, 0xFFFF, 0xFFFF, 0xFFFF, 0xFFFF, 0xFFFF, 0xFFFF, 0xFFFF, 0xFFFF, 0xFFFF, 0xFFFF, 0xFFFF,
  0xFFFF, 0xFFFF, 0xFFFF, 0xFFFF, 0xFFFF, 0xFFFF, 0xFFFF, 0xFFFF, 0xFFFF, 0xFFFF, 0xFFFF, 0xFFFF, 0xFFFF, 0xFFFF, 0xFFFF, 0xFFFF,
  0xFFFF, 0xFFFF, 0xFFFF, 0xFFFF, 0xFFFF, 0xFFFF, 0xFFFF, 0xFFFF, 0xFFFF, 0xFFFF, 0xFFFF, 0xFFFF, 0xFFFF, 0xFFFF, 0xFFFF, 0xFFFF,
  0xFFFF, 0xFFFF, 0xFFFF, 0xFFFF, 0xFFFF, 0xFFFF, 0xFFFF, 0xFFFF, 0xFFFF, 0xFFFF, 0xFFFF, 0xFFFF, 0xFFFF, 0xFFFF, 0xFFFF, 0xFFFF,
  0xFFFF, 0xFFFF, 0xFFFF, 0xFFFF, 0xFFFF, 0xFFFF, 0xFFFF, 0xFFFF, 0xFFFF, 0xFFFF, 0xFFFF, 0xFFFF, 0xFFFF, 0xFFFF, 0xFFFF, 0xFFFF,
  0xFFFF, 0xFFFF, 0xFFFF, 0xFFFF, 0xFFFF, 0xFFFF, 0xFFFF, 0xFFFF, 0xFFFF, 0xFFFF, 0xFFFF, 0xFFFF, 0xFFFF, 0xFFFF, 0xFFFF, 0xFFFF,
  0xFFFF, 0xFFFF, 0xFFFF, 0xFFFF, 0xFFFF, 0xFFFF, 0xFFFF, 0xFFFF, 0xFFFF, 0xFFFF, 0xFFFF, 0xFFFF, 0xFFFF, 0xFFFF, 0xFFFF, 0xFFFF,
  0xFFFF, 0xFFFF, 0xFFFF, 0xFFFF, 0xFFFF, 0xFFFF, 0xFFFF, 0xFFFF, 0xFFFF, 0xFFFF, 0xFFFF, 0xFFFF, 0xFFFF, 0xFFFF, 0xFFFF, 0xFFFF,
  0xFFFF, 0xFFFF, 0xFFFF, 0xFFFF, 0xFFFF, 0xFFFF, 0xFFFF, 0xFFFF, 0xFFFF, 0xFFFF, 0xFFFF, 0xFFFF, 0xFFFF, 0xFFFF, 0xFFFF, 0xFFFF,
  0xFFFF, 0xFFFF, 0xFFFF, 0xFFFF, 0xFFFF, 0xFFFF, 0xFFFF, 0xFFFF, 0xFFFF, 0xFFFF, 0xFFFF, 0xFFFF, 0xFFFF, 0xFFFF, 0xFFFF, 0x3EE7,
  0x7EEF, 0xFFFF, 0xFFFF, 0xFFFF, 0xFFFF, 0xFFFF, 0xFFFF, 0xFFFF, 0xFFFF, 0xFFFF, 0xFFFF, 0xFFFF, 0xFFFF, 0xFFFF, 0xFFFF, 0xFFFF,
  0xFFFF, 0xFFFF, 0xFFFF, 0xFFFF, 0xFFFF, 0xFFFF, 0xFFFF, 0xFFFF, 0xFFFF, 0xFFFF, 0xFFFF, 0xFFFF, 0xFFFF, 0xFFFF, 0xFFFF, 0xFFFF,
  0xFFFF, 0xFFFF, 0xFFFF, 0xFFFF, 0xFFFF, 0xFFFF, 0xFFFF, 0xFFFF, 0xFFFF, 0xFFFF, 0xFFFF, 0xFFFF, 0xFFFF, 0xFFFF, 0xFFFF, 0xFFFF,
  0xFFFF, 0xFFFF, 0xFFFF, 0xFFFF, 0xFFFF, 0xFFFF, 0xFFFF, 0xFFFF, 0xFFFF, 0xFFFF, 0xFFFF, 0xFFFF, 0xFFFF, 0xFFFF, 0xFFFF, 0xFFFF,
  0xFFFF, 0xFFFF, 0xFFFF, 0xFFFF, 0xFFFF, 0xFFFF, 0xFFFF, 0xFFFF, 0xFFFF, 0xFFFF, 0xFFFF, 0xFFFF, 0xFFFF, 0xFFFF, 0xFFFF, 0xFFFF,
  0xFFFF, 0xFFFF, 0xFFFF, 0xFFFF, 0xFFFF, 0xFFFF, 0xFFFF, 0xFFFF, 0xFFFF, 0xFFFF, 0xFFFF, 0xFFFF, 0xFFFF, 0xFFFF, 0xFFFF, 0xFFFF,
  0xFFFF, 0xFFFF, 0xFFFF, 0xFFFF, 0xFFFF, 0xFFFF, 0xFFFF, 0xFFFF, 0xFFFF, 0xFFFF, 0xFFFF, 0xFFFF, 0xFFFF, 0xFFFF, 0xFFFF, 0xFFFF,
  0xFFFF, 0xFFFF, 0xFFFF, 0xFFFF, 0xFFFF, 0xFFFF, 0xFFFF, 0xFFFF, 0xFFFF, 0xFFFF, 0xFFFF, 0xFFFF, 0xFFFF, 0xFFFF, 0xFFFF, 0xFFFF,
  0xFFFF, 0xFFFF, 0xFFFF, 0xFFFF, 0xFFFF, 0xFFFF, 0xFFFF, 0xFFFF, 0xFFFF, 0xFFFF, 0xFFFF, 0xFFFF, 0xFFFF, 0xFFFF, 0xFFFF, 0xFFFF,
  0xFFFF, 0xFFFF, 0xFFFF, 0xFFFF, 0xFFFF, 0xFFFF, 0xFFFF, 0xFFFF, 0xFFFF, 0xFFFF, 0xFFFF, 0xFFFF, 0xFFFF, 0xFFFF, 0xFFFF, 0xFFFF,
  0xFFFF, 0xFFFF, 0xFFFF, 0xFFFF, 0xFFFF, 0xFFFF, 0xFFFF, 0xFFFF, 0xFFFF, 0xFFFF, 0xFFFF, 0xFFFF, 0xFFFF, 0xFFFF, 0xFFFF, 0xFFFF,
  0xFFFF, 0xFFFF, 0xFFFF, 0xFFFF, 0xFFFF, 0xFFFF, 0xFFFF, 0xFFFF, 0xFFFF, 0xFFFF, 0xFFFF, 0xFFFF, 0xFFFF, 0xFFFF, 0xFFFF, 0xFFFF,
  0xFFFF, 0xFFFF, 0xFFFF, 0xFFFF, 0xFFFF, 0xFFFF, 0xFFFF, 0xFFFF, 0xFFFF, 0xFFFF, 0xFFFF, 0xFFFF, 0xFFFF, 0xFFFF, 0xFFFF, 0xFFFF,
  0xFFFF, 0xFFFF, 0xFFFF, 0xFFFF, 0xFFFF, 0xFFFF, 0xFFFF, 0xFFFF, 0xFFFF, 0xFFFF, 0xFFFF, 0xFFFF, 0xFFFF, 0xFFFF, 0xFFFF, 0xFFFF,
  0xFFFF, 0xFFFF, 0xFFFF, 0xFFFF, 0xFFFF, 0xFFFF, 0xFFFF, 0xFFFF, 0xFFFF, 0xFFFF, 0xFFFF, 0xFFFF, 0xFFFF, 0xFFFF, 0xFFFF, 0xFFFF,
  0xFFFF, 0xFFFF, 0xFFFF, 0xFFFF, 0xFFFF, 0xFFFF, 0xFFFF, 0xFFFF, 0xFFFF, 0xFFFF, 0xFFFF, 0xFFFF, 0xFFFF, 0xFFFF, 0xFFFF, 0xFFFF,
  0xFFFF, 0xFFFF, 0xFFFF, 0xFFFF, 0xFFFF, 0xFFFF, 0xFFFF, 0xFFFF, 0xFFFF, 0xFFFF, 0xFFFF, 0xFFFF, 0xFFFF, 0xFFFF, 0xFFFF, 0xFFFF,
  0xFFFF, 0xFFFF, 0xFFFF, 0xFFFF, 0xFFFF, 0xFFFF, 0xFFFF, 0xFFFF, 0xFFFF, 0xFFFF, 0xFFFF, 0xFFFF, 0xFFFF, 0xFFFF, 0xFFFF, 0xFFFF,
  0xFFFF, 0xFFFF, 0xFFFF, 0xFFFF, 0xFFFF, 0xFFFF, 0xFFFF, 0xFFFF, 0xFFFF, 0xFFFF, 0xFFFF, 0x7EEF, 0xBAB5, 0x5CCE, 0x3BC6, 0x5BC6,
  0x5BC6, 0x5BC6, 0x5BC6, 0x5BC6, 0x5BC6, 0x5BC6, 0x5BC6, 0x5BC6, 0x5BC6, 0x5BC6, 0x5BC6, 0x5BC6, 0x5BC6, 0x5BC6, 0x5BC6, 0x5BC6,
  0x5BC6, 0x5BC6, 0x5BC6, 0x5BC6, 0x5BC6, 0x5BC6, 0x5BC6, 0x5BC6, 0x5BC6, 0x5BC6, 0x5BC6, 0x5BC6, 0x5BC6, 0x5BC6, 0x5BC6, 0x5BC6,
  0x5BC6, 0x5BC6, 0x5BC6, 0x5BC6, 0x5BC6, 0x5BC6, 0x5BC6, 0x5BC6, 0x5BC6, 0x5BC6, 0x5BC6, 0x5BC6, 0x5BC6, 0x5BC6, 0x5BC6, 0x5BC6,
  0x5BC6, 0x5BC6, 0x5BC6, 0x5BC6, 0x5BC6, 0x5BC6, 0x5BC6, 0x5BC6, 0x5BC6, 0x5BC6, 0x5BC6, 0x5BC6, 0x5BC6, 0x5BC6, 0x5BC6, 0x5BC6,
  0x5BC6, 0x5BC6, 0x5BC6, 0x5BC6, 0x5BC6, 0x5BC6, 0x5BC6, 0x5BC6, 0x5BC6, 0x5BC6, 0x5BC6, 0x5BC6, 0x5BC6, 0x5BC6, 0x5BC6, 0x5BC6,
  0x5BC6, 0x5BC6, 0x5BC6, 0x5BC6, 0x5BC6, 0x5BC6, 0x5BC6, 0x5BC6, 0x5BC6, 0x5BC6, 0x5BC6, 0x5BC6, 0x5BC6, 0x5BC6, 0x5BC6, 0x5BC6,
  0x5BC6, 0x5BC6, 0x5BC6, 0x5BC6, 0x5BC6, 0x5BC6, 0x5BC6, 0x5BC6, 0x5BC6, 0x5BC6, 0x5BC6, 0x5BC6, 0x5BC6, 0x5BC6, 0x5BC6, 0x5BC6,
  0x5BC6, 0x5BC6, 0x5BC6, 0x5BC6, 0x5BC6, 0x5BC6, 0x5BC6, 0x5BC6, 0x5BC6, 0x5BC6, 0x5BC6, 0x5BC6, 0x5BC6, 0x5BC6, 0x5BC6, 0x5BC6,
  0x5BC6, 0x5BC6, 0x5BC6, 0x5BC6, 0x5BC6, 0x5BC6, 0x5BC6, 0x5BC6, 0x5BC6, 0x5BC6, 0x5BC6, 0x5BC6, 0x5BC6, 0x5BC6, 0x5BC6, 0x5BC6,
  0x5BC6, 0x5BC6, 0x5BC6, 0x5BC6, 0x5BC6, 0x5BC6, 0x5BC6, 0x5BC6, 0x5BC6, 0x5BC6, 0x5BC6, 0x5BC6, 0x5BC6, 0x5BC6, 0x5BC6, 0x5BC6,
  0x5BC6, 0x5BC6, 0x5BC6, 0x5BC6, 0x5BC6, 0x5BC6, 0x5BC6, 0x5BC6, 0x5BC6, 0x5BC6, 0x5BC6, 0x5BC6, 0x5BC6, 0x5BC6, 0x5BC6, 0x5BC6,
  0x5BC6, 0x5BC6, 0x5BC6, 0x5BC6, 0x5BC6, 0x5BC6, 0x5BC6, 0x5BC6, 0x5BC6, 0x5BC6, 0x5BC6, 0x5BC6, 0x5BC6, 0x5BC6, 0x5BC6, 0x5BC6,
  0x5BC6, 0x5BC6, 0x5BC6, 0x5BC6, 0x5BC6, 0x5BC6, 0x5BC6, 0x5BC6, 0x5BC6, 0x5BC6, 0x5BC6, 0x5BC6, 0x5BC6, 0x5BC6, 0x5BC6, 0x5BC6,
  0x5BC6, 0x5BC6, 0x5BC6, 0x5BC6, 0x5BC6, 0x5BC6, 0x5BC6, 0x5BC6, 0x5BC6, 0x5BC6, 0x5BC6, 0x5BC6, 0x5BC6, 0x5BC6, 0x5BC6, 0x5BC6,
  0x5BC6, 0x5BC6, 0x5BC6, 0x5BC6, 0x5BC6, 0x5BC6, 0x5BC6, 0x5BC6, 0x5BC6, 0x5BC6, 0x5BC6, 0x5BC6, 0x5BC6, 0x5BC6, 0x5BC6, 0x5BC6,
  0x5BC6, 0x5BC6, 0x5BC6, 0x5BC6, 0x5BC6, 0x5BC6, 0x5BC6, 0x5BC6, 0x5BC6, 0x5BC6, 0x5BC6, 0x5BC6, 0x5BC6, 0x5BC6, 0x5BC6, 0x5BC6,
  0x5BC6, 0x5BC6, 0x5BC6, 0x5BC6, 0x5BC6, 0x5BC6, 0x5BC6, 0x5BC6, 0x5BC6, 0x5BC6, 0x5BC6, 0x5BC6, 0x5BC6, 0x5BC6, 0x5BC6, 0x5BC6,
  0x5BC6, 0x5BC6, 0x5BC6, 0x5BC6, 0x5BC6, 0x5BC6, 0x5BC6, 0x5BC6, 0x5BC6, 0x5BC6, 0x5BC6, 0x5BC6, 0x5BC6, 0x5BC6, 0x5BC6, 0x5BC6,
  0x5BC6, 0x5BC6, 0x5BC6, 0x5BC6, 0x5BC6, 0x3BC6, 0x5CCE, 0xBAB5,
};
