// Official Sparco Racing background (320x240)
const uint16_t sparco_racing_bg_width = 320;
const uint16_t sparco_racing_bg_height = 240;
const uint16_t sparco_racing_bg[] PROGMEM = {
  0x0000, 0x0000, 0x0000, 0x0000, 0x0000, 0x0000, 0x0000, 0x0000, 0x0000, 0x0000, 0x0000, 0x0000, 0x0000, 0x0000, 0x0100, 0x0100,
  0x0100, 0x0200, 0x0200, 0x0200, 0x0200, 0x0200, 0x0200, 0x0200, 0x0200, 0x0200, 0x0200, 0x0200, 0x0200, 0x0200, 0x0200, 0x0200,
  0x0200, 0x0200, 0x0200, 0x0200, 0x0200, 0x0200, 0x0200, 0x0200, 0x0200, 0x0200, 0x0200, 0x0200, 0x0200, 0x0200, 0x0200, 0x0200,
  0x0200, 0x0200, 0x0200, 0x0200, 0x0200, 0x0200, 0x0200, 0x0200, 0x0200, 0x0200, 0x0200, 0x0200, 0x0200, 0x0200, 0x0200, 0x0200,
  0x0200, 0x0200, 0x0200, 0x0200, 0x2200, 0x2200, 0x0200, 0x0200, 0x0200, 0x0200, 0x0200, 0x0200, 0x0200, 0x0200, 0x0200, 0x0200,
  0x0200, 0x0200, 0x0200, 0x0200, 0x0200, 0x0200, 0x0200, 0x0200, 0x0200, 0x0200, 0x0200, 0x0200, 0x0200, 0x0200, 0x0200, 0x0200,
  0x0200, 0x0200, 0x0200, 0x0200, 0x0200, 0x0200, 0x0200, 0x0200, 0x0200, 0x0200, 0x0200, 0x0200, 0x0200, 0x0200, 0x0200, 0x0200,
  0x0200, 0x0200, 0x0200, 0x0200, 0x0200, 0x0200, 0x0200, 0x0200, 0x0200, 0x0300, 0x0200, 0x0200, 0x0200, 0x4300, 0x4300, 0x6300,
  0x6300, 0x6300, 0x4300, 0x4300, 0x4300, 0x4300, 0x4300, 0x4300, 0x4300, 0x4300, 0x4300, 0x4300, 0x4300, 0x4300, 0x4300, 0x4300,
  0x4300, 0x4300, 0x4300, 0x4300, 0x4300, 0x4300, 0x4300, 0x4300, 0x4300, 0x4300, 0x4300, 0x4300, 0x4300, 0x4300, 0x4300, 0x4300,
  0x4300, 0x4300, 0x4300, 0x4300, 0x4300, 0x4300, 0x4300, 0x4300, 0x4300, 0x4300, 0x6300, 0x6300, 0x6300, 0x6300, 0x6300, 0x6300,
  0x6300, 0x6300, 0x6300, 0x6300, 0x6300, 0x6300, 0x6300, 0x6300, 0x6300, 0x6300, 0x6300, 0x6300, 0x6300, 0x6300, 0x4300, 0x4300,
  0x4300, 0x4300, 0x4300, 0x4300, 0x4300, 0x4300, 0x4300, 0x4300, 0x4300, 0x4300, 0x4300, 0x4300, 0x4300, 0x4300, 0x4300, 0x4300,
  0x4300, 0x4300, 0x4300, 0x4300, 0x4300, 0x4300, 0x4300, 0x4300, 0x4300, 0x4300, 0x4300, 0x4300, 0x4300, 0x2300, 0x2300, 0x2300,
  0x2300, 0x2300, 0x0200, 0x0200, 0x0200, 0x0200, 0x0200, 0x0200, 0x0200, 0x0200, 0x2200, 0x0200, 0x0200, 0x0200, 0x0200, 0x0200,
  0x0200, 0x0200, 0x0200, 0x0200, 0x0200, 0x0200, 0x0200, 0x0200, 0x0200, 0x0200, 0x0200, 0x0200, 0x0200, 0x0200, 0x0200, 0x0200,
  0x0200, 0x0200, 0x0200, 0x0200, 0x0200, 0x0200, 0x0200, 0x0200, 0x0200, 0x0200, 0x0200, 0x0200, 0x0200, 0x0200, 0x0200, 0x0200,
  0x0200, 0x0200, 0x0200, 0x0200, 0x0200, 0x0200, 0x0200, 0x0200, 0x0200, 0x0200, 0x0200, 0x0200, 0x0200, 0x0200, 0x0200, 0x0200,
  0x0200, 0x0200, 0x0200, 0x0200, 0x0200, 0x0200, 0x0200, 0x0200, 0x0200, 0x0200, 0x0200, 0x0200, 0x0200, 0x0200, 0x0200, 0x0200,
  0x0200, 0x0200, 0x0200, 0x0200, 0x0200, 0x0200, 0x0200, 0x0200, 0x0200, 0x0200, 0x0200, 0x0200, 0x0200, 0x0200, 0x0200, 0x0200,
  0x0000, 0x0000, 0x0000, 0x0000, 0x0000, 0x0000, 0x0000, 0x0000, 0x0000, 0x0000, 0x0000, 0x0000, 0x0000, 0x0000, 0x0100, 0x0100,
  0x0100, 0x0200, 0x0200, 0x0200, 0x0200, 0x0200, 0x0200, 0x0200, 0x0200, 0x0200, 0x0200, 0x0200, 0x0200, 0x0200, 0x0200, 0x0200,
  0x0200, 0x0200, 0x0200, 0x0200, 0x0200, 0x0200, 0x0200, 0x0200, 0x0200, 0x0200, 0x0200, 0x0200, 0x0200, 0x0200, 0x0200, 0x0200,
  0x0200, 0x0200, 0x0200, 0x0200, 0x0200, 0x0200, 0x0200, 0x0200, 0x0200, 0x0200, 0x0200, 0x0200, 0x0200, 0x0200, 0x0200, 0x0200,
  0x0200, 0x0200, 0x0200, 0x0200, 0x0200, 0x0200, 0x0200, 0x0200, 0x0200, 0x0200, 0x0200, 0x0200, 0x0200, 0x0200, 0x0200, 0x0200,
  0x0200, 0x0200, 0x0200, 0x0200, 0x0200, 0x0200, 0x0200, 0x0200, 0x0200, 0x0200, 0x0200, 0x0200, 0x0200, 0x0200, 0x0200, 0x0200,
  0x0200, 0x0200, 0x0200, 0x0200, 0x0200, 0x0200, 0x0200, 0x0200, 0x0200, 0x0200, 0x0200, 0x0200, 0x0200, 0x0200, 0x0200, 0x0200,
  0x0200, 0x0200, 0x0200, 0x0200, 0x0200, 0x0200, 0x0200, 0x0200, 0x0200, 0x0200, 0x0300, 0x2300, 0x4300, 0x4300, 0x4300, 0x6300,
  0x6300, 0x6300, 0x4300, 0x4300, 0x4300, 0x4300, 0x4300, 0x4300, 0x4300, 0x4300, 0x4300, 0x4300, 0x4300, 0x4300, 0x4300, 0x4300,
  0x4300, 0x4300, 0x4300, 0x4300, 0x4300, 0x4300, 0x4300, 0x4300, 0x4300, 0x4300, 0x4300, 0x4300, 0x4300, 0x4300, 0x4300, 0x4300,
  0x4300, 0x4300, 0x4300, 0x4300, 0x4300, 0x4300, 0x4300, 0x4300, 0x4300, 0x4300, 0x6300, 0x6300, 0x6300, 0x6300, 0x6300, 0x6300,
  0x6300, 0x6300, 0x6300, 0x6300, 0x6300, 0x6300, 0x6300, 0x6300, 0x6300, 0x6300, 0x6300, 0x6300, 0x6300, 0x6300, 0x4300, 0x4300,
  0x4300, 0x4300, 0x4300, 0x4300, 0x4300, 0x4300, 0x4300, 0x4300, 0x4300, 0x4300, 0x4300, 0x4300, 0x4300, 0x4300, 0x4300, 0x4300,
  0x4300, 0x4300, 0x4300, 0x4300, 0x4300, 0x4300, 0x4300, 0x4300, 0x4300, 0x4300, 0x4300, 0x4300, 0x4300, 0x4300, 0x4300, 0x4300,
  0x2300, 0x2300, 0x2300, 0x2300, 0x2300, 0x0200, 0x0200, 0x0200, 0x0200, 0x0200, 0x0200, 0x0200, 0x0200, 0x0200, 0x0200, 0x0200,
  0x0200, 0x0200, 0x0200, 0x0200, 0x0200, 0x0200, 0x0200, 0x0200, 0x0200, 0x0200, 0x0200, 0x0200, 0x0200, 0x0200, 0x0200, 0x0200,
  0x0200, 0x0200, 0x0200, 0x0200, 0x0200, 0x0200, 0x0200, 0x0200, 0x0200, 0x0200, 0x0200, 0x0200, 0x0200, 0x0200, 0x0200, 0x0200,
  0x0200, 0x0200, 0x0200, 0x0200, 0x0200, 0x0200, 0x0200, 0x0200, 0x0200, 0x0200, 0x0200, 0x0200, 0x0200, 0x0200, 0x0200, 0x0200,
  0x0200, 0x0200, 0x0200, 0x0200, 0x0200, 0x0200, 0x0200, 0x0200, 0x0200, 0x0200, 0x0200, 0x0200, 0x0200, 0x0200, 0x0200, 0x0200,
  0x0200, 0x0200, 0x0200, 0x0200, 0x0200, 0x0200, 0x0200, 0x0200, 0x0200, 0x0200, 0x0200, 0x0200, 0x0200, 0x0200, 0x0200, 0x0200,
  0x0000, 0x0000, 0x0000, 0x0000, 0x0000, 0x0000, 0x0000, 0x0000, 0x0000, 0x0000, 0x0000, 0x0000, 0x0000, 0x0000, 0x0100, 0x0100,
  0x0100, 0x0200, 0x0200, 0x0200, 0x0200, 0x0200, 0x0200, 0x0200, 0x0200, 0x0200, 0x0200, 0x0200, 0x0200, 0x0200, 0x0200, 0x0200,
  0x0200, 0x0200, 0x0200, 0x0200, 0x0200, 0x0200, 0x0200, 0x0200, 0x0200, 0x0200, 0x0200, 0x0200, 0x0200, 0x0200, 0x0200, 0x0200,
  0x0200, 0x2300, 0x2300, 0x2300, 0x2300, 0x2300, 0x2300, 0x2200, 0x0200, 0x0200, 0x0200, 0x0200, 0x0200, 0x0200, 0x0200, 0x0200,
  0x0200, 0x0200, 0x0200, 0x0200, 0x0200, 0x0200, 0x0200, 0x0200, 0x0200, 0x0200, 0x0200, 0x0200, 0x0200, 0x0200, 0x0200, 0x0200,
  0x0200, 0x0200, 0x0200, 0x0200, 0x0200, 0x0200, 0x0200, 0x0200, 0x0200, 0x0200, 0x0200, 0x0200, 0x0200, 0x0200, 0x0200, 0x0200,
  0x0200, 0x0200, 0x0200, 0x0200, 0x0200, 0x0200, 0x0200, 0x0200, 0x0200, 0x0200, 0x0200, 0x0200, 0x0200, 0x0200, 0x0200, 0x0200,
  0x0200, 0x0200, 0x0200, 0x0200, 0x0200, 0x0200, 0x0200, 0x0200, 0x0200, 0x0200, 0x2300, 0x4300, 0x6400, 0x4300, 0x4300, 0x6300,
  0x6300, 0x6300, 0x4300, 0x4300, 0x4300, 0x4300, 0x4300, 0x4300, 0x4300, 0x4300, 0x4300, 0x4300, 0x4300, 0x4300, 0x4300, 0x4300,
  0x4300, 0x4300, 0x4300, 0x4300, 0x4300, 0x4300, 0x4300, 0x4300, 0x4300, 0x4300, 0x4300, 0x4300, 0x4300, 0x4300, 0x4300, 0x4300,
  0x4300, 0x4300, 0x4300, 0x4300, 0x4300, 0x4300, 0x4300, 0x4300, 0x4300, 0x4300, 0x6300, 0x6300, 0x6300, 0x6300, 0x6300, 0x6300,
  0x6300, 0x6300, 0x6300, 0x6300, 0x6300, 0x6300, 0x6300, 0x6300, 0x6300, 0x6300, 0x6300, 0x6300, 0x6300, 0x6300, 0x4300, 0x4300,
  0x4300, 0x4300, 0x4300, 0x4300, 0x4300, 0x4300, 0x4300, 0x4300, 0x4300, 0x4300, 0x4300, 0x4300, 0x4300, 0x4300, 0x4300, 0x4300,
  0x4300, 0x4300, 0x4300, 0x4300, 0x4300, 0x4300, 0x4300, 0x4300, 0x4300, 0x4300, 0x4300, 0x4300, 0x4300, 0x4300, 0x4300, 0x4300,
  0x4300, 0x4300, 0x2300, 0x2300, 0x2300, 0x2300, 0x2300, 0x0200, 0x0200, 0x0200, 0x0200, 0x0200, 0x0200, 0x0200, 0x0200, 0x0200,
  0x0200, 0x0200, 0x0200, 0x0200, 0x0200, 0x0200, 0x0200, 0x0200, 0x0200, 0x0200, 0x0200, 0x0200, 0x0200, 0x0200, 0x0200, 0x0200,
  0x0200, 0x0200, 0x0200, 0x0200, 0x0200, 0x0200, 0x0200, 0x0200, 0x0200, 0x0200, 0x0200, 0x0200, 0x0200, 0x0200, 0x0200, 0x0200,
  0x0200, 0x0200, 0x0200, 0x0200, 0x0200, 0x0200, 0x0200, 0x0200, 0x0200, 0x0200, 0x0200, 0x0200, 0x0200, 0x0200, 0x0200, 0x0200,
  0x0200, 0x0200, 0x0200, 0x0200, 0x0200, 0x0200, 0x0200, 0x0200, 0x0200, 0x0200, 0x0200, 0x0200, 0x0200, 0x0200, 0x0200, 0x0200,
  0x0200, 0x0200, 0x0200, 0x0200, 0x0200, 0x0200, 0x0200, 0x0200, 0x0200, 0x0200, 0x0200, 0x0200, 0x0200, 0x0200, 0x0200, 0x0200,
  0x0000, 0x0000, 0x0000, 0x0000, 0x0000, 0x0000, 0x0000, 0x0000, 0x0000, 0x0000, 0x0000, 0x0000, 0x0000, 0x0100, 0x0100, 0x0100,
  0x0100, 0x0200, 0x0200, 0x0200, 0x0200, 0x0200, 0x0200, 0x0200, 0x0200, 0x0200, 0x0200, 0x0200, 0x0200, 0x0200, 0x0200, 0x0200,
  0x0200, 0x0200, 0x0200, 0x0200, 0x0200, 0x0200, 0x0200, 0x0200, 0x0200, 0x0200, 0x0200, 0x0200, 0x2200, 0x2300, 0x2300, 0x2300,
  0x4300, 0x4300, 0x4300, 0x4300, 0x4300, 0x4300, 0x4300, 0x2300, 0x2300, 0x2300, 0x2300, 0x2300, 0x0200, 0x0200, 0x0200, 0x0200,
  0x2200, 0x2300, 0x2200, 0x0200, 0x0200, 0x0200, 0x0200, 0x0200, 0x0200, 0x0200, 0x0200, 0x0200, 0x0200, 0x0200, 0x0200, 0x0200,
  0x0200, 0x0200, 0x0200, 0x0200, 0x0200, 0x0200, 0x0200, 0x0200, 0x0200, 0x0200, 0x0200, 0x0200, 0x0200, 0x0200, 0x0200, 0x0200,
  0x0200, 0x0200, 0x0200, 0x0200, 0x0200, 0x0200, 0x0200, 0x0200, 0x0200, 0x0200, 0x0200, 0x0200, 0x0200, 0x0200, 0x2200, 0x2200,
  0x2200, 0x2200, 0x2200, 0x0200, 0x0200, 0x0200, 0x2200, 0x2300, 0x2300, 0x2300, 0x2300, 0x4300, 0x6300, 0x4300, 0x4300, 0x6300,
  0x6300, 0x6300, 0x4300, 0x4300, 0x4300, 0x4300, 0x4300, 0x4300, 0x4300, 0x4300, 0x4300, 0x4300, 0x4300, 0x4300, 0x4300, 0x4300,
  0x4300, 0x4300, 0x4300, 0x4300, 0x4300, 0x4300, 0x4300, 0x4300, 0x4300, 0x4300, 0x4300, 0x4300, 0x4300, 0x4300, 0x4300, 0x4300,
  0x4300, 0x4300, 0x4300, 0x4300, 0x4300, 0x4300, 0x4300, 0x4300, 0x4300, 0x4300, 0x4300, 0x4300, 0x4300, 0x4300, 0x4300, 0x4300,
  0x4300, 0x4300, 0x4300, 0x4300, 0x4300, 0x4300, 0x4300, 0x4300, 0x4300, 0x4300, 0x4300, 0x4300, 0x4300, 0x4300, 0x4300, 0x4300,
  0x4300, 0x4300, 0x4300, 0x4300, 0x4300, 0x4300, 0x4300, 0x4300, 0x4300, 0x4300, 0x4300, 0x4300, 0x4300, 0x4300, 0x4300, 0x4300,
  0x4300, 0x4300, 0x4300, 0x4300, 0x4300, 0x4300, 0x4300, 0x4300, 0x4300, 0x4300, 0x4300, 0x4300, 0x4300, 0x4300, 0x4300, 0x4300,
  0x4300, 0x4300, 0x4300, 0x4300, 0x4300, 0x4300, 0x2300, 0x2200, 0x2200, 0x0200, 0x0200, 0x0200, 0x0200, 0x0200, 0x0200, 0x0200,
  0x0200, 0x0200, 0x0200, 0x0200, 0x0200, 0x0200, 0x0200, 0x0200, 0x0200, 0x0200, 0x0200, 0x0200, 0x0200, 0x0200, 0x0200, 0x0200,
  0x0200, 0x0200, 0x0200, 0x0200, 0x0200, 0x0200, 0x0200, 0x0200, 0x0200, 0x0200, 0x0200, 0x0200, 0x0200, 0x0200, 0x0200, 0x0200,
  0x0200, 0x0200, 0x0200, 0x0200, 0x0200, 0x0200, 0x0200, 0x0200, 0x0200, 0x0200, 0x0200, 0x0200, 0x0200, 0x0200, 0x0200, 0x0200,
  0x0200, 0x0200, 0x0200, 0x0200, 0x0200, 0x0200, 0x0200, 0x0200, 0x0200, 0x0200, 0x0200, 0x0200, 0x0200, 0x0200, 0x0200, 0x0200,
  0x0200, 0x0200, 0x0200, 0x0200, 0x0200, 0x0200, 0x0200, 0x0200, 0x0200, 0x0200, 0x0200, 0x0200, 0x0200, 0x0200, 0x0200, 0x0200,
  0x0000, 0x0000, 0x0000, 0x0000, 0x0000, 0x0000, 0x0000, 0x0000, 0x0000, 0x0000, 0x0000, 0x0000, 0x0000, 0x0100, 0x0100, 0x0100,
  0x0200, 0x0200, 0x0200, 0x0200, 0x0200, 0x0200, 0x0200, 0x0200, 0x0200, 0x0200, 0x0200, 0x0200, 0x0200, 0x0200, 0x0200, 0x0200,
  0x0200, 0x0200, 0x0200, 0x0200, 0x0200, 0x0200, 0x0200, 0x0200, 0x0200, 0x0200, 0x0200, 0x0200, 0x2300, 0x4300, 0x4300, 0x4300,
  0x4300, 0x4300, 0x4300, 0x4300, 0x4300, 0x4300, 0x4300, 0x4300, 0x4300, 0x4300, 0x4300, 0x4300, 0x2300, 0x2300, 0x2300, 0x2300,
  0x2300, 0x4300, 0x2300, 0x2300, 0x0200, 0x0200, 0x0200, 0x0200, 0x0200, 0x0200, 0x0200, 0x0200, 0x0200, 0x0200, 0x0200, 0x0200,
  0x0200, 0x0200, 0x0200, 0x0200, 0x0200, 0x0200, 0x0200, 0x0200, 0x0200, 0x0200, 0x0200, 0x0200, 0x0200, 0x0200, 0x0200, 0x0200,
  0x0200, 0x0200, 0x0200, 0x0200, 0x0200, 0x0200, 0x0200, 0x0200, 0x0200, 0x0200, 0x0200, 0x0200, 0x0200, 0x0200, 0x2300, 0x2300,
  0x2300, 0x2300, 0x2300, 0x2200, 0x2300, 0x2300, 0x4300, 0x4300, 0x4300, 0x4300, 0x4300, 0x4300, 0x4300, 0x4300, 0x4300, 0x6300,
  0x6300, 0x6300, 0x4300, 0x4300, 0x4300, 0x4300, 0x4300, 0x4300, 0x4300, 0x4300, 0x4300, 0x4300, 0x4300, 0x4300, 0x4300, 0x4300,
  0x4300, 0x4300, 0x4300, 0x4300, 0x4300, 0x4300, 0x4300, 0x4300, 0x4300, 0x4300, 0x4300, 0x4300, 0x4300, 0x4300, 0x4300, 0x4300,
  0x4300, 0x4300, 0x4300, 0x4300, 0x4300, 0x4300, 0x4300, 0x4300, 0x4300, 0x4300, 0x4300, 0x4300, 0x4300, 0x4300, 0x4300, 0x4300,
  0x4300, 0x4300, 0x4300, 0x4300, 0x4300, 0x4300, 0x4300, 0x4300, 0x4300, 0x4300, 0x4300, 0x4300, 0x4300, 0x4300, 0x4300, 0x4300,
  0x4300, 0x4300, 0x4300, 0x4300, 0x4300, 0x4300, 0x4300, 0x4300, 0x4300, 0x4300, 0x4300, 0x4300, 0x4300, 0x4300, 0x4300, 0x4300,
  0x4300, 0x4300, 0x4300, 0x4300, 0x4300, 0x4300, 0x4300, 0x4300, 0x4300, 0x4300, 0x4300, 0x4300, 0x4300, 0x4300, 0x4300, 0x4300,
  0x4300, 0x4300, 0x6300, 0x4300, 0x4300, 0x4300, 0x4300, 0x4300, 0x2300, 0x2300, 0x0200, 0x0200, 0x0200, 0x0200, 0x0200, 0x0200,
  0x0200, 0x0200, 0x0200, 0x0200, 0x0200, 0x0200, 0x0200, 0x0200, 0x0200, 0x0200, 0x0200, 0x0200, 0x0200, 0x0200, 0x0200, 0x0200,
  0x0200, 0x0200, 0x0200, 0x0200, 0x0200, 0x0200, 0x0200, 0x0200, 0x0200, 0x0200, 0x0200, 0x0200, 0x0200, 0x0200, 0x0200, 0x0200,
  0x0200, 0x0200, 0x0200, 0x0200, 0x0200, 0x0200, 0x0200, 0x0200, 0x0200, 0x0200, 0x0200, 0x0200, 0x0200, 0x0200, 0x0200, 0x0200,
  0x0200, 0x0200, 0x0200, 0x0200, 0x0200, 0x0200, 0x0200, 0x0200, 0x0200, 0x0200, 0x0200, 0x0200, 0x0200, 0x0200, 0x0200, 0x0200,
  0x0200, 0x0200, 0x0200, 0x0200, 0x0200, 0x0200, 0x0200, 0x0200, 0x0200, 0x0200, 0x0200, 0x0200, 0x0200, 0x0200, 0x0200, 0x0200,
  0x0000, 0x0000, 0x0000, 0x0000, 0x0000, 0x0000, 0x0000, 0x0000, 0x0000, 0x0000, 0x0000, 0x0000, 0x0100, 0x0100, 0x0100, 0x0100,
  0x0200, 0x0200, 0x0200, 0x0200, 0x0200, 0x0200, 0x0200, 0x0200, 0x0200, 0x0200, 0x0200, 0x0200, 0x0200, 0x0200, 0x0200, 0x0200,
  0x0200, 0x0200, 0x0200, 0x0200, 0x0200, 0x0200, 0x0200, 0x0200, 0x2300, 0x2300, 0x4300, 0x4300, 0x4300, 0x4300, 0x4300, 0x4300,
  0x4300, 0x4300, 0x4300, 0x4300, 0x4300, 0x4300, 0x4300, 0x4300, 0x4300, 0x4300, 0x4300, 0x4300, 0x4300, 0x4300, 0x4300, 0x4300,
  0x4300, 0x4300, 0x4300, 0x4300, 0x2300, 0x2300, 0x2300, 0x0200, 0x0200, 0x0200, 0x0200, 0x0200, 0x0200, 0x0200, 0x0200, 0x0200,
  0x0200, 0x0200, 0x0200, 0x0200, 0x0200, 0x0200, 0x0200, 0x0200, 0x0200, 0x0200, 0x0200, 0x0200, 0x0200, 0x0200, 0x0200, 0x0200,
  0x0200, 0x0200, 0x0200, 0x0200, 0x0200, 0x2200, 0x2200, 0x0200, 0x0200, 0x0200, 0x0200, 0x2300, 0x2300, 0x4300, 0x4300, 0x4300,
  0x4300, 0x4300, 0x4300, 0x4300, 0x4300, 0x4300, 0x4300, 0x4300, 0x4300, 0x4300, 0x4300, 0x4300, 0x4300, 0x4300, 0x4300, 0x4300,
  0x4300, 0x4300, 0x4300, 0x4300, 0x4300, 0x4300, 0x4300, 0x4300, 0x4300, 0x4300, 0x4300, 0x4300, 0x4300, 0x4300, 0x4300, 0x4300,
  0x4300, 0x4300, 0x4300, 0x4300, 0x4300, 0x4300, 0x4300, 0x4300, 0x4300, 0x4300, 0x4300, 0x4300, 0x4300, 0x4300, 0x4300, 0x4300,
  0x4300, 0x4300, 0x4300, 0x4300, 0x4300, 0x4300, 0x4300, 0x4300, 0x4300, 0x4300, 0x4300, 0x4300, 0x4300, 0x4300, 0x4300, 0x4300,
  0x4300, 0x4300, 0x4300, 0x4300, 0x4300, 0x4300, 0x4300, 0x4300, 0x4300, 0x4300, 0x4300, 0x4300, 0x4300, 0x4300, 0x4300, 0x4300,
  0x4300, 0x4300, 0x4300, 0x4300, 0x4300, 0x4300, 0x4300, 0x4300, 0x4300, 0x4300, 0x4300, 0x4300, 0x4300, 0x4300, 0x4300, 0x4300,
  0x4300, 0x4300, 0x4300, 0x4300, 0x4300, 0x4300, 0x4300, 0x4300, 0x4300, 0x4300, 0x4300, 0x4300, 0x4300, 0x4300, 0x4300, 0x4300,
  0x4300, 0x4300, 0x4300, 0x4300, 0x4300, 0x4300, 0x4300, 0x4300, 0x4300, 0x4300, 0x4300, 0x4300, 0x2300, 0x2300, 0x2200, 0x2200,
  0x2200, 0x0200, 0x0200, 0x0200, 0x0200, 0x0200, 0x0200, 0x0200, 0x0200, 0x0200, 0x0200, 0x0200, 0x0200, 0x0200, 0x0200, 0x0200,
  0x0200, 0x0200, 0x0200, 0x0200, 0x0200, 0x0200, 0x0200, 0x0200, 0x0200, 0x0200, 0x0200, 0x0200, 0x0200, 0x0200, 0x0200, 0x0200,
  0x0200, 0x0200, 0x0200, 0x0200, 0x0200, 0x0200, 0x0200, 0x0200, 0x0200, 0x0200, 0x0200, 0x0200, 0x0200, 0x0200, 0x0200, 0x0200,
  0x0200, 0x0200, 0x0200, 0x0200, 0x0200, 0x0200, 0x0200, 0x0200, 0x0200, 0x0200, 0x0200, 0x0200, 0x0200, 0x0200, 0x0200, 0x0200,
  0x0200, 0x0200, 0x0200, 0x0200, 0x0200, 0x0200, 0x0200, 0x0200, 0x0200, 0x0200, 0x0200, 0x0200, 0x0200, 0x0200, 0x0200, 0x0200,
  0x0000, 0x0000, 0x0000, 0x0000, 0x0000, 0x0000, 0x0000, 0x0000, 0x0000, 0x0000, 0x0000, 0x0100, 0x0100, 0x0100, 0x0100, 0x0200,
  0x0200, 0x0200, 0x0200, 0x0200, 0x0200, 0x0200, 0x0200, 0x0200, 0x0200, 0x0200, 0x0200, 0x0200, 0x0200, 0x0200, 0x0200, 0x0200,
  0x0200, 0x0200, 0x0200, 0x0200, 0x0200, 0x0200, 0x2200, 0x2300, 0x4300, 0x4300, 0x4300, 0x4300, 0x4300, 0x4300, 0x4300, 0x4300,
  0x4300, 0x4300, 0x4300, 0x4300, 0x4300, 0x4300, 0x4300, 0x4300, 0x4300, 0x4300, 0x4300, 0x4300, 0x4300, 0x4300, 0x4300, 0x4300,
  0x4300, 0x4300, 0x4300, 0x4300, 0x4300, 0x4300, 0x2300, 0x2300, 0x2300, 0x0200, 0x0200, 0x0200, 0x0200, 0x0200, 0x0200, 0x0200,
  0x0200, 0x0200, 0x0200, 0x0200, 0x0200, 0x0200, 0x0200, 0x0200, 0x0200, 0x0200, 0x0200, 0x0200, 0x0200, 0x0200, 0x0200, 0x0200,
  0x0200, 0x0200, 0x0200, 0x0200, 0x2300, 0x2200, 0x0200, 0x0200, 0x2300, 0x0200, 0x2300, 0x2300, 0x4300, 0x4300, 0x4300, 0x4300,
  0x4300, 0x4300, 0x4300, 0x4300, 0x4300, 0x4300, 0x4300, 0x4300, 0x4300, 0x4300, 0x4300, 0x4300, 0x4300, 0x4300, 0x4300, 0x4300,
  0x4300, 0x4300, 0x4300, 0x4300, 0x4300, 0x4300, 0x4300, 0x4300, 0x4300, 0x4300, 0x4300, 0x4300, 0x4300, 0x4300, 0x4300, 0x4300,
  0x4300, 0x4300, 0x4300, 0x4300, 0x4300, 0x4300, 0x4300, 0x4300, 0x4300, 0x4300, 0x4300, 0x4300, 0x4300, 0x4300, 0x4300, 0x4300,
  0x4300, 0x4300, 0x4300, 0x4300, 0x4300, 0x4300, 0x4300, 0x4300, 0x4300, 0x4300, 0x4300, 0x4300, 0x4300, 0x4300, 0x4300, 0x4300,
  0x4300, 0x4300, 0x4300, 0x4300, 0x4300, 0x4300, 0x4300, 0x4300, 0x4300, 0x4300, 0x4300, 0x4300, 0x4300, 0x4300, 0x4300, 0x4300,
  0x4300, 0x4300, 0x4300, 0x4300, 0x4300, 0x4300, 0x4300, 0x4300, 0x4300, 0x4300, 0x4300, 0x4300, 0x4300, 0x4300, 0x4300, 0x4300,
  0x4300, 0x4300, 0x4300, 0x4300, 0x4300, 0x4300, 0x4300, 0x4300, 0x4300, 0x4300, 0x4300, 0x4300, 0x4300, 0x4300, 0x4300, 0x4300,
  0x4300, 0x4300, 0x4300, 0x4300, 0x4300, 0x4300, 0x4300, 0x4300, 0x4300, 0x4300, 0x4300, 0x4300, 0x4300, 0x4300, 0x4300, 0x4300,
  0x2300, 0x0200, 0x0200, 0x0200, 0x0200, 0x0200, 0x0200, 0x0200, 0x0200, 0x0200, 0x0200, 0x0200, 0x0200, 0x0200, 0x0200, 0x0200,
  0x0200, 0x0200, 0x0200, 0x0200, 0x0200, 0x0200, 0x0200, 0x0200, 0x0200, 0x0200, 0x0200, 0x0200, 0x0200, 0x0200, 0x0200, 0x0200,
  0x0200, 0x0200, 0x0200, 0x0200, 0x0200, 0x0200, 0x0200, 0x0200, 0x0200, 0x0200, 0x0200, 0x0200, 0x0200, 0x0200, 0x0200, 0x0200,
  0x0200, 0x0200, 0x0200, 0x0200, 0x0200, 0x0200, 0x0200, 0x0200, 0x0200, 0x0200, 0x0200, 0x0200, 0x0200, 0x0200, 0x0200, 0x0200,
  0x0200, 0x0200, 0x0200, 0x0200, 0x0200, 0x0200, 0x0200, 0x0200, 0x0200, 0x0200, 0x0200, 0x0200, 0x0200, 0x0200, 0x0200, 0x0200,
  0x0000, 0x0000, 0x0000, 0x0000, 0x0000, 0x0000, 0x0000, 0x0000, 0x0000, 0x0000, 0x0100, 0x0100, 0x0100, 0x0100, 0x0100, 0x0200,
  0x0200, 0x0200, 0x0200, 0x0200, 0x0200, 0x0200, 0x0200, 0x0200, 0x0200, 0x0200, 0x0200, 0x0200, 0x0200, 0x0200, 0x0200, 0x0200,
  0x0200, 0x0200, 0x0200, 0x0200, 0x2200, 0x2200, 0x2300, 0x4300, 0x4300, 0x4300, 0x4300, 0x4400, 0x4300, 0x4300, 0x4300, 0x4300,
  0x4300, 0x4300, 0x4300, 0x4300, 0x4300, 0x4300, 0x4300, 0x4300, 0x4300, 0x4300, 0x4300, 0x4300, 0x4300, 0x4300, 0x4300, 0x4300,
  0x4300, 0x4300, 0x4300, 0x4300, 0x4300, 0x4300, 0x4300, 0x4300, 0x4300, 0x4300, 0x2300, 0x0200, 0x0200, 0x0200, 0x0200, 0x0200,
  0x0200, 0x0200, 0x0200, 0x0200, 0x0200, 0x0200, 0x0200, 0x0200, 0x0200, 0x0200, 0x0200, 0x0200, 0x0200, 0x0200, 0x0200, 0x0200,
  0x0200, 0x0200, 0x0200, 0x0200, 0x2300, 0x2300, 0x2300, 0x2300, 0x2300, 0x2300, 0x2300, 0x4300, 0x4300, 0x4300, 0x4300, 0x4300,
  0x4300, 0x4300, 0x4300, 0x4300, 0x4300, 0x4300, 0x4300, 0x4300, 0x4300, 0x4300, 0x4300, 0x4300, 0x4300, 0x4300, 0x4300, 0x4300,
  0x4300, 0x4300, 0x4300, 0x4300, 0x4300, 0x4300, 0x4300, 0x4300, 0x4300, 0x4300, 0x4300, 0x4300, 0x4300, 0x4300, 0x4300, 0x4300,
  0x4300, 0x4300, 0x4300, 0x4300, 0x4300, 0x4300, 0x4300, 0x4300, 0x4300, 0x4300, 0x4300, 0x4300, 0x4300, 0x4300, 0x4300, 0x4300,
  0x4300, 0x4300, 0x4300, 0x4300, 0x4300, 0x4300, 0x4300, 0x4300, 0x4300, 0x4300, 0x4300, 0x4400, 0x4400, 0x4400, 0x4400, 0x4400,
  0x4400, 0x4400, 0x4400, 0x4400, 0x4400, 0x4400, 0x4400, 0x4400, 0x4400, 0x4400, 0x4400, 0x4400, 0x4400, 0x4400, 0x4300, 0x4300,
  0x4300, 0x4300, 0x4300, 0x4300, 0x4300, 0x4300, 0x4300, 0x4300, 0x4300, 0x4300, 0x4300, 0x4300, 0x4300, 0x4300, 0x4300, 0x4300,
  0x4300, 0x4300, 0x4300, 0x4300, 0x4300, 0x4300, 0x4300, 0x4300, 0x4300, 0x4300, 0x4300, 0x4300, 0x4300, 0x4300, 0x4300, 0x4300,
  0x4300, 0x4300, 0x4300, 0x4300, 0x4300, 0x4300, 0x4300, 0x4300, 0x4300, 0x4300, 0x4300, 0x4300, 0x6300, 0x4300, 0x4300, 0x4300,
  0x4300, 0x0200, 0x0200, 0x0200, 0x0200, 0x0200, 0x0200, 0x0200, 0x0200, 0x0200, 0x0200, 0x0200, 0x0200, 0x0200, 0x0200, 0x0200,
  0x0200, 0x0200, 0x0200, 0x0200, 0x0200, 0x0200, 0x0200, 0x0200, 0x0200, 0x0200, 0x0200, 0x0200, 0x0200, 0x0200, 0x0200, 0x0200,
  0x0200, 0x0200, 0x0200, 0x0200, 0x0200, 0x0200, 0x0200, 0x0200, 0x0200, 0x0200, 0x0200, 0x0200, 0x0200, 0x0200, 0x0200, 0x0200,
  0x0200, 0x0200, 0x0200, 0x0200, 0x0200, 0x0200, 0x0200, 0x0200, 0x0200, 0x0200, 0x0200, 0x0200, 0x0200, 0x0200, 0x0200, 0x0200,
  0x0200, 0x0200, 0x0200, 0x0200, 0x0200, 0x0200, 0x0200, 0x0200, 0x0200, 0x0200, 0x0200, 0x0200, 0x0200, 0x0200, 0x0200, 0x0200,
  0x0000, 0x0000, 0x0000, 0x0000, 0x0000, 0x0000, 0x0000, 0x0000, 0x0000, 0x0000, 0x0100, 0x0100, 0x0100, 0x0100, 0x0100, 0x0200,
  0x0200, 0x0200, 0x0200, 0x0200, 0x0200, 0x0200, 0x0200, 0x0200, 0x0200, 0x0200, 0x0200, 0x0200, 0x0200, 0x0200, 0x0200, 0x0200,
  0x0200, 0x2200, 0x2200, 0x2200, 0x2200, 0x2300, 0x4300, 0x4300, 0x4300, 0x4400, 0x6400, 0x6400, 0x6400, 0x6400, 0x6400, 0x6400,
  0x6400, 0x6400, 0x6400, 0x6400, 0x6400, 0x6400, 0x6400, 0x6400, 0x6400, 0x6400, 0x6400, 0x6400, 0x4300, 0x4300, 0x4300, 0x4300,
  0x4300, 0x4300, 0x4300, 0x4300, 0x4300, 0x4300, 0x4300, 0x4300, 0x4300, 0x4300, 0x4300, 0x4300, 0x4300, 0x4300, 0x4300, 0x2300,
  0x0200, 0x0200, 0x0200, 0x0200, 0x0200, 0x2300, 0x2300, 0x0200, 0x0200, 0x0200, 0x0200, 0x0200, 0x0200, 0x0200, 0x0200, 0x0200,
  0x0200, 0x0200, 0x0200, 0x0200, 0x2300, 0x4300, 0x4300, 0x2300, 0x2300, 0x4300, 0x4300, 0x4300, 0x4300, 0x4300, 0x4300, 0x4300,
  0x4300, 0x4300, 0x4300, 0x4300, 0x4300, 0x4300, 0x4300, 0x4300, 0x6300, 0x6300, 0x6300, 0x6300, 0x6300, 0x4300, 0x4300, 0x4300,
  0x4300, 0x4300, 0x4300, 0x4300, 0x4300, 0x4300, 0x4300, 0x4300, 0x4300, 0x4300, 0x4300, 0x4300, 0x4300, 0x4300, 0x4300, 0x4300,
  0x4300, 0x4300, 0x4300, 0x4300, 0x4300, 0x4300, 0x4300, 0x4300, 0x4300, 0x4300, 0x4300, 0x4300, 0x4300, 0x4300, 0x4300, 0x4300,
  0x4300, 0x4300, 0x4300, 0x4300, 0x4300, 0x4300, 0x4300, 0x4300, 0x4300, 0x4300, 0x4400, 0x4400, 0x4400, 0x4400, 0x4400, 0x4400,
  0x4400, 0x4400, 0x4400, 0x4400, 0x6400, 0x6400, 0x6400, 0x6400, 0x6400, 0x4400, 0x4400, 0x4400, 0x4400, 0x4400, 0x4300, 0x4300,
  0x4300, 0x4300, 0x4300, 0x4300, 0x4300, 0x4300, 0x4300, 0x4300, 0x4300, 0x4300, 0x4300, 0x4300, 0x4300, 0x4300, 0x4300, 0x4300,
  0x4300, 0x4300, 0x4300, 0x4300, 0x4300, 0x4300, 0x4300, 0x4300, 0x4300, 0x4300, 0x4300, 0x4300, 0x4300, 0x4300, 0x4300, 0x4300,
  0x4300, 0x4300, 0x4300, 0x4300, 0x4300, 0x4300, 0x4300, 0x4300, 0x4300, 0x4300, 0x4300, 0x4300, 0x6300, 0x6300, 0x6300, 0x4300,
  0x4300, 0x2300, 0x2200, 0x2200, 0x2200, 0x0200, 0x0200, 0x0200, 0x0200, 0x0200, 0x0200, 0x0200, 0x0200, 0x0200, 0x0200, 0x0200,
  0x0200, 0x0200, 0x0200, 0x0200, 0x0200, 0x0200, 0x0200, 0x0200, 0x0200, 0x0200, 0x0200, 0x0200, 0x0200, 0x0200, 0x0200, 0x0200,
  0x0200, 0x0200, 0x0200, 0x0200, 0x0200, 0x0200, 0x0200, 0x0200, 0x0200, 0x0200, 0x0200, 0x0200, 0x0200, 0x0200, 0x0200, 0x0200,
  0x0200, 0x0200, 0x0200, 0x0200, 0x0200, 0x0200, 0x0200, 0x0200, 0x0200, 0x0200, 0x0200, 0x0200, 0x0200, 0x0200, 0x0200, 0x0200,
  0x0200, 0x0200, 0x0200, 0x0200, 0x0200, 0x0200, 0x0200, 0x0200, 0x0200, 0x0200, 0x0200, 0x0200, 0x0200, 0x0200, 0x0200, 0x0200,
  0x0000, 0x0000, 0x0000, 0x0000, 0x0000, 0x0000, 0x0000, 0x0000, 0x0000, 0x0100, 0x0100, 0x0100, 0x0100, 0x0200, 0x0200, 0x0200,
  0x0200, 0x0200, 0x0200, 0x0200, 0x0200, 0x0200, 0x0200, 0x0200, 0x0200, 0x0200, 0x0200, 0x0200, 0x0200, 0x0200, 0x0200, 0x0200,
  0x2200, 0x2200, 0x2300, 0x4300, 0x4300, 0x4300, 0x4300, 0x4300, 0x4400, 0x4400, 0x6400, 0x6400, 0x6400, 0x6400, 0x6400, 0x8400,
  0x8400, 0x8400, 0x8400, 0x8400, 0x8400, 0x8400, 0x8400, 0x8400, 0x8400, 0x8400, 0x6400, 0x6400, 0x6400, 0x6400, 0x6400, 0x4400,
  0x6400, 0x4300, 0x4300, 0x4300, 0x4300, 0x4300, 0x4300, 0x4300, 0x4300, 0x6400, 0x6400, 0x6400, 0x6400, 0x6400, 0x6400, 0x4300,
  0x2300, 0x2300, 0x2300, 0x2300, 0x2300, 0x2300, 0x2300, 0x0200, 0x0200, 0x0200, 0x0200, 0x0200, 0x0200, 0x0200, 0x0200, 0x0200,
  0x0200, 0x0200, 0x0200, 0x0200, 0x4300, 0x4300, 0x2300, 0x4300, 0x4300, 0x4300, 0x4300, 0x4300, 0x4300, 0x4300, 0x6400, 0x6400,
  0x6400, 0x6400, 0x6400, 0x6400, 0x6400, 0x6400, 0x6400, 0x6400, 0x6300, 0x6300, 0x6300, 0x6300, 0x6300, 0x4300, 0x4300, 0x4300,
  0x4300, 0x4300, 0x6300, 0x4300, 0x4300, 0x4300, 0x4300, 0x4300, 0x4300, 0x4300, 0x4300, 0x4300, 0x4300, 0x4300, 0x4300, 0x4300,
  0x4300, 0x4300, 0x4300, 0x4300, 0x4300, 0x4300, 0x4300, 0x4300, 0x4300, 0x4300, 0x4300, 0x4300, 0x4300, 0x4300, 0x4300, 0x4300,
  0x4300, 0x4300, 0x4300, 0x4300, 0x4300, 0x4300, 0x4300, 0x4300, 0x4300, 0x4300, 0x4400, 0x4400, 0x4400, 0x4400, 0x4400, 0x4400,
  0x4400, 0x4400, 0x4400, 0x4400, 0x6400, 0x6400, 0x6400, 0x6400, 0x6400, 0x4400, 0x4400, 0x4400, 0x4400, 0x4400, 0x4400, 0x4300,
  0x4300, 0x4300, 0x4300, 0x4300, 0x4300, 0x4300, 0x4300, 0x4300, 0x4300, 0x4300, 0x4300, 0x4300, 0x4300, 0x4300, 0x4300, 0x4300,
  0x4300, 0x4300, 0x4300, 0x4300, 0x4300, 0x4300, 0x4300, 0x4300, 0x4300, 0x4300, 0x4300, 0x4300, 0x6300, 0x4300, 0x4300, 0x4300,
  0x4300, 0x4300, 0x4300, 0x4300, 0x4300, 0x4300, 0x4300, 0x6400, 0x6400, 0x6400, 0x6400, 0x6400, 0x6400, 0x4400, 0x4300, 0x4300,
  0x4300, 0x4300, 0x4300, 0x2300, 0x2300, 0x2300, 0x0200, 0x0200, 0x0200, 0x0200, 0x0200, 0x0200, 0x0200, 0x0200, 0x0200, 0x0200,
  0x0200, 0x0200, 0x0200, 0x0200, 0x0200, 0x0200, 0x0200, 0x0200, 0x0200, 0x0200, 0x0200, 0x0200, 0x0200, 0x0200, 0x0200, 0x0200,
  0x0200, 0x0200, 0x0200, 0x0200, 0x0200, 0x0200, 0x0200, 0x0200, 0x0200, 0x0200, 0x0200, 0x0200, 0x0200, 0x0200, 0x0200, 0x0200,
  0x0200, 0x0200, 0x0200, 0x0200, 0x0200, 0x0200, 0x0200, 0x0200, 0x0200, 0x0200, 0x0200, 0x0200, 0x0200, 0x0200, 0x0200, 0x0200,
  0x0200, 0x0200, 0x0200, 0x0200, 0x0200, 0x0200, 0x0200, 0x0200, 0x0200, 0x0200, 0x0200, 0x0200, 0x0200, 0x0200, 0x0200, 0x0200,
  0x0000, 0x0000, 0x0000, 0x0000, 0x0000, 0x0000, 0x0000, 0x0000, 0x0000, 0x0100, 0x0200, 0x0200, 0x0200, 0x0200, 0x0200, 0x0200,
  0x0200, 0x0200, 0x0200, 0x0200, 0x0200, 0x0200, 0x0200, 0x0200, 0x0200, 0x0200, 0x0200, 0x0200, 0x0200, 0x0200, 0x0100, 0x0200,
  0x2200, 0x4300, 0x4300, 0x2300, 0x4300, 0x4400, 0x4400, 0x4400, 0x4400, 0x6400, 0x6400, 0x6400, 0x6400, 0x6400, 0x6500, 0x6500,
  0x8500, 0x8500, 0x8500, 0x8500, 0x8500, 0x6500, 0x8500, 0x6500, 0x6500, 0x6500, 0x6500, 0x6500, 0x6400, 0x6400, 0x6400, 0x6400,
  0x4400, 0x4300, 0x4300, 0x4300, 0x4300, 0x4300, 0x4300, 0x4300, 0x4300, 0x4300, 0x4300, 0x4300, 0x4300, 0x4300, 0x4300, 0x4300,
  0x4300, 0x4300, 0x4300, 0x4300, 0x4300, 0x6300, 0x4300, 0x4300, 0x2300, 0x0200, 0x0200, 0x0200, 0x0200, 0x0200, 0x0200, 0x0200,
  0x0200, 0x2300, 0x2300, 0x4300, 0x4300, 0x4300, 0x4300, 0x4300, 0x4300, 0x4300, 0x4300, 0x4300, 0x4300, 0x4300, 0x4300, 0x4300,
  0x4300, 0x4300, 0x4300, 0x4300, 0x4300, 0x4300, 0x4300, 0x4300, 0x4400, 0x4400, 0x4300, 0x4300, 0x4300, 0x6300, 0x6300, 0x6300,
  0x6300, 0x6300, 0x6300, 0x6300, 0x6300, 0x6300, 0x4300, 0x4300, 0x4300, 0x4300, 0x4400, 0x4400, 0x4300, 0x4300, 0x4300, 0x4300,
  0x4300, 0x4400, 0x4400, 0x4400, 0x4400, 0x4400, 0x4400, 0x4400, 0x4400, 0x4400, 0x4400, 0x4400, 0x4400, 0x4400, 0x4400, 0x4400,
  0x4400, 0x4500, 0x4500, 0x4500, 0x4500, 0x4500, 0x4500, 0x4500, 0x4500, 0x4500, 0x4500, 0x4500, 0x4500, 0x4500, 0x4500, 0x6500,
  0x6500, 0x4500, 0x4500, 0x4500, 0x4500, 0x4500, 0x4500, 0x4500, 0x4500, 0x4500, 0x4500, 0x4500, 0x4500, 0x4500, 0x4400, 0x4400,
  0x4400, 0x4400, 0x4400, 0x4400, 0x4400, 0x4400, 0x4400, 0x4400, 0x4400, 0x4400, 0x4400, 0x4400, 0x4400, 0x4400, 0x4400, 0x4400,
  0x4400, 0x4400, 0x4300, 0x4300, 0x4300, 0x4300, 0x4300, 0x4300, 0x4300, 0x4300, 0x4300, 0x4300, 0x4300, 0x6300, 0x6300, 0x6300,
  0x6300, 0x6300, 0x6300, 0x6300, 0x6300, 0x6300, 0x4300, 0x4300, 0x4300, 0x4300, 0x4300, 0x4300, 0x4300, 0x4300, 0x4300, 0x4300,
  0x4300, 0x4300, 0x4300, 0x4300, 0x4300, 0x4300, 0x4300, 0x2300, 0x2300, 0x2300, 0x2300, 0x0200, 0x0200, 0x0200, 0x0200, 0x0200,
  0x0200, 0x0200, 0x0200, 0x0200, 0x0200, 0x2200, 0x2200, 0x0200, 0x0200, 0x0200, 0x0200, 0x0200, 0x0200, 0x0200, 0x0200, 0x0200,
  0x0200, 0x0200, 0x0200, 0x0200, 0x0200, 0x0200, 0x0200, 0x0200, 0x0200, 0x0200, 0x0200, 0x0200, 0x0200, 0x0200, 0x0200, 0x0200,
  0x0200, 0x0200, 0x0200, 0x0200, 0x0200, 0x0200, 0x0200, 0x0200, 0x0200, 0x0200, 0x0200, 0x0200, 0x0200, 0x0200, 0x0200, 0x0200,
  0x0200, 0x0200, 0x0200, 0x0200, 0x0200, 0x0200, 0x0200, 0x0200, 0x0200, 0x0200, 0x0200, 0x0200, 0x0200, 0x0200, 0x0200, 0x0200,
  0x0000, 0x0000, 0x0000, 0x0000, 0x0000, 0x0000, 0x0000, 0x0000, 0x0000, 0x0100, 0x0200, 0x0200, 0x0200, 0x0200, 0x0200, 0x0200,
  0x0200, 0x0200, 0x0200, 0x0200, 0x0200, 0x0200, 0x0200, 0x0200, 0x0200, 0x0200, 0x0200, 0x0200, 0x0200, 0x0200, 0x0200, 0x0200,
  0x2300, 0x4300, 0x4300, 0x4300, 0x4400, 0x4400, 0x6400, 0x6400, 0x6400, 0x6400, 0x6400, 0x8500, 0x8500, 0x6500, 0x6500, 0x8500,
  0x8500, 0x8500, 0x8500, 0x8500, 0x8500, 0x8500, 0x8500, 0x8500, 0x6500, 0x6500, 0x6500, 0x6500, 0x6500, 0x6400, 0x6400, 0x6400,
  0x6400, 0x6400, 0x4400, 0x4300, 0x4300, 0x4300, 0x4300, 0x4300, 0x4300, 0x4300, 0x4300, 0x4300, 0x4300, 0x4300, 0x4300, 0x4300,
  0x4300, 0x4300, 0x4300, 0x4300, 0x4300, 0x4300, 0x4300, 0x4300, 0x2300, 0x2300, 0x2300, 0x2200, 0x0200, 0x0200, 0x0200, 0x0200,
  0x0200, 0x2200, 0x2300, 0x2300, 0x4300, 0x4300, 0x4300, 0x4300, 0x4300, 0x4300, 0x4300, 0x4300, 0x4300, 0x4300, 0x4300, 0x4300,
  0x4300, 0x4300, 0x4300, 0x4300, 0x4300, 0x4300, 0x4300, 0x4300, 0x4400, 0x4400, 0x4400, 0x4300, 0x4300, 0x4300, 0x6300, 0x6300,
  0x6300, 0x6300, 0x6300, 0x6300, 0x6300, 0x4300, 0x4300, 0x4300, 0x4300, 0x4400, 0x4400, 0x4400, 0x4400, 0x4400, 0x4400, 0x4400,
  0x4400, 0x4400, 0x4400, 0x4400, 0x4400, 0x4400, 0x4400, 0x4400, 0x4400, 0x4400, 0x4400, 0x4400, 0x4400, 0x4400, 0x4400, 0x4400,
  0x4500, 0x6500, 0x6500, 0x6500, 0x6500, 0x6500, 0x6500, 0x6500, 0x6500, 0x6500, 0x6500, 0x6500, 0x6500, 0x6500, 0x6500, 0x6500,
  0x6500, 0x6500, 0x6500, 0x4500, 0x6500, 0x6500, 0x6500, 0x6500, 0x6500, 0x6500, 0x6500, 0x6500, 0x6500, 0x6500, 0x4400, 0x4400,
  0x4400, 0x4400, 0x4400, 0x4400, 0x4400, 0x4400, 0x4400, 0x4400, 0x4400, 0x4400, 0x4400, 0x4400, 0x4400, 0x4400, 0x4400, 0x4400,
  0x4400, 0x4400, 0x4400, 0x4300, 0x4300, 0x4300, 0x4300, 0x4300, 0x6300, 0x6300, 0x6300, 0x6300, 0x6300, 0x6300, 0x6300, 0x6300,
  0x6300, 0x6300, 0x6300, 0x6300, 0x6300, 0x6300, 0x6300, 0x4300, 0x4300, 0x4300, 0x4300, 0x4300, 0x4300, 0x4300, 0x4300, 0x4300,
  0x4300, 0x4300, 0x4300, 0x4300, 0x4300, 0x4300, 0x4300, 0x4300, 0x4300, 0x4300, 0x2300, 0x0200, 0x0200, 0x0200, 0x0200, 0x0200,
  0x0200, 0x0200, 0x0200, 0x0200, 0x0200, 0x2200, 0x2200, 0x2200, 0x2200, 0x0200, 0x0200, 0x2200, 0x0200, 0x0200, 0x0200, 0x0200,
  0x0200, 0x0200, 0x0200, 0x0200, 0x0200, 0x0200, 0x0200, 0x0200, 0x0200, 0x0200, 0x0200, 0x0200, 0x0200, 0x0200, 0x0200, 0x0200,
  0x0200, 0x0200, 0x0200, 0x0200, 0x0200, 0x0200, 0x0200, 0x0200, 0x0200, 0x0200, 0x0200, 0x0200, 0x0200, 0x0200, 0x0200, 0x0200,
  0x0200, 0x0200, 0x0200, 0x0200, 0x0200, 0x0200, 0x0200, 0x0200, 0x0200, 0x0200, 0x0200, 0x0200, 0x0200, 0x0200, 0x0200, 0x0200,
  0x0000, 0x0000, 0x0000, 0x0000, 0x0000, 0x0000, 0x0000, 0x0000, 0x0000, 0x0100, 0x0200, 0x0200, 0x0200, 0x0200, 0x0200, 0x0200,
  0x0200, 0x0200, 0x0200, 0x0200, 0x0200, 0x0200, 0x0200, 0x0200, 0x0200, 0x0200, 0x0200, 0x0200, 0x0200, 0x0200, 0x0200, 0x2300,
  0x4300, 0x4300, 0x2300, 0x4400, 0x4400, 0x6400, 0x6500, 0x6400, 0x6400, 0x6500, 0x8500, 0x8500, 0x8500, 0x8500, 0x8500, 0xA600,
  0xA600, 0xA600, 0xA600, 0xA600, 0xA600, 0xA600, 0x8600, 0xA600, 0x8500, 0x8500, 0x8500, 0x8500, 0x8500, 0x8500, 0x6500, 0x6400,
  0x6400, 0x8400, 0x6400, 0x4400, 0x4300, 0x4300, 0x4300, 0x4300, 0x4300, 0x4300, 0x4300, 0x4300, 0x4300, 0x4300, 0x4300, 0x4300,
  0x4300, 0x4300, 0x4300, 0x4300, 0x4300, 0x4300, 0x4300, 0x4300, 0x4300, 0x4300, 0x4300, 0x4300, 0x2300, 0x2200, 0x0200, 0x0200,
  0x2200, 0x2300, 0x2300, 0x2300, 0x4300, 0x4300, 0x4300, 0x4300, 0x4300, 0x4300, 0x4300, 0x4300, 0x4300, 0x4300, 0x4300, 0x4300,
  0x4300, 0x4300, 0x4300, 0x4300, 0x4300, 0x4300, 0x4300, 0x4300, 0x4400, 0x4400, 0x4400, 0x4300, 0x4300, 0x4300, 0x6300, 0x6300,
  0x6300, 0x6300, 0x6300, 0x6300, 0x6300, 0x4300, 0x4300, 0x4300, 0x4400, 0x4400, 0x4400, 0x4400, 0x4400, 0x4400, 0x4400, 0x4400,
  0x4400, 0x4400, 0x4400, 0x4400, 0x4400, 0x4400, 0x4400, 0x4500, 0x4500, 0x4500, 0x4500, 0x4500, 0x4500, 0x4500, 0x4500, 0x4500,
  0x6500, 0x6500, 0x6500, 0x6500, 0x6500, 0x6500, 0x6500, 0x6500, 0x6500, 0x6500, 0x6500, 0x6500, 0x6500, 0x6500, 0x6500, 0x6500,
  0x6500, 0x6500, 0x6500, 0x6500, 0x6500, 0x6500, 0x6500, 0x6500, 0x6500, 0x6500, 0x6500, 0x6500, 0x6500, 0x6500, 0x4500, 0x4400,
  0x4400, 0x4400, 0x4400, 0x4400, 0x4400, 0x4400, 0x4400, 0x4400, 0x4400, 0x4400, 0x4400, 0x4400, 0x4400, 0x4400, 0x4400, 0x4400,
  0x4400, 0x4400, 0x4400, 0x4400, 0x4400, 0x4400, 0x4300, 0x4300, 0x6300, 0x6300, 0x6300, 0x6300, 0x6300, 0x6300, 0x6300, 0x6300,
  0x6300, 0x6300, 0x6300, 0x6300, 0x6300, 0x6300, 0x4300, 0x4300, 0x4300, 0x4300, 0x4300, 0x4300, 0x4300, 0x4300, 0x4300, 0x4300,
  0x4300, 0x4300, 0x4300, 0x4300, 0x4300, 0x4300, 0x4300, 0x4300, 0x4300, 0x4300, 0x4300, 0x2300, 0x2200, 0x0200, 0x0200, 0x0200,
  0x0200, 0x0200, 0x0200, 0x0200, 0x0200, 0x2300, 0x2200, 0x2200, 0x2200, 0x2300, 0x2200, 0x2200, 0x2200, 0x0200, 0x0200, 0x0200,
  0x0200, 0x0200, 0x0200, 0x0200, 0x0200, 0x0200, 0x0200, 0x0200, 0x0200, 0x0200, 0x0200, 0x0200, 0x0200, 0x0200, 0x0200, 0x0200,
  0x0200, 0x0200, 0x0200, 0x0200, 0x0200, 0x0200, 0x0200, 0x0200, 0x0200, 0x0200, 0x0200, 0x0200, 0x0200, 0x0200, 0x0200, 0x0200,
  0x0200, 0x0200, 0x0200, 0x0200, 0x0200, 0x0200, 0x0200, 0x0200, 0x0200, 0x0200, 0x0200, 0x0200, 0x0200, 0x0200, 0x0200, 0x0200,
  0x0000, 0x0000, 0x0000, 0x0000, 0x0000, 0x0000, 0x0000, 0x0000, 0x0000, 0x0100, 0x0200, 0x0200, 0x0200, 0x0200, 0x0200, 0x0200,
  0x0200, 0x0200, 0x0200, 0x0200, 0x0200, 0x0200, 0x0200, 0x0200, 0x0200, 0x0200, 0x0200, 0x0200, 0x0200, 0x0200, 0x2300, 0x2300,
  0x4300, 0x4300, 0x4300, 0x4400, 0x6400, 0x6500, 0x6500, 0x8500, 0x8500, 0x8500, 0xA500, 0xA500, 0xA600, 0xA600, 0xA600, 0xC600,
  0xC600, 0xC600, 0xC600, 0xC600, 0xC600, 0xC600, 0xA600, 0xA600, 0xA600, 0xA600, 0xA600, 0x8600, 0x8500, 0x8500, 0x8500, 0x6500,
  0x6500, 0x6400, 0x6400, 0x6400, 0x4400, 0x4300, 0x4300, 0x4300, 0x4300, 0x4300, 0x4300, 0x4300, 0x4300, 0x4300, 0x4300, 0x4300,
  0x4300, 0x4300, 0x4300, 0x4300, 0x4300, 0x4300, 0x4300, 0x4300, 0x4300, 0x4300, 0x6300, 0x4300, 0x4300, 0x4300, 0x2300, 0x4300,
  0x4300, 0x4300, 0x4300, 0x4300, 0x4300, 0x4300, 0x4300, 0x4300, 0x4300, 0x4300, 0x4300, 0x4300, 0x4300, 0x4300, 0x4300, 0x4300,
  0x4300, 0x4300, 0x4300, 0x4300, 0x4300, 0x4300, 0x4300, 0x4300, 0x4400, 0x4400, 0x4400, 0x4300, 0x4300, 0x4300, 0x4300, 0x4300,
  0x6300, 0x4300, 0x4300, 0x4300, 0x4300, 0x4400, 0x4300, 0x6400, 0x4400, 0x4400, 0x4400, 0x4400, 0x4400, 0x4400, 0x4400, 0x4400,
  0x4400, 0x4500, 0x4500, 0x4500, 0x4500, 0x4500, 0x4500, 0x4500, 0x4500, 0x4500, 0x4500, 0x4500, 0x4500, 0x4500, 0x4500, 0x4500,
  0x6500, 0x6500, 0x6500, 0x6500, 0x6500, 0x6500, 0x6500, 0x6500, 0x6500, 0x6500, 0x6500, 0x6500, 0x6500, 0x6500, 0x6500, 0x8500,
  0x8500, 0x6500, 0x6500, 0x6500, 0x6500, 0x6500, 0x6500, 0x6500, 0x6500, 0x6500, 0x6500, 0x6500, 0x6500, 0x6500, 0x6500, 0x6500,
  0x6500, 0x6500, 0x6500, 0x6500, 0x4400, 0x4400, 0x4400, 0x4400, 0x4400, 0x6400, 0x6400, 0x6400, 0x6400, 0x6400, 0x6400, 0x6400,
  0x6400, 0x6400, 0x6400, 0x4400, 0x4400, 0x4400, 0x4400, 0x4300, 0x4300, 0x4300, 0x4300, 0x6300, 0x6300, 0x4300, 0x4300, 0x4300,
  0x4300, 0x4300, 0x4300, 0x4300, 0x4300, 0x4300, 0x4300, 0x4300, 0x4300, 0x4300, 0x4300, 0x4300, 0x4300, 0x4300, 0x4300, 0x4300,
  0x4300, 0x4300, 0x4300, 0x4300, 0x4300, 0x4300, 0x6400, 0x6400, 0x4300, 0x4300, 0x4300, 0x2300, 0x2300, 0x2300, 0x0200, 0x0200,
  0x0200, 0x0200, 0x0200, 0x0200, 0x0200, 0x2300, 0x2300, 0x4300, 0x4300, 0x4300, 0x2300, 0x2300, 0x2200, 0x2200, 0x2200, 0x0200,
  0x0200, 0x0200, 0x0200, 0x0200, 0x0200, 0x0200, 0x0200, 0x0200, 0x0200, 0x0200, 0x0200, 0x0200, 0x0200, 0x0200, 0x0200, 0x0200,
  0x0200, 0x0200, 0x0200, 0x0200, 0x0200, 0x0200, 0x0200, 0x0200, 0x0200, 0x0200, 0x0200, 0x0200, 0x0200, 0x0200, 0x0200, 0x0200,
  0x0200, 0x0200, 0x0200, 0x0200, 0x0200, 0x0200, 0x0200, 0x0200, 0x0200, 0x0200, 0x0200, 0x0200, 0x0200, 0x0200, 0x0200, 0x0200,
  0x0000, 0x0000, 0x0000, 0x0000, 0x0000, 0x0100, 0x0100, 0x0100, 0x0100, 0x0200, 0x0200, 0x0200, 0x0200, 0x0200, 0x0200, 0x0200,
  0x0200, 0x0200, 0x0200, 0x0200, 0x0200, 0x0200, 0x0200, 0x0200, 0x0200, 0x0200, 0x0200, 0x0200, 0x0200, 0x2300, 0x4300, 0x2300,
  0x2300, 0x4300, 0x4400, 0x6400, 0x6500, 0x6500, 0x8500, 0x8500, 0x8500, 0xA500, 0xA500, 0xA600, 0xC600, 0xC600, 0xC600, 0xC700,
  0xC700, 0xE700, 0xE700, 0xE700, 0xE600, 0xE600, 0xC600, 0xC600, 0xC600, 0xA600, 0xA600, 0xA600, 0x8500, 0x8500, 0x8500, 0x8500,
  0x8500, 0x6400, 0x6400, 0x6400, 0x6500, 0x6400, 0x4300, 0x4300, 0x4300, 0x4300, 0x4300, 0x4300, 0x4300, 0x4300, 0x4300, 0x4300,
  0x4300, 0x4300, 0x4300, 0x4300, 0x4300, 0x4300, 0x4300, 0x4300, 0x4300, 0x6300, 0x4300, 0x4300, 0x6300, 0x6300, 0x6300, 0x6300,
  0x6300, 0x6300, 0x6300, 0x6300, 0x4300, 0x4300, 0x4300, 0x4300, 0x4300, 0x4300, 0x4300, 0x4300, 0x4300, 0x4300, 0x4300, 0x4300,
  0x4300, 0x4300, 0x4300, 0x4300, 0x4300, 0x4300, 0x4300, 0x4300, 0x4400, 0x4400, 0x4400, 0x4300, 0x4300, 0x4300, 0x4300, 0x4300,
  0x4300, 0x4300, 0x4300, 0x4300, 0x4400, 0x4400, 0x4400, 0x4400, 0x4400, 0x4400, 0x4400, 0x4400, 0x4500, 0x4500, 0x4500, 0x4500,
  0x4500, 0x6500, 0x6500, 0x6500, 0x6500, 0x6500, 0x6500, 0x6500, 0x6500, 0x6500, 0x6500, 0x6500, 0x6500, 0x6500, 0x6500, 0x6500,
  0x6500, 0x6500, 0x6500, 0x6500, 0x6500, 0x8500, 0x8500, 0x8500, 0x8500, 0x8500, 0x8500, 0x8500, 0x8500, 0x8500, 0x8500, 0x8500,
  0x8500, 0x8500, 0x8500, 0x8500, 0x8500, 0x8500, 0x8500, 0x8500, 0x8500, 0x8500, 0x6500, 0x6500, 0x6500, 0x6500, 0x6500, 0x6500,
  0x6500, 0x6500, 0x6500, 0x6500, 0x6500, 0x6500, 0x6500, 0x6500, 0x6500, 0x4400, 0x6400, 0x6400, 0x6400, 0x4400, 0x4400, 0x4400,
  0x6400, 0x6400, 0x6400, 0x4400, 0x4400, 0x4400, 0x4400, 0x6400, 0x6300, 0x6300, 0x6300, 0x6300, 0x6300, 0x4300, 0x4300, 0x4300,
  0x4300, 0x4300, 0x4300, 0x4300, 0x4300, 0x4300, 0x4300, 0x4300, 0x4300, 0x4300, 0x4300, 0x4300, 0x4300, 0x4300, 0x4300, 0x4300,
  0x4300, 0x4300, 0x4300, 0x4300, 0x4300, 0x4300, 0x6400, 0x4300, 0x4300, 0x4300, 0x4300, 0x4300, 0x4300, 0x2300, 0x2300, 0x0200,
  0x0200, 0x0200, 0x0200, 0x0200, 0x0200, 0x2200, 0x2200, 0x4300, 0x4300, 0x4300, 0x4300, 0x4300, 0x4300, 0x4300, 0x2200, 0x0200,
  0x0200, 0x0200, 0x0200, 0x0200, 0x0200, 0x0200, 0x0200, 0x0200, 0x0200, 0x0200, 0x0200, 0x0200, 0x0200, 0x0200, 0x0200, 0x0200,
  0x0200, 0x0200, 0x0200, 0x0200, 0x0200, 0x0200, 0x0200, 0x0200, 0x0200, 0x0200, 0x0200, 0x0200, 0x0200, 0x0200, 0x0200, 0x0200,
  0x0200, 0x0200, 0x0200, 0x0200, 0x0200, 0x0200, 0x0200, 0x0200, 0x0200, 0x0200, 0x0200, 0x0200, 0x0200, 0x0200, 0x0200, 0x0200,
  0x0000, 0x0000, 0x0000, 0x0100, 0x0100, 0x0100, 0x0100, 0x0100, 0x0100, 0x0100, 0x0200, 0x0200, 0x0200, 0x0200, 0x0200, 0x0200,
  0x0200, 0x0200, 0x0200, 0x0200, 0x0200, 0x0200, 0x0200, 0x0200, 0x0200, 0x0200, 0x2200, 0x2200, 0x2200, 0x4300, 0x4300, 0x4300,
  0x4300, 0x4300, 0x6400, 0x6500, 0x8500, 0x8500, 0x8500, 0x8500, 0xA600, 0xC600, 0xC600, 0xC600, 0xC600, 0xE700, 0xE700, 0x0701,
  0x0701, 0x0701, 0x0701, 0x0701, 0xE700, 0xE700, 0xE700, 0xC600, 0xC600, 0xE700, 0xE700, 0xE700, 0xC600, 0xA600, 0xA600, 0x8500,
  0x8500, 0x8500, 0x8500, 0x6500, 0x6500, 0x6400, 0x6400, 0x6400, 0x4300, 0x4300, 0x4300, 0x4300, 0x4300, 0x4300, 0x4300, 0x4300,
  0x4300, 0x4300, 0x4300, 0x4300, 0x4300, 0x4300, 0x4300, 0x4300, 0x4300, 0x4300, 0x6300, 0x6300, 0x6400, 0x6400, 0x6400, 0x6400,
  0x6400, 0x6400, 0x6400, 0x6400, 0x4300, 0x4300, 0x4300, 0x4300, 0x4300, 0x4300, 0x4300, 0x4300, 0x4300, 0x4300, 0x4300, 0x4300,
  0x4300, 0x4300, 0x4300, 0x4300, 0x4300, 0x4300, 0x4300, 0x4300, 0x4300, 0x4300, 0x4400, 0x4400, 0x4400, 0x4400, 0x4400, 0x4400,
  0x4400, 0x4400, 0x6400, 0x6400, 0x6400, 0x6400, 0x6400, 0x6400, 0x4400, 0x4400, 0x4500, 0x4500, 0x4500, 0x4500, 0x4500, 0x4500,
  0x4500, 0x6500, 0x6500, 0x6500, 0x6500, 0x6500, 0x6500, 0x6500, 0x6500, 0x6500, 0x6500, 0x6500, 0x6500, 0x6500, 0x6500, 0x6500,
  0x8500, 0x8500, 0x8500, 0x8500, 0x8500, 0x8500, 0x8500, 0x8500, 0x8500, 0x8500, 0x8500, 0x8500, 0x8500, 0x8500, 0x8500, 0x8500,
  0x8500, 0x8500, 0x8500, 0x8500, 0x8500, 0x8500, 0x8500, 0x8500, 0x8500, 0x8500, 0x8500, 0x8500, 0x8500, 0x8500, 0x8500, 0x8500,
  0x8500, 0x8500, 0x8500, 0x8500, 0x6500, 0x6500, 0x6500, 0x6500, 0x6500, 0x6500, 0x6500, 0x6500, 0x6500, 0x6500, 0x6500, 0x6500,
  0x6500, 0x6500, 0x6400, 0x4400, 0x4400, 0x4400, 0x6400, 0x6400, 0x6400, 0x6400, 0x6400, 0x6400, 0x6300, 0x4300, 0x4300, 0x4300,
  0x4300, 0x4300, 0x4300, 0x4300, 0x4300, 0x4300, 0x4300, 0x4300, 0x4300, 0x4300, 0x4300, 0x4300, 0x4300, 0x4300, 0x4300, 0x4300,
  0x4300, 0x4300, 0x4300, 0x4300, 0x4300, 0x4300, 0x4300, 0x4300, 0x4300, 0x4300, 0x4300, 0x4300, 0x4300, 0x4300, 0x4300, 0x2300,
  0x2300, 0x2300, 0x0300, 0x0300, 0x0200, 0x0200, 0x0200, 0x2300, 0x4300, 0x4300, 0x4300, 0x4200, 0x4200, 0x4200, 0x4200, 0x2200,
  0x2200, 0x2200, 0x2200, 0x2200, 0x2200, 0x0200, 0x0200, 0x0200, 0x0200, 0x2200, 0x0200, 0x0200, 0x0200, 0x0200, 0x0200, 0x0200,
  0x0200, 0x0200, 0x0200, 0x0200, 0x0200, 0x0200, 0x0200, 0x0200, 0x0200, 0x0200, 0x0200, 0x0200, 0x0200, 0x0200, 0x0200, 0x0200,
  0x0200, 0x0200, 0x0200, 0x0200, 0x0200, 0x0200, 0x0200, 0x0200, 0x0200, 0x0200, 0x0200, 0x0200, 0x0200, 0x0200, 0x0200, 0x0200,
  0x0000, 0x0000, 0x0000, 0x0100, 0x0100, 0x0100, 0x0100, 0x0100, 0x0100, 0x0200, 0x0200, 0x0200, 0x0200, 0x0200, 0x0200, 0x0200,
  0x0200, 0x0200, 0x0200, 0x0200, 0x0200, 0x0200, 0x0200, 0x0200, 0x0200, 0x2200, 0x2200, 0x2200, 0x4300, 0x4300, 0x4300, 0x4300,
  0x4400, 0x4400, 0x6400, 0x8500, 0x8500, 0x8500, 0x8500, 0xA600, 0xC600, 0xE600, 0xE700, 0x0701, 0xE700, 0xE700, 0x2801, 0x2809,
  0x4801, 0x4809, 0x6909, 0x4809, 0x4809, 0x2809, 0x2809, 0x0701, 0x0701, 0xE700, 0xE700, 0xC700, 0xC700, 0xC600, 0xA600, 0xA600,
  0x8600, 0x8500, 0x8500, 0x8500, 0x6500, 0x6400, 0x6400, 0x6400, 0x4300, 0x4300, 0x4300, 0x4300, 0x4300, 0x4300, 0x4300, 0x4300,
  0x4300, 0x4300, 0x4300, 0x4300, 0x4300, 0x4300, 0x4300, 0x4300, 0x4300, 0x4300, 0x4300, 0x4300, 0x4300, 0x4300, 0x4300, 0x4300,
  0x4300, 0x4300, 0x4300, 0x4300, 0x4300, 0x4300, 0x4300, 0x4300, 0x4300, 0x4300, 0x4300, 0x4300, 0x4300, 0x4300, 0x4300, 0x4300,
  0x4300, 0x4300, 0x4300, 0x4300, 0x4300, 0x4300, 0x4300, 0x4300, 0x4300, 0x4300, 0x4400, 0x4400, 0x4400, 0x4400, 0x4400, 0x4400,
  0x4400, 0x4400, 0x6400, 0x6400, 0x6400, 0x6400, 0x4400, 0x4500, 0x4500, 0x4500, 0x4500, 0x4500, 0x6500, 0x6500, 0x6500, 0x6500,
  0x6500, 0x6500, 0x6500, 0x6500, 0x6500, 0x6500, 0x6500, 0x6500, 0x6500, 0x6500, 0x6500, 0x6500, 0x6500, 0x6500, 0x6500, 0x6500,
  0x8500, 0x8500, 0x8500, 0x8500, 0x8500, 0x8500, 0x8500, 0x8500, 0x8500, 0x8500, 0x8500, 0x8500, 0x8500, 0x8500, 0x8500, 0x8500,
  0x8500, 0x8500, 0x8500, 0x8500, 0x8500, 0x8500, 0x8500, 0x8500, 0x8500, 0x8500, 0x8500, 0x8500, 0x8500, 0x8500, 0x8500, 0x8500,
  0x8500, 0x8500, 0x8500, 0x8500, 0x6500, 0x6500, 0x6500, 0x6500, 0x6500, 0x6500, 0x6500, 0x6500, 0x6500, 0x6500, 0x6500, 0x6500,
  0x6500, 0x6500, 0x6500, 0x6500, 0x6500, 0x6500, 0x6400, 0x6400, 0x6400, 0x6400, 0x6400, 0x6400, 0x4400, 0x4300, 0x4300, 0x4300,
  0x4300, 0x4300, 0x4300, 0x4300, 0x4300, 0x4300, 0x4300, 0x4300, 0x4300, 0x4300, 0x4300, 0x4300, 0x4300, 0x4300, 0x4300, 0x4300,
  0x4300, 0x4300, 0x4300, 0x4300, 0x4300, 0x4300, 0x4300, 0x4300, 0x4300, 0x4300, 0x4300, 0x4300, 0x4300, 0x4300, 0x4300, 0x4300,
  0x2300, 0x2300, 0x2300, 0x2300, 0x0300, 0x0200, 0x0200, 0x2200, 0x2200, 0x2200, 0x4300, 0x4200, 0x4200, 0x4200, 0x4200, 0x2200,
  0x2200, 0x2200, 0x2200, 0x2200, 0x2200, 0x2200, 0x2200, 0x2200, 0x2200, 0x2200, 0x0200, 0x0200, 0x0200, 0x0200, 0x0200, 0x0200,
  0x0200, 0x0200, 0x0200, 0x0200, 0x0200, 0x0200, 0x0200, 0x0200, 0x0200, 0x0200, 0x0200, 0x0200, 0x0200, 0x0200, 0x0200, 0x0200,
  0x0200, 0x0200, 0x0200, 0x0200, 0x0200, 0x0200, 0x0200, 0x0200, 0x0200, 0x0200, 0x0200, 0x0200, 0x0200, 0x0200, 0x0200, 0x0200,
  0x0000, 0x0000, 0x0000, 0x0100, 0x0100, 0x0100, 0x0200, 0x0200, 0x0200, 0x0200, 0x0200, 0x0200, 0x0200, 0x0200, 0x0200, 0x0200,
  0x0200, 0x0200, 0x0200, 0x0200, 0x0200, 0x0200, 0x0200, 0x0200, 0x0200, 0x2200, 0x2200, 0x4300, 0x4300, 0x4300, 0x4300, 0x4300,
  0x4400, 0x6400, 0x6400, 0x8500, 0x8500, 0xA600, 0xA600, 0xC600, 0xE600, 0xE700, 0x0701, 0x2801, 0x4809, 0x6909, 0x8909, 0x8A11,
  0x8A09, 0x8A09, 0x8911, 0x8909, 0x8909, 0x6909, 0x6909, 0x4809, 0x2809, 0x0701, 0xE700, 0xC700, 0xC700, 0xC700, 0xC700, 0xC700,
  0xC600, 0xA600, 0x8600, 0x8500, 0x8500, 0x6500, 0x6400, 0x6400, 0x4300, 0x4300, 0x4300, 0x4300, 0x4300, 0x4300, 0x4300, 0x4300,
  0x4300, 0x4300, 0x4300, 0x4300, 0x4300, 0x4300, 0x4300, 0x4300, 0x4300, 0x4300, 0x4300, 0x4400, 0x4400, 0x4400, 0x4400, 0x4400,
  0x4400, 0x4400, 0x4400, 0x4400, 0x4300, 0x4300, 0x4300, 0x4300, 0x4300, 0x4300, 0x4300, 0x4300, 0x4300, 0x4300, 0x4300, 0x4300,
  0x4300, 0x4300, 0x4300, 0x4300, 0x4300, 0x4300, 0x4300, 0x4300, 0x4300, 0x4300, 0x4400, 0x4400, 0x4400, 0x4400, 0x4400, 0x4400,
  0x4400, 0x4400, 0x6400, 0x6400, 0x6400, 0x6400, 0x4500, 0x6500, 0x6500, 0x6500, 0x6500, 0x6500, 0x6500, 0x6400, 0x6500, 0x6500,
  0x6500, 0x6500, 0x6500, 0x6500, 0x6500, 0x6500, 0x8500, 0x8500, 0x8500, 0x8500, 0x8500, 0x8500, 0x8500, 0x8500, 0x8500, 0x8500,
  0x8600, 0x8600, 0x8600, 0x8600, 0x8600, 0x8600, 0x8600, 0x8600, 0x8600, 0x8600, 0x8600, 0x8600, 0x8600, 0x8600, 0x8600, 0x8600,
  0x8600, 0x8600, 0x8600, 0x8600, 0x8600, 0x8600, 0x8600, 0x8600, 0x8600, 0x8600, 0x8600, 0x8600, 0x8600, 0x8600, 0x8600, 0x8600,
  0x8600, 0x8600, 0x8600, 0x8600, 0x8500, 0x8500, 0x8500, 0x8500, 0x8500, 0x6500, 0x6500, 0x6500, 0x6500, 0x6500, 0x6500, 0x6500,
  0x6500, 0x6500, 0x6500, 0x6500, 0x6500, 0x6500, 0x6500, 0x6500, 0x6400, 0x6400, 0x6400, 0x6400, 0x6400, 0x4400, 0x4400, 0x4400,
  0x4400, 0x4400, 0x4400, 0x4400, 0x4400, 0x4400, 0x4300, 0x4300, 0x4300, 0x4300, 0x4300, 0x4300, 0x4300, 0x4300, 0x4300, 0x4300,
  0x4300, 0x4300, 0x4300, 0x4300, 0x4300, 0x4300, 0x4300, 0x4300, 0x4300, 0x4300, 0x4300, 0x6400, 0x6400, 0x4400, 0x4400, 0x4400,
  0x4300, 0x4300, 0x2300, 0x2300, 0x2300, 0x4300, 0x4300, 0x2300, 0x2200, 0x0200, 0x4200, 0x4200, 0x4200, 0x4200, 0x4200, 0x4200,
  0x4200, 0x4200, 0x4200, 0x4200, 0x4200, 0x4200, 0x4200, 0x4200, 0x2200, 0x0200, 0x0200, 0x0200, 0x0200, 0x0200, 0x0200, 0x0200,
  0x0200, 0x0200, 0x0200, 0x0200, 0x0200, 0x0200, 0x0200, 0x0200, 0x0200, 0x0200, 0x0200, 0x0200, 0x0200, 0x0200, 0x0200, 0x0200,
  0x0200, 0x0200, 0x0200, 0x0200, 0x0200, 0x0200, 0x0200, 0x0200, 0x0200, 0x0200, 0x0200, 0x0200, 0x0200, 0x0200, 0x0200, 0x0200,
  0x0000, 0x0000, 0x0100, 0x0100, 0x0100, 0x0200, 0x0200, 0x0200, 0x0200, 0x0200, 0x0200, 0x0200, 0x0200, 0x0200, 0x0200, 0x0200,
  0x0200, 0x0200, 0x0200, 0x0200, 0x0200, 0x0200, 0x0200, 0x0200, 0x2200, 0x2200, 0x4300, 0x6300, 0x6300, 0x6300, 0x4300, 0x6400,
  0x6400, 0x6400, 0x6500, 0x8500, 0xA500, 0xA600, 0xC600, 0xE700, 0x0701, 0x0701, 0x4801, 0x6909, 0x8A11, 0xAA11, 0xCB11, 0xCB11,
  0xCB11, 0xCA11, 0xAA11, 0xAA11, 0xAA11, 0xAA11, 0xAA11, 0x8911, 0x6909, 0x4809, 0x2801, 0x0801, 0xE700, 0xE700, 0xE700, 0xC700,
  0xC700, 0xA600, 0xA600, 0x8600, 0x8500, 0x8500, 0x6400, 0x6400, 0x6400, 0x4300, 0x4300, 0x4300, 0x4300, 0x4300, 0x4300, 0x4300,
  0x4300, 0x4300, 0x4300, 0x4300, 0x4300, 0x4300, 0x4300, 0x4300, 0x4300, 0x4300, 0x4400, 0x4400, 0x4400, 0x4400, 0x4400, 0x4400,
  0x4400, 0x4400, 0x4400, 0x4400, 0x4300, 0x4300, 0x4300, 0x4300, 0x4300, 0x4300, 0x4300, 0x4300, 0x4300, 0x4300, 0x4300, 0x4300,
  0x4300, 0x4300, 0x4300, 0x4300, 0x4300, 0x4300, 0x4300, 0x4300, 0x4300, 0x4300, 0x4400, 0x4400, 0x4400, 0x4400, 0x4400, 0x4400,
  0x4400, 0x4400, 0x4400, 0x4400, 0x4400, 0x4400, 0x4500, 0x6500, 0x6500, 0x6500, 0x6500, 0x6500, 0x6500, 0x6400, 0x6500, 0x6500,
  0x6400, 0x8500, 0x8500, 0x8500, 0x8500, 0x8500, 0x8500, 0x8600, 0x8600, 0x8600, 0x8600, 0x8600, 0x8600, 0x8600, 0x8600, 0x8600,
  0x8600, 0x8600, 0x8600, 0x8600, 0x8600, 0x8600, 0x8600, 0x8600, 0x8600, 0x8600, 0x8600, 0x8600, 0x8600, 0x8600, 0x8600, 0x8600,
  0x8600, 0x8600, 0x8600, 0x8600, 0x8600, 0x8600, 0x8600, 0x8600, 0x8600, 0x8600, 0x8600, 0x8600, 0x8600, 0x8600, 0x8600, 0x8600,
  0x8600, 0x8600, 0x8600, 0x8600, 0x8600, 0x8600, 0x8600, 0x8600, 0x8600, 0x8500, 0x8500, 0x8500, 0x8500, 0x8500, 0x8500, 0x8500,
  0x8600, 0x8500, 0x6600, 0x6500, 0x6500, 0x6500, 0x6500, 0x6500, 0x6500, 0x6500, 0x6500, 0x6500, 0x6400, 0x6400, 0x6400, 0x6400,
  0x6400, 0x6400, 0x4400, 0x4400, 0x4400, 0x4400, 0x4400, 0x4300, 0x4300, 0x4300, 0x4300, 0x4300, 0x4300, 0x4300, 0x4300, 0x4300,
  0x4300, 0x4300, 0x4300, 0x4300, 0x4300, 0x4300, 0x4300, 0x4300, 0x4300, 0x4300, 0x6400, 0x6400, 0x6400, 0x6400, 0x6400, 0x6400,
  0x6400, 0x4400, 0x4400, 0x4400, 0x4400, 0x6400, 0x6300, 0x4300, 0x4300, 0x4300, 0x4200, 0x4200, 0x4200, 0x4200, 0x4200, 0x4200,
  0x4200, 0x4200, 0x4200, 0x4200, 0x4200, 0x4200, 0x4200, 0x4200, 0x4200, 0x0200, 0x0200, 0x0200, 0x0200, 0x0200, 0x0200, 0x0200,
  0x0200, 0x0200, 0x0200, 0x0200, 0x0200, 0x0200, 0x0200, 0x0200, 0x0200, 0x0200, 0x0200, 0x0200, 0x0200, 0x0200, 0x0200, 0x0200,
  0x0200, 0x0200, 0x0200, 0x0200, 0x0200, 0x0200, 0x0200, 0x0200, 0x0200, 0x0200, 0x0200, 0x0200, 0x0200, 0x0200, 0x0200, 0x0200,
  0x0000, 0x0000, 0x0100, 0x0100, 0x0100, 0x0200, 0x0200, 0x0200, 0x0200, 0x0200, 0x0200, 0x0200, 0x0200, 0x0200, 0x0200, 0x0200,
  0x0200, 0x0200, 0x0200, 0x0200, 0x0200, 0x0200, 0x0200, 0x0200, 0x2200, 0x2200, 0x4300, 0x6300, 0x6300, 0x6300, 0x6400, 0x6400,
  0x6400, 0x6400, 0x6500, 0x8500, 0xA600, 0xC600, 0xC700, 0x0701, 0x2801, 0x4801, 0x6909, 0xAA11, 0xCB11, 0xEB19, 0x0C1A, 0x2C1A,
  0x2C1A, 0x2C1A, 0x0B1A, 0x0B1A, 0x0B1A, 0xEB19, 0xCB11, 0xAA11, 0xAA11, 0x8911, 0x6909, 0x4909, 0x0809, 0x0809, 0xE700, 0xC700,
  0xC600, 0xA600, 0xA600, 0xA600, 0x8600, 0x8500, 0x6400, 0x6400, 0x6400, 0x6400, 0x4300, 0x4300, 0x4300, 0x4300, 0x4300, 0x4300,
  0x4300, 0x4300, 0x4300, 0x4300, 0x4300, 0x4300, 0x4300, 0x4300, 0x4300, 0x4300, 0x4400, 0x4400, 0x4400, 0x4400, 0x4400, 0x4400,
  0x4400, 0x4400, 0x4400, 0x4400, 0x4300, 0x4300, 0x4300, 0x4300, 0x4300, 0x4300, 0x4300, 0x4300, 0x4300, 0x4300, 0x4300, 0x4300,
  0x4300, 0x4300, 0x4300, 0x4300, 0x4300, 0x4300, 0x4300, 0x4300, 0x4400, 0x4400, 0x4400, 0x4400, 0x4400, 0x4400, 0x4400, 0x4400,
  0x4400, 0x4500, 0x4400, 0x4400, 0x4500, 0x4500, 0x4500, 0x6500, 0x6500, 0x6500, 0x6500, 0x6500, 0x8500, 0x8500, 0x8500, 0x8500,
  0x8500, 0x8500, 0x8500, 0x8500, 0x8500, 0x8500, 0x8500, 0x8600, 0x8600, 0x8600, 0x8600, 0x8600, 0x8600, 0x8600, 0x8600, 0x8600,
  0x8600, 0x8700, 0x8700, 0x8700, 0x8700, 0x8700, 0x8700, 0x8700, 0x8700, 0x8700, 0x8700, 0x8700, 0x8700, 0x8700, 0x8700, 0x8600,
  0x8600, 0x8600, 0x8600, 0x8600, 0x8600, 0x8600, 0x8600, 0x8600, 0x8600, 0x8600, 0x8600, 0x8600, 0x8600, 0x8600, 0x8600, 0x8600,
  0x8600, 0x8600, 0x8600, 0x8600, 0x8600, 0x8600, 0x8600, 0x8600, 0x8600, 0x8600, 0x8600, 0x8600, 0x8600, 0x8600, 0x8600, 0x8600,
  0x8600, 0x8600, 0x8600, 0x8600, 0x8600, 0x8500, 0x8500, 0x6500, 0x6500, 0x6500, 0x6500, 0x6500, 0x6400, 0x6400, 0x4400, 0x6400,
  0x6400, 0x6400, 0x4400, 0x4400, 0x4400, 0x4400, 0x4400, 0x4300, 0x4300, 0x4300, 0x4300, 0x4300, 0x4300, 0x4300, 0x4300, 0x4300,
  0x4300, 0x4300, 0x4300, 0x4300, 0x4300, 0x4300, 0x4300, 0x4300, 0x4300, 0x4300, 0x6400, 0x6400, 0x6400, 0x6400, 0x4400, 0x6400,
  0x6400, 0x6400, 0x4400, 0x4400, 0x4400, 0x4300, 0x4300, 0x4300, 0x4300, 0x4300, 0x4200, 0x4200, 0x4200, 0x4200, 0x4200, 0x4200,
  0x4200, 0x4200, 0x4200, 0x4200, 0x4200, 0x4200, 0x4200, 0x4200, 0x2200, 0x0200, 0x0200, 0x0200, 0x0200, 0x0200, 0x0200, 0x0200,
  0x0200, 0x0200, 0x0200, 0x0200, 0x0200, 0x0200, 0x0200, 0x0200, 0x0200, 0x0200, 0x0200, 0x0200, 0x0200, 0x0200, 0x0200, 0x0200,
  0x0200, 0x0200, 0x0200, 0x0200, 0x0200, 0x0200, 0x0200, 0x0200, 0x0200, 0x0200, 0x0200, 0x0200, 0x0200, 0x0200, 0x0200, 0x0200,
  0x0100, 0x0100, 0x0100, 0x0100, 0x0200, 0x0200, 0x0200, 0x0200, 0x0200, 0x0200, 0x0200, 0x0200, 0x0200, 0x0200, 0x0200, 0x0200,
  0x0200, 0x0200, 0x0200, 0x0200, 0x0200, 0x0200, 0x0200, 0x0200, 0x2300, 0x4300, 0x4300, 0x4300, 0x6300, 0x6300, 0x6400, 0x6400,
  0x6400, 0x6500, 0x8500, 0xA600, 0xC600, 0xE700, 0xE800, 0x2801, 0x4901, 0x8A09, 0xCB11, 0xEC11, 0x4D1A, 0x8E22, 0xAF22, 0xAF22,
  0xAF22, 0xAE22, 0x8E22, 0x6E22, 0x6D1A, 0x4D1A, 0x0C1A, 0x0B1A, 0xEB19, 0x8911, 0x8A19, 0x6911, 0x2809, 0x2809, 0x0701, 0xE600,
  0xC600, 0xC600, 0xC600, 0xA600, 0x8600, 0x8500, 0x8500, 0x6500, 0x6400, 0x6400, 0x6400, 0x4300, 0x4300, 0x4300, 0x4300, 0x4300,
  0x4300, 0x4300, 0x4300, 0x4300, 0x4300, 0x4300, 0x4300, 0x4300, 0x4300, 0x4300, 0x4400, 0x4400, 0x4400, 0x4400, 0x4400, 0x4400,
  0x4400, 0x4400, 0x4400, 0x4400, 0x4400, 0x4400, 0x4400, 0x4400, 0x4400, 0x4400, 0x4400, 0x4400, 0x4400, 0x4400, 0x6300, 0x6300,
  0x6300, 0x6300, 0x6300, 0x6300, 0x6300, 0x6400, 0x6400, 0x6400, 0x4400, 0x4400, 0x4400, 0x4400, 0x4400, 0x4400, 0x4500, 0x4500,
  0x4500, 0x4500, 0x4400, 0x4400, 0x4400, 0x4400, 0x6400, 0x8500, 0x8500, 0x8500, 0x8500, 0x8500, 0x8500, 0x8500, 0x8500, 0x8500,
  0x8500, 0x8500, 0x8500, 0x8500, 0x8500, 0x8600, 0x6600, 0x6600, 0x6600, 0x6600, 0x6600, 0x6600, 0x6600, 0x6600, 0x8600, 0x6600,
  0x8600, 0x8700, 0x8700, 0x8700, 0x8600, 0x8600, 0x8600, 0x8600, 0x8600, 0x8600, 0xA700, 0x8700, 0x8700, 0x8700, 0x8700, 0x8700,
  0x8600, 0x8600, 0x8600, 0x8600, 0x8600, 0x8600, 0x8600, 0x8600, 0x8700, 0x8700, 0x8700, 0x8700, 0x8700, 0x8700, 0x8600, 0xA700,
  0x8600, 0x8600, 0xA708, 0x8600, 0x6600, 0x8600, 0x8700, 0x8700, 0x8600, 0x8600, 0x8600, 0x8600, 0x8600, 0x8600, 0x8600, 0x8600,
  0x8600, 0x8600, 0x8600, 0x6600, 0x8600, 0x8600, 0x8600, 0x8500, 0x8500, 0x8500, 0x8500, 0x8500, 0x6500, 0x6500, 0x6400, 0x6400,
  0x4400, 0x4400, 0x4400, 0x4400, 0x4400, 0x4400, 0x4400, 0x6300, 0x4300, 0x4300, 0x4300, 0x4300, 0x4300, 0x4300, 0x4300, 0x4300,
  0x4400, 0x4400, 0x4400, 0x6400, 0x6300, 0x6300, 0x6300, 0x6300, 0x6300, 0x6300, 0x4300, 0x6300, 0x4300, 0x6408, 0x4400, 0x6400,
  0x4400, 0x4400, 0x4400, 0x4300, 0x4300, 0x4300, 0x4300, 0x4300, 0x4300, 0x4300, 0x6300, 0x6300, 0x4300, 0x4300, 0x4300, 0x4200,
  0x4200, 0x4200, 0x4200, 0x4200, 0x4200, 0x4200, 0x4200, 0x2200, 0x2200, 0x0200, 0x0200, 0x0200, 0x0200, 0x0200, 0x0200, 0x0200,
  0x0200, 0x0200, 0x0200, 0x0200, 0x0200, 0x0200, 0x0200, 0x0200, 0x0200, 0x0200, 0x0200, 0x0200, 0x0200, 0x0200, 0x0200, 0x0200,
  0x0200, 0x0200, 0x0200, 0x0200, 0x0200, 0x0200, 0x0200, 0x0200, 0x0200, 0x0200, 0x0200, 0x0200, 0x0200, 0x0200, 0x0200, 0x2200,
  0x0100, 0x0200, 0x0200, 0x0200, 0x0200, 0x0200, 0x0200, 0x0200, 0x0200, 0x0200, 0x0200, 0x0200, 0x0200, 0x0200, 0x0200, 0x0200,
  0x0200, 0x0200, 0x0200, 0x0200, 0x0200, 0x0200, 0x0200, 0x0200, 0x2300, 0x4300, 0x4300, 0x6400, 0x6400, 0x6400, 0x6400, 0x6400,
  0x8500, 0x8500, 0xA600, 0xC600, 0xC700, 0xE800, 0x0801, 0x4909, 0x8B09, 0xCB11, 0x2C1A, 0x6D22, 0xCF2A, 0x3033, 0x5133, 0x7133,
  0x712B, 0x5133, 0x3033, 0xF02A, 0xEF2A, 0xCF22, 0x8E22, 0x4D22, 0xEB19, 0xCB19, 0xCB19, 0x6A11, 0x6911, 0x4909, 0x2809, 0x0701,
  0xE600, 0xE600, 0xC600, 0xA600, 0xA600, 0x8500, 0x8500, 0x8500, 0x6500, 0x6400, 0x6400, 0x4300, 0x4300, 0x4300, 0x4300, 0x4300,
  0x4300, 0x4300, 0x4300, 0x4300, 0x4300, 0x4300, 0x4300, 0x4300, 0x4300, 0x4300, 0x4400, 0x4400, 0x4400, 0x4400, 0x4400, 0x4400,
  0x4400, 0x4400, 0x4400, 0x4400, 0x4400, 0x4400, 0x4400, 0x4400, 0x4400, 0x4400, 0x4400, 0x4400, 0x4400, 0x4400, 0x6300, 0x6300,
  0x6300, 0x6300, 0x6300, 0x6300, 0x6400, 0x6400, 0x6400, 0x6400, 0x4400, 0x4500, 0x4500, 0x4500, 0x4500, 0x4500, 0x4500, 0x4500,
  0x4500, 0x4500, 0x4500, 0x4500, 0x6500, 0x6500, 0x6500, 0x8500, 0x8500, 0x8500, 0x8500, 0x8500, 0x8500, 0x8500, 0x8500, 0x8500,
  0x8500, 0x8500, 0x8600, 0x8600, 0x8600, 0x8600, 0x8600, 0x8600, 0x8600, 0x8600, 0x8600, 0x8600, 0x8600, 0x8600, 0x8600, 0x8600,
  0x8600, 0x8600, 0x8600, 0x8600, 0x8600, 0xA600, 0x8600, 0xA600, 0xA600, 0xA600, 0xA600, 0xA700, 0xA700, 0x8700, 0x8700, 0x8600,
  0x8600, 0x8600, 0x8600, 0x8600, 0x8600, 0x8600, 0x8600, 0x8600, 0x8700, 0x8700, 0x8700, 0x8700, 0x8700, 0x8600, 0x8600, 0x8600,
  0xC708, 0xA608, 0xA708, 0x6600, 0x8600, 0x8600, 0x8700, 0x8700, 0x8700, 0x8600, 0x8600, 0x8600, 0x8600, 0x8600, 0x8600, 0x8600,
  0x8600, 0x8600, 0x8600, 0x8600, 0x8600, 0x8600, 0x8600, 0x8600, 0x8500, 0x8500, 0x8500, 0x8500, 0x8500, 0x6500, 0x6500, 0x6500,
  0x6500, 0x6500, 0x4500, 0x4500, 0x4500, 0x4500, 0x4400, 0x4400, 0x4400, 0x4400, 0x4400, 0x4400, 0x4400, 0x4400, 0x4400, 0x4400,
  0x4400, 0x4400, 0x4400, 0x6400, 0x6300, 0x6300, 0x6300, 0x6300, 0x6300, 0x6300, 0x4300, 0x6308, 0x6308, 0x6408, 0x4408, 0x4400,
  0x4400, 0x4400, 0x4400, 0x4300, 0x6300, 0x4300, 0x4300, 0x4300, 0x4300, 0x4300, 0x6300, 0x4300, 0x4300, 0x4300, 0x4300, 0x4300,
  0x4200, 0x4200, 0x4200, 0x4200, 0x4300, 0x4300, 0x4200, 0x2200, 0x2200, 0x2200, 0x2200, 0x2200, 0x2200, 0x0200, 0x0200, 0x0200,
  0x0200, 0x0200, 0x0200, 0x0200, 0x0200, 0x0200, 0x0200, 0x0200, 0x0200, 0x0200, 0x0200, 0x0200, 0x0200, 0x0200, 0x0200, 0x0200,
  0x0200, 0x0200, 0x0200, 0x0200, 0x0200, 0x0200, 0x0200, 0x0200, 0x0200, 0x0200, 0x0200, 0x0200, 0x0200, 0x0200, 0x2200, 0x2200,
  0x2200, 0x0200, 0x0200, 0x0200, 0x0200, 0x0200, 0x0200, 0x0200, 0x0200, 0x0200, 0x0200, 0x0200, 0x0200, 0x0200, 0x0200, 0x0200,
  0x0200, 0x0200, 0x0200, 0x0200, 0x0200, 0x0200, 0x0200, 0x0200, 0x2300, 0x4300, 0x4300, 0x6400, 0x6400, 0x6400, 0x6400, 0x8500,
  0xA500, 0xA500, 0xC600, 0xE700, 0x0801, 0x2809, 0x2909, 0x6A09, 0xCB11, 0x0C1A, 0x8E22, 0xEF2A, 0x923B, 0xD243, 0x1344, 0x1344,
  0x1344, 0x1344, 0xD343, 0xB23B, 0x713B, 0x5033, 0x102B, 0xAE2A, 0x6D22, 0x0C1A, 0xEC19, 0xAB19, 0x8A11, 0x6911, 0x4809, 0x2709,
  0x0701, 0xE600, 0xC600, 0xC600, 0xA600, 0x8600, 0x8500, 0x8500, 0x6500, 0x6400, 0x6400, 0x4400, 0x4300, 0x4300, 0x4300, 0x4300,
  0x4300, 0x4300, 0x4300, 0x4300, 0x4300, 0x4300, 0x4300, 0x4300, 0x4300, 0x4300, 0x4300, 0x4300, 0x4300, 0x4300, 0x4300, 0x4300,
  0x4300, 0x4300, 0x4300, 0x4300, 0x4400, 0x4400, 0x4400, 0x4400, 0x4400, 0x4400, 0x4400, 0x4400, 0x4400, 0x4400, 0x6300, 0x6300,
  0x6300, 0x6300, 0x6300, 0x6400, 0x6400, 0x6400, 0x6400, 0x6400, 0x4400, 0x4500, 0x4500, 0x4500, 0x4500, 0x4500, 0x4500, 0x4500,
  0x4500, 0x4500, 0x4500, 0x6500, 0x6500, 0x8500, 0x8500, 0x8500, 0x8500, 0x8500, 0x8500, 0x8500, 0x8500, 0x8500, 0x8500, 0x8500,
  0x8600, 0x8600, 0x8600, 0x8600, 0x8600, 0x8600, 0x8600, 0x8600, 0x8600, 0x8600, 0x8600, 0x8600, 0xA600, 0x8600, 0xA600, 0x8600,
  0x8600, 0x8600, 0x8600, 0x8600, 0xA600, 0xA600, 0xA600, 0xA600, 0xA600, 0xA600, 0xA600, 0xA600, 0xA600, 0xA600, 0xA600, 0xA600,
  0x8600, 0x8600, 0x8600, 0x8600, 0xA600, 0xA600, 0xA600, 0xA600, 0xA600, 0xA600, 0xA600, 0x8600, 0x8600, 0x8600, 0xA608, 0x8508,
  0x6500, 0x4500, 0xE710, 0x6600, 0x8600, 0x8600, 0x8700, 0x8700, 0x8700, 0x8600, 0x8600, 0x8600, 0x8600, 0x8600, 0x8600, 0x8600,
  0x8600, 0x8600, 0x8600, 0x8600, 0x8600, 0x8600, 0x8600, 0x8600, 0x8600, 0x8600, 0x8500, 0x8500, 0x8500, 0x6500, 0x6500, 0x6500,
  0x6500, 0x6500, 0x6500, 0x6500, 0x4500, 0x4500, 0x4400, 0x6400, 0x6400, 0x6400, 0x4400, 0x4400, 0x4400, 0x4400, 0x4400, 0x4400,
  0x4400, 0x4400, 0x4400, 0x6400, 0x6400, 0x6300, 0x6300, 0x6300, 0x6300, 0x6300, 0x6300, 0x6308, 0x4308, 0x0100, 0x6408, 0x4400,
  0x4400, 0x4400, 0x4400, 0x4300, 0x6300, 0x4300, 0x4300, 0x4300, 0x4300, 0x4300, 0x4300, 0x4300, 0x4300, 0x4300, 0x4300, 0x4300,
  0x4300, 0x4300, 0x4300, 0x4300, 0x4300, 0x4300, 0x4300, 0x2200, 0x2200, 0x2200, 0x2200, 0x2200, 0x2200, 0x0200, 0x0200, 0x0200,
  0x0200, 0x0200, 0x0200, 0x0200, 0x0200, 0x0200, 0x0200, 0x0200, 0x0200, 0x0200, 0x0200, 0x0200, 0x0200, 0x0200, 0x0200, 0x0200,
  0x0200, 0x0200, 0x0200, 0x0200, 0x0200, 0x0200, 0x0200, 0x0200, 0x0200, 0x0200, 0x0200, 0x0200, 0x0200, 0x2200, 0x2200, 0x4300,
  0x0200, 0x2200, 0x2200, 0x2200, 0x0200, 0x0200, 0x0200, 0x0200, 0x0200, 0x0200, 0x0200, 0x0200, 0x0200, 0x0200, 0x0200, 0x0200,
  0x0200, 0x0200, 0x0200, 0x0200, 0x0200, 0x0200, 0x0200, 0x0200, 0x2300, 0x4300, 0x4300, 0x4300, 0x6400, 0x6400, 0x6400, 0x8500,
  0xA500, 0xC600, 0xE700, 0xE700, 0x2801, 0x4909, 0x6909, 0xAB11, 0x0C1A, 0x6E22, 0x303B, 0xD34B, 0x755C, 0xB55C, 0xD65C, 0xF664,
  0xF65C, 0xF65C, 0xB65C, 0x7554, 0x334C, 0xD343, 0x923B, 0x3033, 0xF02A, 0x6E22, 0x0C1A, 0x0D1A, 0xAB11, 0x8A11, 0x6909, 0x2801,
  0x0701, 0xE600, 0xC600, 0xA600, 0xA600, 0x8600, 0x8500, 0x8500, 0x8500, 0x6500, 0x6400, 0x4400, 0x4300, 0x4300, 0x4300, 0x4300,
  0x4300, 0x4300, 0x4300, 0x4300, 0x4300, 0x4300, 0x4300, 0x4300, 0x4300, 0x4300, 0x4300, 0x4300, 0x4300, 0x4300, 0x4300, 0x4300,
  0x4300, 0x4300, 0x4300, 0x4300, 0x4300, 0x4300, 0x4300, 0x4300, 0x4300, 0x4300, 0x4300, 0x4300, 0x4300, 0x4300, 0x6300, 0x6300,
  0x6300, 0x6300, 0x6300, 0x6400, 0x6400, 0x6400, 0x6400, 0x6400, 0x4500, 0x4500, 0x4500, 0x4500, 0x4500, 0x4500, 0x4500, 0x4500,
  0x4500, 0x4500, 0x6500, 0x6500, 0x8500, 0x8500, 0x8500, 0x8500, 0x8500, 0x8500, 0x8500, 0x8500, 0x8500, 0x8500, 0x8500, 0x8600,
  0x8600, 0x8600, 0x8600, 0x8600, 0x8600, 0x8600, 0xA600, 0xA600, 0xA600, 0xA600, 0xA600, 0xA600, 0xA600, 0xA600, 0xA600, 0xA600,
  0xA600, 0xA600, 0xA600, 0xA600, 0xA600, 0xA600, 0xA600, 0xA600, 0xA600, 0xA600, 0xA600, 0xA600, 0xA600, 0xA600, 0xA600, 0xA600,
  0xA600, 0xA600, 0xA600, 0xA600, 0xA600, 0xA600, 0xA600, 0xA600, 0xA600, 0xA600, 0xA600, 0xA600, 0xA600, 0xA600, 0xC608, 0x0100,
  0x6C42, 0xEE52, 0x4400, 0xC608, 0x8600, 0xA600, 0xA700, 0xA700, 0xA700, 0x8600, 0x8600, 0x8600, 0x8600, 0x8600, 0x8600, 0x8600,
  0x8600, 0x8600, 0x8600, 0x8600, 0x8600, 0x8600, 0x8600, 0x8600, 0x8600, 0x8600, 0x8600, 0x8600, 0x8500, 0x8500, 0x8500, 0x8500,
  0x8500, 0x6500, 0x6500, 0x6500, 0x4500, 0x4500, 0x6500, 0x6400, 0x6500, 0x6400, 0x6500, 0x4400, 0x4400, 0x4400, 0x4400, 0x4400,
  0x4400, 0x4400, 0x4400, 0x6400, 0x6400, 0x6400, 0x4400, 0x4300, 0x4300, 0x4400, 0x4300, 0x2200, 0x0521, 0x6F6B, 0x2200, 0x4300,
  0x4400, 0x4400, 0x4400, 0x4300, 0x6300, 0x4300, 0x4300, 0x4300, 0x4300, 0x4300, 0x4300, 0x4300, 0x4300, 0x4300, 0x6300, 0x4300,
  0x4300, 0x4300, 0x4300, 0x4300, 0x4300, 0x4300, 0x4300, 0x2200, 0x2200, 0x4300, 0x4300, 0x2200, 0x2200, 0x0200, 0x0200, 0x0200,
  0x0200, 0x0200, 0x0200, 0x0200, 0x0200, 0x0200, 0x0200, 0x0200, 0x0200, 0x0200, 0x0200, 0x0200, 0x0200, 0x0200, 0x0200, 0x0200,
  0x0200, 0x0200, 0x0200, 0x0200, 0x0200, 0x0200, 0x0200, 0x0200, 0x0200, 0x0200, 0x2200, 0x2200, 0x2300, 0x4300, 0x4300, 0x4300,
  0x4300, 0x2300, 0x2300, 0x2300, 0x0200, 0x0200, 0x0200, 0x0200, 0x0200, 0x0200, 0x0200, 0x0200, 0x0200, 0x0200, 0x0200, 0x0200,
  0x0200, 0x0200, 0x0200, 0x0200, 0x0200, 0x0200, 0x0200, 0x0200, 0x2300, 0x2300, 0x2300, 0x4300, 0x4300, 0x6400, 0x8400, 0x8500,
  0xC600, 0xE608, 0x0701, 0x0809, 0x4909, 0x8A11, 0xAB11, 0x0C12, 0x6E1A, 0xF032, 0xD34B, 0xB664, 0x797D, 0xD98D, 0xFA8D, 0x1A8E,
  0x1A8E, 0xD985, 0x787D, 0x376D, 0xD664, 0x955C, 0x344C, 0x923B, 0x3033, 0xCF2A, 0x6E1A, 0x2D1A, 0xEC19, 0xCB11, 0x8909, 0x4809,
  0x2701, 0xE600, 0xE600, 0xC600, 0xA600, 0x8600, 0x8600, 0x8500, 0x8500, 0x6500, 0x6400, 0x4400, 0x4300, 0x4300, 0x4300, 0x4300,
  0x4300, 0x4300, 0x4300, 0x4300, 0x4300, 0x4300, 0x4300, 0x4300, 0x4300, 0x4300, 0x4300, 0x6300, 0x6300, 0x6300, 0x6300, 0x6300,
  0x6300, 0x6300, 0x6300, 0x6300, 0x4300, 0x4300, 0x4300, 0x4300, 0x4300, 0x4300, 0x4300, 0x4300, 0x4300, 0x4300, 0x6300, 0x6300,
  0x4400, 0x4400, 0x4400, 0x6400, 0x6400, 0x6400, 0x4400, 0x4400, 0x4500, 0x4500, 0x4500, 0x4500, 0x4500, 0x4500, 0x4500, 0x4500,
  0x4500, 0x4500, 0x8600, 0x8600, 0x8600, 0x8600, 0x8600, 0x8600, 0x8600, 0x8600, 0x8600, 0x8600, 0x8600, 0x8600, 0x8600, 0x8600,
  0x8600, 0xA600, 0xA600, 0x8600, 0xA600, 0x8600, 0xA600, 0xA700, 0xA600, 0xA600, 0xA600, 0xA600, 0xA600, 0xA600, 0xA600, 0xA600,
  0xA600, 0xA600, 0xA600, 0xA600, 0xA600, 0xA700, 0xC700, 0xA700, 0xA700, 0xA700, 0xA700, 0xA600, 0xA700, 0xA600, 0xA600, 0xA700,
  0xA700, 0xA700, 0xA700, 0xA700, 0xA700, 0xA600, 0xA700, 0xA700, 0xA600, 0xA600, 0xA600, 0xA600, 0xA600, 0xC608, 0x4300, 0x4A42,
  0xFCDE, 0x57A5, 0x0200, 0xC608, 0xA600, 0xA600, 0xA600, 0xA600, 0xA700, 0x8600, 0x8600, 0x8600, 0x8600, 0x8600, 0x8600, 0x8600,
  0x8600, 0x8600, 0x8600, 0x8600, 0x8600, 0x8600, 0x8600, 0x8600, 0x8600, 0x8600, 0x8600, 0x8600, 0x8600, 0x8600, 0x8600, 0x8600,
  0x8600, 0x6500, 0x6500, 0x6500, 0x6500, 0x6500, 0x6500, 0x6500, 0x6500, 0x6500, 0x6500, 0x4500, 0x4400, 0x4400, 0x4400, 0x4400,
  0x4400, 0x6400, 0x4400, 0x4400, 0x4400, 0x4400, 0x4400, 0x4400, 0x4400, 0x4300, 0x4300, 0xC318, 0x9394, 0x9BCE, 0x4308, 0x2300,
  0x4300, 0x4400, 0x4400, 0x4300, 0x6300, 0x4300, 0x4300, 0x4300, 0x4300, 0x4300, 0x4300, 0x4300, 0x4300, 0x6300, 0x6300, 0x4300,
  0x4300, 0x4300, 0x4300, 0x4300, 0x4300, 0x4300, 0x4300, 0x2300, 0x2300, 0x4300, 0x4300, 0x4300, 0x2200, 0x0200, 0x0200, 0x0200,
  0x0200, 0x0200, 0x0200, 0x0200, 0x0200, 0x0200, 0x0200, 0x0200, 0x0200, 0x0200, 0x0200, 0x0200, 0x0200, 0x0200, 0x0200, 0x0200,
  0x0200, 0x0200, 0x0200, 0x0200, 0x0200, 0x0200, 0x0200, 0x0200, 0x0200, 0x2200, 0x2200, 0x2300, 0x2300, 0x4300, 0x4300, 0x4300,
  0xE610, 0xA508, 0x6300, 0x2200, 0x0200, 0x0200, 0x2200, 0x2200, 0x0200, 0x0200, 0x0200, 0x0200, 0x0200, 0x0200, 0x0200, 0x0200,
  0x0200, 0x0200, 0x0200, 0x0200, 0x0200, 0x0200, 0x0200, 0x0200, 0x2300, 0x4300, 0x4300, 0x4300, 0x6300, 0x6400, 0x6400, 0x6500,
  0xA500, 0xC600, 0x0701, 0x2801, 0x6909, 0xCB11, 0x0C1A, 0x6E1A, 0xCF22, 0x713B, 0x555C, 0x387D, 0x1B9E, 0x9DAE, 0xDDB6, 0xFDBE,
  0xFDC6, 0xBCB6, 0x5B9E, 0xFA95, 0x9885, 0x376D, 0xD664, 0x144C, 0xB23B, 0x5133, 0xD022, 0x8E22, 0x0C1A, 0xCB11, 0x8A09, 0x6909,
  0x4801, 0x2701, 0x0701, 0xC600, 0xC700, 0xA600, 0x8600, 0x8500, 0x8500, 0x6500, 0x6500, 0x6400, 0x6400, 0x6400, 0x6300, 0x6300,
  0x4300, 0x4300, 0x4300, 0x4300, 0x4300, 0x4300, 0x4300, 0x4300, 0x4300, 0x4300, 0x4300, 0x4300, 0x4300, 0x4300, 0x4300, 0x4300,
  0x4300, 0x4300, 0x4300, 0x4300, 0x4300, 0x4300, 0x4300, 0x4300, 0x4300, 0x6400, 0x6400, 0x6400, 0x6400, 0x6400, 0x6400, 0x6400,
  0x6400, 0x6400, 0x6400, 0x6400, 0x6500, 0x6500, 0x6500, 0x6500, 0x6500, 0x6500, 0x6500, 0x6500, 0x6500, 0x4500, 0x6500, 0x6500,
  0x8500, 0x8500, 0x8600, 0x8600, 0x8600, 0x8600, 0x8600, 0x8600, 0x8600, 0x8600, 0xA600, 0xA600, 0xA600, 0xA600, 0xA600, 0xA600,
  0xA600, 0xA600, 0x8500, 0xA600, 0xC600, 0xA600, 0x8600, 0xC700, 0xA700, 0x8700, 0xA700, 0xC700, 0xC700, 0xC700, 0xC700, 0xC708,
  0xC700, 0xC700, 0xC700, 0xC700, 0xC700, 0xA700, 0xA700, 0xA700, 0xA700, 0xC800, 0xC800, 0xC700, 0xC700, 0xC700, 0xC700, 0xE800,
  0xC800, 0xE800, 0xC800, 0xC800, 0xE800, 0xC708, 0xC700, 0xC700, 0xC700, 0xA600, 0xC608, 0xC608, 0x8500, 0x0300, 0x2A3A, 0xBBD6,
  0x1CDF, 0xCD52, 0x4400, 0xC608, 0xA600, 0xA600, 0xA600, 0xC600, 0xA600, 0xA700, 0xA700, 0xA700, 0xA700, 0xA700, 0xA700, 0xA700,
  0xA700, 0xA700, 0xA700, 0xA700, 0xA700, 0xA700, 0xA700, 0xA600, 0xA600, 0xA600, 0xA600, 0xA600, 0xA600, 0x8500, 0x8500, 0x8500,
  0x8500, 0x8500, 0x8600, 0x8600, 0x6500, 0x6500, 0x6500, 0x6500, 0x6500, 0x6500, 0x4500, 0x4500, 0x4500, 0x4500, 0x4500, 0x2500,
  0x4400, 0x6400, 0x4400, 0x4400, 0x4400, 0x2400, 0x4400, 0x4400, 0x6408, 0x4300, 0x0100, 0xA731, 0xFFFF, 0x19C6, 0x2200, 0x4300,
  0x2300, 0x4300, 0x4300, 0x4300, 0x6300, 0x4300, 0x4300, 0x4300, 0x4300, 0x4300, 0x4300, 0x4300, 0x4300, 0x4300, 0x4300, 0x4300,
  0x4300, 0x4300, 0x4300, 0x4300, 0x4300, 0x4300, 0x4300, 0x4300, 0x4300, 0x6300, 0x4300, 0x4300, 0x2300, 0x2200, 0x0200, 0x0200,
  0x0200, 0x0200, 0x0200, 0x0200, 0x0200, 0x0200, 0x2200, 0x2300, 0x0200, 0x0200, 0x0200, 0x0200, 0x0200, 0x0200, 0x0200, 0x0200,
  0x0200, 0x0200, 0x0200, 0x0200, 0x0200, 0x0200, 0x0200, 0x0200, 0x0200, 0x2200, 0x4300, 0x4300, 0x4300, 0x4300, 0x4300, 0x4300,
  0x0611, 0x0619, 0xE610, 0xC510, 0x8408, 0x4300, 0x2200, 0x0200, 0x2300, 0x2200, 0x2200, 0x2200, 0x0200, 0x0200, 0x0200, 0x0200,
  0x0200, 0x0200, 0x0200, 0x0200, 0x0200, 0x0200, 0x0200, 0x0200, 0x2300, 0x4300, 0x4300, 0x4300, 0x6300, 0x6400, 0x6400, 0x6500,
  0xA500, 0xC600, 0xE700, 0x0801, 0x4901, 0xAB09, 0x0C12, 0x8E22, 0x302B, 0xD243, 0x755C, 0x587D, 0x5CA6, 0xDDBE, 0x3FD7, 0x9FE7,
  0xBFEF, 0x7FDF, 0x5ECF, 0xFDBE, 0x7BA6, 0xB98D, 0x3775, 0xB564, 0x344C, 0xB343, 0x312B, 0xD022, 0x4E1A, 0x0C12, 0xAB09, 0x8909,
  0x6809, 0x2801, 0x0701, 0xC600, 0xC700, 0xA600, 0xA600, 0x8600, 0x8500, 0x8500, 0x8500, 0x6400, 0x6400, 0x6400, 0x6400, 0x6300,
  0x4300, 0x4300, 0x4300, 0x4300, 0x4300, 0x4300, 0x4300, 0x4300, 0x4300, 0x4300, 0x6400, 0x6400, 0x6400, 0x6400, 0x6400, 0x4300,
  0x4300, 0x4300, 0x4300, 0x4300, 0x4400, 0x4400, 0x4400, 0x4400, 0x4400, 0x4400, 0x6400, 0x4400, 0x6400, 0x4400, 0x6400, 0x6400,
  0x6400, 0x6400, 0x4400, 0x4500, 0x4500, 0x4500, 0x6500, 0x4500, 0x6500, 0x6500, 0x6500, 0x6500, 0x6500, 0x6500, 0x6500, 0x6500,
  0x8500, 0x8600, 0x8600, 0x8600, 0x8600, 0x8600, 0x8600, 0xA600, 0xA600, 0xA600, 0xA600, 0xA600, 0x8600, 0xA600, 0xA600, 0xA600,
  0xA600, 0xC600, 0xC608, 0xC600, 0xA508, 0xE608, 0xE708, 0x8600, 0xC708, 0xC708, 0x4500, 0x0300, 0x0300, 0x0300, 0x0300, 0x0300,
  0x0300, 0x2400, 0x2400, 0x2400, 0x0400, 0x6500, 0xA600, 0xC708, 0xE808, 0x0809, 0xE800, 0x0809, 0x2811, 0x2809, 0xE800, 0xC700,
  0xE800, 0xE800, 0xE800, 0xE800, 0xE808, 0x0809, 0xE808, 0xE708, 0x0711, 0xE710, 0x8500, 0x0100, 0x8929, 0xB16B, 0xDCD6, 0xFFFF,
  0x938C, 0x0200, 0xE608, 0xC600, 0xC700, 0xC600, 0xA600, 0xA600, 0xA600, 0xA700, 0xA600, 0xA600, 0xA600, 0xA600, 0xA600, 0xA600,
  0xA600, 0xA600, 0xA700, 0x8700, 0xA700, 0xA700, 0xA700, 0xA700, 0xA700, 0xA600, 0xA600, 0xA600, 0xA600, 0xA600, 0xA600, 0x8600,
  0x8600, 0x8600, 0x8600, 0x8600, 0x8600, 0x8600, 0x8600, 0x6500, 0x6500, 0x6500, 0x6500, 0x6500, 0x4500, 0x4500, 0x4500, 0x4500,
  0x4400, 0x6400, 0x6400, 0x4400, 0x4400, 0x4500, 0x6508, 0x4408, 0x4308, 0x0200, 0xC418, 0x149D, 0xFFFF, 0x19C6, 0x2200, 0x4300,
  0x2300, 0x4300, 0x4300, 0x6300, 0x6300, 0x4300, 0x4300, 0x4300, 0x4300, 0x4300, 0x4300, 0x4300, 0x4300, 0x4300, 0x4300, 0x4300,
  0x4300, 0x4300, 0x4300, 0x4300, 0x4300, 0x4300, 0x4300, 0x4300, 0x4300, 0x6300, 0x4300, 0x4300, 0x2300, 0x2300, 0x2300, 0x2300,
  0x2300, 0x2300, 0x2300, 0x2300, 0x2300, 0x2300, 0x2300, 0x2300, 0x2300, 0x2300, 0x2200, 0x2200, 0x2200, 0x2300, 0x2300, 0x2300,
  0x2300, 0x2300, 0x2300, 0x2300, 0x2300, 0x2300, 0x2300, 0x2200, 0x2300, 0x2300, 0x4300, 0x4300, 0x4300, 0x4300, 0x4300, 0x4300,
  0x6400, 0xA508, 0xC610, 0xE610, 0x0619, 0x0619, 0xA508, 0x6408, 0x2300, 0x2300, 0x2200, 0x2200, 0x2200, 0x2200, 0x0200, 0x0200,
  0x0200, 0x0200, 0x0200, 0x0200, 0x0200, 0x0200, 0x0200, 0x2200, 0x2300, 0x4300, 0x4300, 0x4300, 0x6400, 0x6400, 0x6500, 0x8500,
  0xA600, 0xE700, 0xE700, 0x2801, 0x8A09, 0xAA09, 0xEC11, 0x8E1A, 0x302B, 0xD343, 0x545C, 0x177D, 0x1BA6, 0xDDC6, 0x5EDF, 0xBFEF,
  0xFFFF, 0xFFF7, 0xFFEF, 0xBFE7, 0x5ECF, 0x9BAE, 0x1A96, 0x587D, 0xB664, 0x3454, 0x723B, 0xF02A, 0x8F22, 0x2D12, 0xEC11, 0xCA09,
  0x8909, 0x2801, 0x0701, 0xE700, 0xC700, 0xC700, 0xA600, 0xA600, 0x8600, 0x8500, 0x8500, 0x8500, 0x6400, 0x6400, 0x6400, 0x6400,
  0x4300, 0x4300, 0x4300, 0x4300, 0x4300, 0x4300, 0x4300, 0x4300, 0x4300, 0x4400, 0x4400, 0x4400, 0x4400, 0x4400, 0x4400, 0x4400,
  0x4400, 0x4400, 0x4400, 0x4400, 0x4400, 0x4400, 0x4400, 0x4400, 0x4400, 0x4400, 0x4400, 0x4400, 0x4400, 0x4400, 0x6400, 0x6400,
  0x6400, 0x6400, 0x4500, 0x4500, 0x4500, 0x4500, 0x4500, 0x4500, 0x6500, 0x6500, 0x6500, 0x6500, 0x6500, 0x6500, 0x6500, 0x6500,
  0x8500, 0x8500, 0x8600, 0x8600, 0x8600, 0x8600, 0x8600, 0xA600, 0xA600, 0xA600, 0xA600, 0xA600, 0xA600, 0xA700, 0xA600, 0xA600,
  0xA600, 0xC608, 0xE608, 0xA508, 0x6300, 0x4300, 0x2300, 0x2300, 0x2400, 0x0300, 0xAD52, 0x906B, 0x4F63, 0x6F63, 0x6F63, 0x6F63,
  0x6F63, 0x6F63, 0x6F63, 0x6F63, 0x8F6B, 0x4C42, 0xE610, 0x2300, 0x2400, 0x4400, 0x4400, 0x6500, 0x2400, 0x8600, 0x4819, 0x0809,
  0xE808, 0xE808, 0x0809, 0xE808, 0x0809, 0x0811, 0x8600, 0x2400, 0x6400, 0x0200, 0x2A42, 0xCC5A, 0x76AD, 0xFFFF, 0xDFF7, 0x19BE,
  0xAC52, 0xC508, 0xC600, 0x0809, 0xE700, 0xE700, 0xC700, 0xA600, 0xA600, 0xA700, 0xA700, 0xA600, 0xA600, 0xA700, 0xA700, 0xA700,
  0xA700, 0xA700, 0xA700, 0xA700, 0xA700, 0xA700, 0xA700, 0xA700, 0xA700, 0xA600, 0xA600, 0xA600, 0xA600, 0xA600, 0xA600, 0xA600,
  0xA600, 0x8600, 0x8600, 0x8600, 0x8600, 0x8600, 0x8600, 0x8500, 0x8500, 0x6500, 0x6500, 0x6500, 0x6500, 0x4500, 0x4500, 0x4500,
  0x4400, 0x6400, 0x6400, 0x4400, 0x4500, 0x4500, 0x4500, 0x6408, 0x4200, 0x8310, 0xD39C, 0xFFFF, 0xFFFF, 0xF8BD, 0x2200, 0x4200,
  0x2300, 0x4300, 0x4300, 0x6300, 0x6300, 0x4300, 0x4300, 0x4300, 0x4300, 0x4300, 0x4300, 0x4300, 0x4300, 0x4300, 0x4300, 0x4300,
  0x4300, 0x4300, 0x4300, 0x4300, 0x4300, 0x4300, 0x4300, 0x4300, 0x4300, 0x4300, 0x4300, 0x4300, 0x4300, 0x4300, 0x4300, 0x2300,
  0x2300, 0x2300, 0x2300, 0x4300, 0x4300, 0x4300, 0x4300, 0x4300, 0x4300, 0x2300, 0x2300, 0x2300, 0x2300, 0x2300, 0x4300, 0x4300,
  0x4300, 0x4300, 0x4300, 0x4300, 0x4300, 0x4300, 0x4300, 0x4300, 0x4300, 0x4300, 0x4300, 0x4300, 0x4300, 0x4300, 0x4300, 0x4300,
  0x4300, 0x2300, 0x4300, 0x6400, 0xA508, 0x0611, 0x2719, 0x2719, 0x0619, 0xC508, 0x8300, 0x2200, 0x0200, 0x2200, 0x2200, 0x0200,
  0x0200, 0x0200, 0x0200, 0x0200, 0x0200, 0x0200, 0x2200, 0x2300, 0x4300, 0x4300, 0x4300, 0x6400, 0x6400, 0x6400, 0x8500, 0x8500,
  0xA600, 0xE700, 0x0701, 0x2801, 0x8A01, 0xCB09, 0x2D12, 0xAF22, 0x312B, 0xF34B, 0x9664, 0x387D, 0x1A9E, 0xBCBE, 0x3ED7, 0x9FE7,
  0xDFF7, 0xFFFF, 0xFFFF, 0xFFF7, 0xFFEF, 0x9FD7, 0x1DBF, 0x3B9E, 0x9885, 0xF76C, 0x144C, 0x5133, 0xD022, 0x6E1A, 0x0C12, 0xCB09,
  0x8909, 0x4801, 0x2701, 0x0701, 0xE700, 0xC700, 0xA600, 0xA600, 0xA600, 0x8600, 0x8500, 0x8500, 0x8400, 0x6400, 0x6400, 0x6400,
  0x4300, 0x4300, 0x4300, 0x4300, 0x4300, 0x4300, 0x4300, 0x4300, 0x4300, 0x4400, 0x4400, 0x4400, 0x4400, 0x4400, 0x4400, 0x4400,
  0x4400, 0x4400, 0x4400, 0x4400, 0x4500, 0x4500, 0x4500, 0x4500, 0x4500, 0x4400, 0x4400, 0x4400, 0x4400, 0x4400, 0x4400, 0x4400,
  0x4400, 0x4400, 0x4500, 0x6500, 0x6500, 0x6500, 0x4500, 0x6500, 0x8500, 0x8500, 0x8500, 0x8500, 0x8500, 0x8500, 0x8500, 0x8500,
  0x8500, 0x8500, 0x8600, 0x8600, 0x8600, 0x8600, 0x8600, 0xA600, 0xA600, 0xA600, 0xA600, 0xA600, 0xA600, 0xA600, 0xC700, 0xC608,
  0xC608, 0x4400, 0x0200, 0x0100, 0x0E63, 0x3184, 0x9073, 0xF183, 0xF17B, 0xF17B, 0x3DE7, 0xFFFF, 0xFFFF, 0xFFFF, 0xFFFF, 0xFFFF,
  0xFFFF, 0xFFFF, 0xFFFF, 0xFFFF, 0xFFFF, 0xDCDE, 0xB494, 0xF17B, 0x3284, 0x3284, 0xF17B, 0x127C, 0x5384, 0xA829, 0x0100, 0x4300,
  0x2300, 0x2400, 0x2400, 0x2400, 0x4400, 0x0200, 0x6C42, 0x127C, 0xD073, 0xAF73, 0x9AD6, 0xFFFF, 0xDFFF, 0xDFFF, 0xFFFF, 0xB494,
  0x0100, 0x2711, 0xC700, 0x0809, 0xE800, 0xE800, 0xE700, 0xC700, 0xC700, 0xC700, 0xC700, 0xC700, 0xA700, 0xA700, 0xA700, 0xA700,
  0xA700, 0xA700, 0xA700, 0xA700, 0x8700, 0xA700, 0xA700, 0xA700, 0xA700, 0xA600, 0xA600, 0xA600, 0xA600, 0xA600, 0xA600, 0xA600,
  0xA600, 0xA600, 0xA600, 0x8600, 0x8600, 0x8600, 0x8600, 0x8500, 0x8500, 0x8500, 0x8500, 0x6500, 0x6500, 0x6500, 0x4400, 0x4400,
  0x4400, 0x6400, 0x6400, 0x4400, 0x4500, 0x4500, 0x6508, 0x4408, 0x6208, 0x14A5, 0xFFFF, 0x9EF7, 0xFFFF, 0x38C6, 0x0100, 0x2200,
  0x4300, 0x4300, 0x4300, 0x6300, 0x6300, 0x4300, 0x4300, 0x4300, 0x4300, 0x4300, 0x4300, 0x4300, 0x4300, 0x4300, 0x4300, 0x4300,
  0x4300, 0x4300, 0x4300, 0x4300, 0x4300, 0x4300, 0x4300, 0x4300, 0x4300, 0x4300, 0x4300, 0x4300, 0x4300, 0x4300, 0x4300, 0x4300,
  0x4300, 0x4300, 0x4300, 0x4300, 0x4300, 0x4300, 0x4300, 0x4300, 0x4300, 0x4300, 0x4300, 0x4300, 0x2300, 0x4300, 0x4300, 0x4300,
  0x4300, 0x4300, 0x4300, 0x4300, 0x4300, 0x4300, 0x4300, 0x4300, 0x4300, 0x4300, 0x4300, 0x4300, 0x6300, 0x6300, 0x6300, 0x6300,
  0x8408, 0x6400, 0x6400, 0x6400, 0x4300, 0x4300, 0x8508, 0xC610, 0x0711, 0x2719, 0x2611, 0xE510, 0xA408, 0x6300, 0x2200, 0x0200,
  0x0200, 0x0200, 0x0200, 0x0200, 0x0200, 0x0200, 0x2300, 0x2300, 0x4300, 0x4300, 0x4300, 0x6400, 0x6400, 0x6400, 0x8500, 0x8500,
  0xC600, 0xE700, 0x0801, 0x4801, 0x8A01, 0xEB09, 0x2D12, 0xAF1A, 0x5133, 0x5454, 0x3875, 0xDA95, 0x7BAE, 0xFDC6, 0x3DD7, 0x5DDF,
  0x9EE7, 0xBEF7, 0xBEFF, 0xDFFF, 0xFFF7, 0xDFE7, 0xBFD7, 0x1EBF, 0x5B9E, 0x9985, 0x965C, 0xB23B, 0xF022, 0x8E1A, 0x2D12, 0xCB09,
  0xAA09, 0x4801, 0x2701, 0x2701, 0xE700, 0xE700, 0xA700, 0xA600, 0xA600, 0xA600, 0x8500, 0x8500, 0x8500, 0x6400, 0x6400, 0x6400,
  0x4300, 0x4300, 0x4300, 0x4300, 0x4300, 0x4300, 0x4300, 0x4300, 0x4300, 0x4400, 0x6500, 0x6500, 0x6500, 0x6500, 0x6500, 0x4400,
  0x4400, 0x4400, 0x4400, 0x4400, 0x4500, 0x4500, 0x4500, 0x4500, 0x4500, 0x4500, 0x4500, 0x4500, 0x4500, 0x4500, 0x4400, 0x4400,
  0x4500, 0x4500, 0x4500, 0x6500, 0x6500, 0x6600, 0x6600, 0x6600, 0x8500, 0x8500, 0x8500, 0x8500, 0x8500, 0x8600, 0x8500, 0x8500,
  0x8500, 0x6500, 0x8600, 0x8600, 0x8600, 0x8600, 0x8600, 0xA600, 0xA600, 0xA600, 0xA600, 0xA600, 0xC700, 0xC600, 0x4500, 0x2400,
  0x0200, 0xAC4A, 0x4F63, 0x6E6B, 0xFCDE, 0xFFFF, 0xFFFF, 0xFFFF, 0xFFFF, 0xFFFF, 0xDEFF, 0xBEFF, 0xDEFF, 0xDDFF, 0xDDFF, 0xFDFF,
  0xDDFF, 0xDEFF, 0xDEFF, 0xDEFF, 0xDEFF, 0xFFFF, 0xFFFF, 0xFFFF, 0xFFFF, 0xFFFF, 0xFFFF, 0xFFFF, 0xFFFF, 0x15A5, 0x0D63, 0x6F6B,
  0x2E63, 0x4E63, 0x4F63, 0x4F63, 0x6F6B, 0x2D63, 0x39C6, 0xFFFF, 0xFFFF, 0xFFFF, 0xFFFF, 0xBEFF, 0xDEFF, 0xDFFF, 0x9AD6, 0x0E5B,
  0x6408, 0xE708, 0x0809, 0xC700, 0xE800, 0x0801, 0x0801, 0xE700, 0xE708, 0xE808, 0xE700, 0xE700, 0xC700, 0xC700, 0xC700, 0xC700,
  0xC700, 0xC700, 0xC700, 0xC800, 0xE808, 0xE800, 0xE800, 0xC700, 0xC700, 0xC700, 0xC700, 0xA600, 0xA600, 0xA600, 0xA600, 0xC700,
  0xC700, 0xA600, 0xA600, 0xA600, 0x8600, 0x8600, 0xA600, 0xA500, 0x8500, 0x8500, 0x8500, 0x8500, 0x6500, 0x6500, 0x6400, 0x4400,
  0x4400, 0x6400, 0x6400, 0x4500, 0x4500, 0x6508, 0x2300, 0xA410, 0x728C, 0xFFFF, 0xBEFF, 0xBEFF, 0xFFFF, 0x18C6, 0x2200, 0x2200,
  0x4300, 0x4300, 0x4300, 0x6300, 0x6300, 0x4300, 0x4300, 0x4300, 0x4300, 0x4300, 0x4300, 0x4300, 0x4300, 0x4300, 0x4300, 0x4300,
  0x4300, 0x4300, 0x4300, 0x4300, 0x4300, 0x4300, 0x4300, 0x4300, 0x4300, 0x4300, 0x4300, 0x4300, 0x6400, 0x4400, 0x4300, 0x2300,
  0x2300, 0x2300, 0x2300, 0x2300, 0x4300, 0x4300, 0x4300, 0x4300, 0x6400, 0x4400, 0x4300, 0x4300, 0x4300, 0x4300, 0x4300, 0x2300,
  0x2300, 0x4300, 0x4300, 0x4300, 0x2300, 0x4300, 0x2300, 0x4400, 0x6400, 0x4300, 0x4300, 0x4300, 0x4400, 0x6400, 0x6400, 0x6400,
  0x6508, 0x8408, 0x8408, 0x8408, 0x8400, 0x6400, 0x6300, 0x4400, 0x6400, 0xA500, 0x0609, 0x4711, 0x2711, 0xE608, 0xA508, 0x6400,
  0x4300, 0x0300, 0x0300, 0x0300, 0x0300, 0x0300, 0x2300, 0x4300, 0x6400, 0x4400, 0x4300, 0x4300, 0x4300, 0x6400, 0x8500, 0xA600,
  0xC600, 0x0701, 0x2801, 0x6901, 0xAA09, 0xEC09, 0x4D1A, 0xCF22, 0x9233, 0x7554, 0x587D, 0x1A9E, 0xBCBE, 0x3ED7, 0x7EE7, 0x7EE7,
  0x9EEF, 0x7EEF, 0xBFF7, 0xBFF7, 0xDFF7, 0xDFEF, 0xBFE7, 0x7FD7, 0xBDAE, 0x1B96, 0x3875, 0x344C, 0x5133, 0xAF22, 0x2C12, 0xEB09,
  0xAA09, 0x6801, 0x4801, 0x0701, 0xE700, 0xE700, 0xA700, 0xA600, 0x8600, 0x8500, 0x8500, 0x8500, 0x8500, 0x8400, 0x8400, 0x6400,
  0x6400, 0x6400, 0x6400, 0x6400, 0x6400, 0x6400, 0x6400, 0x6400, 0x6400, 0x6400, 0x8500, 0x8500, 0x8500, 0x8500, 0x8500, 0x8500,
  0x8500, 0x8500, 0x8500, 0x8500, 0x6500, 0x6500, 0x6500, 0x6500, 0x6500, 0x6500, 0x6500, 0x6500, 0x6500, 0x6500, 0x6500, 0x6500,
  0x6500, 0x6500, 0x6600, 0x8600, 0x8600, 0x8600, 0x8500, 0x8500, 0x8500, 0x8500, 0x8500, 0x8500, 0x8500, 0x8500, 0x8500, 0x8500,
  0x8500, 0x8600, 0xA600, 0xC700, 0xC700, 0xA600, 0xA600, 0xC708, 0xA600, 0xA600, 0xC708, 0xE708, 0x6300, 0x0000, 0x0D53, 0x327C,
  0xAF6B, 0x5DDF, 0xFFFF, 0xFFFF, 0xFFFF, 0x9EFF, 0xBEFF, 0x37EE, 0xF2E4, 0xD1EC, 0x73ED, 0x93ED, 0x11E5, 0xB1EC, 0x90E4, 0xB0E4,
  0xD1E4, 0xB0E4, 0xB0E4, 0xB1E4, 0xB1EC, 0xB2EC, 0xD3E4, 0x55E5, 0x99FE, 0x7DFF, 0xDEFF, 0xFFFF, 0xDFFF, 0xFFFF, 0xFFFF, 0xFFFF,
  0xFFFF, 0xFFFF, 0xFFFF, 0xFFFF, 0xFFFF, 0xFFFF, 0xFFFF, 0xFEFF, 0x9CFF, 0x58EE, 0xF3CC, 0x38EE, 0x9DFF, 0xFFFF, 0x3274, 0x0300,
  0xE710, 0xE710, 0xA600, 0x0709, 0x0701, 0xA500, 0x8500, 0xE808, 0xE708, 0xE708, 0x0809, 0xE700, 0x0801, 0xC700, 0x0809, 0x0811,
  0x0809, 0x2809, 0x2811, 0x4500, 0x4500, 0x2400, 0x2400, 0x2400, 0x0400, 0x0300, 0x6500, 0x0709, 0xE600, 0xE708, 0xC700, 0xA600,
  0xA600, 0xA700, 0xA600, 0x8600, 0x8600, 0xA700, 0xA600, 0x8600, 0x8600, 0x8600, 0x8600, 0x8600, 0x8500, 0x6500, 0x6500, 0x6508,
  0x4400, 0x6400, 0x6400, 0x2408, 0x8508, 0x2300, 0xA418, 0x15AD, 0xFFFF, 0xDFFF, 0xDFFF, 0xDEFF, 0xFFFF, 0xD7BD, 0x2100, 0x4300,
  0x4300, 0x4300, 0x4300, 0x4300, 0x4300, 0x4300, 0x4300, 0x4300, 0x4300, 0x4300, 0x4300, 0x4300, 0x4300, 0x4300, 0x4300, 0x4300,
  0x6300, 0x4300, 0x4300, 0x4300, 0x6300, 0x6300, 0x4300, 0x6300, 0x4300, 0x4300, 0x4300, 0x4300, 0x4300, 0x4300, 0x4300, 0x4300,
  0x4300, 0x4300, 0x4300, 0x4300, 0x4300, 0x4300, 0x4300, 0x6300, 0x4300, 0x4300, 0x4300, 0x4300, 0x4300, 0x4300, 0x4400, 0x4400,
  0x4400, 0x4400, 0x4400, 0x4400, 0x4400, 0x4400, 0x4400, 0x6300, 0x6300, 0x6300, 0x6300, 0x4300, 0x4300, 0x4300, 0x4300, 0x4400,
  0xA508, 0x8508, 0x8400, 0x8400, 0x8408, 0xA408, 0x8400, 0x8400, 0x6400, 0x8400, 0x8400, 0x8400, 0xC508, 0x2711, 0x4819, 0x2719,
  0x0719, 0xC610, 0x6500, 0x2300, 0x0300, 0x2300, 0x4400, 0x4400, 0x6400, 0x4400, 0x4400, 0x6400, 0x6400, 0x6500, 0x8600, 0xA600,
  0xC600, 0x0701, 0x2701, 0x6901, 0xAA09, 0xEC09, 0x4D1A, 0xF022, 0xB23B, 0x9554, 0x787D, 0x3B9E, 0xFDC6, 0x7FDF, 0xBFEF, 0xDFF7,
  0xDFF7, 0xDFF7, 0x9FF7, 0x5EE7, 0x5EE7, 0x7EE7, 0x9FE7, 0x7FDF, 0xFEC6, 0x5CA6, 0xBA85, 0xF76C, 0xD443, 0x112B, 0x2D12, 0xEC09,
  0xAB09, 0x6901, 0x2801, 0x0801, 0x0701, 0xC700, 0xC700, 0xA700, 0xA600, 0x8600, 0x8500, 0x8500, 0x8500, 0x8500, 0x8500, 0x8400,
  0x6400, 0x6400, 0x6400, 0x6400, 0x6400, 0x6400, 0x6400, 0x6400, 0x6400, 0x6400, 0x6500, 0x8500, 0x8500, 0x8500, 0x8500, 0x8500,
  0x8500, 0x8500, 0x8500, 0x8500, 0x8500, 0x8500, 0x8500, 0x8500, 0x8500, 0x6500, 0x6500, 0x6500, 0x6500, 0x6500, 0x8500, 0x8500,
  0x8500, 0x6600, 0x6600, 0x8600, 0x8600, 0x8600, 0x8500, 0x8500, 0xA500, 0x8500, 0x8500, 0x8500, 0x8500, 0x8500, 0x8500, 0x8600,
  0x8600, 0x8600, 0x8600, 0x8600, 0xC700, 0xC700, 0xA600, 0xC600, 0xC608, 0xE608, 0x4400, 0x0100, 0xAC52, 0xAF7B, 0x1DE7, 0xFFFF,
  0xFFFF, 0xFFFF, 0x9DFF, 0x17EE, 0xD2DC, 0xD2EC, 0xF3FC, 0x08BA, 0x4098, 0xA1B0, 0x02B1, 0x22B1, 0x80A8, 0x20A8, 0xC2B8, 0x02A9,
  0xC1A8, 0x02B1, 0x02B9, 0x60A8, 0x20A0, 0x61A8, 0x61A0, 0xC298, 0x89C2, 0x70EC, 0x13ED, 0x33ED, 0x34ED, 0xB7F5, 0x79FE, 0x7DFF,
  0xFFFF, 0xFFFF, 0xFFFF, 0xBEFF, 0x3CFF, 0x99FE, 0x96F5, 0x34F5, 0x30DC, 0xAAAA, 0xE779, 0xD7DD, 0xFFFF, 0xFCD6, 0x8D42, 0x6600,
  0xC708, 0xE708, 0xE600, 0xC500, 0x4300, 0x0F5B, 0x8E4A, 0xA508, 0xE810, 0xC810, 0x0809, 0x0809, 0x4909, 0xE708, 0xA600, 0x4400,
  0x6400, 0xA400, 0x0200, 0x2B42, 0xD173, 0xD173, 0x906B, 0x6F6B, 0x6F63, 0x906B, 0x2A42, 0x0100, 0x0200, 0x4400, 0xC608, 0xA600,
  0xC708, 0xC708, 0xA608, 0xA708, 0xA600, 0x8600, 0x8600, 0x8600, 0x8600, 0x8600, 0xA600, 0xA600, 0xC600, 0xA600, 0x8500, 0x8500,
  0x6500, 0x6400, 0x4400, 0x8610, 0x0300, 0x8408, 0x35AD, 0xDEFF, 0xFEFF, 0x9AEE, 0x14C5, 0xDEFF, 0xFFFF, 0x59CE, 0x4200, 0x6300,
  0x4300, 0x4400, 0x4400, 0x4300, 0x4300, 0x4300, 0x4300, 0x4300, 0x4300, 0x4300, 0x4300, 0x4300, 0x4300, 0x4300, 0x4300, 0x4300,
  0x6300, 0x6300, 0x6300, 0x6300, 0x6300, 0x6300, 0x6300, 0x6300, 0x6300, 0x4300, 0x4300, 0x4300, 0x4300, 0x4300, 0x4300, 0x4300,
  0x4300, 0x4300, 0x4300, 0x4300, 0x4300, 0x4300, 0x4300, 0x4300, 0x4300, 0x4300, 0x4300, 0x4300, 0x4300, 0x4300, 0x4400, 0x4400,
  0x4400, 0x4400, 0x4400, 0x4400, 0x4400, 0x4400, 0x4300, 0x6300, 0x6300, 0x6300, 0x6300, 0x6300, 0x4300, 0x4300, 0x4300, 0x4400,
  0x8400, 0x8400, 0x8408, 0x8400, 0x8408, 0xA408, 0xC508, 0xC508, 0xA600, 0xC508, 0xA508, 0x8400, 0x6400, 0x6400, 0xA508, 0xE610,
  0x0711, 0x2719, 0x0719, 0xE710, 0xA608, 0x6400, 0x2400, 0x4400, 0x4400, 0x6400, 0x6400, 0x6400, 0x6400, 0x6500, 0x8600, 0xA600,
  0xC600, 0x0701, 0x2701, 0x6901, 0xAA09, 0xEC09, 0x4E1A, 0xD022, 0x7233, 0x554C, 0x376D, 0xFA95, 0xDCB6, 0x5ED7, 0xBFE7, 0xDFF7,
  0xFFF7, 0xFFFF, 0xFFFF, 0xBFF7, 0x9EEF, 0x1DDF, 0xFDD6, 0xFDCE, 0xBDBE, 0x5CA6, 0xBA8D, 0x186D, 0x5654, 0x723B, 0x8F1A, 0x0C0A,
  0xAB01, 0x8A01, 0x4901, 0x2801, 0x0801, 0xE800, 0xC700, 0xC700, 0xA700, 0xA600, 0x8600, 0x8500, 0x8500, 0x8500, 0x8500, 0x8500,
  0x8500, 0x8500, 0x8500, 0x8500, 0x8500, 0x6400, 0x6400, 0x8500, 0x8500, 0x8500, 0x6500, 0x8500, 0x8500, 0x8500, 0x8500, 0x8500,
  0x8500, 0x8500, 0x8500, 0x8500, 0x8500, 0x8500, 0x8500, 0x8500, 0x8500, 0x8500, 0x8500, 0x8500, 0x8500, 0x8500, 0x8500, 0x8500,
  0x8500, 0x8600, 0x6600, 0x8600, 0x8600, 0x8500, 0x8500, 0x8500, 0x8500, 0x8500, 0x8500, 0x8500, 0x8500, 0x8600, 0x8600, 0x8600,
  0xA600, 0x8600, 0x8608, 0xA710, 0x8608, 0xE708, 0xE708, 0x4300, 0x2200, 0x0200, 0x4A42, 0x8A52, 0x9BDE, 0xFFFF, 0xBFFF, 0x7EFF,
  0xB6DD, 0x71D4, 0x50EC, 0x68D2, 0xC1A8, 0xC1B0, 0xA1B8, 0xA1C0, 0x22D1, 0x63D1, 0x04D2, 0x25CA, 0x25D2, 0x05D2, 0x66DA, 0x49E3,
  0x49EB, 0x29EB, 0x08EB, 0x25DA, 0xA4D9, 0x84D9, 0x43E1, 0x23D9, 0x23D1, 0x02C9, 0xC1C0, 0xA1B8, 0xE2B8, 0xC6C9, 0xEBDA, 0x0FDC,
  0x91DC, 0x92DC, 0x72E4, 0x11E4, 0xAEDB, 0x2BE3, 0x45C1, 0xC4B8, 0x8398, 0xA791, 0x18E6, 0xDFFF, 0xDBD6, 0x8B4A, 0x4500, 0xC910,
  0xE808, 0x0709, 0xA500, 0x6721, 0x8B52, 0xFDDE, 0x17A5, 0x0300, 0x0919, 0xA808, 0xC808, 0x6500, 0x6400, 0x4300, 0x6721, 0xAB52,
  0xAB52, 0x8B52, 0x6A4A, 0xD7B5, 0xFFFF, 0xFFFF, 0xFFFF, 0xFFFF, 0xFFF7, 0xFFFF, 0x19C6, 0x4A52, 0x8B5A, 0xC931, 0x0200, 0x2200,
  0x2200, 0x0300, 0x4400, 0xA608, 0xC708, 0xA608, 0xA600, 0xA500, 0xA600, 0xA600, 0xA600, 0xC600, 0xE600, 0xE600, 0xE600, 0xC600,
  0xA500, 0x6508, 0x6408, 0x0200, 0xA410, 0xD073, 0xFFFF, 0x1BFF, 0xF7F5, 0xECAA, 0x6EAB, 0xDEFF, 0x9EF7, 0x3184, 0x2200, 0x6300,
  0x4400, 0x4400, 0x4400, 0x4400, 0x4400, 0x4400, 0x4400, 0x4400, 0x4400, 0x4400, 0x4400, 0x4400, 0x4400, 0x4400, 0x4300, 0x4300,
  0x6300, 0x6300, 0x6300, 0x6300, 0x6300, 0x6300, 0x6300, 0x6300, 0x6300, 0x4300, 0x4300, 0x4300, 0x4300, 0x4300, 0x4300, 0x4300,
  0x4300, 0x4300, 0x4300, 0x4300, 0x4300, 0x4300, 0x4300, 0x4300, 0x4300, 0x4300, 0x4300, 0x4300, 0x4300, 0x4300, 0x4300, 0x4300,
  0x4300, 0x4300, 0x4300, 0x4300, 0x4300, 0x4300, 0x4300, 0x6300, 0x6300, 0x6300, 0x6300, 0x6300, 0x4300, 0x4300, 0x4400, 0x6400,
  0x6200, 0x8300, 0x8308, 0xA308, 0x8308, 0x8308, 0x8408, 0xA508, 0xA608, 0xA508, 0xA408, 0xC510, 0xC508, 0x8400, 0x6400, 0x6300,
  0x6400, 0xA500, 0xE610, 0x2711, 0x6819, 0x6819, 0x2811, 0xC608, 0x8500, 0x6500, 0x6500, 0x6400, 0x6500, 0x6500, 0xA600, 0xA600,
  0xC600, 0x0701, 0x2701, 0x6901, 0xAA09, 0xEC09, 0x4E1A, 0xD022, 0x522B, 0xF443, 0xB65C, 0x5875, 0x3A96, 0xDCB6, 0x7ED7, 0xDFE7,
  0xFFF7, 0xDFF7, 0xFFFF, 0xFFFF, 0xFFF7, 0xBFEF, 0x7EE7, 0xBCC6, 0xD99D, 0x998D, 0x7985, 0xD764, 0xF54B, 0x933B, 0xF02A, 0x6E1A,
  0xEC09, 0xCB09, 0xAB09, 0x4901, 0x0801, 0x2801, 0xE800, 0xC700, 0xC700, 0xA600, 0xA600, 0xA600, 0x8500, 0x8500, 0x8500, 0x8500,
  0x8500, 0x8500, 0x8500, 0x8500, 0x8500, 0x8500, 0x8500, 0x8500, 0x8500, 0x8500, 0x8500, 0x8500, 0xA500, 0xA500, 0xA600, 0xA600,
  0xA600, 0xA600, 0xA600, 0xA600, 0x8500, 0x8500, 0x8500, 0x8500, 0x8500, 0x8500, 0x8500, 0x8500, 0x8500, 0x8500, 0x8500, 0x8500,
  0x8500, 0x8600, 0x8600, 0x8600, 0x8600, 0x8500, 0x8500, 0x8500, 0x8500, 0x8500, 0x8600, 0x8600, 0x8600, 0xA600, 0xA600, 0xA700,
  0xA700, 0xA700, 0x8608, 0x8608, 0xA610, 0x8508, 0x0200, 0xED52, 0x8F6B, 0x8E6B, 0x3CE7, 0xFFFF, 0xFFFF, 0x3DFF, 0x76D5, 0xF4E4,
  0xC7B1, 0x21A8, 0x41C0, 0x40B8, 0xA0B8, 0x82C1, 0x44DA, 0x64DA, 0x67F3, 0x8BFC, 0x8EFD, 0x30FE, 0x51FE, 0x31FE, 0xD0FD, 0x8CFC,
  0xEAF3, 0xCAF3, 0xA9F3, 0x69FB, 0x08FB, 0xA7FA, 0xC4F9, 0x43F9, 0x63F9, 0x43F9, 0xA1F0, 0x60F0, 0x60E0, 0x60D0, 0x40C8, 0x20C0,
  0x00C0, 0x01C0, 0x01C8, 0x01C8, 0x20C0, 0xA1C8, 0x40B0, 0x65B9, 0x0BC3, 0xD6ED, 0xFFFF, 0xFFFF, 0x4F63, 0x0300, 0x0811, 0xE808,
  0x8600, 0x0300, 0xE939, 0x39BE, 0xFFFF, 0xDCD6, 0xAD52, 0x6510, 0x6510, 0x0200, 0xEA31, 0xF173, 0xD073, 0xAF73, 0x39C6, 0xFFFF,
  0xFFFF, 0xFFFF, 0xFFFF, 0xFFFF, 0xBFFF, 0xBEFF, 0xBEFF, 0xDEFF, 0xDEFF, 0xDFFF, 0xFFFF, 0xFFFF, 0xFFFF, 0xDBDE, 0xD07B, 0xD073,
  0x8F6B, 0xD073, 0x8C4A, 0x0200, 0x6400, 0xA500, 0xA600, 0xC600, 0xA600, 0xA600, 0xA600, 0xA600, 0xA600, 0xC600, 0xC600, 0xC500,
  0xC608, 0x0200, 0xC510, 0x8F6B, 0x3595, 0xFFFF, 0x7CFF, 0x91E4, 0x65A9, 0x0499, 0x91D4, 0xFFFF, 0x9AD6, 0x4208, 0x2200, 0x8400,
  0x6400, 0x6400, 0x4400, 0x4400, 0x4400, 0x4400, 0x4400, 0x4400, 0x4400, 0x4400, 0x4400, 0x4400, 0x4400, 0x4400, 0x4400, 0x4300,
  0x4300, 0x4300, 0x4300, 0x4300, 0x4300, 0x4300, 0x4300, 0x4300, 0x4300, 0x4300, 0x4300, 0x4300, 0x4300, 0x4300, 0x4300, 0x4300,
  0x4300, 0x4300, 0x4300, 0x4300, 0x4300, 0x4300, 0x4300, 0x4300, 0x4300, 0x4300, 0x4300, 0x4300, 0x4300, 0x4300, 0x4300, 0x4300,
  0x4300, 0x4300, 0x4300, 0x4300, 0x4300, 0x4300, 0x4300, 0x6300, 0x6300, 0x6300, 0x4300, 0x4300, 0x6300, 0x6400, 0x6400, 0x6400,
  0x6100, 0x6208, 0x8208, 0x8210, 0xA310, 0x8308, 0x8308, 0xA408, 0xC510, 0xC510, 0xA510, 0xA510, 0xA508, 0xA508, 0xA508, 0xC508,
  0xA500, 0xA500, 0x8400, 0xA500, 0xE608, 0x2711, 0x6819, 0x6811, 0x2711, 0xE708, 0xC600, 0xA600, 0x8500, 0x6500, 0xA600, 0xA600,
  0xC600, 0x0701, 0x2701, 0x6901, 0xAA09, 0xEC11, 0x4E1A, 0xB022, 0x322B, 0xB33B, 0x554C, 0x1765, 0xB97D, 0x1996, 0xBBAE, 0x3DCF,
  0xBFE7, 0xFFEF, 0xFFF7, 0xFFF7, 0xFFF7, 0xFFEF, 0xBFE7, 0x1ECF, 0x5BAE, 0x798D, 0xF774, 0x565C, 0xD443, 0x733B, 0xF12A, 0xAF22,
  0x2D12, 0xEC09, 0xAB09, 0x6A09, 0x4A01, 0x2901, 0x0801, 0xE800, 0xE700, 0xC700, 0xA700, 0xA600, 0xA600, 0x8500, 0x8500, 0x8500,
  0x8500, 0x8500, 0x8500, 0x8500, 0x8500, 0x8500, 0x8500, 0x8500, 0x8500, 0x8500, 0xA600, 0xA600, 0xA600, 0xA600, 0xA600, 0xA600,
  0xA600, 0xA600, 0xA600, 0xA600, 0xA600, 0xA600, 0xA600, 0x8600, 0x8600, 0x8500, 0x8500, 0x8500, 0x8500, 0x8500, 0x8500, 0x8500,
  0x8500, 0x8500, 0x8600, 0x8600, 0x8500, 0x8500, 0x8500, 0x8500, 0x8600, 0x8600, 0x8600, 0x8600, 0x8600, 0xA700, 0xA700, 0xA700,
  0xA700, 0xA700, 0xE608, 0xC508, 0x0200, 0xCA39, 0x2E63, 0xFDDE, 0xFFFF, 0xFFFF, 0xFFFF, 0x75BD, 0x309C, 0x2CA3, 0x8278, 0xA2B0,
  0xA2D0, 0xA1D0, 0x01D1, 0x04DA, 0xA5D2, 0xC9E3, 0x2CFD, 0x8CFD, 0xACFD, 0xACFD, 0x0EFE, 0x0FFE, 0x2DF5, 0xC8DB, 0xC6DA, 0x61D9,
  0x80C8, 0x80D0, 0x80D0, 0x80D8, 0x40D8, 0x40E0, 0x20E8, 0x40F0, 0x20F0, 0x20F0, 0x60F8, 0x40F0, 0x40F0, 0x41F0, 0x62F8, 0x61F0,
  0x81F0, 0xA2F0, 0x81F0, 0x81F0, 0xA2D8, 0x81B8, 0xC6B1, 0x90D4, 0x7CFF, 0xDEFF, 0x7ACE, 0x4E63, 0xC610, 0xE718, 0xA608, 0x4400,
  0xEB31, 0x0E63, 0xF9BD, 0xFFFF, 0xDFFF, 0xD06B, 0x0200, 0x0200, 0xC939, 0x6D73, 0x76B5, 0xFFFF, 0xFFFF, 0xFFFF, 0xDEFF, 0x3CFF,
  0x96E5, 0xB3D4, 0xB3DC, 0xF3DC, 0xD2D4, 0xD2DC, 0xD2DC, 0xB2DC, 0xD2DC, 0xF3D4, 0xD7E5, 0x1CF7, 0xFFFF, 0xFEFF, 0xFFFF, 0xFFFF,
  0xFFFF, 0xFFFF, 0x9BCE, 0x0D5B, 0xA929, 0x0200, 0x4400, 0xC600, 0xA700, 0x8600, 0x8600, 0x8600, 0x6600, 0xA608, 0xC610, 0x6508,
  0x0100, 0x2621, 0x9394, 0xFFFF, 0xFEFF, 0xD9F6, 0xADCB, 0xA2B0, 0x01C0, 0x48D2, 0x77FE, 0xFFFF, 0xBAD6, 0xE418, 0x4300, 0x6400,
  0x6500, 0x6500, 0x6500, 0x6500, 0x6500, 0x4400, 0x4400, 0x4400, 0x4400, 0x4400, 0x4400, 0x4400, 0x4400, 0x4400, 0x4400, 0x4300,
  0x4300, 0x4300, 0x4300, 0x4300, 0x4300, 0x4300, 0x4300, 0x4300, 0x4300, 0x4300, 0x4300, 0x4300, 0x4300, 0x4300, 0x4300, 0x4300,
  0x4300, 0x4300, 0x4300, 0x4300, 0x4300, 0x4300, 0x4300, 0x4300, 0x4300, 0x4300, 0x4300, 0x4300, 0x4300, 0x4300, 0x6300, 0x6300,
  0x6300, 0x6300, 0x6300, 0x6300, 0x6300, 0x6300, 0x6300, 0x4300, 0x4300, 0x4300, 0x4300, 0x4300, 0x6400, 0x6400, 0x6400, 0x6400,
  0x6529, 0x6529, 0x0321, 0xC220, 0x8118, 0x8218, 0xC318, 0xC418, 0xA418, 0xC410, 0xA410, 0xA410, 0xC510, 0xC508, 0xC508, 0xE508,
  0xC508, 0xE608, 0xE608, 0xA500, 0xA500, 0xA500, 0xE600, 0x2709, 0x6811, 0x6919, 0x4811, 0x2809, 0x0709, 0xC700, 0xC600, 0xC600,
  0xE600, 0x0701, 0x2701, 0x4901, 0x8A09, 0xEC11, 0x4D1A, 0x8F1A, 0xF122, 0x522B, 0xF43B, 0x954C, 0x3765, 0xF985, 0x3A96, 0x9BAE,
  0x1DC7, 0x5DD7, 0xBEDF, 0xDFE7, 0xFFEF, 0xFFEF, 0xDFE7, 0x5FCF, 0xDDB6, 0x1B9E, 0x387D, 0x565C, 0xB443, 0x5233, 0xF122, 0xB022,
  0x8F1A, 0x2D12, 0xEC09, 0xAB09, 0x6A01, 0x4A01, 0x2901, 0x2901, 0x0801, 0xE800, 0xC700, 0xC700, 0xA600, 0xA600, 0xA600, 0xA500,
  0x8600, 0xA600, 0x8500, 0xA500, 0x8500, 0x8500, 0xA600, 0xA600, 0xA600, 0xA600, 0xA600, 0xA600, 0xC600, 0xC700, 0xC600, 0xC700,
  0xC700, 0xC600, 0xC600, 0xA600, 0xC600, 0xC600, 0xC600, 0xA600, 0xA600, 0xA600, 0x8600, 0x8600, 0x8600, 0x8600, 0xA600, 0x8500,
  0x8500, 0x8500, 0x8500, 0x8500, 0x8500, 0x8500, 0x8500, 0x8500, 0x8600, 0x8600, 0x8600, 0x8600, 0x8600, 0xA600, 0xA600, 0xC700,
  0xA600, 0xC700, 0x6300, 0x2100, 0x0E63, 0x5BCE, 0xFFFF, 0xFFFF, 0xFFFF, 0xF7C5, 0x14C5, 0x4561, 0x0050, 0x2090, 0x03C9, 0xA1D0,
  0xC0D0, 0xE2E1, 0x45EB, 0x4DFD, 0xEEFD, 0xEEFD, 0x0DFE, 0x2CFE, 0x2CFE, 0x8BF5, 0x68EC, 0x87EB, 0x44E2, 0xA0C8, 0x40D0, 0x60E0,
  0x40F0, 0x40F0, 0x81F8, 0x60F0, 0x60F0, 0x40F0, 0x20F0, 0x40F0, 0x40F0, 0x40E8, 0x41E0, 0x00D8, 0x00D8, 0x00D8, 0x00D0, 0x00D0,
  0x00C0, 0x20C0, 0x60C0, 0x20C0, 0x07CA, 0x2CBB, 0xD6F5, 0x9DFF, 0xFFFF, 0x5DE7, 0xAC52, 0x0100, 0x6408, 0x0100, 0xC931, 0x2E63,
  0xD8B5, 0xFFFF, 0xFFFF, 0xBFF7, 0xFFFF, 0x2D63, 0x0411, 0xAF63, 0x769D, 0xFFFF, 0xFFFF, 0x7DFF, 0x38F6, 0xD2E4, 0xF2EC, 0x0FE4,
  0xC6B9, 0xC3A0, 0xA2B0, 0x61B8, 0x40B0, 0xA2C0, 0x81B8, 0x82B8, 0xE3B8, 0xA290, 0xC691, 0xEEBB, 0x94CD, 0xD9DE, 0xBEFF, 0x9DF7,
  0xDFFF, 0x9EF7, 0xFFFF, 0xFFFF, 0x9BC6, 0x117C, 0xCE4A, 0x6600, 0x8700, 0x8708, 0x6700, 0xA708, 0xC708, 0xA608, 0x0100, 0x6829,
  0x1184, 0x75B5, 0xFFFF, 0xFEFF, 0xFAFE, 0x8DDB, 0x00A8, 0xC3E0, 0x22D0, 0x68D2, 0xF9FE, 0xFFFF, 0x1CE7, 0xE518, 0x6400, 0x6500,
  0x8500, 0x6600, 0x6500, 0x8500, 0x6500, 0x6400, 0x6400, 0x6400, 0x4400, 0x4400, 0x6400, 0x6400, 0x6400, 0x6400, 0x6400, 0x4400,
  0x4300, 0x4300, 0x4300, 0x4300, 0x4300, 0x4300, 0x4300, 0x4300, 0x4300, 0x4300, 0x4300, 0x4300, 0x4300, 0x4300, 0x4300, 0x4300,
  0x4300, 0x4300, 0x4300, 0x4300, 0x4400, 0x4400, 0x4400, 0x4400, 0x4400, 0x4400, 0x4400, 0x4400, 0x4400, 0x4300, 0x4300, 0x4300,
  0x4300, 0x4300, 0x4300, 0x4300, 0x4300, 0x4300, 0x4300, 0x4300, 0x4300, 0x4400, 0x6400, 0x6400, 0x4400, 0x4400, 0x6400, 0x6500,
  0x484A, 0x2B6B, 0x4C73, 0xCA62, 0x074A, 0xA541, 0x0329, 0x6118, 0x8218, 0xA318, 0xC310, 0xA310, 0xA410, 0xC410, 0xC408, 0xE510,
  0xE508, 0xC500, 0xE608, 0xE608, 0xE600, 0xE600, 0xC600, 0xA500, 0xA500, 0xE608, 0x0709, 0x6911, 0xAA19, 0xAA19, 0x6911, 0x2709,
  0x0701, 0x0701, 0x2701, 0x4801, 0xAA09, 0x0C12, 0x2D12, 0x4E1A, 0x8F1A, 0x1123, 0x9233, 0x1444, 0xB654, 0x586D, 0xD985, 0x3A96,
  0x9BAE, 0x9BAE, 0xDBB6, 0x1CBF, 0x7ECF, 0x9ECF, 0x9FCF, 0x3FBF, 0xBDAE, 0x1C9E, 0x797D, 0x9664, 0xB443, 0x322B, 0xB01A, 0x8F1A,
  0x4E12, 0x0D0A, 0xED09, 0xCC09, 0xAB09, 0x8B09, 0x4A01, 0x4901, 0x2901, 0x0801, 0xE800, 0xE700, 0xC700, 0xA600, 0xA600, 0xA600,
  0xA600, 0xA600, 0xA600, 0xA600, 0xA600, 0x8600, 0xA600, 0xA600, 0xA600, 0xC600, 0xC700, 0xC700, 0xC700, 0xC700, 0xC700, 0xC700,
  0xC700, 0xC700, 0xC700, 0xC700, 0xC600, 0xC600, 0xC600, 0xA600, 0xA600, 0xA600, 0xA600, 0xA600, 0x8600, 0x8600, 0x8600, 0x8500,
  0x6500, 0x8500, 0x8508, 0x8500, 0x8500, 0x8500, 0xA600, 0x8600, 0xA600, 0xA600, 0xA600, 0xA700, 0xC700, 0x8600, 0xA600, 0xC608,
  0xC608, 0x4400, 0x4E5B, 0x107C, 0x7EEF, 0xFFFF, 0xFFFF, 0x96AD, 0x0F84, 0xA230, 0x0048, 0xA390, 0x04D1, 0xE2D8, 0xE0C8, 0xA1D1,
  0xE4F2, 0x26FC, 0xC8FC, 0x6AFD, 0xAAFD, 0xEBFD, 0xEBF5, 0xAAF5, 0xC8EC, 0x64D3, 0x01CA, 0xA0C0, 0x40D0, 0x20E8, 0x40E8, 0x61F0,
  0x61F8, 0x00F8, 0x20F0, 0x20F0, 0x40F0, 0x40F0, 0x20F0, 0x20F0, 0x40F0, 0x40E8, 0xC3E8, 0x86E9, 0x8AEA, 0x0CE3, 0x2CE3, 0x2CDB,
  0x0CD3, 0x4DD3, 0x8ED3, 0xEED3, 0x17F6, 0xDEFF, 0x9EFF, 0xBEFF, 0xFCDE, 0x8729, 0x0000, 0x2200, 0x4A42, 0xCF73, 0x76B5, 0xFFFF,
  0xFFFF, 0x3CEF, 0x5DEF, 0xDFFF, 0xBFFF, 0xD3A4, 0xF3A4, 0xFFFF, 0xFFFF, 0xB9EE, 0xD2D4, 0xB2EC, 0x8BCA, 0xA3A0, 0x62A0, 0x41A0,
  0x82B8, 0xA2C0, 0x03E1, 0x02E9, 0xA2E8, 0x41E0, 0x82E0, 0x42C8, 0xC3B8, 0x08BA, 0x6CBB, 0xACA3, 0xB1AC, 0x79D6, 0xFFFF, 0xFFFF,
  0xFFFF, 0xFFFF, 0x5DE7, 0xB7AD, 0x97AD, 0xD7B5, 0xF27B, 0x4608, 0x8710, 0xC810, 0x4600, 0x0400, 0x0200, 0x2619, 0xAF6B, 0x56A5,
  0xFFFF, 0xDEFF, 0xDAFE, 0x13E5, 0x69C2, 0x41B8, 0x82E8, 0x82E8, 0x00C0, 0x68C2, 0x3AFF, 0x5DEF, 0x728C, 0xA410, 0x6400, 0x8500,
  0x8600, 0x8600, 0x8600, 0x8500, 0x8500, 0x6500, 0x6500, 0x6400, 0x4400, 0x4400, 0x4400, 0x4400, 0x4400, 0x4400, 0x6400, 0x4400,
  0x4300, 0x4300, 0x4300, 0x4300, 0x4300, 0x4300, 0x4300, 0x4300, 0x4300, 0x4300, 0x4300, 0x4300, 0x4300, 0x4300, 0x4300, 0x4300,
  0x4300, 0x4300, 0x4300, 0x4400, 0x4400, 0x4400, 0x4400, 0x4400, 0x4400, 0x4400, 0x4400, 0x4400, 0x4400, 0x4300, 0x4300, 0x4300,
  0x4300, 0x4300, 0x4300, 0x4300, 0x4300, 0x4300, 0x4300, 0x4400, 0x4400, 0x4400, 0x4400, 0x6400, 0x6400, 0x6400, 0x6500, 0x8500,
  0x4529, 0x484A, 0x4C73, 0xEE8B, 0x2F9C, 0xEE93, 0xC96A, 0x0652, 0xA549, 0xE228, 0x8118, 0xA218, 0xC318, 0xC318, 0xE418, 0xE518,
  0xC410, 0xE610, 0xE610, 0xC508, 0x0609, 0x0611, 0x0609, 0xE608, 0xC600, 0xC600, 0xC600, 0xE708, 0xE708, 0x2809, 0x8911, 0xCA19,
  0xCA19, 0xCA19, 0xA911, 0x8909, 0xAA09, 0xCB09, 0xEC11, 0x4E12, 0x8F1A, 0xD022, 0x512B, 0xB333, 0x3444, 0xB654, 0x3765, 0xB97D,
  0x3B8E, 0x5B96, 0x5B96, 0x5B96, 0x7B9E, 0x7B9E, 0x7B9E, 0x5B96, 0x1B8E, 0xDA85, 0x597D, 0xB75C, 0xD343, 0x312B, 0xAF1A, 0x6E12,
  0x4E12, 0x2D12, 0x2D12, 0xEC09, 0xCB09, 0x8B01, 0x6A01, 0x6A01, 0x4901, 0x2901, 0x0801, 0xE800, 0xE700, 0xC700, 0xC600, 0xC700,
  0xC600, 0xC600, 0xA600, 0xA600, 0xA600, 0xA600, 0xA600, 0xC600, 0xC700, 0xC700, 0xE700, 0xE700, 0xE700, 0xE700, 0xE800, 0x0801,
  0xE800, 0xE700, 0xE700, 0xC700, 0xC700, 0xC600, 0xC600, 0xA600, 0xA600, 0xA600, 0xA600, 0xA600, 0xA600, 0xA600, 0xA600, 0x8500,
  0xA600, 0x8500, 0x0300, 0x6500, 0x8508, 0x8500, 0xA600, 0xA600, 0xA700, 0xA600, 0xA600, 0x8600, 0x8500, 0xC608, 0xE610, 0x2300,
  0x2200, 0x2942, 0x5DE7, 0xFFFF, 0xFFFF, 0x9FFF, 0xD7C5, 0x8539, 0x0018, 0x4158, 0x44A9, 0x45D1, 0xC1D0, 0xA2E1, 0x42DA, 0x06FC,
  0xA7FC, 0x86FC, 0xC6FC, 0xC6F4, 0xE7F4, 0x48ED, 0xCBFD, 0x29F5, 0xE5E3, 0x02DB, 0xE4EA, 0x23EA, 0x42E9, 0xE3E8, 0xC3F0, 0x82E8,
  0x41E8, 0x20F0, 0x41F0, 0x40F0, 0x20F0, 0x20F8, 0x20F8, 0x20F8, 0x20F8, 0x20F8, 0xC2F0, 0xC6F1, 0xEBF2, 0x2FEC, 0x33F5, 0x58FE,
  0x1CFF, 0x9DFF, 0x9DFF, 0xDEFF, 0xDEFF, 0xBEFF, 0x9EFF, 0xDFFF, 0x96B5, 0xAB5A, 0x4D6B, 0x2D6B, 0x59CE, 0xFFFF, 0xFFFF, 0x99EE,
  0x34C5, 0x54BD, 0xFBE6, 0xFFFF, 0x9DFF, 0xBEFF, 0xBEFF, 0x38F6, 0xD2DC, 0x4BD3, 0xE3A0, 0xA3B0, 0xA4B8, 0x63A0, 0x66B9, 0x69CA,
  0x69CA, 0x0CEB, 0xAAF2, 0xE2E0, 0xC2E0, 0x83D0, 0xE4C8, 0x6ACA, 0x8ECB, 0xF7F5, 0xFFFF, 0xFFFF, 0xFFFF, 0x5EEF, 0x15A5, 0x14A5,
  0xD49C, 0x76AD, 0x6F6B, 0x4208, 0x8308, 0x4200, 0x8408, 0x4508, 0x0400, 0x0300, 0x0719, 0x8C4A, 0x494A, 0x117C, 0xFFFF, 0xFFFF,
  0xDAF6, 0xB1D4, 0x6DD3, 0x82A8, 0x62C8, 0xA2E8, 0x41E8, 0x41E0, 0xE3C0, 0x6DCB, 0xBDFF, 0x9BD6, 0x6308, 0x4300, 0xA508, 0x6500,
  0x6600, 0x8600, 0x8500, 0x8500, 0x8500, 0x6500, 0x6500, 0x6500, 0x4500, 0x4400, 0x4500, 0x4500, 0x4500, 0x4500, 0x6400, 0x4400,
  0x4400, 0x4400, 0x4400, 0x4400, 0x4400, 0x4400, 0x4400, 0x4400, 0x4300, 0x4300, 0x4300, 0x4300, 0x4300, 0x4300, 0x4300, 0x4300,
  0x4300, 0x4300, 0x4300, 0x4400, 0x4400, 0x4400, 0x4400, 0x4400, 0x4400, 0x4400, 0x4400, 0x4400, 0x4400, 0x4400, 0x4400, 0x4400,
  0x4400, 0x4400, 0x4400, 0x4400, 0x4400, 0x4400, 0x4400, 0x4400, 0x4400, 0x4400, 0x4400, 0x6400, 0x6500, 0x6500, 0x8500, 0xA600,
  0x4108, 0x4108, 0xC220, 0xA641, 0x2B7B, 0x0E94, 0x6FA4, 0xD1B4, 0x8FA4, 0x6B7B, 0x8862, 0x8441, 0x0331, 0xC220, 0x6110, 0xC318,
  0x0521, 0xC418, 0xC410, 0xE510, 0xC508, 0xC508, 0xE508, 0xE608, 0x0611, 0x0709, 0x0709, 0x0709, 0xE708, 0xE700, 0x0701, 0x4809,
  0xA911, 0x0B1A, 0x2B22, 0x0B1A, 0x0C12, 0xEC11, 0xCC09, 0xED11, 0x4E1A, 0x8F1A, 0xF022, 0x312B, 0xD33B, 0x5544, 0x954C, 0xF65C,
  0x786D, 0xB975, 0xB975, 0xB975, 0xB975, 0x9875, 0x7875, 0x386D, 0x176D, 0xF764, 0xB65C, 0x5554, 0xB33B, 0x102B, 0xAF1A, 0x8E12,
  0x6E12, 0x0D0A, 0x0C0A, 0x0C0A, 0xEC09, 0xCB09, 0x8B01, 0x6A01, 0x4A01, 0x2901, 0x2901, 0x2801, 0x0801, 0xE700, 0xE700, 0xE700,
  0xC700, 0xC700, 0xC700, 0xC700, 0xC700, 0xC700, 0xC700, 0xE700, 0xE700, 0xE700, 0x0801, 0x0801, 0x0801, 0x0801, 0x0801, 0x0801,
  0x0801, 0x0801, 0x0801, 0x0801, 0xE700, 0xE700, 0xE700, 0xC700, 0xC700, 0xC600, 0xC600, 0xA600, 0xA600, 0xA600, 0xC700, 0xA600,
  0x8500, 0xC608, 0x2F5B, 0xA610, 0x8500, 0xA600, 0xA600, 0xC600, 0xA600, 0xA600, 0xA600, 0xC608, 0xC508, 0x2300, 0x2200, 0xED5A,
  0xF073, 0x9EEF, 0xFFFF, 0xFFFF, 0x7AD6, 0x1194, 0x0018, 0x0030, 0x8278, 0x64B1, 0xA1C0, 0x62E1, 0x23E2, 0x66FB, 0x07FC, 0x06F4,
  0x66EC, 0x65DC, 0x86D4, 0x86D4, 0x2AED, 0x8CF5, 0x6AF5, 0x09F5, 0x88FC, 0x06FC, 0xC6FB, 0x66FB, 0x86FA, 0x06FA, 0xA5F1, 0x43D9,
  0xE3D8, 0xA2D0, 0x00C8, 0x00C8, 0x40E0, 0x41F0, 0x21F8, 0x20F8, 0x20F8, 0x20F8, 0x00F0, 0x20E8, 0x00D8, 0x00C0, 0x24C1, 0x4CE3,
  0x71EC, 0xF3E4, 0x95ED, 0x17FE, 0x1BFF, 0x7DFF, 0xBEFF, 0xBEFF, 0xFFFF, 0xFFFF, 0xFFFF, 0xFFFF, 0x5DFF, 0x17F6, 0x55E5, 0xEBA2,
  0xA669, 0x96CD, 0xFFFF, 0x9DFF, 0xFEFF, 0x99FE, 0xF3F4, 0xCBE2, 0x00B0, 0x60C8, 0x61C8, 0xA3C0, 0x8ADA, 0x6DD3, 0x33F5, 0x98FE,
  0x58FE, 0x13FD, 0xA6D9, 0x41D0, 0x62C8, 0x25B9, 0x72F4, 0xBBFE, 0xDFFF, 0x3DEF, 0x55AD, 0x76AD, 0x19C6, 0xB073, 0x0000, 0x2200,
  0x0100, 0x0000, 0x0100, 0x2200, 0x0100, 0x0100, 0x0100, 0x8831, 0xD17B, 0x8F73, 0x36A5, 0xFFFF, 0xFFFF, 0xFFFF, 0x99FE, 0x14ED,
  0x4CCB, 0x2090, 0x61C0, 0x62E0, 0x61F0, 0x41E8, 0x40E8, 0x81D0, 0xE7B9, 0x38FE, 0xDFFF, 0x3DE7, 0xC510, 0x6400, 0x6400, 0xA600,
  0x8500, 0x8500, 0x8500, 0x8500, 0x8500, 0x6500, 0x6500, 0x6500, 0x6500, 0x6500, 0x6500, 0x6500, 0x6500, 0x6500, 0x6500, 0x4400,
  0x4400, 0x4400, 0x4400, 0x4400, 0x4400, 0x4400, 0x4400, 0x4400, 0x4400, 0x4300, 0x4300, 0x4300, 0x4300, 0x4300, 0x4300, 0x4300,
  0x4300, 0x4300, 0x4300, 0x4400, 0x4400, 0x4400, 0x4400, 0x4400, 0x4400, 0x4400, 0x4400, 0x4400, 0x4400, 0x4400, 0x4400, 0x4400,
  0x4400, 0x4400, 0x4400, 0x4400, 0x4400, 0x4400, 0x4400, 0x4400, 0x4400, 0x4400, 0x6400, 0x6500, 0x6500, 0x6500, 0x8500, 0xA600,
  0x6208, 0x6210, 0x6210, 0x8118, 0x8120, 0x2339, 0x0652, 0xE972, 0xAC8B, 0x2D9C, 0xD0B4, 0x4EA4, 0x2A7B, 0x6862, 0xC649, 0x2431,
  0xC320, 0xC320, 0xC420, 0xC418, 0xC510, 0xC508, 0xC508, 0xE508, 0x0611, 0x0711, 0x0709, 0x0709, 0x0709, 0x0709, 0x0709, 0x0701,
  0x2701, 0x4809, 0x8909, 0xCB11, 0x0C1A, 0x2D1A, 0x2D1A, 0x2D12, 0x2D12, 0x4E1A, 0x8F1A, 0xF022, 0x512B, 0xD333, 0x343C, 0x9544,
  0xF754, 0x1755, 0x585D, 0x585D, 0x585D, 0x175D, 0xD65C, 0xB654, 0x7554, 0x344C, 0xF443, 0xD33B, 0x5133, 0xF022, 0x8E1A, 0x8E12,
  0x6D12, 0x0C0A, 0x0C0A, 0xEC09, 0xEC09, 0xEC09, 0xAB01, 0x8B01, 0x6A01, 0x4A01, 0x4901, 0x2901, 0x0801, 0xE800, 0xE700, 0xE700,
  0xE700, 0xE700, 0xE700, 0xC700, 0xC700, 0xE700, 0xE700, 0x0701, 0x0801, 0x0801, 0x0801, 0x0801, 0x0801, 0x2801, 0x2801, 0x2901,
  0x2801, 0x0801, 0x0801, 0x0801, 0xE700, 0xE700, 0xE700, 0xE700, 0xE700, 0xC700, 0xC700, 0xC700, 0xC600, 0xA600, 0xA600, 0xE708,
  0x6500, 0x2819, 0xFDD6, 0xA508, 0x4400, 0xA608, 0x8600, 0xA600, 0xC600, 0xC600, 0xC608, 0x4400, 0x0200, 0xED52, 0x6E63, 0xBFEF,
  0xFFFF, 0xDFF7, 0x39C6, 0x76AD, 0x2529, 0x0010, 0x6150, 0x8388, 0xC3B8, 0xE2D0, 0x41E1, 0x03FA, 0xC4FA, 0xE3EA, 0x85F3, 0x07E4,
  0x0AED, 0x8CDD, 0xCEDD, 0x0FDE, 0x14FF, 0x56FF, 0xA9EC, 0x63EB, 0x22F3, 0xC1F2, 0x81EA, 0x01E2, 0x21E1, 0x60D0, 0xE1C0, 0x6AE3,
  0x4EDC, 0x6CCB, 0xA9C2, 0xA9CA, 0x85C9, 0x61C0, 0x41D0, 0x21E0, 0x21E8, 0x20F0, 0x20F8, 0x00F8, 0x41F8, 0x81E8, 0x61D8, 0x41D0,
  0x61D0, 0x81C0, 0x44C1, 0x06CA, 0x6CCB, 0x92DC, 0x71D4, 0xD3DC, 0x14E5, 0x14E5, 0xD3DC, 0x72D4, 0xD0D3, 0x2ABA, 0xA488, 0xC899,
  0x75E5, 0x9DFF, 0xBDFF, 0xBDFF, 0x37EE, 0x0BC3, 0xA2B0, 0x82D8, 0xC3D8, 0xA2C8, 0x24C1, 0x4CDB, 0x17FE, 0x3AFF, 0x19FF, 0x19FF,
  0xF2F4, 0x45B9, 0x62D0, 0x62E8, 0xC3C8, 0xAEE3, 0xDAFE, 0x7DFF, 0xFFFF, 0xBBD6, 0x8F73, 0xA839, 0x0000, 0x0200, 0x4300, 0x4300,
  0x4300, 0x4200, 0x6729, 0x4E63, 0x2E63, 0x2E63, 0x0C5B, 0x96AD, 0xFFFF, 0xFFFF, 0xFFFF, 0x5DFF, 0xF7ED, 0x71DC, 0x4DDB, 0x82A8,
  0x82C0, 0x83E8, 0x41E8, 0x61F0, 0x40F0, 0x40F0, 0x60F0, 0xA1C0, 0x8CCB, 0x7DFF, 0x3DEF, 0xD17B, 0xA410, 0x6400, 0xA508, 0x8500,
  0x8500, 0x8500, 0x8500, 0x8500, 0x8500, 0x6500, 0x6500, 0x6500, 0x6500, 0x6500, 0x6500, 0x6500, 0x6500, 0x6500, 0x6500, 0x4400,
  0x4400, 0x4400, 0x4400, 0x4400, 0x4400, 0x4400, 0x4400, 0x4400, 0x4400, 0x4300, 0x4300, 0x4300, 0x4300, 0x4300, 0x4300, 0x4300,
  0x4300, 0x4300, 0x4300, 0x4400, 0x4400, 0x4400, 0x4400, 0x4400, 0x4400, 0x4400, 0x4400, 0x4400, 0x4400, 0x4400, 0x4400, 0x4400,
  0x4400, 0x4400, 0x4400, 0x4400, 0x4400, 0x4400, 0x4400, 0x4400, 0x4400, 0x4400, 0x6500, 0x6500, 0x8500, 0x8600, 0xA600, 0xA600,
  0x4300, 0x2200, 0x4208, 0x6210, 0xC320, 0xA320, 0x6118, 0xA220, 0x2431, 0x2752, 0x2B7B, 0x0E94, 0xB0AC, 0xF1B4, 0x11B5, 0x2D9C,
  0xA86A, 0x065A, 0x4341, 0x8218, 0x8310, 0xA418, 0xA410, 0xA410, 0xE510, 0xE610, 0xE608, 0x2709, 0x2709, 0x2709, 0x2709, 0x4809,
  0x6809, 0x6809, 0x6809, 0x6909, 0x8909, 0xCB11, 0x4D1A, 0x6E22, 0x6E1A, 0x6E1A, 0x8F1A, 0xAF22, 0xF022, 0x722B, 0xB333, 0x143C,
  0x353C, 0x553C, 0x7544, 0x964C, 0xB64C, 0x964C, 0x3544, 0x1444, 0xF443, 0xB33B, 0x923B, 0x7233, 0x112B, 0xD022, 0x8F1A, 0x4E12,
  0x2D12, 0xEC09, 0xCC01, 0xCC09, 0xCB09, 0xCB09, 0xAB09, 0xAB09, 0x8B01, 0x6A01, 0x4A01, 0x4901, 0x2901, 0x2901, 0x0801, 0xE800,
  0x0701, 0xE700, 0xE700, 0xE700, 0xE700, 0xE700, 0x0801, 0x0901, 0x2901, 0x4901, 0x2901, 0x2901, 0x2901, 0x4909, 0x4909, 0x2901,
  0x2909, 0x2901, 0x2801, 0x2901, 0x2901, 0x0801, 0xE800, 0x0801, 0x0701, 0xE700, 0xC700, 0xC700, 0xC700, 0xA700, 0xC708, 0xC600,
  0xC508, 0x0621, 0xBCD6, 0x3284, 0xE618, 0x8400, 0xE600, 0xC608, 0xC600, 0xE708, 0x0300, 0x6C4A, 0x4E63, 0xBEF7, 0xFFFF, 0xFFFF,
  0xFFFF, 0xBBC6, 0x4621, 0x0000, 0x0020, 0x0060, 0xA2A8, 0xA2C8, 0x81D0, 0x43E9, 0xC4F9, 0xA2F1, 0x63EA, 0x87E3, 0x2EED, 0xD2ED,
  0xD6FE, 0x9AFF, 0xFBFF, 0xFCFF, 0xFBFF, 0xB6FE, 0xE6E3, 0x21EB, 0x01F3, 0xA1FA, 0x61FA, 0x60E1, 0xC0E8, 0xA1E0, 0xC1B8, 0xB3FD,
  0xBCFF, 0x9DFF, 0x7CFF, 0x3BFF, 0x75ED, 0xEFCB, 0x2CD3, 0x08D2, 0xE3D8, 0x40E8, 0x20F8, 0x20F8, 0x20F8, 0x00F0, 0x40F0, 0x20F0,
  0x61F0, 0x60F0, 0x40E0, 0x40D8, 0x20C8, 0x61C0, 0x40B8, 0x81C0, 0x23C9, 0x24C9, 0xE3C0, 0x41A0, 0x4298, 0xE5A8, 0x2AAA, 0x97E5,
  0x7DFF, 0xBCFF, 0xD8FE, 0x90E4, 0xE7C1, 0x61B8, 0x62D8, 0x41E0, 0x82C8, 0x07CA, 0xD1F4, 0xD8FE, 0xD8FE, 0xB8F6, 0xF8F6, 0xB8FE,
  0x2BD3, 0x82B8, 0x62E0, 0x60D8, 0x44D1, 0xB1FC, 0x1BFF, 0x9EFF, 0xDFF7, 0xFFF7, 0xFFFF, 0x59CE, 0x4E73, 0x8F73, 0x8F73, 0x8F73,
  0xAF73, 0x6D63, 0x96AD, 0xFFFF, 0xFFFF, 0xFFFF, 0xFFFF, 0xFFFF, 0x3DFF, 0xB6ED, 0x33ED, 0x90EC, 0x48D2, 0x20B0, 0x41D0, 0x61E0,
  0x41E8, 0x01F0, 0x21F8, 0x00F0, 0x20F0, 0x20F0, 0x41D8, 0x65C1, 0xF6FD, 0xFFFF, 0xBBDE, 0x0100, 0x6400, 0xA508, 0x4400, 0x8500,
  0x8500, 0x8500, 0x8500, 0x8500, 0x6500, 0x6500, 0x6500, 0x6500, 0x6500, 0x6500, 0x6500, 0x6500, 0x6500, 0x4500, 0x4500, 0x4400,
  0x4400, 0x4400, 0x4400, 0x4400, 0x4400, 0x4400, 0x4400, 0x4400, 0x4400, 0x4400, 0x4400, 0x4400, 0x4400, 0x4400, 0x4300, 0x4400,
  0x4400, 0x4400, 0x4400, 0x4400, 0x4400, 0x4400, 0x4400, 0x4400, 0x4400, 0x4400, 0x4400, 0x4400, 0x4400, 0x6400, 0x6400, 0x6400,
  0x6400, 0x6500, 0x8500, 0x8500, 0x8500, 0x8500, 0x6500, 0x6500, 0x6500, 0x6500, 0x8500, 0x8600, 0xA600, 0xA600, 0xC700, 0xC700,
  0x4300, 0x4300, 0x4200, 0x6308, 0x6308, 0x6208, 0xA318, 0xC320, 0xA318, 0x8218, 0x8120, 0x0331, 0x0652, 0x0973, 0xCC8B, 0x4EA4,
  0xF1B4, 0xD0B4, 0x4B83, 0x485A, 0xC741, 0x2429, 0xC318, 0xA310, 0xA408, 0xC508, 0xC508, 0xE608, 0xE600, 0xE600, 0x2709, 0x0701,
  0x2709, 0x6809, 0x6909, 0x6909, 0x6909, 0x8909, 0x8A09, 0xCB11, 0x2D12, 0x6E22, 0xAF22, 0xD022, 0xD022, 0x1123, 0x522B, 0x9333,
  0xB433, 0xD433, 0xD333, 0x143C, 0x3544, 0x1444, 0xD33B, 0x7233, 0x7233, 0x3133, 0xF02A, 0xF12A, 0xD02A, 0x8F1A, 0x4E12, 0x2E12,
  0x2D12, 0xEC09, 0xCC09, 0xCC09, 0x8B01, 0xAB01, 0xAB01, 0xAB01, 0x8B01, 0x6A01, 0x4A01, 0x4901, 0x4901, 0x2901, 0x0901, 0xE800,
  0x0701, 0x0701, 0x0701, 0x0701, 0x0701, 0x2701, 0x2801, 0x2901, 0x4A01, 0x6A01, 0x8A01, 0x8A01, 0x8B09, 0x8B09, 0x8B09, 0xAB09,
  0xAB09, 0x6A09, 0x4901, 0x4901, 0x2901, 0x2901, 0x2801, 0x2801, 0x0701, 0x0701, 0xE700, 0xC700, 0xA700, 0x8600, 0x8600, 0x2709,
  0x8400, 0xC931, 0x3DE7, 0xFFFF, 0xA831, 0x2200, 0xE608, 0xA608, 0xC600, 0x6400, 0xCD52, 0xFDDE, 0xFFFF, 0xFFFF, 0xFFFF, 0x38C6,
  0x35A5, 0x6729, 0x0108, 0x0120, 0x6150, 0xE2A8, 0x61C8, 0x81D8, 0x43F1, 0x43F9, 0x01E9, 0x20D9, 0x68F3, 0x12FE, 0x79FF, 0xDDFF,
  0xBDFF, 0xBDFF, 0xFEFF, 0xFDF7, 0xDBFF, 0x12FE, 0x83DB, 0x40EB, 0x22FB, 0xA1FA, 0x21FA, 0x40F1, 0x80E8, 0x82D8, 0xA6C1, 0x57FE,
  0xDDFF, 0xFEFF, 0xBDFF, 0xDDFF, 0xDDFF, 0x7DFF, 0xBAFE, 0x95FD, 0x27D2, 0x20C8, 0x60E8, 0x20F0, 0x20F0, 0x20F8, 0x20F8, 0x20F8,
  0x00F0, 0x00F0, 0x20F0, 0x20F0, 0x20F0, 0x21E8, 0x40E8, 0x60E8, 0x60E8, 0x40D8, 0x61D0, 0x85D9, 0x8AD2, 0x50EC, 0xBAFE, 0x9EFF,
  0x58FE, 0x74F5, 0x0BDB, 0x41B0, 0x82D8, 0x41E0, 0x41E0, 0xC2E8, 0xCBF2, 0x95FD, 0x57FE, 0x57FE, 0x58FE, 0xB9FE, 0x99FE, 0x78FE,
  0x0BD3, 0x41C0, 0x82F0, 0x40E8, 0x61C8, 0x0CEB, 0xB6FD, 0xFCFE, 0xFFFF, 0xFFFF, 0xBEFF, 0xFFFF, 0xFFFF, 0xFFFF, 0xFFFF, 0xFFFF,
  0xFFFF, 0xFFFF, 0xDEFF, 0x1CFF, 0x79FE, 0x75ED, 0x14E5, 0x34ED, 0x30EC, 0xC6B9, 0xC1A0, 0xA0B0, 0xA1D0, 0x04F1, 0xA3F0, 0x62F0,
  0x21E8, 0x21F0, 0x00F8, 0x00F8, 0x20F8, 0x41E8, 0x82C8, 0xCACA, 0xFBFE, 0x7DF7, 0x159D, 0x6400, 0x8500, 0xA500, 0x6500, 0x8500,
  0x6500, 0x6500, 0x6500, 0x6500, 0x6500, 0x8500, 0x8500, 0x8500, 0x8500, 0x8500, 0x6500, 0x6500, 0x6500, 0x6500, 0x6500, 0x4500,
  0x4500, 0x4500, 0x4500, 0x4500, 0x6500, 0x4500, 0x4500, 0x4500, 0x4400, 0x4400, 0x4400, 0x4400, 0x4400, 0x4400, 0x4400, 0x4400,
  0x4400, 0x4400, 0x4400, 0x6500, 0x6500, 0x6500, 0x6500, 0x6500, 0x4400, 0x4500, 0x4500, 0x6500, 0x6500, 0x6400, 0x6400, 0x6500,
  0x8500, 0x8500, 0xA500, 0xA500, 0x8600, 0x8600, 0x8600, 0x8600, 0x8600, 0x8600, 0xA600, 0xA600, 0xA600, 0xC700, 0xE700, 0xE800,
  0x6300, 0x4300, 0x4200, 0x4200, 0x6308, 0x6308, 0x4208, 0x6208, 0x6310, 0x8318, 0xC320, 0xE320, 0xC220, 0xA120, 0xC120, 0x8439,
  0xA962, 0x6C7B, 0xEE8B, 0x3094, 0xCE83, 0xEB62, 0x284A, 0x8631, 0x0519, 0xC508, 0xA508, 0xC600, 0xA600, 0xC600, 0xE600, 0xE600,
  0x0701, 0x2701, 0x4809, 0x6909, 0x6909, 0x8A09, 0xAA09, 0xAB09, 0xCB09, 0xEC11, 0x2D1A, 0x8F22, 0xD022, 0xF022, 0x312B, 0x322B,
  0x522B, 0x522B, 0x722B, 0xB333, 0xD33B, 0xB333, 0x722B, 0x312B, 0x112B, 0xF12A, 0xD022, 0xB022, 0x6F1A, 0x4E1A, 0x4E12, 0x4E12,
  0x0D12, 0xCC09, 0xCC09, 0xAB01, 0x8B01, 0xCB09, 0x8B01, 0x8B01, 0x8B01, 0x6A01, 0x4A01, 0x4901, 0x4901, 0x4901, 0x2901, 0x0801,
  0x2801, 0x2801, 0x2801, 0x2801, 0x2801, 0x2801, 0x4901, 0x8A01, 0xAB01, 0xAC01, 0xCC01, 0xCC09, 0xEC09, 0xEC09, 0xEC09, 0xEC09,
  0xEC09, 0xCC09, 0xAB09, 0xAB09, 0x6A01, 0x4901, 0x4901, 0x2801, 0x2801, 0x0801, 0x0701, 0xE700, 0xC700, 0xC600, 0xA600, 0xA600,
  0xA508, 0x56A5, 0xDFF7, 0xBFEF, 0x4E63, 0x0619, 0xC608, 0x6500, 0x8508, 0x6B42, 0x7EE7, 0xDFF7, 0xFFFF, 0x9BD6, 0x76AD, 0x0521,
  0x0108, 0x0220, 0x0138, 0x4258, 0xE490, 0xC2C0, 0x61D8, 0xC1F0, 0x81E8, 0x60E0, 0x41F1, 0xE0C8, 0x4DEC, 0x59FF, 0xFDFF, 0xFEF7,
  0xDEFF, 0xDFFF, 0xFEF7, 0xFCF7, 0xD9FF, 0x4CF5, 0x62DB, 0x61F3, 0x01FB, 0x61FA, 0xA0F9, 0xC0F0, 0xA1F0, 0xC3D0, 0x8EDB, 0x3CFF,
  0xDEFF, 0xFEFF, 0xDDF7, 0xBDF7, 0xBDF7, 0x7DFF, 0x1BFF, 0x17FE, 0x48CA, 0x20B0, 0x60D8, 0x20E8, 0x20E8, 0x20E8, 0x20E8, 0x20E8,
  0x20F0, 0x61F0, 0x21F0, 0x21F0, 0x21F8, 0x00F0, 0x20F0, 0x20E8, 0x20E8, 0xE3E8, 0x24E1, 0xEBF2, 0xF2FC, 0x33F5, 0xD2EC, 0x72EC,
  0xABDA, 0xA3C0, 0x62D0, 0x62E8, 0x41F0, 0x61E8, 0x81E0, 0xA5F1, 0x0BEB, 0xAEEB, 0xEFEB, 0x30EC, 0xF0EB, 0x31E4, 0x13F5, 0x16FE,
  0x4FF4, 0x23C9, 0x40E0, 0x20F0, 0x61E8, 0xA2D0, 0xE7D9, 0xCFE3, 0x71E4, 0x92E4, 0xB2E4, 0xB2EC, 0x72E4, 0x73E4, 0x93E4, 0xB3E4,
  0xB2E4, 0xB2E4, 0x30E4, 0x6EE3, 0x6AD2, 0xC4B0, 0x83B0, 0xA2B0, 0xA1A8, 0xC1B8, 0x63D9, 0x63E1, 0x44E9, 0x24F1, 0x62E8, 0x42E8,
  0x21E0, 0x20E8, 0x20F0, 0x00F8, 0x21F8, 0x20D0, 0x65B9, 0x13E5, 0xBEFF, 0x1CE7, 0x4619, 0x6400, 0x8500, 0x8600, 0x6500, 0x8600,
  0x8600, 0x8600, 0x8500, 0x8500, 0x8500, 0x8500, 0x8500, 0x8500, 0x8500, 0x8500, 0x8500, 0x6500, 0x6500, 0x6500, 0x6500, 0x6500,
  0x6500, 0x6500, 0x6500, 0x6500, 0x6500, 0x4500, 0x4500, 0x4500, 0x4400, 0x6400, 0x4400, 0x4400, 0x4400, 0x6400, 0x4400, 0x4400,
  0x4400, 0x4400, 0x6400, 0x6500, 0x6500, 0x6500, 0x6500, 0x6500, 0x6500, 0x6500, 0x6500, 0x6500, 0x8500, 0x6500, 0x8500, 0x8500,
  0x8500, 0x8500, 0xA500, 0xA600, 0x8600, 0x8600, 0x8600, 0x8600, 0xA600, 0xA600, 0xC700, 0xC700, 0xC700, 0xE700, 0xE800, 0x0801,
  0x4200, 0x6300, 0x6300, 0x4200, 0x4300, 0x6308, 0x4300, 0x4308, 0x4308, 0x4308, 0x6410, 0x8310, 0x8310, 0xA318, 0xC218, 0xA218,
  0xA218, 0x8218, 0x6531, 0x4952, 0xEA6A, 0x8D7B, 0x4C73, 0xCB5A, 0x0942, 0x2621, 0xC610, 0xA508, 0xC608, 0xA600, 0xC500, 0xE600,
  0x0701, 0xE700, 0x2801, 0x6909, 0x6909, 0x6909, 0x8A09, 0x8A09, 0xAB11, 0xEC11, 0x0D12, 0x0D12, 0x2D12, 0x8F1A, 0xD022, 0xD022,
  0xF01A, 0xF022, 0x1123, 0x522B, 0x722B, 0x522B, 0x1123, 0xD022, 0xB022, 0xB022, 0x8F1A, 0x6F1A, 0x2E12, 0x4E1A, 0x2E12, 0x0D12,
  0xEC09, 0xEC09, 0xCC09, 0x8A01, 0x8A01, 0x8A01, 0x4A01, 0x6A01, 0x4A01, 0x4A01, 0x4901, 0x4901, 0x4901, 0x4901, 0x2901, 0x2901,
  0x0801, 0x2801, 0x2801, 0x2801, 0x4901, 0x8A01, 0xAA01, 0xCC09, 0x0C0A, 0x0D0A, 0x4E0A, 0x6E12, 0x8F12, 0x8E12, 0x6E0A, 0x6E12,
  0x4D0A, 0x0D0A, 0xCC09, 0xAB01, 0xCB01, 0x8A01, 0x4901, 0x4901, 0x2901, 0x0801, 0x0701, 0x0701, 0x0701, 0x0701, 0xE700, 0xC600,
  0x2711, 0x3DDF, 0xFFF7, 0xDFF7, 0xFFFF, 0xC931, 0x4400, 0x8508, 0x0621, 0xDCDE, 0xFFFF, 0xDFF7, 0x7ACE, 0x4A4A, 0x0000, 0x0118,
  0x2230, 0x4358, 0x2278, 0x83A0, 0x62B0, 0x41D8, 0x20F0, 0x20E8, 0x60F0, 0xA0E8, 0x42F1, 0x00C1, 0x52ED, 0xFEFF, 0xFEF7, 0xFFF7,
  0xFFFF, 0xFFF7, 0xFFEF, 0xFDFF, 0x57FF, 0xA9EC, 0x42E3, 0x22FB, 0x81FA, 0x21FA, 0x60F9, 0xA0F8, 0xA2E8, 0xC3B8, 0x71D4, 0xBEFF,
  0xDFFF, 0xFEFF, 0xDEFF, 0xFFFF, 0xBEF7, 0x7DFF, 0x1CFF, 0xF0DB, 0x25B1, 0x61C0, 0x00C8, 0x00D0, 0x00D8, 0x00D8, 0x20E0, 0x61E0,
  0x41D8, 0x00D0, 0x21D8, 0x21E0, 0x21F0, 0x41F8, 0x00F0, 0x20E8, 0x40E0, 0xC3F0, 0x86F9, 0xE7F1, 0xA7E1, 0x65C9, 0xA3C0, 0x01C8,
  0x42D0, 0x42E0, 0x21E8, 0x21F0, 0x01F0, 0x21E8, 0x04F1, 0x03D9, 0x00B8, 0x40B8, 0x81B0, 0x61A8, 0x82B0, 0xA3B8, 0x07D2, 0x2AE3,
  0x2CF4, 0x89FB, 0x21E1, 0x60E8, 0x20E0, 0x60E0, 0x60D0, 0x20C0, 0x20C0, 0x20B8, 0x00B8, 0x21C0, 0x41C0, 0x40B8, 0x60B8, 0x61B0,
  0x61B0, 0x41B0, 0x20B0, 0x21B0, 0x00B0, 0x62C0, 0x04D1, 0xC6D9, 0x67E2, 0x67F2, 0x26FA, 0xA5F9, 0xE2E0, 0x60D8, 0x40E0, 0x40E8,
  0x40E8, 0x20E8, 0x40F0, 0x00F0, 0x21E8, 0xA2B8, 0xEDD3, 0x5BFF, 0x3DF7, 0x1595, 0xE508, 0x6500, 0x8600, 0x8600, 0x8600, 0x8600,
  0x8600, 0x8600, 0x8600, 0x8600, 0x8600, 0x8500, 0x8500, 0x8500, 0x8500, 0x8500, 0x8500, 0x8500, 0x8500, 0x8500, 0x6500, 0x6500,
  0x6500, 0x6500, 0x6500, 0x6500, 0x6500, 0x6500, 0x4500, 0x4500, 0x4400, 0x6500, 0x6400, 0x4400, 0x6400, 0x6500, 0x6400, 0x6400,
  0x6400, 0x6500, 0x6500, 0x6500, 0x6500, 0x6500, 0x6500, 0x6500, 0x8500, 0x8500, 0x8500, 0x8500, 0x8500, 0x8500, 0x8500, 0xA600,
  0xA600, 0xA600, 0xC600, 0xC600, 0xC700, 0xA700, 0xA700, 0xC700, 0xA600, 0xC700, 0xC700, 0xC700, 0xE700, 0xE800, 0x0801, 0x0801,
  0x4200, 0x6300, 0x6300, 0x4300, 0x2300, 0x4300, 0x4300, 0x6400, 0x8408, 0x4400, 0x6408, 0x8408, 0x8308, 0x8308, 0xA310, 0x8310,
  0xC418, 0xC418, 0xC310, 0xC318, 0xC218, 0x0429, 0x6631, 0xA739, 0xC831, 0x8829, 0x0611, 0xC608, 0xA500, 0xA600, 0xC600, 0xC600,
  0xE700, 0x0701, 0x2809, 0x6809, 0x4809, 0x6909, 0x6909, 0x8A09, 0x8A09, 0xAB11, 0xCC11, 0xEC11, 0xEC11, 0x2D12, 0x6F1A, 0xB022,
  0xD022, 0xF122, 0x1123, 0x1123, 0x1123, 0xD01A, 0x8F1A, 0x6F12, 0x6F12, 0x4F12, 0x2E12, 0x4E12, 0x2E12, 0x2D12, 0x0D12, 0xEC09,
  0xCC09, 0xEC09, 0xAB09, 0x8A01, 0xAB09, 0x6A01, 0x4A01, 0x4A01, 0x4A01, 0x4A01, 0x4901, 0x4901, 0x4901, 0x4901, 0x4901, 0x2901,
  0x2901, 0x2901, 0x4901, 0x6901, 0x6A01, 0xAA01, 0xEC01, 0x4D0A, 0x8E12, 0xCF1A, 0xF11A, 0x3123, 0x5123, 0x5123, 0x301B, 0x101B,
  0xAF12, 0x6E12, 0x2E0A, 0xED01, 0xEB01, 0xAB01, 0x6A01, 0x4A01, 0x2901, 0x2901, 0x0801, 0x0801, 0x0701, 0xE700, 0x0701, 0xA600,
  0xC508, 0x1CDF, 0xFFFF, 0xFFFF, 0xBFF7, 0xF17B, 0xC610, 0x4400, 0xE518, 0x9BD6, 0xFFFF, 0xFFFF, 0x8B52, 0x0000, 0x4320, 0x4348,
  0x8370, 0xC5A0, 0x62B0, 0x41B8, 0x61D0, 0x20E8, 0x00F8, 0x20F8, 0x40F8, 0x80F0, 0xC0E0, 0xA2C9, 0xF6ED, 0xFFFF, 0xDEF7, 0xDEF7,
  0xBFFF, 0xDFFF, 0xDFF7, 0xFEFF, 0x54FE, 0xE8E3, 0x22EB, 0xE2FA, 0x61FA, 0x01FA, 0x40F9, 0xA0F8, 0xA1E0, 0x65B9, 0x13DD, 0xDEFF,
  0xDEFF, 0xFFF7, 0xFFF7, 0xDFF7, 0xDFEF, 0x7EF7, 0xFCFE, 0xCCBA, 0x62A0, 0x41B8, 0x20C8, 0x00D0, 0x00D0, 0x00C8, 0x00C0, 0x20C0,
  0x24D1, 0x85D1, 0x65D9, 0x65E1, 0x82D8, 0x20D8, 0x20D8, 0x20D8, 0x40E0, 0x40E0, 0x20E8, 0x21E8, 0x42E8, 0x62E0, 0x61E0, 0xA2E8,
  0x61E8, 0x41F0, 0x21F8, 0x21F0, 0x42F0, 0x21E0, 0x41C8, 0xC3C0, 0x85C9, 0x84C9, 0xA4C1, 0xE5D1, 0x84C9, 0x03C9, 0x23C9, 0x42B9,
  0xC3C9, 0xE2D9, 0x04F2, 0x84F9, 0x02E9, 0xC1E0, 0xE1E8, 0xC1E0, 0x80D8, 0xA1E0, 0x80D8, 0x60D0, 0xA0D0, 0xC0C8, 0xC0D0, 0xE1D0,
  0xE1C8, 0x22C9, 0x84C9, 0xE6C9, 0x27C2, 0xC9D2, 0xCDF3, 0x2EFC, 0xECF3, 0x47EA, 0x03F1, 0x41E8, 0x82E0, 0xA1D0, 0x60C8, 0x23E1,
  0x02E9, 0x20E8, 0x40F0, 0x21E8, 0x40C0, 0x64A1, 0xB9FE, 0xFEFF, 0xDCDE, 0x4300, 0xA500, 0x8600, 0x8600, 0x8600, 0x8600, 0x8600,
  0x8600, 0x8600, 0x8600, 0x8600, 0x8600, 0x8500, 0x8500, 0x8500, 0x8500, 0x8500, 0x8500, 0x8500, 0x8500, 0x8500, 0x8500, 0x6500,
  0x6500, 0x6500, 0x6500, 0x6500, 0x6500, 0x6500, 0x6500, 0x6500, 0x4500, 0x6500, 0x6400, 0x4400, 0x6400, 0x6500, 0x6400, 0x6400,
  0x6500, 0x6500, 0x6500, 0x8500, 0x8600, 0x8600, 0x8600, 0x8600, 0x8600, 0x8600, 0x8600, 0x8600, 0xA600, 0x8600, 0xA600, 0xA600,
  0xA600, 0xA600, 0xC600, 0xC700, 0xC700, 0xC700, 0xA700, 0xC700, 0xC700, 0xC700, 0xE800, 0x0801, 0x0701, 0xE700, 0x0801, 0x0801,
  0x2200, 0x4200, 0x4300, 0x4300, 0x4300, 0x6400, 0x4300, 0x4300, 0x4400, 0x4400, 0x4400, 0x4300, 0x4300, 0x4300, 0x8300, 0x8308,
  0x8308, 0x8308, 0x8308, 0xA410, 0xA418, 0xA310, 0xA410, 0xA410, 0xA410, 0xC510, 0xC508, 0xC500, 0xC500, 0xC600, 0xC600, 0xC600,
  0xC600, 0xE700, 0x0701, 0x2809, 0x4809, 0x6909, 0xAA11, 0xAA11, 0xAB11, 0x8A09, 0x8B09, 0xAB09, 0xCC09, 0x0D12, 0x6E1A, 0x8F22,
  0x8F1A, 0x8F1A, 0x8F1A, 0xD022, 0xF122, 0xB022, 0x6F1A, 0x4E12, 0x4E12, 0x2E12, 0x0E12, 0x0D12, 0x0D12, 0x0D12, 0xEC09, 0xCC09,
  0xCC09, 0xAB09, 0x8A01, 0x6A01, 0xAB09, 0x8A09, 0x4901, 0x4A01, 0x4901, 0x2901, 0x0901, 0x2901, 0x2901, 0x4901, 0x4909, 0x4909,
  0x6A09, 0x6A09, 0x8A01, 0x8A01, 0xAB01, 0xEC01, 0x2D0A, 0xAF1A, 0x7233, 0x9233, 0xD43B, 0x3444, 0x1444, 0x3444, 0xF33B, 0xD233,
  0x5123, 0x101B, 0x6F12, 0x0D02, 0x0C02, 0xCB01, 0xCC09, 0x6B01, 0x4A09, 0x2A09, 0x2909, 0x0809, 0x0709, 0xE700, 0xE700, 0x8500,
  0x6B42, 0x3DEF, 0xDEFF, 0x99DE, 0x9EFF, 0xFFFF, 0xA931, 0x0300, 0xC831, 0xFCDE, 0xBFFF, 0xF8C5, 0xA631, 0x0008, 0x8348, 0x0691,
  0x26C1, 0xA2C0, 0x00B8, 0x40C8, 0x00D8, 0x20F0, 0x20F8, 0x00F0, 0x40F8, 0x81F0, 0x01E1, 0x45D2, 0x78F6, 0xDFFF, 0xBEFF, 0xDFFF,
  0xBFFF, 0xBFFF, 0xDFFF, 0xBDFF, 0x30E5, 0x86DB, 0x63F3, 0xE1FA, 0x61FA, 0xA0F1, 0xE0E8, 0x80F0, 0xA1D8, 0x28CA, 0xB6ED, 0xBEFF,
  0xBEFF, 0xDFFF, 0xBFF7, 0xDFEF, 0xBFEF, 0x7DF7, 0xFCFE, 0x8ABA, 0x41A0, 0x41B8, 0x20C8, 0x00C8, 0x00C8, 0x01C0, 0x21B8, 0x82B0,
  0x6DF3, 0x12FD, 0x4FFC, 0x0EFC, 0xA9EA, 0xC5D9, 0xA5D9, 0xA5E9, 0x03E9, 0x20E8, 0x21F8, 0x00F8, 0x20F0, 0x41E8, 0x40E8, 0x60E8,
  0x20F0, 0x20F0, 0x62F0, 0x21D8, 0x82C0, 0xE7C9, 0xCBCA, 0xCFDB, 0xD2E4, 0x32E5, 0x12ED, 0x33FD, 0xCBCA, 0xC390, 0x45A1, 0x2499,
  0x64A9, 0xC6C9, 0xC5D9, 0x06E2, 0x06EA, 0xC4E9, 0xE4F1, 0x04F2, 0xC3E9, 0xA3D9, 0xE4D9, 0x45E2, 0xE4C9, 0x46D2, 0x87D2, 0xE9DA,
  0x09D3, 0x6ADB, 0x8FFC, 0x11FD, 0x52FD, 0xB0F4, 0x2EF4, 0x67E2, 0xC1C0, 0x20C0, 0x00C8, 0x01C0, 0x62B0, 0xE7C1, 0x4CDB, 0x50FC,
  0xE7F1, 0x20E8, 0x62F8, 0x20C8, 0x24A9, 0x4FCC, 0xBDFF, 0x1CEF, 0xD17B, 0x8508, 0xA600, 0x8600, 0x8600, 0x8600, 0x8600, 0x8600,
  0x8700, 0x8700, 0x8700, 0x8600, 0x8600, 0x6500, 0x6500, 0x6500, 0x6500, 0x6500, 0x8500, 0x8500, 0x6500, 0x6500, 0x6500, 0x6500,
  0x6500, 0x6500, 0x6500, 0x6500, 0x6500, 0x6500, 0x6500, 0x6500, 0x6500, 0x6500, 0x6500, 0x6500, 0x6500, 0x6500, 0x6500, 0x8500,
  0x6500, 0x8500, 0x6500, 0x6500, 0x6500, 0x8500, 0x8600, 0x8600, 0x6500, 0x8600, 0xA600, 0xC600, 0xC600, 0xC600, 0xC700, 0xC700,
  0xC600, 0xC700, 0xE700, 0xE800, 0xE800, 0xE800, 0xE800, 0x0801, 0x0801, 0xE800, 0xE800, 0xE800, 0xE800, 0xE800, 0xE800, 0x0801,
  0x4200, 0x4200, 0x2200, 0x2300, 0x4300, 0x4300, 0x4400, 0x6400, 0x6400, 0x6400, 0x4400, 0x4400, 0x4300, 0x6300, 0x6300, 0x8300,
  0x8300, 0x8300, 0x8300, 0x6408, 0x6408, 0x6408, 0x6408, 0x6400, 0x8508, 0xA508, 0xA500, 0xA500, 0xA500, 0xA600, 0xC600, 0xA600,
  0xC600, 0xE700, 0xE700, 0x2809, 0x4809, 0x6909, 0x8911, 0x8909, 0x6A09, 0x8A09, 0xAB09, 0xAB09, 0xCB09, 0xEC11, 0x0D12, 0x2E1A,
  0x6E1A, 0x6F1A, 0x8F1A, 0x6F1A, 0x8F1A, 0x6F1A, 0x4E1A, 0x4E12, 0x2E12, 0x0D12, 0xED09, 0xEC09, 0xEC09, 0xEC09, 0xCC09, 0xCC09,
  0xAB09, 0x8A01, 0xAB09, 0xAA09, 0x8A01, 0x6A01, 0x4901, 0x4901, 0x2901, 0x2901, 0x0801, 0x0801, 0x0801, 0x2901, 0x4901, 0x4909,
  0x8A09, 0x8A09, 0x8A01, 0xAB01, 0xEC01, 0x2D0A, 0x8E1A, 0x7233, 0x7554, 0xF764, 0x7975, 0xBA7D, 0x7975, 0x7875, 0x1665, 0xB554,
  0x3444, 0xD333, 0x1123, 0x8F12, 0x2D02, 0x0C0A, 0xAB09, 0xCC11, 0xAB19, 0x2911, 0xC700, 0x6600, 0xC700, 0x4811, 0xE600, 0x2719,
  0x5EE7, 0xFFFF, 0xDAF6, 0x2B8B, 0xBAEE, 0xDFFF, 0x0A42, 0x0200, 0xF8AD, 0x9FF7, 0x9FFF, 0x4631, 0x0000, 0x4120, 0xE899, 0x05C1,
  0x61C8, 0x20C0, 0x00C0, 0x00C8, 0x00D8, 0x00F0, 0x20F8, 0x40F8, 0x20F0, 0x61E8, 0xE2D0, 0xECF3, 0xF9FE, 0xFFFF, 0xFFFF, 0xDFF7,
  0xDFFF, 0xBFFF, 0xBEFF, 0xBCFF, 0x4BCC, 0x23D3, 0x62F3, 0xE1FA, 0x41FA, 0x60F1, 0xE0E8, 0x02F1, 0x61C0, 0xEFEB, 0x1BFF, 0xDEFF,
  0xDEFF, 0xDFFF, 0xBFFF, 0xDFF7, 0xDEEF, 0x5DF7, 0x75F5, 0x66B9, 0x21B0, 0x20C8, 0x00C8, 0x00C8, 0x21C8, 0x21C0, 0x00A0, 0xE7C1,
  0xB1FC, 0x12FD, 0xF1FC, 0xF1FC, 0xB0FC, 0x8FFC, 0x0DFC, 0xACFB, 0xA5F1, 0x20E8, 0x21F8, 0x00F8, 0x41F8, 0x20E8, 0x40E8, 0x20E8,
  0x62E8, 0xA3E0, 0x62B8, 0xE7C1, 0x92F4, 0xDAFE, 0xFFFF, 0xDFFF, 0xFFFF, 0xFFFF, 0x9EFF, 0xFDF6, 0xCC8A, 0x0028, 0x0130, 0x0030,
  0x2140, 0x6360, 0xA270, 0x4391, 0x67BA, 0x4AE3, 0x6AF3, 0x08EB, 0x28EB, 0xAAF3, 0x8AEB, 0x0CEC, 0x4DF4, 0x8FF4, 0xB0F4, 0xD0FC,
  0xF1FC, 0x6FF4, 0xEDEB, 0x8CE3, 0xE6B9, 0xE298, 0x81A0, 0x61B0, 0x21B8, 0xC3C0, 0x69DA, 0xEBCA, 0x8DC3, 0x57FE, 0xD9FE, 0xCFEB,
  0xA3D0, 0x82E8, 0x82E0, 0xE3B0, 0x70DC, 0xBDFF, 0xBFFF, 0x5294, 0x0100, 0x6508, 0x8608, 0xA600, 0xA600, 0x8600, 0x8600, 0x8600,
  0x8600, 0x8600, 0x8600, 0x8600, 0x8600, 0x6500, 0x6500, 0x6500, 0x6500, 0x6500, 0x6500, 0x6500, 0x6500, 0x6500, 0x6500, 0x6500,
  0x6500, 0x6500, 0x6500, 0x6500, 0x6500, 0x6500, 0x6500, 0x6500, 0x6500, 0x8500, 0x8500, 0x8500, 0x8500, 0x8500, 0x8500, 0x8500,
  0x8500, 0x8500, 0x6500, 0x6500, 0x6500, 0x8600, 0x8600, 0x8600, 0xA600, 0xA600, 0xA600, 0xC600, 0xE700, 0xE700, 0xE700, 0x0701,
  0x0801, 0x0801, 0x0801, 0x0801, 0x2901, 0x0901, 0x0801, 0x0801, 0x0801, 0x0801, 0x0801, 0x0801, 0x0801, 0xE800, 0xE800, 0x0801,
  0x4300, 0x4300, 0x4300, 0x4300, 0x4300, 0x4300, 0x4300, 0x4300, 0x6400, 0x4300, 0x4300, 0x4300, 0x4300, 0x4300, 0x6300, 0x6300,
  0x6300, 0x6300, 0x6300, 0x6400, 0x6500, 0x6500, 0x6500, 0x6500, 0x6500, 0x8500, 0x8500, 0x8500, 0xA500, 0xA600, 0xA600, 0xA600,
  0xC600, 0xC700, 0xE700, 0x0701, 0x0701, 0x2801, 0x6909, 0x4801, 0x4901, 0x6901, 0x8A09, 0xAB09, 0xEB11, 0x0D12, 0x2D12, 0x2D12,
  0x0D12, 0x0D12, 0x2D12, 0x6E1A, 0x6E1A, 0x2D12, 0xEC09, 0x0D0A, 0x0D0A, 0x0D0A, 0xED09, 0xEC09, 0xCC09, 0xCC09, 0xAB09, 0xAB09,
  0xAB09, 0x8A01, 0xAB09, 0x8A09, 0x6A01, 0x4901, 0x4901, 0x2901, 0x2901, 0x2901, 0x0801, 0x0801, 0x0801, 0x2801, 0x2801, 0x2801,
  0x4901, 0x8A01, 0xAB09, 0x0C0A, 0x4D12, 0xAF1A, 0x1023, 0xF343, 0xD764, 0xBA85, 0x7C9E, 0xFDAE, 0xFDB6, 0x9CA6, 0xF98D, 0x777D,
  0xB564, 0x144C, 0x9233, 0x101B, 0x6E12, 0x6D1A, 0xAA09, 0x0801, 0x6500, 0xE710, 0x8D42, 0x505B, 0x2811, 0xE708, 0xA500, 0x6308,
  0x3CE7, 0x9DFF, 0x91D4, 0xE781, 0x99F6, 0xFFFF, 0xB073, 0x2200, 0x5DDF, 0xFFFF, 0xBFFF, 0xC839, 0x0000, 0x2030, 0x48CA, 0xA3D0,
  0x61D8, 0x20C8, 0x00C0, 0x20C8, 0x00D8, 0x20F0, 0x20F0, 0x20F0, 0x40F0, 0x82E8, 0xE2C0, 0x11FD, 0x7BFF, 0xDEFF, 0xDEFF, 0xDEFF,
  0xDEFF, 0xDDFF, 0x9CFF, 0x18FF, 0x29C4, 0xE2C2, 0x02DB, 0x62DA, 0xA0D9, 0xE0C8, 0xA0C0, 0xE2C0, 0x23B1, 0xD3EC, 0x5CFF, 0xDEFF,
  0xFEFF, 0xDEFF, 0xBEFF, 0xDFFF, 0x9DF7, 0x5CFF, 0x6DCB, 0x01A0, 0x21D0, 0x20D0, 0x20D0, 0x20C0, 0x00C0, 0x21B0, 0x0090, 0x0CD3,
  0x94FD, 0x32F5, 0x32F5, 0x11F5, 0xD0F4, 0x6FEC, 0x2EF4, 0xACFB, 0x84E1, 0x40D8, 0x21E8, 0x21F0, 0x22E8, 0x42E0, 0xA4D8, 0x63C0,
  0x83A8, 0xE388, 0x6158, 0xAA8A, 0xB7D5, 0x96C5, 0x97BD, 0xD8B5, 0xD8BD, 0x56B5, 0x3DEF, 0x3ACE, 0xC420, 0x0208, 0x2308, 0x0308,
  0x0210, 0x0218, 0x2120, 0x0018, 0xEA8A, 0x77FE, 0xB3F5, 0x52ED, 0x8FDC, 0xCFDC, 0xAFD4, 0xF0DC, 0x4ED4, 0x49C3, 0x49CB, 0xC8CA,
  0x68CA, 0x07CA, 0x65B9, 0xE3B0, 0x04B1, 0x25B1, 0xE8C1, 0xACCA, 0x8CC2, 0x6ECB, 0x99FE, 0xBDFF, 0xDDFF, 0xBCFF, 0x94F5, 0xE3B0,
  0xE4D8, 0x62C8, 0xE4B8, 0xAECB, 0x7CFF, 0x9DF7, 0xB49C, 0x8518, 0x8508, 0xC610, 0x8608, 0x8600, 0xA600, 0x8600, 0x8600, 0x8600,
  0x8600, 0x8600, 0x8600, 0x8600, 0x8600, 0x8500, 0x8500, 0x8500, 0x8500, 0x8500, 0x8500, 0x8500, 0x8500, 0x8500, 0x8500, 0x8500,
  0x8500, 0x8500, 0x8500, 0x8500, 0x8500, 0x8500, 0x8500, 0x8500, 0x8500, 0x8500, 0x8500, 0x8500, 0x8500, 0x8500, 0x8500, 0x8500,
  0x8500, 0x8500, 0x8500, 0x8600, 0x8600, 0x8600, 0x8600, 0xA600, 0xA600, 0xC600, 0xC600, 0xE700, 0x0701, 0x0801, 0x0801, 0x2801,
  0x4901, 0x4901, 0x4901, 0x2901, 0x4901, 0x2901, 0x2901, 0x4901, 0x2901, 0x2901, 0x0801, 0x0801, 0x0801, 0x0801, 0x0801, 0x0801,
  0x4300, 0x4300, 0x4300, 0x4300, 0x4300, 0x4300, 0x4300, 0x4300, 0x4300, 0x4300, 0x4300, 0x4300, 0x4300, 0x4300, 0x4300, 0x4300,
  0x4300, 0x4300, 0x4300, 0x4400, 0x6400, 0x6400, 0x6400, 0x6400, 0x4400, 0x6500, 0x6500, 0x8500, 0x8500, 0x8600, 0xA600, 0xC600,
  0xC700, 0xC700, 0xC700, 0xE700, 0x0701, 0x0701, 0x2801, 0x2801, 0x4901, 0x6901, 0x8A01, 0x8A01, 0xAB09, 0xEC11, 0x2D1A, 0x4E1A,
  0x2D12, 0x2D12, 0x2D12, 0x2D12, 0x2D12, 0x0D12, 0xEC09, 0xEC09, 0xEC09, 0xEC09, 0xEC09, 0xCC09, 0xAB09, 0xAB09, 0xAB09, 0xAB09,
  0xAB09, 0xAB09, 0x8A01, 0x6A01, 0x6901, 0x4901, 0x2901, 0x2901, 0x0901, 0x0801, 0x0801, 0x0801, 0x0801, 0x0801, 0x0801, 0x2801,
  0x4901, 0x6901, 0xAA01, 0xEC01, 0x2D0A, 0x8E1A, 0x302B, 0x3454, 0x1875, 0x1B9E, 0xFDBE, 0x9FD7, 0xFFE7, 0xDFDF, 0x3DCF, 0xDCBE,
  0xD98D, 0xF664, 0x544C, 0xB233, 0x4C12, 0xCA09, 0xA911, 0x905B, 0xB16B, 0xD173, 0xBFEF, 0xBCCE, 0x4819, 0xA500, 0x0611, 0xAF73,
  0x5CEF, 0x3BFF, 0x8AB2, 0x6591, 0x78F6, 0xFFFF, 0xF073, 0x0100, 0x1CD7, 0xFFFF, 0x5EEF, 0x6831, 0x0008, 0xA258, 0xA9E2, 0xE3E0,
  0x40D0, 0x00B8, 0x00B8, 0x00C8, 0x00D8, 0x21E8, 0x20F0, 0x20E8, 0x40F0, 0x61D8, 0x03B9, 0x16FE, 0xBCFF, 0xDDFF, 0xFDFF, 0xBCFF,
  0xD7FE, 0x33FE, 0x13F6, 0x30DD, 0xADD4, 0xECDC, 0xCDE4, 0x4DE4, 0xCCE3, 0x4CDB, 0x6CDB, 0xADDB, 0xEEEB, 0xCEEB, 0x70EC, 0xD1E4,
  0xB4F5, 0x37FE, 0x99FE, 0x7DFF, 0xBDFF, 0x7CFF, 0x4CCB, 0x00A0, 0x41C8, 0x40C8, 0x20C0, 0x20B8, 0x21B8, 0x21B0, 0x4198, 0x4CDB,
  0x33FD, 0x12ED, 0xF1F4, 0xD1F4, 0xD1FC, 0x6FF4, 0x4FFC, 0xE9EA, 0xE2C8, 0x41D0, 0x62D8, 0xE4E0, 0x83C0, 0x64A8, 0xA490, 0x6368,
  0x0038, 0x0010, 0x0008, 0x0000, 0x0000, 0x0000, 0x0000, 0x0000, 0x0000, 0x0000, 0xCD5A, 0xB06B, 0x0100, 0x4400, 0x0400, 0x0408,
  0x0408, 0x0308, 0x0100, 0xE741, 0x58CE, 0xFFFF, 0xBCFF, 0xDDFF, 0xDCFF, 0xFDFF, 0xDDFF, 0xFFFF, 0xD4D5, 0x8361, 0x0582, 0xC589,
  0xA591, 0x4591, 0x0491, 0xA378, 0xC378, 0x0CBB, 0x9AFE, 0x5EFF, 0x9EFF, 0x9EFF, 0xBEFF, 0xDDFF, 0xDEFF, 0xB9FE, 0xADE3, 0xC2B8,
  0xC2C0, 0xE4A8, 0xCED3, 0x5BFF, 0xFFFF, 0xDCDE, 0x0300, 0x4408, 0xA608, 0xA608, 0xE708, 0xA600, 0xA600, 0xA600, 0xA600, 0x8600,
  0x8600, 0x8600, 0x8600, 0x8600, 0x8600, 0x8500, 0x8500, 0x8500, 0x8500, 0x8500, 0x8500, 0x8500, 0x8500, 0x8500, 0x8500, 0x8500,
  0x8500, 0x8500, 0x8500, 0x8500, 0x8500, 0x8500, 0x8500, 0x8500, 0x8500, 0x8500, 0x8500, 0x8500, 0x8500, 0x8500, 0x8500, 0x8500,
  0x8500, 0x8500, 0x8500, 0x8600, 0x8600, 0x8600, 0xA600, 0xA600, 0xA600, 0xE700, 0x0701, 0x2801, 0x0701, 0x4801, 0x6901, 0x6901,
  0x8A01, 0x8A01, 0x8A01, 0x8A01, 0xAA01, 0x8A01, 0x8A01, 0x6A01, 0x6A01, 0x4901, 0x2901, 0x2801, 0x2801, 0x0801, 0x0801, 0x0801,
  0x4308, 0x4300, 0x2200, 0x2200, 0x2200, 0x4200, 0x4200, 0x4300, 0x4300, 0x4300, 0x2300, 0x2300, 0x2300, 0x2300, 0x4300, 0x4300,
  0x4400, 0x4400, 0x4400, 0x6400, 0x6400, 0x6400, 0x6400, 0x6400, 0x4400, 0x4500, 0x6500, 0x6600, 0x8600, 0x8600, 0xA600, 0xA700,
  0xC700, 0xC600, 0xC700, 0xE700, 0x0701, 0x0701, 0x2701, 0x2801, 0x6901, 0x6901, 0x6901, 0x6901, 0x8A01, 0xAA09, 0xEC09, 0x0D12,
  0x2D12, 0x4D1A, 0x4D1A, 0x4D1A, 0x2D1A, 0x0C12, 0xCB09, 0xAB09, 0xCB09, 0xCB09, 0xCB09, 0xCB09, 0xCB09, 0xAB09, 0xAB09, 0xAB09,
  0xAB09, 0xAB09, 0x8A09, 0x6901, 0x4901, 0x4901, 0x2901, 0x2901, 0x0901, 0x0801, 0x0801, 0x2801, 0x2801, 0x0801, 0x0801, 0x2801,
  0x6901, 0x8A01, 0x8A01, 0xCB01, 0x2D0A, 0xAE1A, 0x5133, 0x555C, 0x1775, 0x1A9E, 0x9BBE, 0x1DCF, 0xDFE7, 0xFFEF, 0xDFEF, 0xBFDF,
  0xBCB6, 0x9885, 0x544C, 0x702B, 0x124C, 0xF153, 0x1264, 0xBFE7, 0xFFFF, 0xFFFF, 0xF8B5, 0x6821, 0xE608, 0xC608, 0x2619, 0x3DE7,
  0xDEFF, 0x94ED, 0x65A1, 0x65A9, 0x17F6, 0xFFFF, 0xF073, 0xE518, 0x5DE7, 0xFFFF, 0x706B, 0x4308, 0x0018, 0xCAAA, 0x68E2, 0x81D0,
  0x40C8, 0x00B0, 0x00B8, 0x01C0, 0x01D0, 0x21E8, 0x20E8, 0x40E8, 0x40E8, 0x61D8, 0xE7C9, 0x99FE, 0x9CFF, 0x1AFF, 0xB4E5, 0xCEE4,
  0xC8DB, 0x25CB, 0xC4B2, 0x4CCC, 0xD8FE, 0x7BFF, 0xBDFF, 0xBDFF, 0x7DFF, 0x3CFF, 0x7CFF, 0x7BFF, 0x6FE4, 0xE2B0, 0x82C8, 0x81C8,
  0xC2B8, 0x04B9, 0x09CA, 0xAFDB, 0xD3D4, 0x91CC, 0x07B2, 0x00A0, 0x20B8, 0x40B0, 0x61B8, 0x60B8, 0x20B0, 0x21A8, 0xE8C9, 0x71F4,
  0x13FD, 0xF2F4, 0xB1F4, 0x70FC, 0x90FC, 0x4FFC, 0x2FFC, 0x27E2, 0x81C0, 0xC3D0, 0x62B8, 0xA398, 0x6268, 0x0030, 0x0020, 0x0010,
  0x0210, 0xC510, 0x8821, 0x4B42, 0x2B42, 0xEB39, 0xCA31, 0xA921, 0x0611, 0x0100, 0x0200, 0x0100, 0x4400, 0x4400, 0x0400, 0x0500,
  0x0500, 0x2508, 0x0100, 0xF17B, 0xFFFF, 0xDFF7, 0xDFF7, 0xFFFF, 0xFEFF, 0xDEFF, 0xDEFF, 0x7EEF, 0x8E7B, 0x0000, 0x2218, 0x0118,
  0x0220, 0x0120, 0x2120, 0x0018, 0xC751, 0x38DE, 0xDEFF, 0xBEFF, 0xDEFF, 0xDEFF, 0xDEFF, 0xDEFF, 0x7DFF, 0xCFD3, 0xA3A0, 0x82B8,
  0xA2A8, 0x8DC3, 0x3BFF, 0xDEFF, 0xBFF7, 0xD17B, 0x6508, 0xE710, 0xC708, 0xE708, 0x0709, 0xC600, 0x6500, 0xA600, 0xA600, 0xA600,
  0x8600, 0x8600, 0xA600, 0xA600, 0xA600, 0x8500, 0x8500, 0x8500, 0x8500, 0x8500, 0x8500, 0x8500, 0x8500, 0x8500, 0x8500, 0x8500,
  0x8500, 0x8500, 0x8500, 0x8500, 0x8500, 0x8500, 0x8500, 0x8500, 0x8500, 0x8500, 0x8500, 0x8500, 0x8500, 0x8500, 0x8500, 0x8500,
  0x8500, 0x8500, 0x8500, 0x8600, 0x8600, 0xA600, 0xA600, 0xA700, 0xE700, 0xE700, 0x0701, 0x2801, 0x2801, 0x6901, 0x6901, 0x8A01,
  0xAB09, 0xCB09, 0xCB09, 0xCB09, 0xEC09, 0xEC09, 0xCC09, 0x8B01, 0x6A01, 0x6A01, 0x4901, 0x2901, 0x2901, 0x0801, 0x0801, 0x0701,
  0x2200, 0x0200, 0x0200, 0x0200, 0x0200, 0x0200, 0x2200, 0x2200, 0x2200, 0x2300, 0x4300, 0x2300, 0x2300, 0x4300, 0x2300, 0x2300,
  0x4300, 0x4300, 0x4300, 0x2300, 0x2300, 0x4300, 0x4400, 0x4400, 0x4400, 0x4500, 0x6500, 0x6500, 0x6500, 0x8600, 0x8600, 0xA600,
  0xA600, 0xC600, 0xC600, 0xE700, 0xE700, 0x0701, 0x2801, 0x2801, 0x2801, 0x4901, 0x4901, 0x6901, 0x6901, 0x6A01, 0xAB09, 0xCB09,
  0x0C12, 0x0C12, 0xEC11, 0x0C12, 0x2D1A, 0x0C12, 0xCB11, 0xAB09, 0x8A09, 0xAB09, 0xAB09, 0x8A09, 0xAB09, 0xAB09, 0xAB09, 0xAB09,
  0xAB09, 0xAB09, 0x8A09, 0x6A01, 0x4901, 0x4901, 0x4901, 0x4901, 0x2901, 0x2801, 0x0901, 0x2801, 0x0801, 0x0801, 0x0801, 0x2901,
  0x6901, 0x6A01, 0xCB01, 0x0C0A, 0x8D12, 0xEE1A, 0xB133, 0xD564, 0xB98D, 0x9CB6, 0x7BC6, 0x1CCF, 0x7DDF, 0xBEEF, 0xDFEF, 0xDFE7,
  0x9FDF, 0xBCC6, 0xD89D, 0x5575, 0xFFD7, 0xFFF7, 0xFFFF, 0xBFF7, 0xDFF7, 0xD9AD, 0x6819, 0x6811, 0x2709, 0x8400, 0xAC52, 0x3DEF,
  0x5BFF, 0x27AA, 0x82A8, 0x45A9, 0x58F6, 0xFFFF, 0x5184, 0x5AC6, 0xFFFF, 0xBFF7, 0xEA39, 0x0100, 0x0020, 0xACDB, 0x84D9, 0x40C8,
  0x41C0, 0x20B8, 0x00C0, 0x20C8, 0x40C8, 0x20D8, 0x41F0, 0x41F0, 0x81E0, 0x20C0, 0xEBE2, 0x12FD, 0xCFEC, 0xABE3, 0xC4C1, 0xC2D1,
  0x42E2, 0xA2DA, 0xA2B2, 0x70ED, 0x5BFF, 0x9EFF, 0xDEFF, 0xDEFF, 0xBFFF, 0xBFFF, 0x9EFF, 0x9CFF, 0x4BCB, 0x81C0, 0x61E8, 0x40E8,
  0x41E0, 0x41D8, 0x20C0, 0x21B0, 0x2190, 0x2499, 0x8AB2, 0xCABA, 0x28B2, 0x04A1, 0x2098, 0x0098, 0x41A8, 0x2198, 0x6EE3, 0x54FD,
  0x12F5, 0xF1F4, 0xB0F4, 0x70FC, 0x70F4, 0x2FF4, 0x30FC, 0x08D2, 0x8298, 0xE490, 0x6260, 0x0020, 0x0008, 0x8318, 0x4B52, 0xCC5A,
  0xB16B, 0x1685, 0x3B9E, 0x1FBF, 0xBEBE, 0xDEC6, 0x5DB6, 0xDB9D, 0x756C, 0x2E4B, 0x0E4B, 0xA921, 0x2400, 0x0300, 0x0400, 0x2500,
  0x4508, 0x0408, 0xC618, 0x77AD, 0xDFFF, 0xDEEF, 0xFFF7, 0xDFF7, 0xFFFF, 0xFFFF, 0xFFFF, 0x19C6, 0x2721, 0x0300, 0x0400, 0x0400,
  0x0300, 0x0300, 0x2308, 0x0000, 0x4D6B, 0xFFFF, 0xDEFF, 0xDFFF, 0xDEFF, 0xBEF7, 0xBEFF, 0xDEFF, 0xD6ED, 0x2599, 0x42A0, 0x62A0,
  0x69A2, 0x9DFF, 0xBDFF, 0xFFFF, 0xF07B, 0x0000, 0x0100, 0x0200, 0x0200, 0x4300, 0x0200, 0x4300, 0x4719, 0xA500, 0xA600, 0xA600,
  0xA600, 0xA600, 0xA600, 0xA600, 0xA600, 0x8600, 0x8600, 0x8600, 0x8600, 0x8600, 0x8600, 0x8500, 0x8500, 0x8500, 0x8500, 0x8500,
  0x8500, 0x8500, 0x8500, 0x8500, 0x8500, 0x8500, 0x8500, 0x8500, 0x8500, 0x8600, 0x8600, 0x8600, 0x8600, 0x8600, 0x8600, 0x8600,
  0x8600, 0xA600, 0xA600, 0xA600, 0xA600, 0xC600, 0xC600, 0xE700, 0x0701, 0x0701, 0x2801, 0x6901, 0x6901, 0x8A01, 0xAB01, 0xAB01,
  0xEC09, 0x2D0A, 0x6E12, 0x6E12, 0x4E12, 0x4D12, 0x0D12, 0xEC09, 0xCB01, 0x8A01, 0x4901, 0x4901, 0x2901, 0x2801, 0x0801, 0x0701,
  0x0200, 0x0200, 0x0200, 0x0200, 0x0200, 0x0200, 0x0200, 0x0200, 0x0200, 0x0200, 0x2300, 0x2300, 0x2300, 0x4300, 0x4300, 0x4300,
  0x4300, 0x4300, 0x4300, 0x4300, 0x2300, 0x4300, 0x4300, 0x4400, 0x4400, 0x6400, 0x6400, 0x6500, 0x6500, 0x8500, 0x8600, 0xA600,
  0xA600, 0xA600, 0xA600, 0xC700, 0xE700, 0x0801, 0x0801, 0x2801, 0x0801, 0x2801, 0x4901, 0x4901, 0x4901, 0x6A01, 0xAA09, 0xAB09,
  0xAB09, 0xCB09, 0xAB09, 0xEC11, 0x0C12, 0xEC11, 0xCB11, 0xCB11, 0xCB11, 0x8A09, 0x6A09, 0x8A09, 0x8A09, 0x8A01, 0x8A01, 0x8A01,
  0x8A01, 0x8A01, 0x8A01, 0x8A01, 0x8A01, 0x8A01, 0x8A01, 0x6A01, 0x4901, 0x2901, 0x0901, 0x2901, 0x0801, 0x0801, 0x0901, 0x2901,
  0x6A01, 0x6A01, 0xCB09, 0xEB01, 0x6D0A, 0xEE1A, 0xB133, 0xB55C, 0x9985, 0x9DAE, 0x1ECF, 0x9ED7, 0xBEE7, 0xBEEF, 0x7DE7, 0x7DD7,
  0x7EE7, 0x3EEF, 0xFFFF, 0xFFEF, 0xFFFF, 0xDEF7, 0x9EF7, 0xFFFF, 0x5BBE, 0xE600, 0x6809, 0x8909, 0x0711, 0x2E5B, 0x9FEF, 0x9DFF,
  0x33F5, 0x23B9, 0x61B8, 0x65B1, 0x38F6, 0xFFFF, 0xD38C, 0x3DE7, 0xFFFF, 0xDFF7, 0xE939, 0x0100, 0x4028, 0x6ADB, 0x63D9, 0xA2D0,
  0x21B8, 0x00B8, 0x20C8, 0x40C0, 0x40C0, 0x41D8, 0x41E0, 0x61D0, 0xE2C0, 0xA5C9, 0xEAF2, 0xC6D1, 0xA0B0, 0x01C9, 0x01E1, 0xA2F9,
  0x02FA, 0x62E2, 0xA2BA, 0x12F6, 0xBCFF, 0xDFFF, 0xFFFF, 0xDEFF, 0xBFFF, 0xFFF7, 0xDEFF, 0x9CFF, 0x0AD3, 0x40C8, 0x41F0, 0x00F0,
  0x20F0, 0x41F0, 0x20E0, 0x42D0, 0x41B0, 0x4DDB, 0x58FE, 0xBAFE, 0xF7F5, 0x10D4, 0xABC2, 0xE7B9, 0x4298, 0x6298, 0x10F4, 0x74FD,
  0x52FD, 0xF1FC, 0x90FC, 0x50FC, 0x2FF4, 0xD2FC, 0x69B2, 0x0479, 0x4150, 0x0028, 0x0000, 0x8739, 0xCD52, 0x948C, 0xBDCE, 0x9FDF,
  0xFEBE, 0x5C9E, 0xFA85, 0x997D, 0x797D, 0x597D, 0x9A85, 0xDB8D, 0x5DA6, 0x7DAE, 0x1FC7, 0x9EB6, 0x546C, 0xAE42, 0x2819, 0x0400,
  0x2400, 0x0300, 0xEB41, 0xFDDE, 0xFFFF, 0xDEF7, 0xBEF7, 0xDFFF, 0xBEF7, 0x9EF7, 0xFFFF, 0xB8B5, 0x0300, 0x0400, 0x0500, 0x0500,
  0x0400, 0x4508, 0x0200, 0x6729, 0x7ACE, 0xDFFF, 0xDEFF, 0xFFFF, 0xBEFF, 0xBEFF, 0xDEFF, 0x1BFF, 0x4CBB, 0xA388, 0x0499, 0x6ECB,
  0x79FE, 0xDEFF, 0x5CEF, 0xF39C, 0x0C5B, 0x4E6B, 0x0D63, 0x6F6B, 0x4E6B, 0xED52, 0x4E63, 0x7384, 0xF594, 0xA508, 0xA500, 0xC600,
  0xA600, 0xA600, 0xA600, 0xA600, 0xA600, 0x8600, 0x8600, 0x8600, 0x8600, 0x8600, 0x8600, 0x8500, 0x8500, 0x8500, 0x8500, 0x8500,
  0x8500, 0x8500, 0x8500, 0x8500, 0xA500, 0xA500, 0xA500, 0xA500, 0xA500, 0x8600, 0x8600, 0x8600, 0x8600, 0x8600, 0x8600, 0x8600,
  0xA600, 0xA600, 0xA600, 0xC600, 0xC600, 0xC600, 0xE700, 0xE700, 0x0701, 0x4801, 0x6901, 0x6901, 0xAA01, 0xEB09, 0x0C0A, 0x2D0A,
  0x6E12, 0xF022, 0xF022, 0x312B, 0x302B, 0xF022, 0xAF22, 0x4D0A, 0x0C02, 0xAB01, 0x6901, 0x4901, 0x4901, 0x2801, 0x0801, 0x0701,
  0x0200, 0x0200, 0x0200, 0x0200, 0x0200, 0x0200, 0x0200, 0x0200, 0x0200, 0x0200, 0x0200, 0x0200, 0x0200, 0x0200, 0x2300, 0x4300,
  0x4300, 0x4300, 0x4300, 0x4300, 0x4300, 0x4300, 0x4300, 0x4300, 0x4400, 0x6400, 0x6400, 0x6400, 0x6400, 0x8500, 0x8500, 0x8600,
  0xA600, 0xA600, 0xA600, 0xC700, 0xE700, 0xE700, 0xE700, 0x0701, 0x0801, 0x0801, 0x2801, 0x2901, 0x4901, 0x8A01, 0x8A09, 0x8A01,
  0x8A01, 0x8A01, 0xAB09, 0xCB09, 0xEB11, 0xCB11, 0x8A09, 0x8A09, 0xCB11, 0xAB11, 0xAB11, 0xCB11, 0x8A09, 0x8A01, 0x6A01, 0x6901,
  0x6901, 0x6A01, 0x8A01, 0x8A01, 0x8A01, 0x8A01, 0x8A09, 0x8A09, 0x8A09, 0x6A01, 0x4901, 0x2901, 0x2901, 0x0801, 0x0801, 0x2901,
  0x6A01, 0x8A01, 0xCB09, 0xEC09, 0x2C0A, 0xCE12, 0x912B, 0x1344, 0xF76C, 0x1B96, 0xFDB6, 0xBFD7, 0xFFEF, 0xFFF7, 0x9DE7, 0x9DE7,
  0xFFFF, 0x9EFF, 0x7EFF, 0xDBF6, 0xF8D5, 0x7EFF, 0xDFF7, 0x3DD7, 0xCD3A, 0x8901, 0xCA11, 0x2809, 0xCA29, 0x9FEF, 0xDFFF, 0x99FE,
  0x28C2, 0x61B8, 0x82C0, 0x45B9, 0xF7F5, 0xFFFF, 0x18B6, 0x5DE7, 0xFFFF, 0xBBCE, 0xA831, 0x0108, 0x6561, 0x8BEB, 0x22D9, 0x81D0,
  0x20B8, 0x00B8, 0x20B8, 0x41B8, 0x41C0, 0x21C0, 0x62B8, 0x07C2, 0x6ACB, 0x93FD, 0xA5C9, 0x81C0, 0x03E1, 0x03F1, 0xE1F0, 0x20F9,
  0x81F9, 0x43EA, 0x64B2, 0x34EE, 0xFDFF, 0xFFF7, 0xDEF7, 0xDFFF, 0xFFF7, 0xFFF7, 0xDEFF, 0x99FE, 0x48DA, 0x00D0, 0x41F0, 0x21F0,
  0x00F0, 0x20E8, 0x00E0, 0x42D0, 0x0198, 0xF0D3, 0xDBFE, 0x79EE, 0x99EE, 0x9AF6, 0x38FE, 0x96FD, 0x0CC3, 0x29BA, 0x8DE3, 0xCDE3,
  0xACEB, 0x4FFC, 0x70FC, 0x70FC, 0xB1F4, 0x50D4, 0xE350, 0x2020, 0x0010, 0x6318, 0x8731, 0x37A5, 0xBFE7, 0xFEBE, 0x9A95, 0x5774,
  0xF13A, 0xED11, 0xEC11, 0xCB09, 0xCB09, 0xCB09, 0x0C0A, 0x0C0A, 0x8F2A, 0xAF32, 0xF463, 0xD884, 0xBEBE, 0xFFC6, 0x967C, 0x6D3A,
  0xA610, 0x4500, 0x6308, 0x8B52, 0x1CE7, 0xFFFF, 0x7DEF, 0xBFFF, 0xBFFF, 0x9EF7, 0xBEF7, 0x338C, 0x0300, 0x0400, 0x0400, 0x0400,
  0x0400, 0x2400, 0x2100, 0x4E6B, 0xFFFF, 0xBEF7, 0xBEF7, 0xDEFF, 0xBEF7, 0xBEFF, 0x7DFF, 0x10C4, 0x6270, 0xC378, 0xCEBB, 0x5DFF,
  0x5DFF, 0xFFFF, 0x38CE, 0xAE73, 0xFFFF, 0xFFFF, 0xFFFF, 0xDFFF, 0xFFFF, 0xFFFF, 0xFFFF, 0xB8AD, 0x0719, 0xA508, 0xC608, 0xC608,
  0xA600, 0xA600, 0xA600, 0xA600, 0xA600, 0x8600, 0x8600, 0x8600, 0x8600, 0x8600, 0x8600, 0x8600, 0xA600, 0xA500, 0xA500, 0x8500,
  0x8500, 0x8500, 0x8500, 0x8500, 0xA500, 0xA500, 0xA500, 0xA500, 0x8600, 0x8600, 0x8600, 0x8600, 0x8600, 0x8600, 0xA600, 0xA600,
  0xA600, 0xA600, 0xA600, 0xC600, 0xE600, 0xE700, 0x0701, 0xE700, 0x0801, 0x4901, 0x6901, 0x8A01, 0xCB01, 0x0C0A, 0x4D0A, 0xAE1A,
  0x0F2B, 0x913B, 0xD243, 0x134C, 0x344C, 0x134C, 0x923B, 0xAE1A, 0x2D0A, 0xAB01, 0x6A01, 0x4901, 0x2901, 0x2801, 0x0801, 0xE700,
  0x0200, 0x0200, 0x0200, 0x0200, 0x0200, 0x0200, 0x0200, 0x0200, 0x0200, 0x0200, 0x0200, 0x0200, 0x0200, 0x0200, 0x2300, 0x4300,
  0x4300, 0x4300, 0x4300, 0x4300, 0x4300, 0x4300, 0x4300, 0x4300, 0x4300, 0x6400, 0x6400, 0x6400, 0x6400, 0x6400, 0x6500, 0x8500,
  0x8600, 0x8600, 0xA600, 0xC600, 0xC700, 0xC700, 0xC700, 0xE700, 0xE700, 0x0701, 0x0801, 0x2801, 0x2801, 0x4901, 0x8A01, 0x8A09,
  0x8A01, 0xAA09, 0xAB09, 0xCB09, 0xAB09, 0x8A09, 0x4901, 0x4901, 0x4901, 0x8A09, 0x8A09, 0x6A09, 0xAB09, 0xAB09, 0xAA09, 0x8A09,
  0x8A09, 0x6901, 0x6A01, 0x6A01, 0x8A09, 0x6A01, 0x4901, 0x6A01, 0x8A09, 0x8A09, 0x8A09, 0x6A09, 0x4901, 0x2901, 0x2901, 0x4901,
  0x6901, 0x8A01, 0xAB01, 0xEC09, 0x2D0A, 0x8E12, 0x5123, 0x9233, 0x7554, 0x586D, 0x5B8E, 0xBCB6, 0xFDDE, 0xDEF7, 0xFEFF, 0xFEFF,
  0xFEFF, 0x3CFF, 0xF4EC, 0xABAA, 0x2D93, 0x3DF7, 0xDFF7, 0xD153, 0x0B0A, 0xAB09, 0xCB19, 0x4819, 0xD594, 0xBFFF, 0x7DFF, 0xAEDB,
  0x03C1, 0x24E1, 0x41C8, 0x45B9, 0x38FE, 0xFFFF, 0xBAC6, 0x7EEF, 0xFFFF, 0x8A4A, 0x2100, 0x4120, 0x4CB3, 0x4AF3, 0xC1D0, 0x00C0,
  0x00B0, 0x00B0, 0x40B0, 0x21A0, 0x41A0, 0xA7C1, 0x8EE3, 0x77FE, 0x7AFF, 0x72F5, 0x84C9, 0x61D8, 0x82F0, 0xC2F8, 0xE0F0, 0x00F1,
  0x61F9, 0x04E2, 0x8AD3, 0xD7F6, 0xFEFF, 0xFFF7, 0xFFF7, 0xFFF7, 0xFFF7, 0xFFF7, 0xBDFF, 0x30EC, 0x04D9, 0x20D8, 0x40E8, 0x40E8,
  0x20E8, 0x00E8, 0x01E0, 0x63C8, 0xA498, 0xB3D4, 0xFCF6, 0xDBDE, 0xBAD6, 0x99D6, 0x58D6, 0x17E6, 0x59FE, 0x0CD3, 0x2088, 0x40A0,
  0x81A8, 0x48E2, 0x6DEB, 0xADDB, 0x0FBC, 0xA651, 0x0010, 0x0000, 0x4729, 0x758C, 0x3FDF, 0x3CAE, 0x397D, 0x0F2B, 0xAC11, 0x0B01,
  0x4C09, 0x2B09, 0xE900, 0x0901, 0x0801, 0x2809, 0x2801, 0xE800, 0x0A01, 0xE908, 0x2A09, 0xA800, 0xB03A, 0xF87C, 0x398D, 0x1CA6,
  0x9674, 0x4911, 0x4400, 0x0100, 0xC839, 0x39CE, 0xFFFF, 0xDFFF, 0x9FF7, 0xFFFF, 0x5ACE, 0x4208, 0x2408, 0x2400, 0x0400, 0x0400,
  0x2400, 0x0300, 0xE618, 0xF59C, 0xDFFF, 0xDFFF, 0xFFFF, 0xFFFF, 0xFFFF, 0xFFFF, 0xD3CC, 0x4260, 0x6791, 0x14DD, 0xDEFF, 0xDEFF,
  0x9EFF, 0x9EFF, 0xFFFF, 0xFFFF, 0xFFFF, 0xDEFF, 0x9DF7, 0xBEF7, 0xDFFF, 0x9EF7, 0x938C, 0x0200, 0xC608, 0x8500, 0xC608, 0xC700,
  0xA600, 0xC700, 0xA600, 0xA600, 0xA600, 0xA600, 0xA600, 0xA600, 0xA600, 0xA600, 0xA600, 0xA600, 0xA600, 0xA600, 0xA600, 0x8500,
  0x8500, 0x8500, 0x8500, 0x8500, 0xA500, 0xA500, 0xA500, 0xA500, 0xA600, 0x8600, 0x8600, 0x8600, 0x8600, 0x8600, 0xA600, 0xA600,
  0xA600, 0xC700, 0xC600, 0xE600, 0xE700, 0x0701, 0x0801, 0x0801, 0x4901, 0x4901, 0xAA01, 0x0C12, 0x0C0A, 0x6E12, 0xCF1A, 0xB23B,
  0x945C, 0x577D, 0xF98D, 0x3A96, 0x7C9E, 0xFA8D, 0x7554, 0x1023, 0x4D12, 0xCB01, 0x8A01, 0x4901, 0x2801, 0x0801, 0x0801, 0xE700,
  0x0200, 0x0200, 0x0200, 0x0200, 0x0200, 0x0200, 0x0200, 0x0200, 0x0200, 0x0200, 0x0200, 0x0200, 0x0200, 0x0200, 0x2300, 0x2300,
  0x2300, 0x4300, 0x4300, 0x4300, 0x4300, 0x4300, 0x4300, 0x4300, 0x4300, 0x4300, 0x6400, 0x6400, 0x6400, 0x6400, 0x6500, 0x8500,
  0x8500, 0x8600, 0xA600, 0xC700, 0xC600, 0xC600, 0xC600, 0xC700, 0xE700, 0xE700, 0x0701, 0x0801, 0x0801, 0x0801, 0x4901, 0x6901,
  0x8A01, 0x8A09, 0xAA09, 0xAB09, 0xAB09, 0x6A09, 0x2901, 0x2901, 0x2901, 0x2901, 0x4901, 0x4901, 0x4901, 0x6A01, 0x8A09, 0xAB09,
  0xCB11, 0xAA09, 0x8A09, 0x8A09, 0x8A09, 0x6A01, 0x4901, 0x4901, 0x4901, 0x4901, 0x6A01, 0x8A09, 0x6A09, 0x6A09, 0x6A09, 0x6A09,
  0x8901, 0x8A01, 0x6A01, 0xEC09, 0x0D0A, 0x4E12, 0xF01A, 0x3123, 0x1444, 0x965C, 0xF664, 0xFA9D, 0xFCD6, 0xBEF7, 0xFDFF, 0x5AFF,
  0x54E5, 0xAED3, 0x66A1, 0xC799, 0x1BFF, 0xDFFF, 0xFFF7, 0x8D2A, 0xCB09, 0x8A09, 0xA700, 0x7063, 0xBFFF, 0x7DFF, 0x70DC, 0x43B1,
  0x02D1, 0x03F1, 0x61D0, 0x65B9, 0x78FE, 0xFEFF, 0xDEEF, 0xDFFF, 0xDFFF, 0xE839, 0x0000, 0x6130, 0x8DD3, 0x05DA, 0xC1D0, 0x20B8,
  0x00A8, 0x41A8, 0x41A0, 0x24A1, 0xE899, 0x15ED, 0xFCFE, 0x9CFF, 0x7BFF, 0xCDD3, 0xE2C0, 0x41E0, 0x41F0, 0x60F0, 0xE0F0, 0x00F9,
  0xE0E8, 0x63D1, 0xF1F4, 0x7CFF, 0xDEFF, 0xDFFF, 0xFFFF, 0xFFFF, 0xFFF7, 0xFEF7, 0xDDFF, 0x6ACA, 0x22D0, 0x61E8, 0x20E8, 0x20F0,
  0x20E8, 0x00E0, 0x21D8, 0x21B0, 0xCBC2, 0x59F6, 0xFCE6, 0xDBD6, 0x9BD6, 0x9AD6, 0x79C6, 0x38D6, 0xD6FD, 0x89CA, 0x20A0, 0x61C0,
  0x41C0, 0x82B0, 0xE498, 0x2479, 0x8238, 0x2110, 0x0100, 0x4821, 0x599D, 0x5DAE, 0x976C, 0x8F22, 0x6B09, 0x6A11, 0x4A11, 0x0A09,
  0xE910, 0xA808, 0x0500, 0x0400, 0x0300, 0x0200, 0x0300, 0x0400, 0x6700, 0xC908, 0x2B11, 0x4B11, 0x2A09, 0x0A01, 0xCC19, 0x524B,
  0x3985, 0x7664, 0x4919, 0x6500, 0x2200, 0x0529, 0x728C, 0x9BCE, 0xFFFF, 0x7EEF, 0xF07B, 0x0000, 0x0200, 0x0300, 0x2300, 0x0300,
  0x0300, 0x0100, 0x4B4A, 0xDCDE, 0xFFFF, 0x9EF7, 0xBBD6, 0xB7B5, 0x55AD, 0x109C, 0x6358, 0xE578, 0x92CC, 0x9DFF, 0xDEFF, 0xBEF7,
  0xDFFF, 0xBFFF, 0x1CF7, 0xF7CD, 0x17C6, 0xBDF7, 0xBEF7, 0xFFFF, 0xFFFF, 0xF07B, 0x6400, 0x0711, 0xA608, 0xA600, 0xC600, 0xA600,
  0xC700, 0xC700, 0xC700, 0xA700, 0xA700, 0xA600, 0xA600, 0xA600, 0xA600, 0xA600, 0xA600, 0xA600, 0xA600, 0xA600, 0xA600, 0x8600,
  0x8600, 0x8600, 0x8600, 0x8600, 0xA600, 0xA600, 0xA600, 0xA600, 0xA600, 0xA600, 0xA600, 0xA600, 0xA600, 0xA600, 0xA600, 0xC600,
  0xC700, 0xC700, 0xC700, 0xE700, 0x0701, 0x0701, 0x0801, 0x2901, 0x4901, 0x6A01, 0xCB01, 0x0C0A, 0x2D0A, 0xCF1A, 0x312B, 0x755C,
  0x7885, 0x9BAE, 0x9FCF, 0xBFD7, 0xFDB6, 0x9885, 0x3454, 0x302B, 0x6E12, 0xCB01, 0x8A01, 0x4901, 0x2801, 0x0801, 0x0801, 0xE700,
  0x0200, 0x0200, 0x0200, 0x0200, 0x0200, 0x0200, 0x0200, 0x0200, 0x2200, 0x2300, 0x0300, 0x0300, 0x0300, 0x2300, 0x2300, 0x2300,
  0x4300, 0x4300, 0x4300, 0x2300, 0x4300, 0x4300, 0x4300, 0x4300, 0x4300, 0x4300, 0x6400, 0x6400, 0x6400, 0x6400, 0x6500, 0x6500,
  0x6500, 0x8500, 0x8600, 0xA600, 0xA600, 0xA600, 0xC600, 0xC600, 0xC600, 0xC700, 0xE700, 0x0701, 0x0801, 0x0801, 0x2801, 0x4901,
  0x6901, 0x6901, 0x6901, 0x8A09, 0x8A09, 0x6A09, 0x4901, 0x4901, 0x6909, 0x4901, 0x2901, 0x2901, 0x4901, 0x4901, 0x4901, 0x4901,
  0x6901, 0xCB11, 0xAA09, 0x8A09, 0x8A09, 0x6A01, 0x4901, 0x4901, 0x4901, 0x6A09, 0x6A09, 0x4901, 0x6A01, 0x8A09, 0xAB11, 0xCB11,
  0xEA09, 0xAA09, 0x8A01, 0xCC09, 0xED09, 0x2E0A, 0x8F12, 0x1023, 0x923B, 0x713B, 0xB574, 0x1DCF, 0xDFFF, 0x7DFF, 0x16F6, 0xB1EC,
  0xE3B0, 0x21A8, 0xA6C1, 0x94FD, 0xBDFF, 0xDEF7, 0xBBBE, 0xAD32, 0x0801, 0x9253, 0x1274, 0xBFFF, 0x7DFF, 0x54ED, 0xC1A0, 0xC1C0,
  0x06FA, 0xA1E0, 0x40C0, 0xA5A9, 0xB9F6, 0xFEF7, 0xDEF7, 0xBFFF, 0xDFFF, 0xE839, 0x0000, 0x6138, 0x2BDB, 0x01C9, 0xA0C8, 0x20B0,
  0x41A0, 0x0088, 0xE7A9, 0xD2EC, 0x1BFF, 0x3CFF, 0x5DF7, 0xBEFF, 0xFAFE, 0xCAD2, 0x41C0, 0x40E8, 0x41F0, 0x40E8, 0xE0F0, 0x00E9,
  0x01E1, 0x43B9, 0xB5F5, 0xDEFF, 0xDEFF, 0xBFFF, 0x9FFF, 0xBFFF, 0xBEFF, 0xDDFF, 0xBDFF, 0x08BA, 0x01D0, 0x82E8, 0x20E8, 0x00E8,
  0x00E0, 0x20D8, 0x41D0, 0x41A0, 0xB2E4, 0x1CFF, 0xDBDE, 0xDBD6, 0x7AD6, 0x59D6, 0x79CE, 0xF7D5, 0x54FD, 0x07CA, 0x00B0, 0x20C8,
  0x42C8, 0x84B0, 0xA480, 0x4248, 0x0010, 0x4308, 0xEF5A, 0x1CB6, 0x1DA6, 0x6F22, 0xC900, 0x2A01, 0x2A19, 0x8710, 0x0300, 0x0300,
  0x0300, 0x0300, 0x2829, 0xAD5A, 0x6F6B, 0x2F63, 0xAD52, 0xCA39, 0xC710, 0x0500, 0x2600, 0x4700, 0xA800, 0xE908, 0x0A01, 0x0A01,
  0xAC11, 0x3664, 0xD453, 0x4911, 0x2300, 0x0108, 0x0000, 0xCD52, 0xBCCE, 0x97A5, 0x2D63, 0xAB52, 0xC831, 0x0619, 0x2300, 0xE618,
  0x4729, 0xA931, 0x3284, 0x5ACE, 0x3AC6, 0x55AD, 0x0942, 0x2200, 0x0000, 0x0128, 0xA460, 0x6EAB, 0xBDFF, 0x9CF7, 0xDEFF, 0xBFFF,
  0xBBF6, 0xF8ED, 0x10A4, 0x8649, 0x5094, 0x9DF7, 0xDFFF, 0xDBD6, 0xB594, 0x0200, 0xC608, 0xA600, 0xA600, 0xC700, 0xA600, 0xA600,
  0xA700, 0xC700, 0xA700, 0xA700, 0xA700, 0xA700, 0xA700, 0xA700, 0xA700, 0xA700, 0xA600, 0xA600, 0xA600, 0xA600, 0xA600, 0xC600,
  0xC600, 0xC600, 0xC600, 0xC600, 0xC600, 0xC600, 0xA600, 0xA600, 0xA600, 0xA600, 0xA700, 0xC700, 0xC700, 0xA700, 0xC700, 0xC700,
  0xC700, 0xC700, 0xE700, 0x0701, 0x0701, 0x0801, 0x2801, 0x4901, 0x6A01, 0xAB01, 0xCC01, 0x2D0A, 0x8F12, 0x7233, 0xF44B, 0x9985,
  0xFEBE, 0xDFDF, 0xBFE7, 0x1DCF, 0x1AA6, 0x167D, 0x9564, 0x713B, 0x8E1A, 0xEC09, 0x8A01, 0x4901, 0x0801, 0x0801, 0xE700, 0xE700,
  0x8410, 0x8410, 0x8408, 0x6408, 0x2300, 0x0200, 0x0200, 0x0200, 0x2300, 0x2300, 0x0300, 0x0300, 0x2300, 0x4400, 0x4400, 0x4300,
  0x4300, 0x2300, 0x2300, 0x4300, 0x4300, 0x4300, 0x4300, 0x4300, 0x4300, 0x4300, 0x4300, 0x6400, 0x6400, 0x4400, 0x4400, 0x4400,
  0x6500, 0x8500, 0x8500, 0x8600, 0xA600, 0xA600, 0xC600, 0xC600, 0xA600, 0xC700, 0xE700, 0xE700, 0x0701, 0x0801, 0x0801, 0x2901,
  0x4901, 0x4901, 0x4901, 0x6901, 0x6901, 0x6901, 0x4901, 0x2801, 0x2901, 0x2901, 0x4909, 0x4901, 0x2901, 0x4901, 0x4901, 0x4901,
  0x4901, 0x4901, 0x6901, 0x6901, 0x8A09, 0x8A09, 0x6A09, 0x6A09, 0x4901, 0x4901, 0x4901, 0x6A01, 0x6A01, 0x8A09, 0x8A09, 0xAA09,
  0xCA09, 0xEB11, 0x0C12, 0xCC09, 0xAC09, 0x4E1A, 0xAF22, 0xAE22, 0xEF32, 0x5464, 0x5EDF, 0xFFFF, 0x5EFF, 0xB3EC, 0x65B1, 0x61B0,
  0xA3E0, 0x83E0, 0x86C1, 0xB7FE, 0xFEFF, 0x3CDF, 0xE829, 0xC919, 0x7053, 0x7FDF, 0xDFFF, 0x1CFF, 0xB2EC, 0x85B1, 0xC1C8, 0x43E1,
  0x43E9, 0x81D0, 0x40A8, 0xD1EC, 0x5BFF, 0xFFFF, 0xBEFF, 0xDFFF, 0x5DEF, 0xC839, 0x0000, 0xA250, 0x2BEB, 0xC1C8, 0xA1C8, 0x60A8,
  0x6198, 0xC7A9, 0xB6F5, 0xDAF6, 0xFBF6, 0x3CEF, 0x7EEF, 0x9EFF, 0x9AFE, 0x49D2, 0x21D0, 0x41E8, 0x20F0, 0x40F0, 0xA0E0, 0x22E9,
  0x64D9, 0xE6C1, 0x57FE, 0xFEFF, 0xFEFF, 0xBEFF, 0xBFFF, 0xDFFF, 0xBEFF, 0xBEFF, 0x1BFF, 0xA7B1, 0x01B8, 0x42D8, 0x41D8, 0x41E0,
  0x41D8, 0x40C8, 0x62C0, 0x6190, 0xB2DC, 0x3CF7, 0xDADE, 0xBBD6, 0xBBDE, 0x59DE, 0x18D6, 0xD7ED, 0xCEE3, 0xC2B8, 0x20B8, 0x41C0,
  0x63B0, 0x8590, 0x8558, 0x0118, 0xE610, 0xCE4A, 0x5DB6, 0x7A9D, 0xCD29, 0x0A09, 0x4A11, 0x6608, 0x0308, 0x0218, 0x4340, 0x6350,
  0x6340, 0xA751, 0x36B5, 0xDFFF, 0xFFFF, 0xFFFF, 0xBFEF, 0x9BCE, 0x948C, 0x4829, 0x2500, 0x2500, 0x2600, 0x4700, 0x6700, 0x0A09,
  0xEA00, 0x6C11, 0x534B, 0x104B, 0xA518, 0x2210, 0x4210, 0x6308, 0x0000, 0xAF6B, 0xFFFF, 0x7EEF, 0x18BE, 0xB394, 0x6F6B, 0xB494,
  0x57A5, 0x57AD, 0xEA39, 0x0100, 0x2200, 0x0100, 0x2308, 0x0308, 0x6428, 0x6340, 0xF1B3, 0x1BFF, 0xDDFF, 0xBDF7, 0x7DFF, 0x76DD,
  0x8B9A, 0x2140, 0xA248, 0xEF9B, 0xFFFF, 0xFFFF, 0xD8B5, 0x8408, 0x2400, 0xC710, 0x8600, 0xC700, 0xA700, 0xA700, 0xA700, 0xA700,
  0xA700, 0xA700, 0xA700, 0xA700, 0xA700, 0xA700, 0xA700, 0xC700, 0xC700, 0xC700, 0xC700, 0xC700, 0xC600, 0xC600, 0xC600, 0xC600,
  0xC600, 0xC600, 0xC600, 0xC600, 0xC600, 0xC600, 0xC600, 0xA600, 0xA600, 0xC700, 0xA700, 0xA700, 0xC700, 0xC700, 0xC700, 0xE700,
  0xE700, 0x0801, 0x0801, 0x0701, 0x0701, 0x0801, 0x2901, 0x4A01, 0x8B01, 0xAB01, 0xEC01, 0x6F0A, 0xD012, 0x9333, 0xB764, 0x1C9E,
  0x9DBE, 0xDCC6, 0x1DD7, 0xFDCE, 0x7BB6, 0xB995, 0xF774, 0xB343, 0xCF22, 0x0C12, 0xAB09, 0x6A01, 0x0801, 0x0801, 0xE700, 0xC700,
  0xE618, 0xE618, 0xE618, 0xE618, 0xA510, 0x8408, 0x6408, 0x2300, 0x2300, 0x2300, 0x2300, 0x0300, 0x2300, 0x2300, 0x2300, 0x2300,
  0x4300, 0x4300, 0x4400, 0x4300, 0x4300, 0x4300, 0x4300, 0x4300, 0x6400, 0x6400, 0x6400, 0x6400, 0x4400, 0x6400, 0x6500, 0x6500,
  0x4400, 0x4400, 0x6500, 0x8500, 0x8600, 0xA600, 0xA600, 0xA600, 0xC600, 0xC600, 0xC700, 0xE700, 0xE700, 0x0801, 0x0801, 0x2801,
  0x2801, 0x2801, 0x4901, 0x4901, 0x4901, 0x4901, 0x2801, 0x0801, 0x0801, 0x0801, 0x2901, 0x4901, 0x4901, 0x4901, 0x2901, 0x2801,
  0x2801, 0x4901, 0x4901, 0x4901, 0x4901, 0x4901, 0x4909, 0x4909, 0x4901, 0x4901, 0x4901, 0x6A01, 0x6A01, 0x6A09, 0x8A09, 0x8A09,
  0x8909, 0x8A09, 0xAB11, 0xED11, 0x0D12, 0x4D1A, 0x6D22, 0xEA19, 0xB15B, 0xBFE7, 0xFFF7, 0x3CFF, 0x73EC, 0x05C1, 0x62D0, 0x82E0,
  0x41E8, 0x42D8, 0xC6C1, 0x97FE, 0xFEFF, 0x5DE7, 0x4D5B, 0x4E5B, 0xFFFF, 0x9EFF, 0xFBFE, 0xB1EC, 0x03B1, 0xA2C0, 0xC1D8, 0xC5F9,
  0xC2E0, 0x40C0, 0xC6B9, 0x98FE, 0x1AF7, 0xD6CD, 0x1CEF, 0xDFFF, 0x8E73, 0xA418, 0x0008, 0x2792, 0xE9F2, 0xC1D0, 0xC2C0, 0x2090,
  0x6188, 0x35F5, 0x99F6, 0xDAE6, 0x3CE7, 0x5DEF, 0x5DEF, 0x7DFF, 0x39FE, 0x87C1, 0x21D0, 0x40E0, 0x21F0, 0x21E8, 0x61D8, 0xA2C8,
  0xA2B0, 0x2CEB, 0x13FD, 0x33E5, 0x74E5, 0x34E5, 0x55ED, 0x14ED, 0x14E5, 0x34E5, 0x13DD, 0x8AAA, 0x87B1, 0x46B9, 0xE3B0, 0x61A8,
  0x20A8, 0x41A8, 0x0090, 0x65A1, 0x34ED, 0x9AF6, 0x9AE6, 0x9ADE, 0x9ADE, 0x59DE, 0xF7E5, 0xD7FD, 0x49C2, 0x20A8, 0x61B8, 0x82B0,
  0xC598, 0x4458, 0x0328, 0x0100, 0x1364, 0x5464, 0x0C2A, 0xED29, 0x8808, 0xE818, 0x0300, 0x0110, 0x4240, 0x4360, 0x8390, 0x25B1,
  0x0489, 0x51C4, 0xFFFF, 0x9EF7, 0xDFFF, 0xBEF7, 0xBEEF, 0xFFFF, 0x39BE, 0x0A42, 0x2400, 0x2408, 0x2500, 0x0500, 0x4700, 0x6800,
  0xE908, 0x0A11, 0x6B19, 0x2821, 0xEA59, 0xE969, 0x0018, 0xA410, 0x0000, 0x8F6B, 0xFFFF, 0x9EEF, 0xDFF7, 0xFFFF, 0xFFFF, 0xFFFF,
  0xFFFF, 0xB494, 0x0200, 0x4408, 0x0300, 0x2300, 0x4308, 0x2310, 0x2328, 0x8861, 0xFBFE, 0x9DFF, 0xDEFF, 0x9EFF, 0x71BC, 0x4258,
  0xA470, 0x8250, 0x0B93, 0xBEFF, 0x3DEF, 0x35A5, 0xC510, 0x8500, 0xA708, 0xA700, 0xA800, 0xC800, 0xC800, 0xA700, 0xA700, 0xA700,
  0xA700, 0xA700, 0xA700, 0xA700, 0xA800, 0xA700, 0xA700, 0xA700, 0xA700, 0xC700, 0xC700, 0xC700, 0xC600, 0xC600, 0xC600, 0xC600,
  0xC600, 0xC600, 0xC600, 0xC600, 0xC600, 0xC600, 0xC700, 0xC700, 0xC700, 0xC700, 0xC700, 0xC700, 0xE700, 0xE700, 0x0801, 0x0801,
  0x0801, 0x0801, 0x0801, 0x2801, 0x2801, 0x2901, 0x4901, 0x6B01, 0x8B01, 0xCC01, 0x0E02, 0xB012, 0x121B, 0xD43B, 0x975C, 0x9A85,
  0x1BA6, 0xBDC6, 0x5FDF, 0xBFDF, 0x3FCF, 0xDA95, 0x7564, 0x723B, 0xAF22, 0xCC09, 0x6A01, 0x2901, 0x0801, 0xE800, 0xE700, 0xC700,
  0x0200, 0x0300, 0x4408, 0x8510, 0xE618, 0x4721, 0x0721, 0x8410, 0xA510, 0xC510, 0x8408, 0x6400, 0x4300, 0x4300, 0x2300, 0x4300,
  0x6400, 0x6400, 0x4300, 0x2300, 0x4300, 0x4300, 0x4300, 0x4400, 0x6400, 0x6500, 0x6400, 0x6400, 0x6400, 0x4400, 0x4400, 0x4400,
  0x6500, 0x6500, 0x6500, 0x8500, 0x8600, 0xA600, 0xA600, 0xA600, 0xC600, 0xC700, 0xC600, 0xC600, 0xE700, 0x0701, 0x0801, 0x0801,
  0x0801, 0x2801, 0x2801, 0x4901, 0x2801, 0x0801, 0x0801, 0x2801, 0x0801, 0x0801, 0x0801, 0x0801, 0x0801, 0x0801, 0x2801, 0x4901,
  0x4901, 0x2801, 0x2801, 0x2801, 0x2801, 0x2801, 0x0901, 0x2901, 0x4901, 0x6A09, 0x6A09, 0x6A01, 0x6A01, 0x6A01, 0x6A01, 0x8A01,
  0x8909, 0x8909, 0x8A09, 0xAB11, 0xEC11, 0xCB11, 0x0B22, 0x6F53, 0x7EE7, 0xDFF7, 0x5CFF, 0x71E4, 0xC4B0, 0x42D0, 0xE3F0, 0x40E0,
  0x41F0, 0x21D0, 0xA7C1, 0x99FE, 0xBEFF, 0x7EF7, 0xFFFF, 0xFFFF, 0x9EFF, 0x38FE, 0x8CDB, 0xC1B0, 0x60C0, 0xA1D8, 0xA4F9, 0x63F1,
  0x40C8, 0x61B0, 0x0BDB, 0xF3E4, 0x697A, 0x2C83, 0x1CEF, 0xFFFF, 0xC318, 0x0100, 0x0010, 0xEAB2, 0xC5D9, 0xA1D0, 0x20A0, 0x0080,
  0xA699, 0x76ED, 0x9AEE, 0xFBE6, 0x1CE7, 0x3CE7, 0xBEF7, 0x7DFF, 0xF3EC, 0x66C1, 0x82D0, 0x61D0, 0x21D0, 0x01C0, 0xA7D9, 0x6ADA,
  0xAADA, 0xEBE2, 0x65C1, 0x2098, 0x82A8, 0x41A8, 0x21A8, 0x01B8, 0x22A8, 0x8288, 0x91DC, 0x3BFF, 0x7DFF, 0xBAFE, 0x95ED, 0xCEC3,
  0xCAB2, 0xCBC2, 0x89B2, 0x4DC3, 0xD7FD, 0x7AFE, 0xDBFE, 0xBAEE, 0x39DE, 0x18DE, 0xF7ED, 0xF4F4, 0x65B1, 0x41A8, 0x82A8, 0x8388,
  0x2150, 0x2228, 0x0200, 0xAD42, 0x1EBF, 0x187D, 0xA800, 0xA808, 0x8710, 0x2410, 0x0220, 0x4250, 0xA498, 0xC4C0, 0x83D8, 0x62C8,
  0x45B1, 0x92D4, 0x9EFF, 0xDFFF, 0xBEF7, 0xFFFF, 0x9EF7, 0xFFFF, 0x938C, 0x0000, 0x6308, 0x2308, 0x2400, 0x4508, 0x0400, 0x0400,
  0x0500, 0xC810, 0xC718, 0x0220, 0x6B92, 0x31DC, 0x6669, 0x0110, 0x0100, 0xAB52, 0xDBDE, 0xDFF7, 0xDFF7, 0xDFF7, 0xDFF7, 0xDFFF,
  0x7ACE, 0xC939, 0x0200, 0x0300, 0x2400, 0x2400, 0x0300, 0x6320, 0xC440, 0xAF93, 0x9DFF, 0xBEFF, 0x3DFF, 0x6FA3, 0x0148, 0xA478,
  0x0160, 0x4882, 0x3CFF, 0xBEFF, 0x1DE7, 0xC508, 0xA600, 0xC708, 0xA700, 0xA800, 0xA800, 0xC800, 0xC800, 0xA700, 0xA700, 0xA700,
  0xA700, 0xA700, 0xA700, 0xA800, 0xA800, 0xA700, 0xC700, 0xC700, 0xC700, 0xC700, 0xC700, 0xC700, 0xC700, 0xC700, 0xC700, 0xC600,
  0xC600, 0xC600, 0xC600, 0xC600, 0xC600, 0xC700, 0xC700, 0xE700, 0xE700, 0xC700, 0xE800, 0x0801, 0x0801, 0xE700, 0xE800, 0xE800,
  0x0801, 0x0801, 0x2801, 0x4801, 0x4901, 0x6901, 0x6A01, 0xAB01, 0xCC01, 0x0E0A, 0x6F0A, 0xF112, 0x531B, 0xD433, 0x1544, 0x186D,
  0x5C9E, 0x3FC7, 0x7FCF, 0x1EC7, 0x3B9E, 0x166D, 0x334C, 0xF02A, 0x4E12, 0xCB09, 0x6901, 0x2901, 0x0801, 0xE800, 0xC700, 0xC700,
  0x0300, 0x2300, 0x0300, 0x0300, 0x0200, 0x0200, 0x2300, 0x8408, 0xC510, 0x0619, 0x0619, 0xC510, 0x8508, 0x8408, 0x8408, 0x6400,
  0x4300, 0x4300, 0x4300, 0x2300, 0x2300, 0x4400, 0x4400, 0x4400, 0x6500, 0xA508, 0x8508, 0x8500, 0x8500, 0x8500, 0x6500, 0x6500,
  0x6500, 0x4400, 0x6500, 0x8500, 0x8500, 0xA600, 0xA600, 0xA600, 0xC700, 0xC600, 0xC600, 0xA600, 0xC700, 0x0801, 0x0801, 0x0801,
  0x0801, 0x0801, 0x2801, 0x2801, 0x2801, 0x0801, 0xE700, 0x0801, 0x0801, 0x0801, 0x0801, 0x0801, 0x2801, 0x2801, 0x0801, 0x0801,
  0x2801, 0x6901, 0x4901, 0x4901, 0x4901, 0x2801, 0xE800, 0x0801, 0x2901, 0x4901, 0x4901, 0x6A01, 0x6A01, 0x6A01, 0x6901, 0x6901,
  0x6909, 0x8A09, 0xCB11, 0xCB11, 0xEC11, 0xAA11, 0x6C32, 0x1DDF, 0xDFFF, 0x3DFF, 0x30D4, 0x25B1, 0xA3C0, 0x44E1, 0xA4F1, 0x60E8,
  0x41F0, 0x01D0, 0x87C1, 0x79FE, 0x9EFF, 0xBFFF, 0xDFFF, 0xDBF6, 0x14DD, 0x28BA, 0x81B0, 0xA0D0, 0xE1E0, 0xA3F9, 0xC5F9, 0xA1D8,
  0x20B8, 0x2098, 0x8288, 0xC799, 0xCC92, 0xFCF6, 0xDFFF, 0x5DEF, 0xE420, 0x0108, 0x6228, 0x6CCB, 0x63D9, 0x81C8, 0x40A0, 0x2078,
  0x6DC3, 0xF8ED, 0x7AE6, 0xFCEE, 0x5DEF, 0x5DE7, 0x7DF7, 0x7DFF, 0xEBB2, 0x62A0, 0x82C0, 0xC1C0, 0xC6C1, 0x48AA, 0xF3E4, 0xBAFE,
  0xDAFE, 0xE6B1, 0x41B0, 0x61D0, 0x61E0, 0x41D8, 0xC2D8, 0x82D8, 0x62C8, 0xC4A8, 0x55F5, 0xDEFF, 0xDEFF, 0x7EFF, 0x7EFF, 0x5DFF,
  0x3CFF, 0xDAFE, 0xB9FE, 0xAA9A, 0xABAA, 0x32D4, 0xF4DC, 0x97DD, 0x18E6, 0x19EE, 0x18FE, 0xCFD3, 0x6290, 0x82A8, 0xA398, 0x4158,
  0x0128, 0x0100, 0x6821, 0x5BAE, 0xFB9D, 0x8F32, 0x0909, 0x6600, 0x4410, 0x4338, 0xA578, 0xE5B0, 0x83C8, 0x41D8, 0x82E8, 0x41C0,
  0x69CA, 0x79F6, 0xFFFF, 0xFFEF, 0xFFF7, 0xDFFF, 0xBFFF, 0x1CE7, 0xAB52, 0x0000, 0x0100, 0x0200, 0x2300, 0x0300, 0x6508, 0x6929,
  0x4829, 0x0300, 0x0310, 0x6348, 0x4691, 0x49C2, 0x8AAA, 0x8238, 0x2210, 0x0100, 0x4E73, 0xFFFF, 0xDFF7, 0xFFFF, 0xDFF7, 0xFFFF,
  0x56A5, 0x2200, 0x2300, 0x2400, 0x2400, 0x0400, 0x2410, 0x2120, 0x295A, 0x1BEF, 0x7CF7, 0x1CF7, 0x6FA3, 0x2358, 0x4470, 0x6478,
  0xA368, 0x30AC, 0x7DFF, 0x3DEF, 0xB48C, 0x2711, 0xA600, 0xE808, 0x0909, 0xE808, 0xE808, 0xC800, 0xC800, 0xA800, 0xA700, 0xA700,
  0xA700, 0xA700, 0xA700, 0xA800, 0xA800, 0xA700, 0xC700, 0xC700, 0xC700, 0xC700, 0xC700, 0xC700, 0xC700, 0xC700, 0xC700, 0xC700,
  0xC700, 0xC700, 0xC700, 0xC700, 0xC600, 0xC700, 0xE700, 0xE700, 0x0701, 0xE800, 0x0801, 0x0801, 0x0801, 0x0801, 0x0801, 0x0801,
  0x2801, 0x2801, 0x4901, 0x4901, 0x4901, 0x4901, 0x6A01, 0x8B01, 0xED09, 0x6F12, 0x9012, 0x1213, 0x531B, 0xF433, 0x5544, 0x796D,
  0x1B8E, 0x9DA6, 0x5B9E, 0xD98D, 0x3775, 0x7454, 0xD23B, 0x8E1A, 0x0D12, 0xCB09, 0x4901, 0x4901, 0x0801, 0xE800, 0xC700, 0xC700,
  0x4300, 0x4300, 0x2300, 0x0200, 0x4300, 0x4300, 0x2200, 0x4300, 0x4300, 0x2300, 0x2300, 0x6400, 0xC510, 0x2719, 0x4719, 0xE610,
  0xA508, 0xA508, 0xA508, 0xC610, 0x6408, 0x0300, 0x2300, 0x2400, 0x2400, 0x4400, 0x6500, 0x8608, 0xA608, 0xC608, 0xC608, 0xA600,
  0x8500, 0xA600, 0x8600, 0x8500, 0xA600, 0x8600, 0xA600, 0xC600, 0xA600, 0xA600, 0xC600, 0xA600, 0xC700, 0xC700, 0xE700, 0x2801,
  0x0801, 0x0801, 0x0801, 0x2801, 0x0801, 0x0701, 0xE700, 0xE700, 0xE700, 0x0801, 0x0801, 0x0801, 0x0801, 0x0801, 0x2801, 0x2801,
  0x0801, 0x0801, 0x2801, 0x2801, 0x2801, 0x2901, 0x2801, 0x2801, 0x2801, 0x2801, 0x4801, 0x6901, 0x6901, 0x6909, 0x8909, 0x8909,
  0xA911, 0x8911, 0x8911, 0xCA19, 0xA909, 0x6811, 0xF594, 0xFFFF, 0x7DFF, 0xD3EC, 0xA3A8, 0xE4C0, 0x86C1, 0x2FFC, 0x24D1, 0x20E0,
  0x62F0, 0x01D8, 0x04D1, 0x51F4, 0x76F5, 0x56F5, 0x35F5, 0xCEE3, 0xA1A8, 0xA1C0, 0x22E1, 0xA3F1, 0x24FA, 0xC3F1, 0xA1C8, 0x40A8,
  0xE3A8, 0x8AB2, 0x2DAB, 0xBBFE, 0x9FFF, 0xFFFF, 0xFFFF, 0x7294, 0x2208, 0x2108, 0xA459, 0x8BE3, 0x63E1, 0xC2D0, 0x2098, 0xA280,
  0xF4EC, 0x5AF6, 0x9BEE, 0xDBE6, 0x3CE7, 0x5DEF, 0x7DFF, 0x7DFF, 0xCBA2, 0x6691, 0x8ABA, 0x0FDC, 0x78FE, 0x7DFF, 0xDEFF, 0x9DFF,
  0x9AFE, 0x87B9, 0x21C0, 0x40D0, 0x20D8, 0x20E0, 0x20E0, 0x41D8, 0x62C0, 0x6290, 0x76F5, 0xBFFF, 0xDFF7, 0xBFF7, 0x9EF7, 0x7DF7,
  0x5CEF, 0xFBEE, 0xBAFE, 0x0892, 0x0060, 0x2070, 0x8278, 0x29A2, 0xCFC3, 0xB2D4, 0x75F5, 0x8AB2, 0x0078, 0x4288, 0xA378, 0x2138,
  0x2108, 0x4308, 0x136C, 0xFFC6, 0x3143, 0xCC11, 0x0911, 0x0308, 0x2338, 0x8588, 0xE6C8, 0x63D0, 0x21C8, 0x21D0, 0x21C0, 0xA4B0,
  0x10E4, 0xFBF6, 0x79CE, 0xD8B5, 0xD9B5, 0xD8B5, 0x39C6, 0x928C, 0x494A, 0x4D63, 0xAB52, 0x0942, 0x4729, 0x0200, 0x0721, 0x7CCE,
  0x98AD, 0x2200, 0x0210, 0xA458, 0xE490, 0x82A0, 0xCADA, 0x2892, 0x0010, 0x0100, 0x8C5A, 0x1DE7, 0xDFFF, 0xDFF7, 0xDEF7, 0x9EEF,
  0x4E63, 0x0200, 0x2400, 0x0400, 0x2408, 0x0300, 0x8420, 0x6338, 0x0C7B, 0xFFFF, 0xBEFF, 0xF0BB, 0x0048, 0x2278, 0x6378, 0x0058,
  0x4561, 0xDFFF, 0xDFFF, 0xDCD6, 0x0300, 0x2809, 0x0801, 0x2909, 0x0801, 0xE800, 0xE900, 0xE800, 0xC800, 0xC800, 0xC800, 0xC800,
  0xC700, 0xC700, 0xA700, 0xC700, 0xA700, 0xC700, 0xC700, 0xC700, 0xC700, 0xC700, 0xC700, 0xC700, 0xC700, 0xC700, 0xC700, 0xC700,
  0xC700, 0xC700, 0xC700, 0xC700, 0xE700, 0xE700, 0xE700, 0x0701, 0x0801, 0x0801, 0x0801, 0x0801, 0x0901, 0x2901, 0x2901, 0x4901,
  0x4A01, 0x4A01, 0x6A01, 0x8B01, 0x8B01, 0xAB01, 0xCC09, 0xED09, 0x2E0A, 0x6F0A, 0xB00A, 0x1213, 0x5313, 0xD423, 0x3534, 0x9644,
  0xD754, 0x1865, 0xF75C, 0xB65C, 0x7454, 0xF343, 0x502B, 0x4D12, 0xEC09, 0xAB09, 0x6A01, 0x0801, 0xE800, 0xC700, 0xC700, 0xA600,
  0x2300, 0x2300, 0x4300, 0x4300, 0x4300, 0x4300, 0x2300, 0x2300, 0x4300, 0x4300, 0x4300, 0x4300, 0x2300, 0x2300, 0x4300, 0x6400,
  0xE610, 0x2719, 0x2719, 0x2719, 0x0719, 0xE610, 0xC610, 0xA610, 0x8508, 0x8500, 0x6500, 0x6400, 0x4400, 0x6500, 0xA500, 0xA600,
  0xC600, 0xE708, 0x0709, 0x2809, 0x0809, 0x0809, 0xC700, 0x8600, 0x6500, 0xA600, 0xC708, 0xA600, 0xC700, 0xC700, 0x0801, 0x2801,
  0x0801, 0x0801, 0x0801, 0x0801, 0x0801, 0x0701, 0xE700, 0xE700, 0xC700, 0xC700, 0xC700, 0xE700, 0x0801, 0x0801, 0x0801, 0xE800,
  0xE800, 0x0801, 0x0801, 0x0801, 0x2801, 0x2801, 0x2801, 0x2801, 0x2801, 0x4801, 0x4801, 0x4801, 0x6801, 0x6909, 0x8909, 0xA911,
  0xCA19, 0xEA21, 0xCA21, 0x8919, 0x2601, 0x5274, 0xBFFF, 0x7DFF, 0x34E5, 0x46B1, 0x82B8, 0x04B9, 0xD2FC, 0xCEDB, 0x04D9, 0x42E8,
  0x00E8, 0x61E8, 0x62E0, 0x41C0, 0x25C1, 0x04C1, 0x61C0, 0x61C8, 0xC2D8, 0x22E1, 0xE4E9, 0x66EA, 0x45DA, 0x04C2, 0x06BA, 0xA9BA,
  0xB6F5, 0xDBFE, 0xDFFF, 0xFFFF, 0xFFFF, 0xB7B5, 0x15A5, 0xA831, 0x0200, 0x2110, 0x299B, 0x49F3, 0x23E1, 0x61B8, 0x2090, 0xA278,
  0xF4DC, 0x5AEE, 0x9AE6, 0xDBE6, 0xBBE6, 0x5DFF, 0x1CFF, 0x17E6, 0xEFB3, 0xF3D4, 0xFBFE, 0x5CFF, 0x9DFF, 0xDFFF, 0xDFFF, 0x9EFF,
  0x52E4, 0x84B8, 0x21D0, 0x20D0, 0x20D0, 0x20E0, 0x00E8, 0x00D8, 0x62B0, 0xE8A9, 0x39FE, 0x9FFF, 0xDFF7, 0xDFEF, 0x9EEF, 0x7EEF,
  0x3CE7, 0xFCEE, 0xD8ED, 0xC791, 0x2078, 0x4088, 0x2088, 0x4188, 0x4178, 0x4160, 0xA689, 0xEBBA, 0x6AB2, 0x8BBA, 0xC558, 0x2118,
  0x0100, 0xF36B, 0xDFBE, 0x766C, 0xE900, 0xAD19, 0x6610, 0x0118, 0xA478, 0xE5C0, 0x42C8, 0xE4D0, 0x86C9, 0x28CA, 0x4AC2, 0x11DC,
  0xF0AB, 0x8741, 0x2100, 0x2300, 0x0300, 0x4300, 0x0000, 0x518C, 0xFFFF, 0xFFFF, 0xDFFF, 0x9EF7, 0xD8BD, 0x1284, 0xCD5A, 0x3284,
  0x98AD, 0x2B42, 0x0100, 0x8448, 0xA380, 0x41A0, 0xC6D1, 0x69BA, 0x8240, 0x4318, 0x0100, 0xD17B, 0xFFFF, 0x9EEF, 0xFFFF, 0xD7B5,
  0x2100, 0x6408, 0x0300, 0x0400, 0x0300, 0x0208, 0x0220, 0x297A, 0xD7E5, 0x5DFF, 0xEFAB, 0x4158, 0x6278, 0x2280, 0x2168, 0x0469,
  0x6D93, 0xDFFF, 0x3DE7, 0x537C, 0x0811, 0x4909, 0x2909, 0xE700, 0x2809, 0x2909, 0x0901, 0xE800, 0xE800, 0xE800, 0xE800, 0xE800,
  0xE800, 0xE800, 0xC700, 0xC700, 0xC700, 0xC800, 0xC800, 0xC800, 0xC800, 0xC800, 0xC800, 0xC700, 0xC700, 0xC700, 0xC800, 0xE800,
  0xE800, 0xE800, 0xE800, 0xE800, 0xE700, 0xE700, 0x0801, 0x0801, 0x2801, 0x2801, 0x2901, 0x2901, 0x4901, 0x4901, 0x4901, 0x6A01,
  0x8B01, 0xAB09, 0xAC01, 0xCC01, 0xCC01, 0xED01, 0x0D0A, 0x2E0A, 0x4E0A, 0x6F0A, 0xB00A, 0x110B, 0x520B, 0x531B, 0x9323, 0xD42B,
  0x1534, 0x5644, 0x3544, 0x1444, 0xB233, 0x512B, 0xCE22, 0x0C0A, 0xAB09, 0x6A01, 0x4901, 0x0801, 0xC700, 0xC700, 0xA600, 0xA600,
  0x6408, 0x6300, 0x4300, 0x2200, 0x2300, 0x4300, 0x2300, 0x2300, 0x4300, 0x6300, 0x4300, 0x2300, 0x2300, 0x4400, 0x6400, 0x4300,
  0x4400, 0x4300, 0x4400, 0x4400, 0xA508, 0x4821, 0x6921, 0x4821, 0x2719, 0xE610, 0xC608, 0xA608, 0xA608, 0xA600, 0x6500, 0x4400,
  0x6500, 0xC600, 0x2811, 0xAA19, 0xAA19, 0xAA19, 0x6911, 0x2809, 0x2811, 0xC700, 0xA600, 0xA600, 0xC700, 0xC700, 0x0801, 0x2801,
  0x2801, 0x0801, 0x0701, 0x0801, 0x0801, 0x0701, 0xE700, 0x0801, 0xE700, 0xE700, 0xC700, 0xC700, 0xE700, 0xE700, 0xE700, 0x0801,
  0x0801, 0x0801, 0x0801, 0x0801, 0x2801, 0x0801, 0x0701, 0x0701, 0x2801, 0x2801, 0x2801, 0x6909, 0x6909, 0x8909, 0x8911, 0xAA11,
  0x0A22, 0xEE4A, 0x505B, 0xCE52, 0xEE5A, 0xFFF7, 0xDEFF, 0x99FE, 0x85A1, 0xC3B0, 0xE4B0, 0x50EC, 0xF5FD, 0x23A9, 0x62D8, 0x01F0,
  0x40F0, 0x60E8, 0x20E8, 0x62F0, 0x61E0, 0x61E0, 0x82E8, 0x81E0, 0xC2D8, 0x43D1, 0x27D2, 0x6BD3, 0x2ECC, 0xD4ED, 0x98FE, 0x7DFF,
  0x9DFF, 0xBEFF, 0x79D6, 0x18C6, 0xF8BD, 0x2621, 0x0200, 0x2400, 0x0300, 0x4120, 0xEDCB, 0xA4C9, 0xC2D0, 0x41B0, 0x4180, 0xE791,
  0x75E5, 0x9AEE, 0x79E6, 0xDBF6, 0x9AF6, 0x18EE, 0x51BC, 0x8D93, 0xD9F6, 0xDDFF, 0x9DFF, 0x9DFF, 0xBEFF, 0xFFFF, 0xDEFF, 0x5DFF,
  0xECCA, 0x01B0, 0x20D8, 0x20D8, 0x20D8, 0x20D8, 0x00E0, 0x21D0, 0xA2B0, 0x51E4, 0x3DFF, 0x9FFF, 0xBFF7, 0xBFEF, 0x9EE7, 0x7DE7,
  0x1CE7, 0x3DFF, 0x6FAB, 0x4270, 0x4180, 0x2188, 0x2188, 0x2188, 0x0180, 0x2270, 0x0150, 0x51CC, 0x19FE, 0x56ED, 0xA859, 0x2108,
  0xA510, 0xF78C, 0xFC9D, 0x0E1A, 0xCE19, 0xC908, 0x0310, 0x2140, 0xC398, 0xC3D0, 0x00B8, 0xCBE2, 0x75FD, 0x38FE, 0x3DFF, 0xD8DD,
  0x4531, 0x2200, 0x4400, 0x4408, 0x2408, 0x4308, 0xA318, 0x15AD, 0xFFFF, 0x9EF7, 0x9EEF, 0xDFFF, 0xDFFF, 0xFFFF, 0x15A5, 0x0100,
  0xA510, 0xC618, 0x0308, 0x0120, 0x4260, 0x82A0, 0xC3B8, 0x6ADA, 0x4AA2, 0x0128, 0x0000, 0x2E63, 0x1CE7, 0xFFFF, 0xDFFF, 0x14A5,
  0x0000, 0x0100, 0x8508, 0xA510, 0xE628, 0x0639, 0x6338, 0xEC9A, 0x9AFE, 0x72CC, 0x2150, 0x4270, 0x2278, 0x2278, 0x0050, 0x4982,
  0x7DFF, 0xFFFF, 0x19BE, 0x6400, 0x0809, 0x0801, 0x0801, 0x0809, 0x0709, 0xA600, 0xE700, 0xE800, 0x0801, 0x0801, 0x0801, 0xE800,
  0x0801, 0xE800, 0xE800, 0xE800, 0xE800, 0x0801, 0x0801, 0x0801, 0x0801, 0x0801, 0xE800, 0xE800, 0xE800, 0xE800, 0xE800, 0xE800,
  0xE800, 0x0801, 0x0801, 0x0801, 0x0801, 0x0801, 0x2801, 0x2801, 0x2801, 0x4901, 0x4901, 0x6901, 0x6A01, 0x6A01, 0xAB09, 0xCC09,
  0xCC09, 0xCC01, 0xCC01, 0x0D0A, 0x0D0A, 0x2D0A, 0x4E0A, 0x4E0A, 0x4F0A, 0x6F02, 0x9002, 0xD10A, 0xF10A, 0x3213, 0x521B, 0x521B,
  0x7223, 0x932B, 0x722B, 0x712B, 0x302B, 0xEF22, 0x6D1A, 0xAA01, 0x6A01, 0x4901, 0x2901, 0xE800, 0xC700, 0xC700, 0xC600, 0xA600,
  0x0619, 0xE618, 0xC510, 0xA510, 0xA510, 0x8408, 0x6408, 0x4300, 0x4300, 0x2300, 0x2300, 0x6300, 0x6300, 0x4300, 0x6400, 0x4400,
  0x4400, 0x4300, 0x4400, 0x4400, 0x4300, 0x4300, 0x2300, 0x8508, 0xA608, 0xE608, 0x6921, 0xA921, 0x6919, 0x0711, 0xE708, 0x0711,
  0x2711, 0x2809, 0x2809, 0x4811, 0x8A19, 0x8911, 0xCA19, 0xCA21, 0x8919, 0x6911, 0x2811, 0x2809, 0x0801, 0xE700, 0x0801, 0x0801,
  0x0801, 0x0801, 0x0801, 0x0801, 0x0801, 0xE700, 0xE700, 0x0801, 0xE800, 0xE800, 0xE700, 0xE800, 0x0801, 0xE700, 0xE700, 0xE700,
  0xE700, 0x0801, 0x0801, 0x0801, 0x0801, 0x0801, 0x0801, 0x0801, 0x0801, 0x0801, 0x0801, 0x4801, 0x4909, 0x6909, 0x6911, 0x8911,
  0xEA21, 0x8D3A, 0x5063, 0x17A5, 0x9FFF, 0xDFFF, 0x5CFF, 0x2FDC, 0xE3B0, 0x82B8, 0xABCA, 0x98FE, 0x57FE, 0xE3B0, 0x21E0, 0x21F8,
  0x00F0, 0x60F0, 0x40F0, 0x20F0, 0x41E8, 0x21E0, 0x20D8, 0x81C8, 0xC6D9, 0x0ADB, 0x13ED, 0x98FE, 0xDDFF, 0xFFFF, 0xFFFF, 0xBBDE,
  0x9AD6, 0x39C6, 0x2521, 0x0000, 0x0100, 0x0300, 0x4508, 0x2508, 0x0208, 0x2128, 0x6CD3, 0x23C9, 0xA2D0, 0x20A0, 0x6178, 0xB1D4,
  0x38EE, 0x39E6, 0x79F6, 0xD7ED, 0x35ED, 0x6681, 0x0048, 0x91C4, 0x9CFF, 0xBDF7, 0xDEFF, 0xBEFF, 0xDFFF, 0xDFF7, 0xFEFF, 0x3BFF,
  0xAACA, 0x00B0, 0x40D8, 0x20D8, 0x00D8, 0x20D8, 0x41E0, 0x41C8, 0x8298, 0x34DD, 0xDFFF, 0xDFF7, 0xBFE7, 0x9FE7, 0x9EE7, 0x5DE7,
  0xFBE6, 0x1CFF, 0xACA2, 0x0270, 0x2180, 0x2188, 0x2188, 0x2188, 0x4288, 0x2278, 0x0569, 0xD4C4, 0x9BF6, 0xAB6A, 0x0000, 0x2308,
  0x1374, 0x3FC7, 0x165C, 0x8C09, 0x2B11, 0x2500, 0x0230, 0xC280, 0xE2C0, 0x61D8, 0x61B8, 0xCFDB, 0x9AF6, 0xDBEE, 0xFFFF, 0x949C,
  0x0100, 0x8508, 0x2400, 0x2408, 0x6510, 0x2300, 0x0F63, 0xFAC5, 0x7FF7, 0xBFF7, 0xFFFF, 0xFFFF, 0xFFFF, 0xDBD6, 0x2D63, 0x0200,
  0x2408, 0x0400, 0x2400, 0x0208, 0x2140, 0x8390, 0x42A8, 0x05C9, 0x2AC2, 0x4248, 0x2220, 0x0100, 0xED5A, 0x1CE7, 0x19C6, 0x5294,
  0x2D63, 0xB073, 0xF594, 0x948C, 0x37BD, 0x90A3, 0x4250, 0xAAA2, 0x72DC, 0x0160, 0x6378, 0x4280, 0x2278, 0x4270, 0x8258, 0x30B4,
  0x7DFF, 0x7DEF, 0xD494, 0xA608, 0x4911, 0x2901, 0x4909, 0xE708, 0x2811, 0x4C3A, 0x0709, 0x0801, 0x0801, 0x0801, 0x0801, 0x0801,
  0x0901, 0x0901, 0x0901, 0x0801, 0x0801, 0x0801, 0x0801, 0x0801, 0x0801, 0x0801, 0x0801, 0x0801, 0x0801, 0x0801, 0x0801, 0x0801,
  0x0801, 0x0801, 0x0801, 0x0801, 0x2801, 0x2801, 0x4801, 0x4901, 0x4901, 0x6901, 0x6A01, 0x8A01, 0xAB01, 0xAB01, 0xCC09, 0x0C0A,
  0x2D0A, 0x6E12, 0x6E12, 0x8F12, 0x6E0A, 0x6E0A, 0x4E0A, 0x6F0A, 0x4F0A, 0x4F0A, 0x6F02, 0x9002, 0xB00A, 0xF112, 0xF112, 0xD112,
  0xD012, 0x111B, 0xF01A, 0xD01A, 0xAF1A, 0x6E12, 0x0C0A, 0x6901, 0x4901, 0x2901, 0x0801, 0x0801, 0xC700, 0xC600, 0xC600, 0xA600,
  0x4300, 0x6408, 0xC510, 0xE618, 0x2619, 0x0619, 0xC510, 0xA408, 0x8408, 0x8408, 0x8408, 0x6300, 0x4300, 0x4300, 0x2300, 0x0300,
  0x6400, 0x6400, 0x6400, 0x6400, 0x6400, 0x6400, 0x4400, 0x4400, 0x6400, 0x6400, 0x6500, 0x8500, 0xA600, 0xE708, 0x4811, 0x8919,
  0xAA21, 0xAA21, 0xAA19, 0xAA19, 0xAA19, 0x8911, 0x6911, 0x4911, 0x6919, 0x8A19, 0x8A19, 0xAA19, 0x6911, 0x0801, 0x0801, 0x0801,
  0x0801, 0xE800, 0x0801, 0x0801, 0x0801, 0xE700, 0xE700, 0xC700, 0xE700, 0xE700, 0xE800, 0x0801, 0x0801, 0x0801, 0x0801, 0x0801,
  0xE700, 0xE700, 0x0801, 0x0801, 0x0801, 0x0801, 0x0801, 0x0801, 0x2801, 0x2801, 0x2801, 0x2801, 0x2809, 0x6911, 0x4911, 0x6911,
  0xE919, 0xCA21, 0x8929, 0xEE5A, 0x9FFF, 0xFFFF, 0x78F6, 0x65A9, 0x81C0, 0xA2B0, 0x34F5, 0x3AFF, 0x2FE4, 0x82C0, 0x62E8, 0x61F0,
  0x61F8, 0x60F0, 0x61E0, 0x61D8, 0x82C0, 0x65D1, 0xC6B9, 0xCAC2, 0x74F5, 0xFAFE, 0xBDFF, 0xFFFF, 0xDEFF, 0x38C6, 0x19C6, 0xC939,
  0x4308, 0x8410, 0x4300, 0x2308, 0x4410, 0x2308, 0x0308, 0x0408, 0x0210, 0xE458, 0x2BE3, 0x03D1, 0x82D0, 0x2198, 0x4170, 0xF6F5,
  0x99F6, 0x39F6, 0x76ED, 0x09A2, 0x4278, 0xC490, 0x2168, 0xD3D4, 0x9DFF, 0xDEF7, 0xDFF7, 0xDFF7, 0xBFFF, 0xDFFF, 0xDEFF, 0xF7FD,
  0xE7C1, 0x20B8, 0x40D0, 0x20D8, 0x00D8, 0x21D0, 0x42D8, 0x62B8, 0xC388, 0x95E5, 0xFFFF, 0xDFE7, 0xBFE7, 0x7EE7, 0x5DE7, 0x3CE7,
  0x1BE7, 0xD7E5, 0x6781, 0x0178, 0x2288, 0x2188, 0x4188, 0x4180, 0x4280, 0x0068, 0xCC9A, 0xD7CD, 0x7AD6, 0xCC5A, 0x0100, 0x0200,
  0xF784, 0x7985, 0x2E1A, 0xCD19, 0x6808, 0x0318, 0x8470, 0xC2B8, 0x60D8, 0x20C8, 0xE8D1, 0xD7FD, 0xDCF6, 0x3AD6, 0x19CE, 0x4F6B,
  0x2300, 0x4408, 0x4510, 0x4510, 0x4408, 0x2400, 0x0300, 0xA510, 0x0F63, 0x3284, 0x97B5, 0x76AD, 0x5DE7, 0x96AD, 0xC418, 0x2200,
  0x2400, 0x4608, 0x2500, 0x0400, 0x0220, 0x4260, 0xA4A8, 0x63B8, 0xC9D1, 0x6789, 0x0018, 0x2208, 0xC510, 0x8210, 0x2D6B, 0xFFFF,
  0xBFF7, 0xDFEF, 0xBFE7, 0x5EEF, 0x9BF6, 0xCC9A, 0x2160, 0xC380, 0x8380, 0x4278, 0x4280, 0x2280, 0x2278, 0x2260, 0x4561, 0x5DFF,
  0xFFFF, 0x7ACE, 0xE510, 0x0709, 0x2909, 0x0809, 0x2809, 0x0711, 0xB06B, 0x7BC6, 0xC708, 0x0801, 0x2901, 0x0901, 0x0901, 0x0901,
  0x0901, 0x0901, 0x0901, 0x0801, 0x0801, 0x0801, 0x0801, 0x0801, 0x0801, 0x0801, 0x0901, 0x0801, 0x0801, 0x0801, 0x0901, 0x2901,
  0x2901, 0x2901, 0x2901, 0x2901, 0x2901, 0x4901, 0x4901, 0x4901, 0x6901, 0x6A01, 0x8B01, 0xCC09, 0x0D12, 0x2D12, 0x4D12, 0x8E12,
  0xAF1A, 0xEF1A, 0xEF1A, 0x101B, 0xF012, 0xAF12, 0x6F0A, 0x4F0A, 0x4F0A, 0x4F0A, 0x4F02, 0x4F02, 0x6F02, 0x900A, 0x900A, 0x6F0A,
  0x6F0A, 0xAF12, 0x8F12, 0x8F1A, 0x4E12, 0x0D0A, 0x8B01, 0x4901, 0x4901, 0x2801, 0xE700, 0xC700, 0xC600, 0xC600, 0xC700, 0xA600,
  0x2300, 0x2200, 0x0200, 0x0200, 0x0200, 0x2300, 0x8408, 0xE618, 0x4721, 0x6821, 0x0619, 0xC510, 0xA508, 0xA510, 0xC510, 0x8408,
  0x4400, 0x2300, 0x2300, 0x4400, 0x4400, 0x4400, 0x6400, 0x8500, 0x6500, 0x6500, 0x6400, 0x6400, 0x6500, 0x8500, 0x6500, 0x8500,
  0x0709, 0x4811, 0x6911, 0x6911, 0x8911, 0xCA19, 0xCA19, 0xAA19, 0x8A19, 0x8919, 0xAA19, 0xAA19, 0x2809, 0xA600, 0xC700, 0x0801,
  0x2801, 0x0801, 0x0801, 0x0701, 0x0701, 0x0801, 0xE700, 0xC700, 0xC700, 0xC700, 0xE700, 0xE700, 0xC700, 0xE700, 0x0801, 0x2809,
  0x2809, 0x0801, 0x0801, 0x0801, 0x0701, 0x0701, 0x0801, 0x0801, 0x0801, 0x0801, 0x2801, 0x2809, 0x2809, 0xC600, 0x6919, 0x4811,
  0x8809, 0xA919, 0xE608, 0xE931, 0xBFF7, 0x7DFF, 0xD2EC, 0x45C9, 0xA2C0, 0xEADA, 0xFAFE, 0xDAFE, 0x49CA, 0x42D0, 0x82E8, 0x40D8,
  0x20E0, 0x21D8, 0x82C0, 0xC6C1, 0x4DD3, 0x76FD, 0xFBFE, 0x9DFF, 0xFFFF, 0xFFFF, 0x1CDF, 0x39C6, 0x97B5, 0xC520, 0x0200, 0x4400,
  0x0300, 0x0408, 0x0308, 0x0208, 0x0108, 0xC520, 0x6310, 0x0200, 0x2118, 0x4892, 0xEAEA, 0xA2D0, 0x42C0, 0x2190, 0x0060, 0xD6ED,
  0x99FE, 0xF4E4, 0x0581, 0x2280, 0x0288, 0x2290, 0x2278, 0x96ED, 0x9EFF, 0xBEF7, 0xFFEF, 0xFFF7, 0xBFFF, 0xBEFF, 0x9DFF, 0x51D4,
  0x04B1, 0x40B8, 0x60D0, 0x40D8, 0x00C8, 0x01C0, 0x01B0, 0x4198, 0xCBBA, 0xBAFE, 0xFFFF, 0xDFFF, 0x7EEF, 0x5EF7, 0x3DF7, 0xFBE6,
  0xFBEE, 0xD3C4, 0xE470, 0x2288, 0x0188, 0x0088, 0x2188, 0x4180, 0x4178, 0x2060, 0x31B4, 0x7AD6, 0x18C6, 0x4A4A, 0x0000, 0xE929,
  0x3B9E, 0x3454, 0x8A09, 0xEA10, 0x0408, 0x2340, 0x8498, 0xA3D0, 0x81D0, 0xE3B8, 0x6ABA, 0xF5CC, 0x56B5, 0x0D63, 0x2208, 0x0000,
  0x0100, 0x0100, 0x0200, 0x0100, 0x2400, 0xA610, 0xC710, 0x0400, 0x0000, 0x0000, 0x0000, 0x0000, 0x4D63, 0x8F6B, 0x0000, 0x4400,
  0x2500, 0x0500, 0x4600, 0x2500, 0x2210, 0x2140, 0xC490, 0xA4B8, 0x26C1, 0x4699, 0x0130, 0x2310, 0x4300, 0x0000, 0xED62, 0xDFFF,
  0x3DE7, 0x3DDF, 0x5DD7, 0xFCDE, 0xF8E5, 0xA781, 0x0170, 0x2180, 0x4280, 0x4278, 0x2178, 0x4278, 0x4278, 0x4260, 0x0972, 0xBFFF,
  0x7EEF, 0xF594, 0xA500, 0xE700, 0x0809, 0x2809, 0xA500, 0xEE52, 0xFFFF, 0xF69C, 0xE710, 0x0801, 0x0901, 0x0901, 0x0901, 0x0901,
  0x0901, 0x0901, 0x0901, 0x0901, 0x0901, 0x0901, 0x0901, 0x0901, 0x0901, 0x0901, 0x0901, 0x0801, 0x0901, 0x0901, 0x0901, 0x2901,
  0x2901, 0x4901, 0x4901, 0x4901, 0x4901, 0x6901, 0x6A01, 0x8A01, 0x8A01, 0x8B01, 0xCC01, 0x0D0A, 0x2D0A, 0x4E12, 0xAF1A, 0x302B,
  0xB23B, 0x1344, 0x1344, 0xD333, 0x922B, 0xF012, 0x8F0A, 0x4E02, 0x4F02, 0x4F0A, 0x2F02, 0x2E02, 0x2E02, 0x2E02, 0x0E02, 0x0E02,
  0x0D02, 0x4E12, 0x4E12, 0x2D12, 0xEC09, 0xCC09, 0x6A01, 0x2901, 0x2801, 0x0801, 0xE700, 0xE700, 0xA600, 0xA600, 0xA600, 0xA600,
  0x2300, 0x2300, 0x2300, 0x2300, 0x2200, 0x0200, 0x0200, 0x2200, 0x2300, 0x2300, 0x4300, 0xC510, 0x2719, 0x2719, 0x4721, 0x0719,
  0xC610, 0xA508, 0xA610, 0xA508, 0xA508, 0x6400, 0x6400, 0x6400, 0x6500, 0x6500, 0x6500, 0x8500, 0x8500, 0xA500, 0xC600, 0xC600,
  0xE600, 0x2809, 0x6911, 0x4811, 0x4809, 0x4809, 0x6909, 0x8911, 0xCA19, 0x2C2A, 0x0C22, 0xCB19, 0x8A11, 0x6911, 0x6911, 0x2801,
  0x0801, 0xE800, 0xE700, 0x2801, 0x0801, 0xE700, 0xC700, 0xC700, 0xE700, 0xE700, 0xC700, 0xC700, 0xC700, 0xE700, 0x0701, 0x0801,
  0x2809, 0x4809, 0x2809, 0x2809, 0x2801, 0x2801, 0x2801, 0x2801, 0x0801, 0x0701, 0x0701, 0xE708, 0x4819, 0x6D3A, 0xE710, 0x6919,
  0x6809, 0x6911, 0x6811, 0x8F5B, 0xDFF7, 0x79FE, 0x45A1, 0x63B8, 0xA6C9, 0xF5FD, 0x7CFF, 0x1AFF, 0xEBD2, 0x63C0, 0x83C8, 0xC3C0,
  0xA7D9, 0x08CA, 0x0BCB, 0x38FE, 0x5DFF, 0xBFFF, 0xFFFF, 0xBBD6, 0x59BE, 0xB7AD, 0x2619, 0x2300, 0x0308, 0x4408, 0x4400, 0x2300,
  0x0308, 0x0218, 0x0128, 0xC448, 0x2651, 0xAC7A, 0xA420, 0x0100, 0x4120, 0x0AB3, 0x07D2, 0x81C8, 0x42B8, 0x0188, 0x0589, 0x34E5,
  0xEFC3, 0xC478, 0x2280, 0x4290, 0x4290, 0x4280, 0x2581, 0xF8ED, 0x5EFF, 0x9EF7, 0xDFF7, 0xDEF7, 0xBDF7, 0xBEFF, 0xDEFF, 0xABAA,
  0x4290, 0x61A8, 0x40B0, 0xA2B8, 0x25C1, 0x87B9, 0xC7A9, 0xA699, 0x10CC, 0x96DD, 0x96DD, 0x97DD, 0x3AEE, 0x9BF6, 0xFCFE, 0x3CF7,
  0x5CFF, 0x6EAB, 0x0158, 0x6388, 0x4290, 0x6290, 0x4180, 0x4178, 0x8270, 0xA268, 0x92B4, 0xFBE6, 0x6E73, 0x6310, 0x2100, 0xD163,
  0x1EAF, 0x913B, 0x4901, 0x8810, 0x0318, 0xE568, 0x06A9, 0xC4B0, 0xC398, 0xE478, 0x4348, 0x0218, 0x0100, 0x0100, 0x8729, 0x8B4A,
  0x6B4A, 0xAC4A, 0xCD52, 0xCC4A, 0xD163, 0x1BAE, 0x5995, 0x5574, 0xCF4A, 0xAD4A, 0x4B3A, 0x0A3A, 0xA408, 0x0100, 0x2300, 0x2400,
  0x2500, 0x0500, 0x0500, 0x4508, 0x0208, 0x0120, 0x4268, 0x62A0, 0xC3B8, 0x25A9, 0xA460, 0x2320, 0x0200, 0x4721, 0x16A5, 0x9FF7,
  0x3DE7, 0x5EDF, 0x3DDF, 0x3DEF, 0x15CD, 0x2150, 0x2178, 0x6388, 0x2170, 0xA380, 0xC8A1, 0x6270, 0x0160, 0x8679, 0xB7DD, 0xDFFF,
  0x19BE, 0x6300, 0x0709, 0x0709, 0xE708, 0xA500, 0xD16B, 0xBFEF, 0xDDCE, 0xA608, 0xC708, 0x0801, 0x2901, 0x0901, 0x0901, 0x0901,
  0x2901, 0x0901, 0x0901, 0x0901, 0x0901, 0x0901, 0x2901, 0x2901, 0x2901, 0x2901, 0x0801, 0x0901, 0x2901, 0x2901, 0x2901, 0x4901,
  0x4901, 0x4A01, 0x6A01, 0x6A01, 0x6A01, 0x6A01, 0x8A01, 0x8B01, 0xAB01, 0xCC01, 0xED01, 0x4E0A, 0x4E0A, 0x8F12, 0x9233, 0x7554,
  0x997D, 0x5C96, 0xFA85, 0x796D, 0x7544, 0x101B, 0x6E0A, 0x4E02, 0x2E02, 0x2E02, 0x0E02, 0x0D02, 0xED01, 0xED01, 0xCD01, 0xED01,
  0xCC01, 0x0D0A, 0x0D12, 0xED11, 0xCC09, 0xAB09, 0x6A01, 0x2801, 0x0801, 0x0701, 0xE700, 0xE700, 0xC700, 0xC700, 0xC700, 0x8600,
  0x2200, 0x2300, 0x2300, 0x2300, 0x2300, 0x2300, 0x2300, 0x2300, 0x2300, 0x4300, 0x0200, 0x0200, 0x0200, 0x2300, 0x4300, 0x8408,
  0xE618, 0x4821, 0x6821, 0x4821, 0x2719, 0xE610, 0xC608, 0xC608, 0xC608, 0xA500, 0x8500, 0x8500, 0x8500, 0x8500, 0xE600, 0x2811,
  0x4811, 0x4811, 0x2809, 0x0701, 0x6911, 0x8911, 0x8911, 0x8911, 0xAA11, 0x6909, 0x2809, 0xAA19, 0x2C2A, 0x2C22, 0x0C22, 0xAA11,
  0x6909, 0x6911, 0x4909, 0xE800, 0xE700, 0xC700, 0xC700, 0xE700, 0xC700, 0xC700, 0xE700, 0xE700, 0xC700, 0xC700, 0xE700, 0xE700,
  0x0701, 0x0701, 0x2801, 0x4809, 0x6911, 0x6911, 0x6809, 0x6809, 0x4809, 0x2701, 0x2709, 0xA500, 0x6C3A, 0x9DC6, 0x2300, 0x2711,
  0x6909, 0xE700, 0x6B2A, 0xBFDF, 0xDEFF, 0xF7FD, 0x25B9, 0x83B0, 0xAAC2, 0x1AFF, 0xDEFF, 0xBCFF, 0x13E5, 0x8599, 0x08B2, 0xCBBA,
  0xB6FD, 0xBAFE, 0x9DFF, 0xFEFF, 0xBEFF, 0xBBDE, 0x7BD6, 0xAC52, 0x6308, 0x6408, 0x4408, 0x0308, 0x4410, 0x0308, 0x0308, 0x0210,
  0x8440, 0xC460, 0x6689, 0x4DD3, 0x8FD3, 0x4A8A, 0x6430, 0x0210, 0x6130, 0xACD3, 0x23C1, 0x60C0, 0x21A8, 0x0188, 0x6799, 0x29A2,
  0x8270, 0x0178, 0x2188, 0x2188, 0x4180, 0x8278, 0x4DB3, 0xDBF6, 0x7EFF, 0xBFFF, 0xBEF7, 0xBDF7, 0xFEFF, 0xDDFF, 0xFBEE, 0xAB92,
  0x2681, 0xC7A1, 0xE7A1, 0x6CC3, 0x54F5, 0x58FE, 0xDAFE, 0xBAFE, 0xCB9A, 0x6260, 0x6368, 0x8370, 0x6BA2, 0x8FB3, 0x92C4, 0x54CD,
  0x96DD, 0x0DA3, 0x4260, 0x0268, 0x0170, 0x0170, 0x2178, 0x8380, 0x4160, 0x2892, 0x34C5, 0x9ADE, 0x0D73, 0x0100, 0x0300, 0x756C,
  0x997D, 0x4C12, 0xE800, 0x0500, 0x0210, 0xE448, 0x4679, 0xE468, 0x0028, 0x0120, 0x0218, 0x0731, 0xCA39, 0xED4A, 0xB8A5, 0xBFEF,
  0x9FEF, 0xFFF7, 0xFFEF, 0xDFDF, 0x3ECF, 0xBDBE, 0xFA9D, 0x3C96, 0xFEAE, 0xDDB6, 0x9EB6, 0x5DB6, 0x5053, 0x8929, 0xC610, 0x2400,
  0x0300, 0x0308, 0x0408, 0x2408, 0x4310, 0x2120, 0x0048, 0x4190, 0x82C0, 0x25C9, 0x0589, 0x0228, 0x0100, 0x906B, 0xBFF7, 0x3DE7,
  0x5EE7, 0x3DD7, 0xFDD6, 0x1DEF, 0xD4C4, 0x2148, 0xA370, 0x0060, 0x4268, 0x0DC3, 0xA791, 0x4260, 0x0150, 0x087A, 0x9FFF, 0xFFFF,
  0x5ABE, 0x4400, 0x4811, 0xE708, 0xA500, 0xAC4A, 0xDFF7, 0xBFEF, 0xB9AD, 0xE708, 0x2909, 0x2901, 0x2901, 0x2901, 0x2901, 0x2901,
  0x2901, 0x2901, 0x2901, 0x2901, 0x2901, 0x2901, 0x2901, 0x2901, 0x2901, 0x2901, 0x2901, 0x2901, 0x2901, 0x2901, 0x4901, 0x4A01,
  0x6A01, 0x6A01, 0x6A01, 0x8A01, 0x6A01, 0x8A01, 0x8B01, 0xAB01, 0xAB01, 0xED01, 0x0D02, 0x6E0A, 0xD01A, 0x512B, 0xF764, 0x1B8E,
  0x7FBF, 0x9FC7, 0x9CA6, 0x5875, 0x1344, 0x3023, 0xCF12, 0x6E0A, 0x0E02, 0x0E02, 0xED01, 0xED01, 0xCC01, 0xCC01, 0xAC01, 0xAC01,
  0xAB01, 0xCC09, 0xCC09, 0xAB09, 0x8B09, 0x6A01, 0x2901, 0x0801, 0xE700, 0xE700, 0xE700, 0xC700, 0xC600, 0xC700, 0xC700, 0xA600,
  0x2300, 0x2300, 0x2200, 0x0200, 0x0200, 0x2200, 0x2300, 0x2300, 0x2300, 0x4300, 0x2300, 0x4300, 0x2300, 0x2300, 0x4300, 0x2300,
  0x2300, 0x2300, 0x2300, 0x8508, 0xE610, 0x0611, 0x4819, 0x6819, 0x4819, 0x2711, 0x2711, 0x0709, 0x0709, 0x0711, 0x0709, 0x0709,
  0x4811, 0x4811, 0x4809, 0x6911, 0x4809, 0x4809, 0x8909, 0x8911, 0x6909, 0x4809, 0x4809, 0x0701, 0xE700, 0xE700, 0x0801, 0xAA11,
  0xEB19, 0x0C22, 0xEB21, 0x6911, 0xAA19, 0x8A11, 0x0809, 0xC700, 0xA700, 0xA600, 0xC700, 0xE700, 0xC700, 0xC700, 0xC700, 0xC700,
  0xE700, 0x0701, 0x0701, 0x2809, 0x4809, 0x6809, 0xA911, 0xA911, 0x8911, 0x6809, 0x6811, 0xA500, 0x4B3A, 0x3ED7, 0x6B42, 0x0611,
  0x0809, 0x2709, 0x2A22, 0xDFEF, 0x5CFF, 0x51F4, 0xE4C0, 0x25B1, 0xB6F5, 0x9DFF, 0xDFFF, 0xDEFF, 0x5BFF, 0xF6E5, 0xFAFE, 0x7DFF,
  0xFFFF, 0xFFFF, 0xDFF7, 0x1BD7, 0xF8BD, 0x8310, 0x0000, 0x0200, 0x4408, 0x2408, 0x0310, 0x0210, 0x0110, 0x2641, 0x8761, 0x6771,
  0x2DC3, 0x8EEB, 0xEBE2, 0x0BEB, 0x2DDB, 0x8781, 0x2230, 0x0218, 0x0351, 0x8BE3, 0xE1C0, 0x80C0, 0x2098, 0x0180, 0x2278, 0x4170,
  0x4180, 0x2290, 0x2190, 0x0188, 0x4180, 0xA270, 0x14DD, 0x3DFF, 0x7EFF, 0xDFFF, 0xBEFF, 0x1BFF, 0x77EE, 0x54D5, 0xCB8A, 0x56DD,
  0x3DFF, 0x5DFF, 0x5CFF, 0xBDFF, 0xDDFF, 0xDEFF, 0xBDFF, 0xBDFF, 0xEC9A, 0x2168, 0x4280, 0x2280, 0x2178, 0x0160, 0x2158, 0x2148,
  0x2659, 0xB0AB, 0x8FAB, 0x4A82, 0xE879, 0x298A, 0x0571, 0x2260, 0x2258, 0xD0BB, 0xD7DD, 0x5AE6, 0x0E73, 0x0308, 0x0400, 0x555C,
  0xD864, 0x6A01, 0xAB11, 0xC808, 0x0300, 0x0108, 0x0110, 0x0000, 0x2A42, 0x4721, 0x2400, 0x3484, 0x1FCF, 0x1EBF, 0x9CAE, 0xF9A5,
  0x5AB6, 0x5ED7, 0x7ABE, 0xD06B, 0xED5A, 0x0F5B, 0xEE42, 0x5033, 0x502B, 0x6E12, 0x3133, 0x7764, 0x5B8D, 0x5A9D, 0x6E4A, 0x0308,
  0x4739, 0x6741, 0x0010, 0x0108, 0x0210, 0x0018, 0xC360, 0x85C1, 0x40C8, 0x24E1, 0x05A9, 0x0130, 0x0100, 0x906B, 0x9FEF, 0x1DDF,
  0x3DDF, 0xFDD6, 0x1EE7, 0x9CE6, 0x0D8B, 0x2140, 0x2048, 0x2469, 0x8EBB, 0xF1D3, 0x0158, 0x6268, 0xC460, 0xCFAB, 0xBFFF, 0x7EE7,
  0xD484, 0xC600, 0x2811, 0x6400, 0x127C, 0xBFEF, 0xFFFF, 0x9ACE, 0x6819, 0x4909, 0x4A01, 0x4A01, 0x4A01, 0x4A01, 0x4A01, 0x4A01,
  0x2901, 0x2901, 0x2901, 0x2901, 0x2901, 0x2901, 0x2901, 0x2901, 0x2901, 0x2901, 0x2901, 0x4901, 0x4A01, 0x4A01, 0x4A01, 0x6A01,
  0x6A01, 0x8A01, 0x8B01, 0x8B01, 0xAB01, 0xAB01, 0xCC01, 0xCC01, 0xEC01, 0x2E02, 0x6F0A, 0xAF12, 0x522B, 0xF443, 0x5975, 0x5C9E,
  0xFEB6, 0xFDBE, 0x9BAE, 0x987D, 0x334C, 0x502B, 0x8E12, 0x0D02, 0x0D02, 0x0D02, 0xED01, 0xCC01, 0xCB01, 0xAB01, 0x8B01, 0x8B01,
  0x6A01, 0x8B01, 0x8B01, 0x6A01, 0x6A01, 0x4A01, 0x2901, 0xE700, 0xE600, 0xC600, 0xC600, 0xC600, 0xE700, 0xA600, 0xA600, 0xC708,
  0x4300, 0x4300, 0x4300, 0x4300, 0x2300, 0x2200, 0x2300, 0x2300, 0x0200, 0x2200, 0x0200, 0x4300, 0x4300, 0x4300, 0x6408, 0x6400,
  0x4400, 0x4400, 0x4400, 0x6400, 0x6400, 0x6400, 0x6400, 0x8400, 0x8500, 0xA500, 0xC608, 0x2711, 0x6919, 0x8919, 0x8919, 0x6811,
  0x6811, 0x8911, 0x8919, 0x8911, 0x6911, 0x6909, 0x8911, 0x6909, 0x4809, 0x4809, 0x4809, 0x2801, 0x2801, 0x2801, 0x0801, 0x0701,
  0x0801, 0xE800, 0x4909, 0xEB19, 0x2C2A, 0x0C22, 0xAA19, 0x4911, 0x6911, 0x2911, 0xE808, 0xC700, 0xA600, 0xA600, 0xC600, 0xC600,
  0xC700, 0xE700, 0x0701, 0x2801, 0x2809, 0x4809, 0x8911, 0xC911, 0xCA19, 0xE919, 0xA919, 0x0609, 0x4B3A, 0xFFFF, 0x1DD7, 0x0619,
  0xE708, 0x4809, 0x0922, 0xFFF7, 0x58F6, 0x25B1, 0xA3C0, 0xC7B1, 0xBAFE, 0x9EFF, 0xDFFF, 0x9EFF, 0xBEFF, 0xFEFF, 0xFFFF, 0xDFFF,
  0x9ACE, 0x7AD6, 0x97BD, 0x2629, 0x8410, 0x4408, 0x6408, 0x6408, 0x0200, 0x0100, 0x4220, 0x0441, 0x6659, 0xCFBB, 0xEED3, 0xADDB,
  0x2CDB, 0x2CEB, 0x2CF3, 0x2CEB, 0x6DDB, 0x0461, 0x0018, 0x2108, 0x067A, 0x4AE3, 0xE1C8, 0x60B8, 0x0098, 0x0180, 0x2278, 0x4278,
  0x2180, 0x2198, 0x0198, 0x0190, 0x4180, 0xC378, 0x19F6, 0x7FFF, 0x9FFF, 0xBBEE, 0x14CD, 0x0BAB, 0xE378, 0x6270, 0xE991, 0xDCFE,
  0xBFFF, 0xDFFF, 0xFFFF, 0xFFF7, 0xFEF7, 0xBEFF, 0x9EFF, 0x3CF7, 0x6A92, 0x0068, 0x4180, 0x2180, 0x2180, 0x4178, 0x8380, 0x2268,
  0x0EA3, 0xD9DD, 0xD8D5, 0xF7CD, 0xD6BD, 0x75C5, 0x6E9B, 0x4771, 0x2669, 0x6FAB, 0xF4C4, 0x36C5, 0x0B5A, 0x0400, 0x2A09, 0x5754,
  0xD543, 0x0A01, 0x3243, 0x9353, 0xE710, 0xC610, 0x4929, 0xAA31, 0xF78C, 0x4C3A, 0xC700, 0xB674, 0xDA85, 0x386D, 0xB97D, 0xB87D,
  0xDCAE, 0x9BB6, 0x0D53, 0x2529, 0xEA59, 0x0741, 0xA620, 0x2C2A, 0x1444, 0x321B, 0x700A, 0x8D01, 0x6C09, 0x9142, 0x0D42, 0x0100,
  0xAC72, 0x30AC, 0x2441, 0x0541, 0x0118, 0x6130, 0x8AAA, 0x68E2, 0x00C8, 0xC3F0, 0x25C1, 0x4248, 0x0000, 0x9063, 0x9FE7, 0x1CD7,
  0x3DDF, 0xFDDE, 0xBDDE, 0x57C5, 0x8759, 0xA348, 0x0772, 0xB5D5, 0x35DD, 0x8360, 0x4268, 0x0050, 0x6A92, 0x3CFF, 0xDFFF, 0x9BC6,
  0x2711, 0xE708, 0x0711, 0x4F5B, 0xBFF7, 0xBFF7, 0xFFFF, 0x59C6, 0x4711, 0x4909, 0x6B01, 0x6A01, 0x6A01, 0x6A01, 0x6A01, 0x4A01,
  0x4901, 0x4901, 0x4901, 0x4901, 0x4901, 0x2901, 0x2901, 0x2901, 0x2901, 0x2901, 0x4A01, 0x4A01, 0x4A01, 0x4A01, 0x6A01, 0x8A01,
  0x8A01, 0x8B01, 0xAB01, 0xAB01, 0xCC01, 0xCC01, 0xEC01, 0xEC09, 0x0D02, 0x6F02, 0x900A, 0xB012, 0x732B, 0x1444, 0xF86C, 0xDA8D,
  0xDDB6, 0x7FD7, 0x3ECF, 0x3A96, 0xB55C, 0x9133, 0x8E12, 0x4E0A, 0x0D02, 0xEC01, 0xCC01, 0xCB01, 0xAA01, 0x8A01, 0x6A01, 0x6A01,
  0x2901, 0x6A01, 0x6A01, 0x4901, 0x6A01, 0x4901, 0x2901, 0xE700, 0xC600, 0xC600, 0xC600, 0xC600, 0xC600, 0xC700, 0x8600, 0x6600,
  0x0200, 0x0200, 0x0200, 0x0200, 0x2200, 0x4300, 0x2200, 0x4200, 0x4300, 0x4300, 0x2300, 0x2300, 0x2300, 0x2300, 0x2300, 0x4300,
  0x6400, 0x6400, 0x4400, 0x4400, 0x6400, 0x6400, 0x6400, 0x6400, 0x6400, 0x6500, 0x6400, 0x6500, 0x6500, 0x8500, 0xE700, 0x0709,
  0x2809, 0x6911, 0xA919, 0xCA19, 0x0B22, 0x0B22, 0xEB19, 0xA919, 0x6809, 0x4809, 0x2809, 0x0701, 0x0701, 0x2801, 0x4809, 0x2801,
  0x0701, 0x0801, 0x0801, 0xE700, 0xE700, 0x0801, 0x8A11, 0x2C2A, 0xAE3A, 0x4D32, 0x8A19, 0x2811, 0x6911, 0x4811, 0xA600, 0xA600,
  0xA600, 0xA600, 0xE700, 0xC700, 0xC700, 0xE700, 0x0701, 0x4709, 0x8911, 0x8919, 0xEA21, 0x2609, 0x0932, 0xFFFF, 0x9BCE, 0x0611,
  0x6911, 0x0609, 0x292A, 0xDFF7, 0xB6F5, 0x82A8, 0x82B0, 0xAABA, 0xFBFE, 0xBEFF, 0xBEFF, 0xDFFF, 0xDFFF, 0xBAD6, 0xBBD6, 0x19C6,
  0x4721, 0x2200, 0x4310, 0x0200, 0x0300, 0x0200, 0x0000, 0x0100, 0x8639, 0xA649, 0x4D9B, 0xB2DC, 0x50E4, 0xCEE3, 0xCEF3, 0x4BEB,
  0x2BEB, 0xEAFA, 0xCAFA, 0x07E2, 0x08BA, 0xC450, 0x0110, 0x0010, 0x6BBB, 0x67E2, 0xC2C8, 0x20A0, 0x0088, 0x0180, 0x2178, 0x4180,
  0x0188, 0x0190, 0x0190, 0x2190, 0x2180, 0x6689, 0x59FE, 0x3AFE, 0x36E5, 0x0992, 0x0058, 0x0078, 0x4290, 0x0178, 0xAFC3, 0x3DFF,
  0xFFFF, 0xFFFF, 0xFFFF, 0xFFFF, 0xFEFF, 0xBEFF, 0xDEFF, 0x10AC, 0xE570, 0x2178, 0x2080, 0x2080, 0x2080, 0x0078, 0x4280, 0x0058,
  0xF2BB, 0x3BDE, 0xD8BD, 0xD7AD, 0xF7A5, 0xB7AD, 0x96B5, 0x76CD, 0x6FA3, 0xA458, 0xA360, 0xE560, 0x4430, 0x0500, 0xEE19, 0x174C,
  0x542B, 0x6C01, 0x2F1A, 0xDD8D, 0xF874, 0xD774, 0xFCA5, 0x5EB6, 0x5253, 0xE800, 0xEC19, 0x765C, 0x1965, 0x395D, 0xBA75, 0xFA7D,
  0xBDA6, 0x6B3A, 0x295A, 0x96ED, 0xD4FC, 0xEEC2, 0x6871, 0x4310, 0x4D2A, 0x9433, 0x911A, 0xAE01, 0x4D01, 0x0C01, 0xA808, 0x0410,
  0x4338, 0xAAA2, 0x91EC, 0x0FD4, 0x2792, 0x0BC3, 0x2CEB, 0xC2C8, 0x40E0, 0x61E8, 0x04C9, 0xA468, 0x0000, 0x7063, 0x7FDF, 0x39B6,
  0xD8AD, 0x78B5, 0x349C, 0x6D62, 0x0639, 0x309C, 0x79DE, 0xF8CD, 0x4E9B, 0x4260, 0x2268, 0x0048, 0xAB82, 0x9EFF, 0x7FE7, 0x379D,
  0x2811, 0x8600, 0x2B3A, 0xFFFF, 0xDFFF, 0xBFF7, 0xFFFF, 0xBBCE, 0x0709, 0x2801, 0x6A01, 0x4A01, 0x4A01, 0x4A01, 0x4A01, 0x4A01,
  0x4A01, 0x4A01, 0x4A01, 0x4A01, 0x4A01, 0x4A01, 0x4A01, 0x4A01, 0x4A01, 0x4A01, 0x6A01, 0x6A01, 0x6A01, 0x6B01, 0x8B01, 0x8A01,
  0x8B01, 0xAB01, 0xAC01, 0xCC01, 0xEC09, 0x0C0A, 0x2D0A, 0x0E02, 0x4E02, 0x900A, 0xD112, 0x111B, 0xB433, 0x354C, 0x7A75, 0x9DA6,
  0x5FC7, 0x7FCF, 0x9CAE, 0x5875, 0x344C, 0x302B, 0x6E12, 0x0D0A, 0xCC01, 0xAB01, 0x8B01, 0x8A01, 0x8A01, 0x6901, 0x4901, 0x4901,
  0x2801, 0x4901, 0x4901, 0x4901, 0x6909, 0x4901, 0x2801, 0xC600, 0x8500, 0xC600, 0xE700, 0xC600, 0x8600, 0xC608, 0xE710, 0xCA31,
  0x6308, 0x4308, 0x4300, 0x4308, 0x2200, 0x0200, 0x0100, 0x0200, 0x2200, 0x2300, 0x2300, 0x4400, 0x6400, 0x2300, 0x4300, 0x4300,
  0x2300, 0x2300, 0x4300, 0x6400, 0x6400, 0x4400, 0x4400, 0x6400, 0x6500, 0x8500, 0x8500, 0x8500, 0x8500, 0xC600, 0x0709, 0x2809,
  0x2809, 0x0709, 0x0701, 0x2709, 0x4809, 0x6911, 0xEA19, 0x2B2A, 0xEB21, 0xA919, 0x8911, 0x4811, 0x2809, 0x0701, 0x0701, 0x0701,
  0x2801, 0x4809, 0x4809, 0x6909, 0x2801, 0x0701, 0xE700, 0xE700, 0xC700, 0x0809, 0xAA19, 0x0C2A, 0x2C2A, 0xCA19, 0x4911, 0x4911,
  0x2811, 0x4809, 0xC700, 0xA600, 0xC600, 0xC600, 0xE600, 0xE700, 0x0809, 0xE800, 0x6811, 0x6711, 0x6E63, 0xFFFF, 0x1CE7, 0x0D53,
  0xE600, 0x8821, 0x9384, 0xFFFF, 0x96F5, 0x41A8, 0x85C9, 0x13F5, 0x7DFF, 0xBEFF, 0x3CEF, 0x9AD6, 0x9BD6, 0xA410, 0x2200, 0x4308,
  0x2308, 0x2308, 0x6410, 0x0200, 0x4308, 0xC941, 0x2952, 0x8A6A, 0xD7DD, 0xD6ED, 0x33ED, 0x91EC, 0x2FEC, 0xEEFB, 0x2CF3, 0x2BF3,
  0x89F2, 0xA2D0, 0x41D0, 0x82C8, 0xC498, 0x0238, 0x0210, 0x0118, 0x0DDC, 0x84D1, 0x62B8, 0x21A0, 0x0088, 0x2080, 0x0078, 0x0078,
  0x0188, 0x0288, 0x2280, 0x4288, 0x0170, 0xABB2, 0x75E5, 0x4679, 0x2270, 0x4388, 0x4288, 0x2090, 0x2290, 0x4278, 0xF6ED, 0xFEFF,
  0xFEFF, 0xFFFF, 0xFFFF, 0xFFFF, 0xFFFF, 0xDEFF, 0xBEFF, 0xCC92, 0x0160, 0x4288, 0x2180, 0x2078, 0x0180, 0x0180, 0x4378, 0x6258,
  0x74BC, 0x5CD6, 0xF9AD, 0x199E, 0xF89D, 0xD8A5, 0x97A5, 0x76BD, 0xED92, 0x2258, 0x4270, 0x8368, 0x2330, 0x0500, 0xCD19, 0x174C,
  0x342B, 0xAD01, 0xEE09, 0x0F12, 0xF64B, 0xDA85, 0xF54B, 0xED11, 0x2E22, 0x4A09, 0x113B, 0xF864, 0xB854, 0x3955, 0x7A65, 0x1C86,
  0xF24B, 0xE418, 0x93C4, 0x8EE3, 0x82B0, 0x66C9, 0x09AA, 0xC969, 0x6929, 0x323B, 0xAD09, 0x6D01, 0x6E01, 0x6E01, 0xEA08, 0x0510,
  0x2348, 0xA380, 0xC298, 0x27CA, 0x8CF3, 0xA9F2, 0xE3D8, 0x20D8, 0x40E0, 0x60E8, 0xE3C0, 0x8468, 0x0210, 0x4821, 0x2E5B, 0x6B42,
  0x4300, 0x2308, 0x4410, 0x0200, 0xCD62, 0xBBDE, 0xF8BD, 0x729C, 0x2138, 0x4260, 0x4268, 0xC358, 0x51AC, 0xDFFF, 0x3ABE, 0xA608,
  0x2911, 0x8A19, 0xF173, 0x9DFF, 0x9DFF, 0xBFF7, 0x9FEF, 0x7484, 0xE708, 0x4901, 0x6A01, 0x4A01, 0x4A01, 0x4A01, 0x4A01, 0x4A01,
  0x4A01, 0x6A01, 0x6A01, 0x6A01, 0x6A01, 0x4A01, 0x6A01, 0x6B01, 0x6B01, 0x6B01, 0x6B01, 0x6B01, 0x6B01, 0x8B01, 0xAC01, 0x8B01,
  0xAC01, 0xED01, 0x0E02, 0xED01, 0x2D0A, 0x4D0A, 0x8E0A, 0x9002, 0xF10A, 0xF212, 0x321B, 0x521B, 0xD433, 0x3544, 0xF75C, 0x9A7D,
  0xBA85, 0xB985, 0xF66C, 0x1444, 0x722B, 0xAF1A, 0x4D12, 0x0D0A, 0xCB01, 0xAB01, 0x8B01, 0x6A01, 0x4A01, 0x4901, 0x2901, 0x4901,
  0x2801, 0x4901, 0x4901, 0x4901, 0x2801, 0x2801, 0x0801, 0xE600, 0xE608, 0xC600, 0xC600, 0xE708, 0x4919, 0x4C42, 0x7073, 0x539C,
  0x4721, 0x0621, 0xE518, 0xC510, 0x8408, 0x6300, 0x6308, 0x4300, 0x2300, 0x2200, 0x0200, 0x0200, 0x0200, 0x2300, 0x2300, 0x4300,
  0x6408, 0x6408, 0x4300, 0x4300, 0x2300, 0x2300, 0x4400, 0x6400, 0x6400, 0x4400, 0x6500, 0x8500, 0xA500, 0xA600, 0x0709, 0x6811,
  0x6911, 0x4809, 0x4809, 0x4811, 0x4811, 0x4809, 0x2701, 0x0701, 0x0709, 0x4809, 0xA919, 0x0B2A, 0x0B22, 0xA911, 0x8911, 0x6911,
  0x4809, 0x2809, 0x0701, 0xE700, 0xE700, 0x0801, 0x2809, 0x2809, 0xE700, 0xE700, 0xC700, 0xC700, 0xE700, 0x0809, 0xCB19, 0x4D2A,
  0x4C2A, 0x2C2A, 0xAA19, 0x6911, 0x4911, 0x2809, 0xE600, 0xC700, 0xA700, 0xE700, 0xA500, 0xED4A, 0xFFFF, 0xBFF7, 0xFFFF, 0xFCD6,
  0x2300, 0x0A3A, 0xDFEF, 0xFFFF, 0x96F5, 0x41A8, 0xA6C1, 0x17FE, 0xBEFF, 0x9DF7, 0x728C, 0x2521, 0xC418, 0x2200, 0x2200, 0x6408,
  0x0200, 0x0100, 0x0200, 0x0521, 0x073A, 0x79DE, 0xDCFE, 0xF8FD, 0x76F5, 0x55F5, 0x13F5, 0xB1FC, 0x0EF4, 0x4CF3, 0x64D9, 0xC2D0,
  0x61D0, 0x42D8, 0x63D8, 0xE4C8, 0x0589, 0x0228, 0x0210, 0x0020, 0xABDB, 0x43C1, 0xA2B8, 0x4198, 0x0080, 0x0080, 0x2178, 0x2278,
  0x2280, 0x4380, 0x2268, 0x2160, 0xC478, 0xE478, 0xC370, 0x8378, 0x4278, 0x2280, 0x4290, 0x2190, 0x4288, 0x4168, 0x37EE, 0xFEFF,
  0xFEF7, 0xFFF7, 0xFFF7, 0xFFF7, 0xFFFF, 0xDFFF, 0x9EFF, 0xAB9A, 0x0060, 0x4388, 0x0180, 0x0078, 0x0188, 0x2288, 0x4370, 0x8881,
  0x16B5, 0x5BBE, 0xF9A5, 0xF99D, 0xF99D, 0xB89D, 0x77AD, 0x56C5, 0x2982, 0x0058, 0x4168, 0xA360, 0x4338, 0x0400, 0x8D19, 0xB643,
  0x1323, 0xCE01, 0x0F0A, 0x500A, 0x2F0A, 0x4F0A, 0x2E12, 0x4F1A, 0x8B09, 0x8800, 0xF132, 0x564C, 0x974C, 0xB844, 0xF94C, 0x5A6D,
  0xEF32, 0x8C52, 0xD4E4, 0xC3A8, 0xC3D0, 0x08F2, 0x87B1, 0x2561, 0xEB39, 0xF232, 0x2C01, 0x8E09, 0x4D01, 0x4D01, 0x2B11, 0x6618,
  0x0230, 0xA468, 0xE4A0, 0x82B8, 0xA2C0, 0x41D0, 0x21E0, 0x21E8, 0x20E8, 0x60D8, 0xA2B0, 0x6360, 0x0318, 0x0300, 0x0200, 0x0100,
  0x0100, 0x4300, 0x8400, 0x2200, 0xAD52, 0xBCDE, 0xB3A4, 0x8228, 0x6250, 0x8368, 0x0048, 0xCB8A, 0xDFFF, 0x3DE7, 0xF69C, 0xC608,
  0x8500, 0xCE4A, 0xFFFF, 0xDAEE, 0xD6D5, 0xDFFF, 0x3EDF, 0x8929, 0xE700, 0x6A01, 0x6B01, 0x6B01, 0x6A01, 0x6A01, 0x6A01, 0x6A01,
  0x6B01, 0x6B01, 0x6B01, 0x6B01, 0x6B01, 0x6B01, 0x6B01, 0x6B01, 0x8B01, 0x6B01, 0x8B01, 0x8B01, 0x8B01, 0xAC01, 0xAC01, 0xED09,
  0xCD01, 0xEE01, 0x2F02, 0x4E0A, 0x6E0A, 0x8E12, 0xAF0A, 0xF00A, 0x520B, 0x7313, 0x5313, 0x531B, 0x9323, 0xD32B, 0x143C, 0x5544,
  0x3444, 0x344C, 0x1344, 0xB333, 0x3123, 0x8E12, 0x2D0A, 0xEC01, 0xAB01, 0x8B01, 0x6A01, 0x4A01, 0x4901, 0x4901, 0x4901, 0x4901,
  0x2901, 0x4901, 0x4901, 0x2801, 0x0801, 0xE700, 0xE700, 0xE700, 0x0701, 0x0701, 0x8911, 0x8D3A, 0xD26B, 0x5494, 0x94AC, 0xD4C4,
  0x2300, 0x8408, 0xE510, 0x2619, 0x2721, 0x4721, 0x4721, 0x2721, 0x0619, 0xC510, 0xC510, 0xC510, 0x8410, 0x4308, 0x2300, 0x2200,
  0x0200, 0x0200, 0x0200, 0x2300, 0x4400, 0x6400, 0x6508, 0x6400, 0x6500, 0x8500, 0x8500, 0x8500, 0x6500, 0x8500, 0xE700, 0x0709,
  0x2809, 0x4809, 0x4811, 0x4811, 0x4809, 0x6809, 0x6809, 0x2809, 0x0701, 0xE600, 0xC600, 0xC600, 0xE700, 0x8911, 0x0B22, 0x8D32,
  0x4C2A, 0xEB21, 0xCB19, 0x6911, 0x8911, 0x4809, 0xE700, 0xC600, 0xE700, 0xC700, 0xE700, 0x0701, 0x0701, 0x0701, 0x0701, 0xE700,
  0xE700, 0x2809, 0x2C22, 0xAE32, 0xCE3A, 0x8D32, 0xA911, 0x4919, 0x6A19, 0xCA19, 0xC500, 0x8B4A, 0xFFFF, 0xDFF7, 0xDFFF, 0x9ACE,
  0x0200, 0xC931, 0xDFF7, 0xFFFF, 0xB6F5, 0x61A8, 0xC6B9, 0x99FE, 0xFFFF, 0xBACE, 0x0100, 0x2200, 0x0200, 0x0200, 0x0100, 0x2200,
  0x4B4A, 0x4A4A, 0xF183, 0x7EF7, 0x5CF7, 0xB9EE, 0x38F6, 0xD7FD, 0x56FD, 0xD3FC, 0x0FF4, 0x6CF3, 0x81B0, 0x20B8, 0x41D0, 0x41D8,
  0x82D8, 0xC5D0, 0xA4B0, 0xE490, 0x6348, 0x0210, 0x2220, 0xA250, 0x4ADB, 0x42C1, 0x61A8, 0x0090, 0x0188, 0x0180, 0x2278, 0x0270,
  0x2268, 0x0158, 0x2669, 0x2DA3, 0x72D4, 0x2581, 0x0168, 0x4280, 0x2280, 0x2288, 0x2290, 0x2190, 0x4288, 0x4581, 0x99F6, 0xFFFF,
  0xFFF7, 0xFFFF, 0xFFFF, 0xFFFF, 0xFFFF, 0xDFFF, 0xD7E5, 0xA781, 0x0168, 0x2178, 0x0078, 0x0180, 0x0180, 0x2280, 0x4268, 0x2EA3,
  0xB7B5, 0x3AAE, 0xF9A5, 0xF99D, 0xF995, 0xD99D, 0x98B5, 0x94BC, 0x8781, 0x0068, 0x4168, 0xA360, 0x4338, 0x0308, 0x6C19, 0x1333,
  0xB21A, 0xEF01, 0x2F0A, 0x700A, 0x500A, 0x2F12, 0x0E12, 0xEE19, 0x2A09, 0x6700, 0xB032, 0x9443, 0xB533, 0xD533, 0xF633, 0x1644,
  0x6E2A, 0xC620, 0xE991, 0xE4B0, 0xE3D8, 0xC3C8, 0x08C2, 0xE460, 0xEB41, 0x5443, 0x0B01, 0x6D09, 0x4D09, 0x4C09, 0x4B19, 0xA718,
  0x0218, 0x6348, 0xE488, 0x82B0, 0x82B8, 0x42D0, 0x42E8, 0x00E8, 0x40E0, 0x40C8, 0x6298, 0x4358, 0x0218, 0x0300, 0x2308, 0x4729,
  0xC931, 0xC508, 0x6400, 0x4300, 0x506B, 0x3BCE, 0xCC6A, 0x2130, 0xC468, 0x4258, 0x8248, 0x91A4, 0xFFFF, 0x5BCE, 0x6510, 0xC708,
  0x2811, 0xF69C, 0x9EFF, 0x95DD, 0x6D9B, 0xDFFF, 0x3EDF, 0xC710, 0x4909, 0x6B01, 0x4B01, 0x6B01, 0x6B01, 0x6B01, 0x6B01, 0x6B01,
  0x6B01, 0x6B01, 0x6B01, 0x6B01, 0x6B01, 0x8B01, 0x8B01, 0x8B01, 0x8B01, 0x8C01, 0x8C01, 0xAC01, 0xAC01, 0xCC01, 0xCD01, 0xEE01,
  0x0F02, 0x5002, 0x910A, 0xB012, 0x1023, 0xB233, 0xF333, 0xF42B, 0xD423, 0xB41B, 0x7313, 0x7313, 0x731B, 0x931B, 0xD423, 0xF42B,
  0xF433, 0xD32B, 0xB32B, 0x512B, 0xAF1A, 0x0D0A, 0xCC01, 0xCB01, 0x8B01, 0x6A01, 0x6A01, 0x4901, 0x2901, 0x2901, 0x2901, 0x2901,
  0x2901, 0x4901, 0x4901, 0x2901, 0x0801, 0xE700, 0xE700, 0x2701, 0xCA11, 0xEE32, 0x135C, 0xB57C, 0xB58C, 0x3394, 0xF1A3, 0x72C4,
  0x4300, 0x2300, 0x2300, 0x2300, 0x4300, 0x2300, 0x0300, 0x6408, 0x0619, 0x6829, 0x6829, 0x6829, 0x2721, 0xE518, 0xC510, 0xC510,
  0x8408, 0x6408, 0x8408, 0x6400, 0x4400, 0x4400, 0x4400, 0x6400, 0x6400, 0x6400, 0x6500, 0x8500, 0xA500, 0xC608, 0x2809, 0x4811,
  0x4811, 0x4809, 0x4811, 0x4809, 0x2809, 0x6809, 0x8911, 0x6809, 0x2709, 0x0709, 0xE600, 0xC600, 0xE700, 0xE700, 0xC700, 0xC700,
  0x0701, 0x6911, 0xEB21, 0x4C2A, 0x4C2A, 0xEB21, 0xAA19, 0x6911, 0x2809, 0x2809, 0x0809, 0x0701, 0xE700, 0x0701, 0x0701, 0xE700,
  0x2801, 0x2801, 0x0701, 0x0701, 0x2801, 0x6909, 0xCA19, 0x0C32, 0x8E3A, 0x8D2A, 0x6709, 0xAF73, 0xBFFF, 0xBEFF, 0xFFFF, 0xDCD6,
  0x6408, 0x6A42, 0xBFF7, 0xFFFF, 0x96ED, 0x82A0, 0xC6B9, 0x99FE, 0xFFFF, 0xDBCE, 0x2300, 0x4300, 0x2200, 0x8410, 0x8831, 0x6B52,
  0xFCE6, 0x9EFF, 0x7DFF, 0x5CFF, 0x1BFF, 0x98FE, 0x17FE, 0x91E4, 0x8EE3, 0x45C1, 0x82C0, 0x61D0, 0xA2E0, 0x61D8, 0xA3D8, 0xA3C8,
  0xA3A8, 0xE588, 0x4250, 0x0128, 0x2208, 0x2308, 0x2220, 0x69AA, 0x09EB, 0xE1B8, 0x0098, 0x0080, 0x0180, 0x2278, 0x4370, 0x2260,
  0xC560, 0x4761, 0x73B4, 0xB7D5, 0x76DD, 0x2579, 0x0178, 0x4288, 0x0180, 0x0188, 0x2190, 0x0188, 0x4278, 0xAFC3, 0x3CFF, 0xDEFF,
  0xDFFF, 0xDFFF, 0xFFFF, 0xFFFF, 0xDEFF, 0xFFFF, 0xCEB3, 0x4168, 0x2170, 0x0078, 0x2080, 0x2080, 0x0180, 0x2278, 0x4258, 0x92BC,
  0x18C6, 0xD8AD, 0xB8AD, 0xB99D, 0xF995, 0xD995, 0xB9B5, 0x4F93, 0x6260, 0x2070, 0x4070, 0x8260, 0x2238, 0x0308, 0x4A11, 0x1333,
  0x1323, 0x0F02, 0x300A, 0x300A, 0xEF11, 0x8D09, 0xEA00, 0x8800, 0x4600, 0x2600, 0x6700, 0x8C19, 0x2F22, 0x9122, 0xB21A, 0x9112,
  0xF132, 0x4931, 0x8450, 0xC8B9, 0x24B9, 0x45B9, 0x6691, 0x0128, 0x6E4A, 0x544B, 0xCA00, 0x2B09, 0x0B09, 0x0B11, 0x0A11, 0x2608,
  0x0310, 0x0328, 0x4248, 0x4168, 0x4180, 0x42A0, 0x21C0, 0x62D8, 0x40D0, 0x40B8, 0x4288, 0x4350, 0x0108, 0xEA39, 0xF27B, 0x78AD,
  0xD694, 0x8508, 0x0300, 0x2829, 0x95A4, 0xEC62, 0x2120, 0xA358, 0x0469, 0x8248, 0x8E93, 0xDFFF, 0x7FE7, 0xB594, 0x2821, 0xA608,
  0x6D4A, 0xFFFF, 0x9AF6, 0xCAA2, 0xAA92, 0xFFFF, 0x1EDF, 0x0819, 0x4901, 0x8C01, 0x6C01, 0x6B01, 0x6B01, 0x6B01, 0x6B01, 0x6B01,
  0x8B01, 0x8B01, 0x8B01, 0x8B01, 0x8B01, 0x8B01, 0x8B01, 0x8B01, 0x8C01, 0xAC01, 0xAC01, 0xAC01, 0xAD01, 0xCD01, 0xEE01, 0x0E02,
  0x7002, 0xB10A, 0x331B, 0xD433, 0xB654, 0xBA7D, 0x1B86, 0xBA6D, 0xB74C, 0xD523, 0x7313, 0x7313, 0x5213, 0x7213, 0x731B, 0x9323,
  0xB323, 0x721B, 0x521B, 0xF01A, 0x6E12, 0x0C02, 0xCC01, 0xAB01, 0x8A01, 0x6A01, 0x4901, 0x2901, 0x2901, 0x0901, 0xE900, 0x0901,
  0x0901, 0x2901, 0x4901, 0x2801, 0x0701, 0x6811, 0xC921, 0x4C2A, 0x3043, 0x335C, 0x535C, 0xB153, 0x7063, 0xB183, 0x11A4, 0x72C4,
  0xA408, 0x6408, 0x4300, 0x0300, 0x2300, 0x4300, 0x2300, 0x2300, 0x0300, 0x0200, 0x0200, 0x0200, 0x0300, 0x4300, 0xE618, 0x6829,
  0x8829, 0x8829, 0x6829, 0x0719, 0x0719, 0xC610, 0xA508, 0xC608, 0x8500, 0x8500, 0x8500, 0x8500, 0x6500, 0x8500, 0x0709, 0x4811,
  0x4811, 0x6811, 0x6811, 0x4811, 0x6811, 0x6811, 0x4809, 0x0701, 0xE600, 0xE700, 0xC600, 0xE600, 0x0701, 0xE700, 0xE700, 0xE700,
  0xE700, 0xE700, 0xC700, 0xA600, 0x8500, 0xE700, 0xCA21, 0x2C2A, 0x0B22, 0x0B22, 0xEB21, 0xAA19, 0x8911, 0x6909, 0x4809, 0x2801,
  0x2801, 0x2801, 0xE700, 0x2801, 0x4809, 0x2801, 0x0801, 0xC700, 0xC600, 0x0609, 0xEC4A, 0xFFFF, 0x5DFF, 0xBBEE, 0xDFFF, 0x1CD7,
  0x0A32, 0x4E5B, 0xDFF7, 0xFFFF, 0xD6F5, 0x61A0, 0xE7B9, 0xBAFE, 0xFFFF, 0xBBCE, 0x0300, 0x2300, 0x0100, 0x8839, 0x7FFF, 0xDFFF,
  0x5DFF, 0x1BFF, 0x5CFF, 0x3BFF, 0xF7F5, 0x74FD, 0x0FEC, 0x8198, 0x00A8, 0x41C8, 0x62D8, 0x62D8, 0xC3D0, 0xC3C0, 0xC4A0, 0xE590,
  0x2150, 0x0128, 0x0218, 0x0208, 0x4400, 0x2300, 0x2120, 0x2BC3, 0xE5D9, 0xC1B8, 0x2090, 0x2180, 0x0170, 0x2268, 0x2258, 0x0659,
  0xF1A3, 0x77C5, 0x77B5, 0xB7B5, 0xF3B4, 0x0571, 0x0180, 0x0188, 0x0080, 0x0188, 0x2288, 0x0180, 0xA370, 0xB6E5, 0xBEFF, 0xDEFF,
  0xDFFF, 0xFFFF, 0xFFFF, 0xDEFF, 0x9DFF, 0x3BFF, 0x89AA, 0x0078, 0x2088, 0x2088, 0x0090, 0x2090, 0x2090, 0x0180, 0x4168, 0x2FC4,
  0xD7D5, 0x97C5, 0xB8C5, 0xB8B5, 0xB89D, 0x9795, 0xF9BD, 0x6B7A, 0x2158, 0x6178, 0x4178, 0x6368, 0x0238, 0x0310, 0x8700, 0xB122,
  0x342B, 0x0F02, 0x6D01, 0x2C01, 0xCA00, 0x8800, 0x0500, 0x0400, 0x0300, 0x0300, 0x0300, 0x0500, 0x0600, 0x2F32, 0xB22A, 0xAF01,
  0xF33A, 0xB04A, 0xA528, 0x2248, 0xE578, 0xE570, 0x0120, 0x0C52, 0x9042, 0x0B01, 0x4C11, 0x6C19, 0xC908, 0x2700, 0x2600, 0x2500,
  0x0408, 0x0310, 0x0110, 0x0018, 0x4138, 0x6260, 0x4180, 0x41B0, 0x82C8, 0x62B0, 0x4278, 0x2340, 0x0000, 0x6F5B, 0xBFE7, 0xBECE,
  0xF05A, 0x0508, 0x0400, 0x0621, 0xA749, 0x0018, 0xE460, 0x2579, 0x0038, 0x8972, 0xBEFF, 0xDFF7, 0x7BC6, 0xA500, 0xC608, 0xEB31,
  0x78B5, 0x9EFF, 0x34E5, 0x8278, 0xEBB2, 0x9EFF, 0xFDDE, 0xE718, 0x6A01, 0xCD01, 0x6D01, 0x8C01, 0x8C01, 0x8C01, 0x8C01, 0x8C01,
  0x8C01, 0x8C01, 0x8C01, 0x8C01, 0x8C01, 0xAC01, 0xAC01, 0xAC01, 0xAC01, 0xCC01, 0xCD01, 0xCD01, 0xED01, 0xEE01, 0x2E02, 0x7002,
  0x7002, 0xD10A, 0xF533, 0x3965, 0x1C8E, 0xFFAE, 0x3FB7, 0x3C8E, 0xD75C, 0xB42B, 0x531B, 0x3213, 0x3213, 0xF10A, 0xF10A, 0x1213,
  0x3213, 0xF112, 0xF112, 0x6E12, 0x2D0A, 0xCB01, 0x8B01, 0x6A01, 0x6A01, 0x4901, 0x4901, 0x2901, 0x0901, 0xE900, 0xE900, 0x0901,
  0xE800, 0xE800, 0x0801, 0x2811, 0xA921, 0x6C42, 0x5063, 0xB26B, 0xB263, 0x704B, 0x5043, 0x704B, 0x715B, 0x1384, 0x339C, 0x53AC,
  0x8408, 0x8408, 0x8408, 0x8508, 0x8508, 0x8508, 0x6500, 0x4400, 0x2400, 0x2400, 0x4400, 0x4400, 0x2300, 0x2300, 0x0300, 0x0300,
  0x0300, 0x4400, 0x6408, 0xA610, 0x4721, 0x2719, 0x4819, 0x6921, 0x4819, 0x2819, 0xE710, 0xE710, 0x0711, 0x4811, 0x6911, 0x4811,
  0x4811, 0x6911, 0x4809, 0x2809, 0x2809, 0x4809, 0x6809, 0x6811, 0x4811, 0x2709, 0xC600, 0xC600, 0xC600, 0xC600, 0xC700, 0xC700,
  0xE700, 0xC700, 0xA600, 0xC700, 0xC700, 0xC700, 0xA600, 0xA600, 0xE700, 0x2809, 0x8A19, 0xEB21, 0x6D2A, 0x4C2A, 0x0B22, 0xEB19,
  0xAA11, 0x8911, 0x6909, 0x2801, 0x2801, 0x0801, 0x0809, 0x4809, 0x6400, 0xAC4A, 0xDFFF, 0xBEFF, 0x79EE, 0xF0A3, 0xBFFF, 0xDBCE,
  0x2611, 0xAB4A, 0xDFF7, 0xFFFF, 0xD6F5, 0x62A0, 0xC6B1, 0xBAFE, 0xFFFF, 0xBCD6, 0x0300, 0x2408, 0x0200, 0x4739, 0x5ADE, 0x9AEE,
  0xBAFE, 0xDAFE, 0x17EE, 0xF2E4, 0x0399, 0xA2A0, 0xC2B0, 0xA2C0, 0xC3D8, 0xA3D0, 0xC4C8, 0xE5B8, 0xC598, 0x2268, 0x0238, 0x0228,
  0x0210, 0x2408, 0x0408, 0x0408, 0x2510, 0x0308, 0x2128, 0x4BCB, 0xE2C0, 0x81B0, 0x4188, 0x2170, 0x2260, 0xE560, 0xC969, 0xB4AC,
  0x98BD, 0x77AD, 0xB8AD, 0xB8B5, 0xEC7A, 0x4258, 0x2180, 0x0188, 0x0080, 0x0180, 0x2180, 0x0178, 0xC468, 0x59EE, 0xFFFF, 0x7DFF,
  0xFBF6, 0x59EE, 0x18EE, 0x95ED, 0x91D4, 0xAECB, 0x25A9, 0x21A0, 0x62A8, 0x62B0, 0x41B0, 0x21A8, 0x21A8, 0x42A8, 0x4188, 0x4591,
  0xECAA, 0xF1C3, 0x73CC, 0xB4BC, 0x76BD, 0xB7B5, 0xB8C5, 0x6B7A, 0x2150, 0x2168, 0x6278, 0xA470, 0x2338, 0x2410, 0x6600, 0x4F1A,
  0x332B, 0x0F0A, 0x0C01, 0x6900, 0x4700, 0x2500, 0x0819, 0xCA31, 0xA931, 0xA931, 0x8829, 0x8610, 0x2500, 0x2500, 0x4F32, 0x3443,
  0x4D09, 0xD13A, 0x525B, 0x2829, 0xA949, 0x6941, 0xD05A, 0x334B, 0x0B09, 0xEA08, 0x0A11, 0xA800, 0x4600, 0x2600, 0x2600, 0x2500,
  0x2500, 0x0300, 0x2721, 0x0621, 0x0100, 0x2228, 0x4260, 0x4190, 0x83B8, 0x63A0, 0x4360, 0x0228, 0x0000, 0x4E5B, 0x3FD7, 0xFBB5,
  0x0D42, 0x0408, 0x0310, 0x0110, 0x2130, 0xA360, 0x2581, 0xA360, 0xA238, 0x3094, 0x9EF7, 0x9FF7, 0x9CC6, 0x2711, 0xA500, 0x0F53,
  0xBFFF, 0xDBFE, 0xCFDB, 0x6190, 0x89BA, 0x3CFF, 0xFDE6, 0x2821, 0x8A01, 0xCD01, 0x8D01, 0xAD01, 0xCC01, 0xAC01, 0xCC01, 0xCC01,
  0xAC01, 0xAC01, 0xAC01, 0xAC01, 0xCC01, 0xCD01, 0xCD01, 0xCD01, 0xCD01, 0xED01, 0x0E02, 0x0E02, 0x0E02, 0x2F02, 0x700A, 0xB00A,
  0xD10A, 0x5313, 0xF533, 0xF85C, 0xBA85, 0x7CA6, 0x7DA6, 0xDA8D, 0xF86C, 0xB533, 0x3323, 0xF212, 0xD112, 0xB00A, 0x9002, 0xB00A,
  0xB012, 0x900A, 0x6F0A, 0x4E0A, 0x0C0A, 0xAB01, 0x8A01, 0x6A01, 0x4901, 0x2901, 0x4909, 0x2901, 0x0909, 0x0801, 0xE800, 0xE700,
  0x0709, 0x2819, 0xCA31, 0x8C52, 0x4F73, 0x9183, 0x918B, 0xD283, 0xB273, 0x5053, 0x5043, 0x7043, 0x714B, 0xD36B, 0xF383, 0xB17B,
  0x8408, 0x8408, 0x6408, 0x6400, 0x8508, 0x8508, 0x8508, 0x8500, 0x8600, 0x6500, 0x6400, 0x6500, 0x6508, 0x6500, 0x4400, 0x4400,
  0x2400, 0x2400, 0x2400, 0x2300, 0x4300, 0x2300, 0x2300, 0x4400, 0x4400, 0xA508, 0x4819, 0xAA29, 0xA929, 0xCA21, 0xEB21, 0x8919,
  0x8919, 0x8911, 0x6911, 0x8911, 0x6911, 0x6809, 0x6911, 0x2809, 0xC600, 0xC600, 0xA600, 0xA600, 0xC600, 0xC600, 0xA600, 0xA600,
  0xC700, 0xE708, 0xC700, 0xA600, 0xC700, 0xE700, 0xE700, 0xE700, 0xE700, 0xC700, 0xE700, 0xE700, 0x0701, 0x0701, 0x4909, 0xEB21,
  0x4D2A, 0x6D32, 0x4C2A, 0xCA19, 0x6909, 0x6911, 0x2809, 0x8911, 0xE608, 0x2E6B, 0xBEFF, 0x7CFF, 0x13CD, 0xAFA3, 0xDFFF, 0xDBCE,
  0x8300, 0x293A, 0xBEF7, 0xFFFF, 0x96F5, 0x82A0, 0xC7B1, 0xBAFE, 0xFFFF, 0xBCDE, 0x0300, 0x2308, 0x0100, 0x2631, 0xB7D5, 0x55DD,
  0xB6F5, 0xB1EC, 0x2391, 0xC298, 0xC2C0, 0xA2C8, 0xA2C8, 0xE3C8, 0xA3B0, 0xC498, 0xA478, 0x2348, 0x0230, 0x0328, 0x0310, 0x2308,
  0x4400, 0x4500, 0x0500, 0x0510, 0x0510, 0x0318, 0x4140, 0xE9D2, 0xE2C8, 0x61A8, 0x4180, 0x2268, 0x8450, 0xD19B, 0xB8BD, 0x97AD,
  0x989D, 0xB9A5, 0xB9AD, 0xB8BD, 0x2A72, 0x2158, 0x2180, 0x0180, 0x0080, 0x0180, 0x2280, 0x0178, 0x8789, 0x35DD, 0x38EE, 0xD3CC,
  0xAFB3, 0x8781, 0xA368, 0xA370, 0xA378, 0x4178, 0x2190, 0x0198, 0x21A0, 0x01A0, 0x21B0, 0x62B8, 0x62B8, 0x42B0, 0x42A8, 0x42A0,
  0x4280, 0xC488, 0xC380, 0xC470, 0x2DA3, 0x72B4, 0xD4C4, 0x6A7A, 0x4248, 0x4258, 0x0258, 0x4358, 0x0228, 0x0310, 0x6600, 0xCD11,
  0xF222, 0x5012, 0xEB00, 0x4800, 0x4600, 0xE710, 0x5484, 0xF9AD, 0xB8AD, 0x98A5, 0x9484, 0x0619, 0x0300, 0x4400, 0x4600, 0x903A,
  0x0F22, 0x6C09, 0xCD11, 0xB45B, 0x9784, 0x777C, 0x334B, 0xEB00, 0x4D09, 0x0A11, 0xC908, 0x4600, 0x2500, 0x2500, 0x2500, 0x2500,
  0x2400, 0xC610, 0x5484, 0x137C, 0x4408, 0x0218, 0x0148, 0x8398, 0x63A8, 0x2388, 0x6450, 0x0210, 0x2100, 0xF07B, 0xBFFF, 0xD69C,
  0x6308, 0x2308, 0x0220, 0x0240, 0xC468, 0x6681, 0x0569, 0x4030, 0x2C7B, 0xFFFF, 0x7DE7, 0xBFF7, 0x5BC6, 0x2711, 0xA400, 0xEE5A,
  0xBFFF, 0x18FE, 0xC7B9, 0x41B0, 0x69CA, 0x1CFF, 0x1DE7, 0x4819, 0xAA01, 0x0D02, 0x8D01, 0xAD01, 0xCC01, 0xAC01, 0xCC01, 0xCC01,
  0xCD01, 0xCD01, 0xCD01, 0xCD01, 0xCD01, 0xED01, 0xEE01, 0xEE01, 0x0E02, 0x0E02, 0x2E02, 0x6F02, 0x7002, 0x7002, 0x9002, 0x110B,
  0x3213, 0x931B, 0x1534, 0x185D, 0xBA85, 0x7DA6, 0xBEAE, 0xFB8D, 0xD764, 0xB433, 0x321B, 0xB112, 0x900A, 0x6F0A, 0x4F02, 0x6F0A,
  0x6F12, 0x4F0A, 0x2E0A, 0x2D0A, 0xEC01, 0x8B01, 0x6A01, 0x6A01, 0x4901, 0x4901, 0x4909, 0xE800, 0xC700, 0x0709, 0xE600, 0x0611,
  0xC939, 0xEC62, 0xB08B, 0xF1A3, 0x33B4, 0x13BC, 0xF3BB, 0xF39B, 0xD27B, 0x915B, 0xB14B, 0xB243, 0xB24B, 0x7153, 0xEF4A, 0x4D3A,
  0x8408, 0xA508, 0xA508, 0xC610, 0xC610, 0xA608, 0xA608, 0xA608, 0x8608, 0x8608, 0x8500, 0x6500, 0x6500, 0x6500, 0x6500, 0x6500,
  0x8508, 0x6500, 0x4500, 0x4400, 0x6400, 0x4400, 0x4400, 0x4400, 0x4400, 0x4400, 0x4400, 0x4400, 0x6500, 0x8500, 0xC700, 0x4809,
  0x4809, 0x6911, 0x8919, 0xCA19, 0x0B2A, 0x2C2A, 0x0B22, 0xCA19, 0x8919, 0x6811, 0x4811, 0x2709, 0xE708, 0xC708, 0xC600, 0xA600,
  0x8600, 0xA600, 0xC700, 0xC700, 0xC700, 0xC700, 0xC700, 0xE700, 0xE700, 0xE700, 0x0801, 0x0701, 0xE700, 0xE700, 0xE700, 0xE700,
  0xE700, 0xE700, 0xE700, 0x6911, 0x0C22, 0x2C2A, 0x8C32, 0x0A2A, 0xAD4A, 0x7EF7, 0x7DFF, 0x17EE, 0xE679, 0xF3D4, 0xFFFF, 0xFCD6,
  0x0100, 0xE831, 0xBFFF, 0xFFFF, 0x96F5, 0x82A0, 0xC6B1, 0xBAFE, 0xFFFF, 0xBCDE, 0x0300, 0x0308, 0x0100, 0x2539, 0x75D5, 0x75ED,
  0xF3F4, 0x24A9, 0x61A8, 0xA2C0, 0x62C8, 0xA3C0, 0xE4B0, 0xE490, 0x0048, 0x0130, 0x0220, 0x0310, 0x0408, 0x0408, 0x0508, 0x2400,
  0x2300, 0x4400, 0x6608, 0x2408, 0x0408, 0x0218, 0x6681, 0x88E2, 0x82C0, 0x4198, 0x2068, 0xA460, 0x53BC, 0x77AD, 0x368D, 0xB895,
  0xFA9D, 0x999D, 0x78A5, 0x37C5, 0xA879, 0x2268, 0x2178, 0x0180, 0x0180, 0x0180, 0x2280, 0x0278, 0x6691, 0x8268, 0x2150, 0x4150,
  0xA360, 0xC470, 0xA889, 0x4A9A, 0x099A, 0x08A2, 0xE8A1, 0x08A2, 0xE8A9, 0x46A1, 0x04A1, 0x6298, 0x4198, 0x2198, 0x21A0, 0x42B0,
  0x62A8, 0x82A0, 0x82A0, 0x8298, 0x2180, 0x4168, 0x8A92, 0xD4CC, 0x32BC, 0x2FA3, 0x6C8A, 0x2A7A, 0xC959, 0xA520, 0x2500, 0x6B09,
  0x701A, 0x301A, 0x0B01, 0x6800, 0x2500, 0xF373, 0xDAAD, 0x7795, 0x7795, 0xF9A5, 0x4F53, 0x4300, 0x8408, 0x0300, 0x4400, 0x0500,
  0xF24A, 0xF33A, 0x0C01, 0x2B01, 0xA900, 0xEA00, 0xEB00, 0x2D01, 0x4C11, 0x0919, 0x0500, 0x0400, 0x0400, 0x0400, 0x0400, 0x4508,
  0x0200, 0x7063, 0x3BB6, 0x78A5, 0x2C52, 0x0118, 0x6360, 0xA398, 0x42A0, 0x0270, 0x4338, 0x0000, 0x0942, 0x3ACE, 0x94A4, 0xAC62,
  0x0000, 0x2128, 0x8258, 0xE588, 0x4791, 0xA458, 0x0018, 0x6E83, 0x9EF7, 0x7DE7, 0x9EE7, 0xBFEF, 0x3ABE, 0x0609, 0xE508, 0x5384,
  0xBFFF, 0x96F5, 0xE4B8, 0x21C0, 0x48D2, 0xDAFE, 0xDFFF, 0x5795, 0x8901, 0xED01, 0xAD01, 0xCD01, 0xCD01, 0xCD01, 0xCD01, 0xCD01,
  0xCD01, 0xCD01, 0xCD01, 0xCD01, 0xED01, 0x0E02, 0x0E02, 0x2F02, 0x2F02, 0x4F02, 0x6F02, 0x6F02, 0x9002, 0xD00A, 0x3213, 0x521B,
  0x931B, 0xF523, 0x5634, 0xD854, 0x386D, 0x997D, 0x7975, 0xD75C, 0xF53B, 0x3223, 0xF112, 0x900A, 0x6F02, 0x4E02, 0x0D02, 0x4E02,
  0x4E0A, 0x2D02, 0x0D02, 0xEC09, 0xCB01, 0x8B01, 0x6A01, 0x4901, 0x2901, 0x0801, 0x0809, 0xE800, 0x0809, 0x4821, 0x0A42, 0x2E73,
  0x51A4, 0xD3C4, 0x34DD, 0xF3DC, 0xB3DC, 0x52D4, 0x32CC, 0x13AC, 0x1384, 0xD263, 0xB24B, 0x713B, 0x1033, 0x0C22, 0xE808, 0xA600,
  0x6400, 0x6400, 0x6400, 0x6500, 0x8508, 0xA608, 0xA608, 0xA708, 0xC710, 0xC708, 0xA608, 0xA608, 0x8600, 0x8600, 0x8600, 0x6500,
  0x6500, 0x6500, 0x6500, 0x4400, 0x4400, 0x4400, 0x6400, 0x6400, 0x6500, 0x6500, 0x6500, 0x6500, 0x8500, 0xA600, 0x0709, 0x2809,
  0x4809, 0x2809, 0x2809, 0x4809, 0x0701, 0x2701, 0x6809, 0xCA19, 0x0B22, 0x2B2A, 0x6C32, 0x2B2A, 0xAA19, 0x4811, 0x0811, 0xE710,
  0xE708, 0xC708, 0xA600, 0x8600, 0xA600, 0xA700, 0xA600, 0xE700, 0xE700, 0xE700, 0xE700, 0xE700, 0xC700, 0xE700, 0x0809, 0x0701,
  0x0701, 0x0801, 0xE700, 0xE700, 0xE700, 0x2801, 0xC500, 0x2719, 0xF49C, 0xFFFF, 0x1BFF, 0x2BAB, 0x4892, 0x3CFF, 0x9EFF, 0x96AD,
  0x2200, 0xA831, 0xBFFF, 0xDFFF, 0x55F5, 0x61A0, 0xC6B1, 0xBAFE, 0xFFFF, 0xBBD6, 0x0200, 0x2308, 0x0000, 0x2431, 0x54D5, 0x34F5,
  0x50FC, 0x45C9, 0x61D0, 0xA2D8, 0xA3B8, 0x8288, 0x0050, 0x0128, 0x0218, 0x4410, 0x0400, 0x0400, 0x2400, 0x8508, 0x4508, 0x0400,
  0x0300, 0x8508, 0x6821, 0x4300, 0x4300, 0x0110, 0x2CBB, 0x05E2, 0x61B8, 0x0080, 0x2158, 0xA458, 0x94AC, 0x5695, 0xB785, 0xB885,
  0x998D, 0x9AA5, 0xB9BD, 0xD1AB, 0xA568, 0x2268, 0x4170, 0x2180, 0x0180, 0x0178, 0x0070, 0x0070, 0x4280, 0x0489, 0xA681, 0xC781,
  0x4DAB, 0xF0BB, 0xF8ED, 0x7DFF, 0x7DFF, 0x3CFF, 0x7DFF, 0x5CFF, 0xDAFE, 0x75ED, 0x91DC, 0x499A, 0x8589, 0x8599, 0xE4A0, 0x83A0,
  0x21A0, 0x40A8, 0x60B0, 0x40B0, 0x61B0, 0x6298, 0x8AB2, 0x35DD, 0x77D5, 0x57D5, 0x77D5, 0x77CD, 0xD9D5, 0x8D5A, 0x0300, 0xC900,
  0xAE11, 0x0F1A, 0x8C11, 0x8800, 0x0400, 0xEE52, 0x789D, 0x989D, 0x9895, 0xD99D, 0xAD3A, 0x0200, 0x0200, 0xA510, 0x8410, 0x0200,
  0x6E42, 0x5453, 0x0C11, 0x0C09, 0xCB08, 0xEB08, 0xCA08, 0x4D11, 0xEA10, 0x4600, 0x4500, 0xE718, 0x0719, 0x8610, 0xA610, 0x2400,
  0x2300, 0xD16B, 0xBCBE, 0x537C, 0x4310, 0x0128, 0xA370, 0x24A9, 0x4198, 0x2268, 0x0220, 0x0000, 0xA839, 0x4E73, 0x2108, 0x4120,
  0x2140, 0x6270, 0x46A1, 0x2591, 0xA460, 0x0230, 0x0008, 0xAF7B, 0xDFF7, 0x5DE7, 0x5DDF, 0xDFEF, 0x1AB6, 0x8400, 0x4721, 0x9FF7,
  0x3DF7, 0x75FD, 0xE4C8, 0x42D0, 0xC7D1, 0x96ED, 0xDFFF, 0x9BBE, 0xEA09, 0xEC01, 0xCD09, 0xCD01, 0xCD01, 0xCD01, 0xCD01, 0xCD01,
  0xED01, 0xED01, 0xED01, 0xED01, 0xEE01, 0x0F02, 0x2F02, 0x2F02, 0x7002, 0x9002, 0xB002, 0xD10A, 0x3213, 0xB423, 0x5634, 0x773C,
  0x973C, 0x773C, 0x162C, 0x563C, 0x7544, 0x5544, 0x3444, 0x1534, 0xB423, 0xD10A, 0xD00A, 0x9002, 0x6E02, 0x4E02, 0x2D02, 0x4D02,
  0x4D0A, 0x2C02, 0x0C02, 0xEC01, 0xAB01, 0x6A01, 0x4901, 0x4901, 0x4901, 0x2901, 0x0809, 0x0809, 0x8A21, 0x0A52, 0x2E8B, 0xF4C4,
  0xB5ED, 0xB4F5, 0x94FD, 0x53F5, 0x13ED, 0x92DC, 0xF0C3, 0xF3A3, 0xD383, 0x5053, 0xEE2A, 0x2C0A, 0x8A01, 0x4901, 0x4A11, 0x2911,
  0x8408, 0x8408, 0x8508, 0x8508, 0x8508, 0x6508, 0x6508, 0x8508, 0x8508, 0x8500, 0x8500, 0xA608, 0xA608, 0xA600, 0xA608, 0xC608,
  0x8600, 0x6500, 0x6500, 0x6500, 0x6400, 0x6400, 0x6500, 0x8500, 0x8500, 0x8500, 0x8500, 0x8500, 0x8500, 0x8500, 0xE600, 0x0709,
  0x4809, 0x6911, 0x4811, 0x4811, 0x4811, 0x4809, 0x2809, 0x2809, 0x0701, 0xA600, 0xA600, 0xE708, 0x2811, 0xEB29, 0x2C32, 0x4D3A,
  0x0C32, 0xCB29, 0x8A19, 0x4911, 0x2809, 0x4809, 0x2809, 0xC600, 0xA600, 0xC700, 0xE708, 0xE700, 0xE700, 0xC600, 0xE700, 0xE700,
  0xE700, 0x0701, 0x0709, 0x0701, 0x2809, 0x0709, 0x2611, 0x117C, 0xFFFF, 0x3CFF, 0x13E5, 0xC278, 0x89AA, 0x3BFF, 0xBADE, 0xE418,
  0x8408, 0x093A, 0xBFFF, 0x1CFF, 0xEFE3, 0x62B0, 0xE7B9, 0xBAFE, 0xFFFF, 0xBBD6, 0x0200, 0x4308, 0x0100, 0x0439, 0xD2DC, 0x91F4,
  0x2FFC, 0x24D1, 0x21D0, 0x82D8, 0x4188, 0x0040, 0x0218, 0x0408, 0x0400, 0x2400, 0x0400, 0x2400, 0xA608, 0x2821, 0x6508, 0x0300,
  0xA510, 0x2929, 0xE818, 0x6400, 0x4208, 0x0020, 0x6CD3, 0x85D1, 0x21B0, 0x2188, 0x0158, 0x8861, 0xD59C, 0x9795, 0x9785, 0xB88D,
  0x988D, 0x799D, 0xB9C5, 0x8C8A, 0x2258, 0x6378, 0x4278, 0x0070, 0x0068, 0xC378, 0x099A, 0x4AA2, 0x8FCB, 0x14FD, 0xD7FD, 0xF8FD,
  0xF8FD, 0xD8F5, 0xF8ED, 0xF8ED, 0x18EE, 0x38EE, 0x39EE, 0x59F6, 0xDBFE, 0xFBFE, 0x5DFF, 0xBEFF, 0x9DFF, 0xFBFE, 0x35ED, 0xB0D3,
  0x49BA, 0xC6B9, 0x61A0, 0x00A8, 0x40B8, 0x81B0, 0x6190, 0x6691, 0xCDB2, 0x54E4, 0xD5E4, 0x15DD, 0x19E6, 0xAC62, 0x0200, 0x4700,
  0x2C09, 0xEF11, 0xEE19, 0x6C11, 0x8608, 0x0100, 0x2F5B, 0x989D, 0xB99D, 0xD263, 0xEB31, 0xEB39, 0xEA39, 0x1384, 0xB073, 0x2621,
  0x0400, 0x4F3A, 0xD34A, 0x8B00, 0x0C09, 0xCA00, 0xCA00, 0x4C19, 0x4A19, 0x0300, 0x0B3A, 0x79A5, 0x179D, 0xB273, 0xF37B, 0xAE52,
  0x0B3A, 0x5484, 0xF694, 0xAC4A, 0x0010, 0x0040, 0x2491, 0xE4A0, 0x4280, 0x6358, 0x0118, 0x0210, 0x0008, 0x0018, 0x0038, 0x6268,
  0xE498, 0x05A1, 0xE488, 0x8358, 0x0128, 0x2318, 0x0100, 0xD06B, 0xFFF7, 0x5DE7, 0x9EEF, 0xDFF7, 0x7BBE, 0x6821, 0x2721, 0x5FEF,
  0x9EFF, 0x95F5, 0xC3C8, 0x82D8, 0x41B0, 0xA699, 0xBEFF, 0xBBCE, 0x0E3B, 0x0D12, 0xEE09, 0xEE01, 0xEE01, 0x0E02, 0x0E02, 0x0E02,
  0x0E02, 0x0E02, 0x0E02, 0x0E02, 0x0E02, 0x5002, 0x7002, 0x9102, 0xB102, 0xD202, 0x5313, 0x1634, 0xD854, 0xDB75, 0x3C7E, 0xDF8E,
  0xFC75, 0xB84C, 0xF533, 0xD42B, 0xB42B, 0x932B, 0xD42B, 0xB423, 0x5213, 0xD00A, 0xB00A, 0x6F02, 0x4E02, 0x0D02, 0x0C02, 0x2D02,
  0x2D02, 0x0C02, 0xEC01, 0xAB01, 0x8A01, 0x4A01, 0x4901, 0x4901, 0x2901, 0x0801, 0xE808, 0x2919, 0xEC39, 0xCD82, 0xF0BB, 0x13E5,
  0x94FD, 0x94FD, 0x94FD, 0x94F5, 0x34E5, 0x72C4, 0xB0A3, 0x5073, 0x8E42, 0xAA19, 0x6901, 0x8A01, 0x8A01, 0x6909, 0x4909, 0x0809,
  0x6408, 0x6408, 0x6408, 0x8408, 0x8510, 0xA510, 0xA510, 0xC610, 0xC610, 0xC610, 0xC610, 0xA608, 0x8608, 0x8508, 0x8500, 0x8500,
  0x8600, 0x8600, 0x8600, 0x8500, 0x8500, 0x8500, 0x8500, 0x8500, 0x6500, 0x6500, 0x8500, 0x8500, 0x8600, 0xA600, 0x0701, 0x2709,
  0x2709, 0x2709, 0x2809, 0x4809, 0x4809, 0x4911, 0x6911, 0x6911, 0x6911, 0x2809, 0xC700, 0xA600, 0x8600, 0x8600, 0x8600, 0xA600,
  0xC600, 0x0709, 0x8A21, 0x2C2A, 0x2C2A, 0x0B22, 0xCA19, 0x2809, 0x4911, 0x2811, 0x2819, 0x2811, 0xE600, 0xE600, 0xE700, 0xE600,
  0xE700, 0xE700, 0xE700, 0x0701, 0x0809, 0x6400, 0xEE52, 0xDFFF, 0x9DFF, 0x37F6, 0xA5A1, 0xC2A0, 0x28B2, 0x5CFF, 0xDBDE, 0x8308,
  0x0621, 0x159D, 0xDFFF, 0x78FE, 0xE7C1, 0x82B8, 0xE8C1, 0xBAFE, 0xFFFF, 0xBBD6, 0x0200, 0x2400, 0x0200, 0xE538, 0xB2E4, 0x6FF4,
  0x0EFC, 0x44D1, 0x41D0, 0xA2D0, 0x8278, 0x0128, 0x0308, 0x2500, 0x0400, 0x2300, 0xA508, 0xE710, 0x2821, 0x4508, 0x0300, 0xC508,
  0x6821, 0xE920, 0x4608, 0x2400, 0x2110, 0xC258, 0xCADA, 0x45C9, 0x82B0, 0x4288, 0x0250, 0x9193, 0x379D, 0x578D, 0x988D, 0x778D,
  0x788D, 0x7795, 0x97CD, 0xE979, 0x0158, 0x2278, 0x0178, 0x2599, 0x6691, 0xCBB2, 0xB3D4, 0x73CC, 0xF1D3, 0xABAA, 0xC470, 0x6268,
  0xA370, 0x8368, 0x8368, 0x8368, 0x8368, 0x6268, 0x8370, 0xA470, 0x6689, 0x4A9A, 0x10C4, 0x55D5, 0xF7DD, 0xFCF6, 0xFDFE, 0xDDFE,
  0x5AFE, 0x96F5, 0xECBA, 0x66A1, 0xC3A0, 0x4198, 0x2098, 0x62A0, 0x4298, 0x84A0, 0x8390, 0x09B2, 0x11D4, 0x4A82, 0x4420, 0x2508,
  0xCA00, 0x4C01, 0x8D09, 0xCE19, 0xA808, 0x2400, 0x4408, 0x0A32, 0xEA31, 0xE718, 0xD68C, 0xFBB5, 0xB9AD, 0xB8AD, 0x19B6, 0x906B,
  0x0200, 0xCD31, 0x503A, 0x6900, 0xEB00, 0xEB00, 0x2B11, 0x0A11, 0x4600, 0x2400, 0xF373, 0x3BB6, 0x789D, 0xB9A5, 0xB9A5, 0xFAAD,
  0xD26B, 0x2300, 0x4400, 0x0200, 0x2128, 0xA278, 0x25A9, 0xA498, 0x2368, 0x2340, 0x0118, 0x0128, 0x4148, 0xA380, 0xE5A0, 0xE5B0,
  0x26B1, 0xA480, 0x0038, 0x0110, 0x2310, 0x4410, 0x0100, 0xF07B, 0xFFF7, 0x9DE7, 0x7EEF, 0x5EE7, 0xFFEF, 0xB484, 0x4721, 0x7FEF,
  0x5DF7, 0x95F5, 0xC3C0, 0x41D8, 0x61D0, 0x66B9, 0xDAFE, 0xFFFF, 0xDDC6, 0x8A09, 0x0E0A, 0xED01, 0x0E02, 0x2F02, 0x4F02, 0x7002,
  0x2F02, 0x2F02, 0x4F02, 0x6F02, 0x6F02, 0x9002, 0xB102, 0xD102, 0xF202, 0x1303, 0xB51B, 0x9744, 0x5A65, 0x3C8E, 0x5C8E, 0xBE96,
  0x1C7E, 0xB74C, 0xF533, 0x9423, 0x941B, 0x531B, 0x531B, 0x5313, 0x1113, 0x6E0A, 0x6E0A, 0x2D02, 0x2D02, 0x0D02, 0xCC01, 0xEC01,
  0x0D02, 0x0C02, 0xEC01, 0x8A01, 0x4901, 0x4901, 0x4901, 0x4901, 0x2901, 0x0801, 0xC808, 0x2A19, 0x0D42, 0xCD82, 0xF0BB, 0xD3DC,
  0x54ED, 0x54ED, 0x33E5, 0xB2C4, 0x8F93, 0x6C62, 0xCA41, 0x2811, 0x4909, 0x6A09, 0x6A09, 0x4901, 0x4901, 0x2801, 0x0801, 0x0701,
  0x6410, 0x6410, 0x6410, 0x6410, 0x6410, 0x6410, 0x6510, 0x8510, 0x8510, 0xA610, 0xC610, 0xC610, 0xC610, 0xC710, 0xC710, 0xA610,
  0xA608, 0x8608, 0x8608, 0x6500, 0x6500, 0x6500, 0x6500, 0x6500, 0x6500, 0x8500, 0x8500, 0x8600, 0x8600, 0xA600, 0x0701, 0x4709,
  0x4809, 0x6811, 0x6811, 0x6911, 0x6911, 0x6911, 0x4911, 0x4809, 0x2809, 0x0809, 0xE708, 0xC700, 0xC700, 0xC600, 0xA600, 0x8600,
  0xA600, 0xA600, 0xA600, 0xA600, 0xA600, 0x0701, 0x4809, 0xA911, 0x6D32, 0x8D3A, 0x6D3A, 0x6D3A, 0xA919, 0x4809, 0x0709, 0x0701,
  0x0709, 0x0701, 0xE600, 0x0709, 0x0709, 0xA500, 0x5284, 0xDFFF, 0x3CFF, 0xEECB, 0xC298, 0xC3B0, 0x29BA, 0xFBFE, 0xDBDE, 0xEC52,
  0xD17B, 0xFFF7, 0xBEF7, 0x78FE, 0x44B1, 0x82C0, 0xA7B9, 0xBAFE, 0xFFFF, 0xBBD6, 0x0100, 0x4408, 0x0200, 0xE540, 0x91E4, 0x6FF4,
  0x0EFC, 0x44D1, 0x41D0, 0xA2D0, 0x8278, 0x0120, 0x0308, 0x0500, 0x0400, 0x6508, 0x4821, 0x6921, 0x4508, 0x0300, 0x8510, 0x8929,
  0x2821, 0x4608, 0x0500, 0x4400, 0x2118, 0x4792, 0x48D2, 0x03C1, 0x4190, 0x4170, 0x2248, 0x139C, 0x379D, 0x7895, 0x778D, 0x7795,
  0x5795, 0x78AD, 0x92BC, 0x8679, 0x4268, 0xA388, 0x8390, 0x4AC2, 0x0CCB, 0xC899, 0x2268, 0x0060, 0x0068, 0x0168, 0x2270, 0x2270,
  0x4270, 0x4270, 0x4270, 0x4270, 0x6270, 0x4270, 0x6270, 0x4170, 0x2178, 0x0170, 0x0068, 0x4160, 0xA360, 0x0CA3, 0x15DD, 0x76ED,
  0x5AF6, 0x9BF6, 0x59F6, 0x19F6, 0xAFC3, 0x2AAA, 0x26A1, 0x6298, 0x21A0, 0x62B0, 0x62B0, 0x01A0, 0x2290, 0xC488, 0xA458, 0x0210,
  0x2600, 0xA900, 0x2B09, 0xEE19, 0x8C11, 0x8700, 0x6600, 0x0400, 0x0200, 0x1063, 0x1BB6, 0x7895, 0x9895, 0xB78D, 0x3AA6, 0xB063,
  0x0200, 0x2921, 0x0D3A, 0xE908, 0x0A09, 0xC900, 0x0A09, 0xC910, 0x0400, 0x0C4A, 0x58A5, 0xD9A5, 0xD99D, 0xF99D, 0x1AA6, 0xF68C,
  0xCE52, 0x0300, 0x4408, 0x0110, 0x4258, 0x45A9, 0xA2A0, 0x4278, 0x4348, 0x0120, 0x0138, 0xA470, 0x06A9, 0x06C1, 0xC5B0, 0x06A1,
  0xC470, 0x0128, 0x4310, 0x0611, 0x4400, 0x2508, 0x0200, 0xD07B, 0xFFFF, 0x9DE7, 0x1CE7, 0x5DE7, 0x9EE7, 0x7AB6, 0x7274, 0x7DDF,
  0x7CEF, 0x95F5, 0xE4C8, 0x82E8, 0x41E0, 0x04C1, 0x95F5, 0x7DFF, 0x1DD7, 0x0C22, 0x2E12, 0x2E02, 0x4F02, 0x6F02, 0x7002, 0x7002,
  0x7002, 0x7002, 0x7002, 0x9002, 0xB002, 0xB002, 0xD102, 0xF202, 0x3303, 0x530B, 0xB51B, 0x5634, 0x1855, 0xFB7D, 0x5C86, 0x5E86,
  0x7B65, 0x773C, 0xD423, 0x941B, 0x7313, 0x5313, 0x3213, 0xF10A, 0xB00A, 0x4E02, 0x4E02, 0x0D02, 0x0D02, 0xEC01, 0xCC01, 0x0C02,
  0x2D02, 0x0C02, 0xEC01, 0xAA01, 0x6901, 0x4901, 0x4901, 0x2901, 0x2801, 0xE800, 0xE800, 0x6A21, 0x2E4A, 0xEF7A, 0xB1A3, 0x53B4,
  0x11AC, 0x8E93, 0xAB72, 0x095A, 0x6839, 0x2821, 0x0819, 0x4911, 0x4909, 0x6A09, 0x6A09, 0x4901, 0x4A01, 0x4901, 0x2801, 0x0701,
  0x6410, 0x6418, 0x8518, 0xA518, 0x8518, 0x8510, 0x8510, 0x8510, 0x8518, 0xA618, 0xA618, 0x8610, 0xA610, 0x8610, 0xA610, 0xC610,
  0xC610, 0xA710, 0xC710, 0xC610, 0xC608, 0xA608, 0x8500, 0x6500, 0x6500, 0x8500, 0x8600, 0x8600, 0x8600, 0xA600, 0x0701, 0x2709,
  0x4809, 0x4811, 0x4811, 0x6911, 0x6911, 0x8911, 0x8A11, 0x8A11, 0x4809, 0x0701, 0xC600, 0xA600, 0xA600, 0xA600, 0xC700, 0xE700,
  0xE700, 0xC700, 0xE700, 0xE700, 0x0701, 0xE700, 0xC600, 0xE600, 0xC600, 0xA600, 0xA600, 0x0709, 0xA919, 0x2B2A, 0xAE3A, 0xAD3A,
  0x6D32, 0x2C2A, 0x8919, 0x4819, 0x0709, 0xC929, 0xDFF7, 0x9EFF, 0xF7F5, 0x8180, 0xA2B0, 0x82C0, 0xC7B9, 0xDBFE, 0xBFF7, 0xFFEF,
  0xDFF7, 0xBFE7, 0xBEF7, 0xF6FD, 0x64C9, 0x62C8, 0x86B1, 0xDBFE, 0xFFFF, 0x9BDE, 0x0200, 0x4408, 0x0200, 0xE540, 0x30DC, 0x0EF4,
  0xCDFB, 0x24D1, 0x41D8, 0xC2D0, 0xA278, 0x0020, 0x0400, 0x0500, 0x4508, 0x4929, 0x0719, 0x2400, 0x2400, 0x6510, 0x4929, 0x2719,
  0x4400, 0x0500, 0x2500, 0x2308, 0x2120, 0x2BC3, 0xA5C9, 0xC2B8, 0x2080, 0x2160, 0xC548, 0x5494, 0x589D, 0x578D, 0x779D, 0x56A5,
  0xD5A4, 0xB093, 0xA258, 0x2060, 0x6278, 0x46A1, 0xE590, 0x2270, 0x4270, 0x4268, 0x4370, 0x6478, 0x8468, 0x6360, 0x6360, 0x6360,
  0x4258, 0x6358, 0x6358, 0x6358, 0x6358, 0x6358, 0x8468, 0x4468, 0x4470, 0x6478, 0x6378, 0x8370, 0x8268, 0x6168, 0x4060, 0x4168,
  0x6EB3, 0x56DD, 0x77D5, 0xD9DD, 0x1AE6, 0xF9ED, 0xD4E4, 0x8AB2, 0xA6B1, 0xC2A8, 0x81A8, 0x61A8, 0x82B0, 0x8298, 0x8270, 0x0028,
  0x0208, 0x8710, 0x0B11, 0x2C09, 0x0F22, 0x6C11, 0x4600, 0x6608, 0x0300, 0x3063, 0x1BB6, 0x9895, 0xF99D, 0xD88D, 0x1996, 0x946C,
  0x0609, 0x2300, 0xA610, 0x8510, 0x4500, 0xA610, 0x8608, 0x2500, 0x0300, 0x2F63, 0xD9AD, 0x9895, 0x3AA6, 0xB795, 0xD9A5, 0x337C,
  0x6408, 0x2408, 0x0210, 0x0138, 0xE590, 0x04B1, 0x6190, 0x4158, 0x0120, 0x0118, 0x4358, 0x47A9, 0x05B9, 0xC4A8, 0x0599, 0xA468,
  0x0220, 0x2400, 0x0D32, 0x8F3A, 0x2600, 0x4708, 0x0200, 0xB07B, 0xFFFF, 0x1BDF, 0xD7BD, 0x7DEF, 0x7EDF, 0x5DD7, 0x9EE7, 0x5DDF,
  0x9CF7, 0x54ED, 0x24C9, 0x04F9, 0x42E8, 0x42C8, 0x49B2, 0xFBFE, 0xBFF7, 0x7CB6, 0x0D12, 0x0E02, 0x6F02, 0x9002, 0xB102, 0xB102,
  0xB102, 0xB102, 0xB102, 0xB102, 0xF102, 0xF202, 0x1203, 0x3303, 0x740B, 0xB40B, 0xD51B, 0x772C, 0x194D, 0xBB65, 0xFC6D, 0x5B5D,
  0x573C, 0x152C, 0xD41B, 0x520B, 0x520B, 0xF102, 0xD002, 0xD10A, 0x900A, 0x4E02, 0x4E02, 0x0D02, 0x2D02, 0x0D02, 0x0D02, 0x2D0A,
  0x4D0A, 0x2D0A, 0xEC01, 0xCB01, 0x8A01, 0x4901, 0x2901, 0x0901, 0x2801, 0x0801, 0xE800, 0x4A19, 0xEC31, 0x2D52, 0x2D5A, 0x2C52,
  0xC941, 0x6731, 0xE518, 0x0619, 0x6919, 0x8A19, 0xAC19, 0xAB19, 0x8A19, 0x6A11, 0x4A09, 0x6A09, 0x4901, 0x2901, 0x2801, 0x0801,
  0x6410, 0x6410, 0x6410, 0x6410, 0x6410, 0x6410, 0x6410, 0x8510, 0x8510, 0xA518, 0xA618, 0xC618, 0xE720, 0xE720, 0xE720, 0xC718,
  0xC718, 0xA618, 0x8610, 0x8610, 0xA508, 0x8508, 0x8500, 0x8500, 0x8600, 0xA600, 0xA600, 0xC608, 0xC700, 0xE600, 0x2709, 0x4809,
  0x4809, 0x6809, 0x6909, 0x8911, 0x6911, 0x6911, 0x6911, 0x8911, 0x6909, 0x4809, 0x0801, 0xE700, 0x0801, 0xE700, 0x0801, 0x0801,
  0x0801, 0x0801, 0x0701, 0x0701, 0x0701, 0xE700, 0xE700, 0x0701, 0xE700, 0xE700, 0xA600, 0xA600, 0xC600, 0xC600, 0x0701, 0x0701,
  0x2809, 0x6911, 0x2C2A, 0xAD42, 0x0A32, 0x0D53, 0xFFFF, 0x9AF6, 0xCBB2, 0x2088, 0x61B8, 0x42C0, 0xA7C1, 0xBAFE, 0x7DEF, 0x7EDF,
  0xDFEF, 0x9EEF, 0x7CF7, 0xD2F4, 0xE3D0, 0x21C8, 0x65A9, 0xFBFE, 0xFFFF, 0x9BDE, 0x0200, 0x2400, 0x0200, 0xC540, 0xCFDB, 0xADEB,
  0x8CFB, 0x23D9, 0x41D8, 0xE3D8, 0xA380, 0x0120, 0x0408, 0x4608, 0xE820, 0xE718, 0x6400, 0x2400, 0x2400, 0x2929, 0x0821, 0x8508,
  0x0300, 0x4608, 0x2500, 0x0208, 0x4138, 0x6CDB, 0x44C9, 0x61B8, 0x6288, 0x2258, 0x4B72, 0x16A5, 0x5795, 0x569D, 0xD49C, 0x52AC,
  0x8769, 0x6350, 0x4168, 0x4170, 0x2270, 0x4378, 0x2368, 0x4360, 0x8458, 0x8350, 0xA458, 0x6458, 0x8540, 0x0320, 0x0220, 0x0220,
  0x0320, 0x0220, 0x0218, 0x0218, 0x0218, 0x0218, 0x0328, 0x0330, 0x0440, 0x6558, 0x4358, 0x4260, 0x8268, 0x6270, 0x8280, 0x2078,
  0x6178, 0xA370, 0xC889, 0x53CC, 0x78DD, 0xF9E5, 0x39E6, 0x76DD, 0x75F5, 0x69AA, 0x6190, 0x61B0, 0x41B8, 0x62B8, 0xA2A0, 0x6160,
  0x0120, 0x0408, 0xA808, 0x0B01, 0x8E11, 0x102A, 0x0A11, 0xA708, 0x2300, 0x8C4A, 0xD9AD, 0xB9A5, 0xB99D, 0xB995, 0x1B9E, 0x746C,
  0x0609, 0x4200, 0x2218, 0x4230, 0x2230, 0x2330, 0x2420, 0x0310, 0x0200, 0x0E5B, 0xD9AD, 0xB99D, 0x9895, 0xD99D, 0x1AAE, 0x2E5B,
  0x0100, 0x2210, 0x0130, 0xC480, 0x67B9, 0xC398, 0x6170, 0x6248, 0x0118, 0x0220, 0xC668, 0x47A1, 0x0591, 0xC368, 0x0030, 0x0210,
  0x6600, 0xAD19, 0xD75B, 0xB242, 0x0600, 0x4608, 0x0100, 0xD07B, 0xFFFF, 0xF8DD, 0x109C, 0x5DF7, 0x1CD7, 0x7EE7, 0x5EEF, 0x5DEF,
  0x5CFF, 0xF3F4, 0xE3C8, 0xE3F0, 0x62F0, 0x41C8, 0xA7C1, 0x75F5, 0x5DF7, 0x9CBE, 0xAF2A, 0x6F0A, 0xD10A, 0x1213, 0x330B, 0x330B,
  0x7413, 0x741B, 0x5313, 0x320B, 0x530B, 0x750B, 0x750B, 0x750B, 0x950B, 0xB50B, 0xD613, 0x161C, 0x5724, 0x5724, 0x3724, 0x172C,
  0xD623, 0xD523, 0x521B, 0xF112, 0x1113, 0x311B, 0xD433, 0xD433, 0xD012, 0x2D02, 0x4E02, 0x2D02, 0x4E0A, 0x2D0A, 0x2D0A, 0x4E12,
  0x6E12, 0x4E12, 0x2D0A, 0xEC09, 0x8A01, 0x4901, 0x4901, 0x4901, 0x4901, 0x2801, 0xE800, 0x0809, 0x4919, 0x4A21, 0xE918, 0x0819,
  0x0711, 0x2711, 0x6811, 0x8911, 0xAA11, 0x8B09, 0x6B09, 0x0909, 0x0809, 0x2901, 0x2901, 0x0801, 0x0801, 0x0801, 0x0801, 0x2801,
  0x2729, 0x2629, 0x0621, 0xC518, 0xC518, 0xE620, 0xC618, 0xC510, 0xC618, 0xA510, 0x8518, 0x8510, 0x8510, 0x8510, 0x8510, 0xC618,
  0xC718, 0xC618, 0xE718, 0xE718, 0xC710, 0xE710, 0xC610, 0xA608, 0xA608, 0xC608, 0xC708, 0xC600, 0xA600, 0xC700, 0x2701, 0x4809,
  0x6911, 0x8911, 0x8911, 0x8911, 0x6911, 0x8A11, 0xAA19, 0x8A11, 0x4809, 0x6909, 0x6909, 0x2801, 0x2801, 0x4901, 0x2801, 0x4901,
  0x6A09, 0x6901, 0x2801, 0x4801, 0x2801, 0x0701, 0xE700, 0xE700, 0xE700, 0xC600, 0xE600, 0x0701, 0x0701, 0xE700, 0xE700, 0xE700,
  0xE700, 0xA600, 0xE608, 0x4300, 0x4B42, 0xBFEF, 0xBEFF, 0x55E5, 0xC380, 0x0090, 0x41C0, 0x41C8, 0xC7C1, 0xB9FE, 0x7DF7, 0xBEE7,
  0x9DEF, 0x9EFF, 0x59FE, 0x85B9, 0x62D8, 0x21C8, 0x4599, 0x3CFF, 0xFFFF, 0x7BDE, 0x0200, 0x2400, 0x0200, 0xA440, 0x6ED3, 0x4BEB,
  0x4BFB, 0x03D9, 0x61E0, 0xE2D8, 0xA278, 0x0018, 0x2408, 0xC810, 0xE820, 0x4408, 0x0300, 0x6508, 0x0821, 0x2829, 0x0400, 0x0400,
  0xA608, 0xC710, 0x4508, 0x0108, 0x6148, 0x0BE3, 0xE3C0, 0x41B0, 0x4290, 0x6360, 0x12AC, 0x56A5, 0x77A5, 0xD4A4, 0x4A72, 0x8358,
  0x2260, 0x4370, 0x4270, 0x4370, 0x6468, 0x2360, 0x6550, 0x2330, 0x0220, 0x0218, 0x0118, 0x0220, 0x0410, 0x0408, 0x0408, 0x0400,
  0x0400, 0x2508, 0x2400, 0x0400, 0x2400, 0x2508, 0x0300, 0x2308, 0x0320, 0x0330, 0x0240, 0x0148, 0x2258, 0x2160, 0x4270, 0x4278,
  0x2078, 0x2080, 0x4180, 0x4278, 0x2681, 0xB0B3, 0x56D5, 0xB7DD, 0x97E5, 0x56E5, 0x2DCB, 0x62A0, 0x21A8, 0x42B8, 0x41A8, 0xA390,
  0x2150, 0x0110, 0x6600, 0x0A01, 0x0B01, 0xEF29, 0x2F3A, 0xA718, 0x2308, 0x0200, 0xEE5A, 0x98A5, 0xDAA5, 0xBAA5, 0x9A9D, 0x757C,
  0x2719, 0x0110, 0x0561, 0x4791, 0x8490, 0x8488, 0x2779, 0xE550, 0x0000, 0x4E63, 0x1AB6, 0x79A5, 0xDBA5, 0xDAA5, 0x3374, 0x8410,
  0x0010, 0x0030, 0xE370, 0xA6B9, 0xC4A0, 0x6268, 0x4240, 0x0120, 0x0110, 0x6430, 0x2869, 0x6458, 0x0130, 0x0220, 0x0200, 0xCC19,
  0x9433, 0xB633, 0xB73B, 0x922A, 0x4700, 0x4400, 0x0000, 0xF073, 0xFFFF, 0x55DD, 0xEC92, 0x7DFF, 0x5CE7, 0x3CDF, 0x1DEF, 0x5EF7,
  0xDBFE, 0x6DDB, 0x82C0, 0x82E0, 0x85F1, 0x82C8, 0x83C0, 0xC7B1, 0xFBFE, 0xDFEF, 0xDA95, 0x4E0A, 0xF11A, 0x321B, 0x741B, 0x741B,
  0x741B, 0x741B, 0x5413, 0x330B, 0x530B, 0x330B, 0x1303, 0x1303, 0x3303, 0x1203, 0x3303, 0x5403, 0x5403, 0x7503, 0x950B, 0x9513,
  0x7413, 0xD52B, 0x1544, 0x775C, 0x5A7D, 0xDB85, 0xDC85, 0x9754, 0xD012, 0x0D02, 0x0D02, 0xEC01, 0xEC01, 0xEC01, 0xCC01, 0x0D0A,
  0x2D12, 0x2D12, 0x0C0A, 0xEC09, 0xAA01, 0x6901, 0x4901, 0x4901, 0x4901, 0x2801, 0x0801, 0xE800, 0x0809, 0xC800, 0xA700, 0x0809,
  0x0701, 0x0701, 0x2801, 0x2801, 0x0801, 0x0901, 0x0901, 0xE800, 0xE800, 0xE800, 0xC700, 0x0901, 0x8A09, 0xCB11, 0x4D1A, 0xAE2A,
  0x2629, 0x6729, 0xA931, 0xC939, 0xC939, 0xEA39, 0xA931, 0x8829, 0x6829, 0x2721, 0x0621, 0xE620, 0xE620, 0xE618, 0xC618, 0xC618,
  0xC618, 0xC618, 0xA610, 0xA610, 0xA610, 0x6508, 0x8608, 0xE710, 0x0711, 0xE710, 0x0811, 0x0811, 0x0809, 0x2809, 0x8911, 0xA911,
  0xAA19, 0xAA19, 0x8911, 0x6911, 0x8911, 0xAA11, 0xAA11, 0x8A11, 0x8909, 0x6909, 0x4901, 0x6901, 0x8A09, 0xAA09, 0x8A09, 0x8A01,
  0x8A01, 0x6A01, 0x6901, 0x6901, 0x4901, 0x0801, 0xE700, 0xE700, 0xE700, 0xE700, 0x0701, 0x0709, 0x0701, 0xE700, 0xE700, 0x0701,
  0x0701, 0x4809, 0x0609, 0xC510, 0x8F6B, 0xFFFF, 0xFBFE, 0x0892, 0x4180, 0x20A0, 0x41B8, 0x82C8, 0x65C1, 0x33ED, 0x1BFF, 0x9DFF,
  0x9DFF, 0xDAFE, 0x51EC, 0x82C0, 0x62E8, 0x42C8, 0x6591, 0x3CFF, 0xFFFF, 0x7AD6, 0x0200, 0x2300, 0x0200, 0x8448, 0x2DD3, 0x0BEB,
  0x2AFB, 0x03D9, 0x61E0, 0xC2D0, 0xA280, 0x0018, 0x2400, 0x8710, 0x2508, 0x0300, 0x8400, 0x4821, 0x0821, 0x2408, 0x0300, 0xA610,
  0x6921, 0x8608, 0x0300, 0x0118, 0x2471, 0xA9E2, 0xC2C0, 0x00A0, 0x2180, 0x2260, 0x53BC, 0x36BD, 0x53A4, 0x4759, 0x4358, 0x2268,
  0x6370, 0x4268, 0x6358, 0x8450, 0x4448, 0x0330, 0x0320, 0x0410, 0x0300, 0x2300, 0x4408, 0x0308, 0x0408, 0x0500, 0x0500, 0x0500,
  0x0500, 0x0400, 0x2500, 0x4600, 0x2500, 0x2500, 0x4400, 0xC410, 0xA528, 0x4438, 0x8550, 0x6458, 0x2358, 0x2360, 0x0268, 0x2270,
  0x4188, 0x4090, 0x6198, 0x2188, 0x2180, 0xA380, 0x2579, 0xCCA2, 0x32CC, 0x73D4, 0xD4EC, 0xAFDB, 0xC7B1, 0x82A8, 0x41B0, 0x41A0,
  0x6170, 0x0128, 0x0300, 0x6600, 0x2A09, 0x4B19, 0xA820, 0x8638, 0x6538, 0x0220, 0x2210, 0x0A3A, 0x7484, 0x589D, 0xFBB5, 0x926B,
  0x2200, 0x0128, 0xE8A1, 0x67C9, 0x22C0, 0x43C0, 0x26B1, 0x0479, 0x0010, 0x8B52, 0xB8B5, 0x79AD, 0xB78C, 0x105B, 0xC618, 0x0010,
  0x0140, 0xE480, 0x85A9, 0xE3A0, 0x8380, 0x4348, 0x0218, 0x0310, 0x0210, 0x0210, 0x0320, 0x0310, 0x0408, 0x4608, 0x8C11, 0xB94C,
  0x1C3D, 0x7603, 0xD823, 0xD222, 0x6600, 0x6300, 0x0000, 0xCF73, 0xDFFF, 0x55E5, 0x0892, 0xD7F5, 0x9DFF, 0x5CE7, 0xFBE6, 0x7EFF,
  0xD7ED, 0xE3A8, 0x41D0, 0x03E9, 0xC9FA, 0x23C9, 0x42C8, 0x66C9, 0x95F5, 0x9EF7, 0xDDBE, 0x4D12, 0x6E12, 0xB012, 0x1213, 0x1213,
  0x3313, 0x3313, 0x1313, 0x3313, 0x1213, 0x531B, 0x9423, 0x7323, 0xB42B, 0xD42B, 0xD42B, 0xF52B, 0x1624, 0x5824, 0xD613, 0xB50B,
  0x5413, 0xD53B, 0xB86C, 0xDCA5, 0x5EBE, 0x5DAE, 0x187D, 0x9233, 0x8E0A, 0x2D02, 0x2D02, 0xEC01, 0xCC01, 0xCB01, 0xCB01, 0xAB01,
  0xAB01, 0xCB01, 0xCB09, 0xAB01, 0x8A01, 0x4901, 0x2901, 0x0801, 0x0801, 0x0801, 0x0801, 0x0801, 0x0801, 0x0801, 0x0701, 0x0701,
  0x2701, 0x4701, 0x0701, 0x0701, 0x2801, 0xE800, 0xC700, 0xE700, 0xE700, 0x0801, 0x4901, 0xCC11, 0x4D1A, 0xF032, 0x7143, 0x9243,
  0xA418, 0xC518, 0xC518, 0xE518, 0xE518, 0x0621, 0x2621, 0x4829, 0x8829, 0x8931, 0xA939, 0xC939, 0xEA41, 0x0B42, 0x0B42, 0xCA39,
  0x8931, 0x8929, 0x4821, 0x2821, 0x2821, 0xE718, 0xC710, 0xA610, 0xA608, 0xA608, 0xC608, 0xC708, 0xE708, 0x0701, 0x4809, 0x8911,
  0x8911, 0xAA19, 0xAA11, 0xAA11, 0xCB19, 0xCB19, 0xCB19, 0x8A11, 0x6901, 0x6901, 0x6901, 0x6901, 0x6901, 0x8A01, 0xCB09, 0xCB09,
  0xCC09, 0xCB09, 0x6A01, 0x6A01, 0x4901, 0x0801, 0xE800, 0xC700, 0xC700, 0xE700, 0x0701, 0x2809, 0x2809, 0x0809, 0x0801, 0x0801,
  0x2801, 0x0709, 0xA500, 0xAB4A, 0xBFEF, 0xDFFF, 0x38F6, 0x8270, 0x0188, 0x20A0, 0x20B0, 0xC2C8, 0xE2C0, 0x85A9, 0x54F5, 0xB5F5,
  0xD5F5, 0x30EC, 0x04B9, 0xA2D0, 0xA2E8, 0x41B8, 0x6689, 0x3CFF, 0xFFFF, 0x9AD6, 0x0100, 0x2300, 0x0208, 0x8448, 0xECD2, 0xCAE2,
  0xEAFA, 0xE3E0, 0x41E0, 0xC2D8, 0xA380, 0x0120, 0x2408, 0x4500, 0x0400, 0x6408, 0x4719, 0x2719, 0x4408, 0x0300, 0x4408, 0x2821,
  0x4821, 0x4508, 0x0308, 0x0120, 0x08A2, 0xC6D1, 0xA2C0, 0x0090, 0x2178, 0xC470, 0x11C4, 0x32BC, 0x2761, 0x2358, 0x4368, 0x4368,
  0x4358, 0x8350, 0x2328, 0x0218, 0x0318, 0x2410, 0x0408, 0x0400, 0x4500, 0x2400, 0x2400, 0x6508, 0x2500, 0x2500, 0x2500, 0x0400,
  0x6608, 0x4500, 0x0400, 0x0500, 0x0400, 0x2400, 0x4400, 0x6408, 0x2410, 0x0320, 0x6438, 0xC658, 0x0669, 0xE578, 0x8480, 0x2280,
  0x0188, 0x0190, 0x2190, 0x4190, 0x6188, 0x4188, 0x4180, 0x2178, 0x2278, 0xE588, 0xABB2, 0xF0DB, 0xAEE3, 0x86B9, 0x21A0, 0x62B0,
  0xC398, 0x8258, 0x0118, 0x0308, 0xC810, 0xE818, 0x0528, 0x8660, 0x6989, 0xC668, 0x2230, 0x0008, 0x0100, 0xEE5A, 0x99B5, 0x6C52,
  0x0000, 0xE350, 0x89C2, 0xC3C8, 0x01D0, 0x21D0, 0xE3B8, 0xC288, 0x2030, 0x0000, 0xEC62, 0xD59C, 0x0621, 0x2208, 0x0118, 0x2248,
  0xC488, 0x87C1, 0x24B1, 0x8170, 0x2250, 0x0320, 0x0410, 0x0300, 0x0300, 0x4308, 0x2408, 0x2500, 0xC900, 0x5022, 0x3423, 0x992C,
  0xFC24, 0x9703, 0xB71B, 0xB21A, 0x8600, 0x6300, 0x0000, 0x8F73, 0xFFFF, 0xB6ED, 0xA378, 0x49AA, 0x38FE, 0x3BF7, 0x3BFF, 0xDBFE,
  0x51E4, 0x21B8, 0x82E8, 0x40D8, 0x88EA, 0x6CF3, 0x41C0, 0x62C8, 0x8AC2, 0x7CFF, 0x9EE7, 0xD674, 0x9664, 0xF864, 0xD854, 0x5B65,
  0xBD6D, 0xFE75, 0xFA54, 0x3A55, 0x9C65, 0x3E8E, 0xDFA6, 0x1FAF, 0xDEA6, 0x9D9E, 0xBE9E, 0xBF8E, 0xFF8E, 0x5F6E, 0x782C, 0x7503,
  0x7413, 0x1644, 0x1985, 0x3DBE, 0x7ECE, 0x3DBE, 0xF77C, 0x5133, 0x8E0A, 0x2D02, 0x2D02, 0x0C02, 0xEC01, 0xCB01, 0x8B01, 0xAB01,
  0xAB01, 0x8A01, 0x6A01, 0x6901, 0x4901, 0x0901, 0x0901, 0x0901, 0x0801, 0x0801, 0x0801, 0x0801, 0x0801, 0x2801, 0x0701, 0xE700,
  0xE700, 0x0701, 0x0701, 0xE700, 0xC700, 0xC700, 0xE700, 0x2801, 0x2801, 0x8A09, 0x2D1A, 0xCF2A, 0xAF2A, 0xAF2A, 0x6E22, 0xEC11,
  0x8418, 0x6418, 0x6418, 0x8418, 0x8418, 0x8518, 0xA518, 0xC620, 0xE620, 0xC620, 0xC520, 0xE620, 0xE620, 0x0621, 0x0721, 0x4829,
  0x6831, 0x4829, 0x8931, 0xAA31, 0xAA39, 0xCB39, 0xAA31, 0x8A29, 0x6921, 0x6921, 0x4919, 0x4811, 0x2811, 0x4811, 0x8911, 0x8911,
  0xAA11, 0xAA19, 0x8A11, 0x8A11, 0x8A11, 0x8A11, 0xCB19, 0xEB19, 0xCA11, 0xCA09, 0xAA01, 0x8901, 0x8901, 0xAA01, 0xCB01, 0xAB01,
  0xAB01, 0xAB01, 0x8B01, 0x8B01, 0x6B09, 0x4A09, 0x4A09, 0x2909, 0xE800, 0xE800, 0xE700, 0xE700, 0xE700, 0xE700, 0x0801, 0x2801,
  0x2801, 0x6811, 0xE608, 0xAB4A, 0xBFF7, 0x7DFF, 0xD2DC, 0x6278, 0x4190, 0x2098, 0x40A8, 0x81C0, 0xA2C8, 0xE3C8, 0xA2B0, 0xE3B8,
  0xC2A8, 0x82B8, 0x82C8, 0xC2D8, 0x61C8, 0x0098, 0x4681, 0x3DFF, 0xFFFF, 0x9ACE, 0x0100, 0x2300, 0x0208, 0x8348, 0x8BCA, 0x68E2,
  0xA9FA, 0xE3E0, 0x21E0, 0xC2D8, 0xC380, 0x0020, 0x0300, 0x2500, 0x2408, 0x2721, 0x2611, 0x8408, 0x2300, 0x4308, 0x2721, 0xE618,
  0x4408, 0x0400, 0x0308, 0x4230, 0x69BA, 0xE2B8, 0x61B0, 0x0088, 0x2170, 0x6689, 0x6789, 0x8460, 0x6360, 0x6468, 0x8460, 0x4350,
  0x0230, 0x2320, 0x0308, 0x2408, 0x2408, 0x0400, 0x6608, 0x6608, 0x0400, 0x2400, 0xE718, 0x6929, 0xC610, 0x0400, 0x4508, 0x2821,
  0x8A29, 0x6508, 0x0400, 0x8608, 0xA610, 0x2400, 0x2500, 0x0500, 0x0400, 0x0408, 0x0310, 0x0318, 0x0120, 0x0240, 0xA470, 0xC588,
  0xC698, 0x8598, 0x4390, 0x4290, 0x4190, 0x4198, 0x2098, 0x2198, 0x4198, 0x4198, 0x2190, 0x2290, 0x2198, 0xA4B8, 0x42B8, 0x41B8,
  0x62A8, 0xC388, 0x6350, 0x0120, 0x0408, 0x0408, 0x4530, 0x4558, 0xA580, 0x6899, 0x8468, 0x4240, 0x4128, 0x0010, 0x4218, 0x2118,
  0x0020, 0xC689, 0xA9DA, 0x20B8, 0x41D8, 0x00D0, 0x61C0, 0xE3A8, 0x6160, 0x0020, 0x2020, 0x0018, 0x0020, 0x0038, 0x6368, 0x47A9,
  0x47B1, 0xA4A8, 0x2178, 0x4148, 0x0228, 0x0410, 0x0508, 0x0400, 0x2300, 0x2300, 0x4500, 0x0600, 0x4D11, 0xD733, 0x1403, 0x7924,
  0xFC2C, 0x1503, 0x561B, 0x711A, 0x4700, 0x2400, 0x0000, 0xB083, 0xFFFF, 0xD6ED, 0x86A9, 0x83A8, 0x49CA, 0x74FD, 0x95FD, 0xD3FC,
  0x66C9, 0x42D8, 0x41E0, 0x00D8, 0xC6D9, 0x0EFC, 0xC3C8, 0x82D0, 0xC7D1, 0x38FE, 0x9DF7, 0x7FD7, 0x377D, 0xBA85, 0xFB7D, 0x7B6D,
  0xDD75, 0xDD75, 0x363C, 0x9844, 0xBB6D, 0x3D8E, 0xFB8D, 0xFEAE, 0x1EB7, 0x5B96, 0x9D96, 0x3C7E, 0xFC6D, 0x1A45, 0x171C, 0x7503,
  0x130B, 0xB53B, 0xF984, 0xFCB5, 0x3CC6, 0x9AA5, 0x766C, 0x923B, 0x8F0A, 0x4E0A, 0x4D0A, 0x2D0A, 0xEC01, 0xAB01, 0x8B01, 0x8B01,
  0x8A01, 0x6A01, 0x4901, 0x4901, 0x2901, 0x0901, 0x0901, 0x0909, 0x0801, 0x0801, 0x0801, 0x2801, 0x2801, 0x0701, 0x0801, 0x2801,
  0x2801, 0x0801, 0x0801, 0x2801, 0x4909, 0x8A09, 0xAA11, 0xEB11, 0x6D22, 0xAE2A, 0x4D22, 0xEC11, 0x0C12, 0xCC09, 0xEC11, 0x0C12,
  0x8528, 0x8428, 0x8420, 0xA528, 0x8520, 0x6420, 0x8520, 0x6518, 0x6520, 0x6418, 0x8418, 0x8518, 0xA520, 0xC520, 0xE620, 0xE620,
  0x0721, 0x0721, 0x0721, 0x0721, 0x0821, 0x0821, 0x0821, 0x0819, 0x0819, 0x2819, 0x4819, 0x4919, 0x6919, 0x6911, 0xAA11, 0xCA19,
  0xEB19, 0x2C22, 0x0B1A, 0x0C22, 0x0C22, 0xEB19, 0xEB19, 0xEB19, 0xEB11, 0xEA09, 0xCA09, 0xCB01, 0xCB01, 0xAB01, 0xAB01, 0xAB01,
  0xCC01, 0xAB01, 0x8B01, 0x8B01, 0x4A01, 0x0901, 0x0901, 0x0901, 0xC800, 0xE800, 0x0801, 0x0801, 0x2809, 0x2801, 0x2801, 0x4901,
  0x4809, 0x2709, 0xC508, 0x2D5B, 0xDFFF, 0xDBEE, 0x2892, 0x2180, 0x2190, 0x21A0, 0x00A0, 0x40B8, 0x82D8, 0x82E0, 0x62E0, 0x42E0,
  0x62E0, 0x82E0, 0x82D8, 0x81C8, 0x40A8, 0x0088, 0x2681, 0xFDFE, 0xFFFF, 0xBACE, 0x2100, 0x2200, 0x0210, 0x6350, 0x4AC2, 0x28E2,
  0x69F2, 0xE3E0, 0x20E0, 0xC2D8, 0xC380, 0x0020, 0x0308, 0x4500, 0xA618, 0x0619, 0xA408, 0x2300, 0x6408, 0x2721, 0x2721, 0x6408,
  0x0300, 0x0408, 0x0208, 0x6238, 0x28BA, 0xA2B8, 0x41A8, 0x0080, 0x2068, 0x4170, 0x0270, 0x2368, 0x6368, 0x8358, 0x6340, 0x2320,
  0x0310, 0x0508, 0x2508, 0x0400, 0x2400, 0x8610, 0x0821, 0x4500, 0x0400, 0xE718, 0x6929, 0x8608, 0x2400, 0x6508, 0x4921, 0x8A29,
  0x8608, 0x2400, 0x2400, 0x4929, 0x8A31, 0x6608, 0x0500, 0x4608, 0x6710, 0x2508, 0x2500, 0x2400, 0x2400, 0x0310, 0x0320, 0x2330,
  0x4348, 0xA470, 0xC590, 0xA5A8, 0x43B0, 0x01B0, 0x21B0, 0x21A8, 0x01A8, 0x41A8, 0x41A8, 0x01A0, 0x21B0, 0x00A8, 0x41B0, 0x40B0,
  0x20A8, 0x42A0, 0xA480, 0x4350, 0x0320, 0x0310, 0x4320, 0x6340, 0x4260, 0x6380, 0xC598, 0x0699, 0x6368, 0x4140, 0x2138, 0x0048,
  0xA370, 0x08C2, 0x85D9, 0x20C8, 0x00D8, 0x00D8, 0x21D0, 0x82D0, 0x63A0, 0x2260, 0x4150, 0x2050, 0xA270, 0xE498, 0x05B1, 0xE5B0,
  0x8390, 0x8270, 0x4248, 0x0120, 0x0308, 0x0408, 0x0400, 0x0400, 0x6508, 0x4400, 0x2500, 0x0600, 0x0C11, 0x762B, 0x140B, 0x9A2C,
  0xBA2C, 0xF402, 0x151B, 0x301A, 0x2800, 0x2608, 0x0200, 0xB07B, 0xFFFF, 0x37F6, 0x28CA, 0x83D0, 0x83D0, 0xE4C8, 0x04C9, 0xC3D0,
  0x62D8, 0x01E8, 0x41F0, 0x00E0, 0x85E1, 0x90FC, 0x0BF3, 0x82D8, 0x82C0, 0xEAC2, 0x7CFF, 0x9FDF, 0xF67C, 0x535C, 0x7975, 0x5965,
  0x9B6D, 0x5A65, 0x773C, 0xB844, 0x1955, 0x9B75, 0xDB85, 0xFFA6, 0x3FB7, 0xDDA6, 0x3FA7, 0x7D86, 0xBC5D, 0x5824, 0xB603, 0x3503,
  0xD302, 0x1323, 0x776C, 0x9AA5, 0x79A5, 0xF78C, 0x766C, 0xF54B, 0x3223, 0xCF12, 0xCF1A, 0x8E12, 0x2D0A, 0xEC09, 0x8B01, 0x6A01,
  0x6A01, 0x4A01, 0x6A01, 0x4901, 0x2901, 0x0901, 0xE800, 0xE908, 0x0909, 0x0801, 0x0801, 0x0801, 0x2801, 0x2801, 0x2801, 0x2801,
  0x2901, 0x2901, 0x4A01, 0xCC11, 0x4D1A, 0x6E1A, 0x6D1A, 0xEB09, 0xCA09, 0x8A09, 0xAA09, 0xCB09, 0xEC09, 0xCC09, 0x2D12, 0x4D1A,
  0xA530, 0xC530, 0xC538, 0xE638, 0x0639, 0xE630, 0xC530, 0xC630, 0xA528, 0xC530, 0xE530, 0xE530, 0xE530, 0xE528, 0xE628, 0xE628,
  0xE628, 0x0729, 0x0729, 0x0729, 0x0829, 0x2829, 0x2829, 0x2821, 0x2821, 0x2821, 0x2819, 0x2811, 0x2811, 0x2811, 0x6911, 0x6911,
  0x6911, 0x8911, 0x6909, 0x8A09, 0xAA11, 0xCB11, 0xCB11, 0x2C1A, 0xCE2A, 0xCF2A, 0xCE22, 0x6D12, 0x4D12, 0x2D12, 0x2D12, 0x2D12,
  0x0D0A, 0x2D12, 0x0D0A, 0xAB01, 0xAC09, 0x8B09, 0x2A01, 0x0901, 0x0901, 0xC800, 0xA700, 0xC700, 0xC700, 0xE800, 0xE800, 0x0901,
  0x4909, 0xC600, 0x2A3A, 0x1DE7, 0xFFFF, 0xF7E5, 0x6060, 0x6180, 0x2190, 0x2190, 0x2098, 0x20A8, 0x61C0, 0x82D0, 0x82E0, 0x62E0,
  0x42D0, 0x62D0, 0x82C8, 0x00A0, 0x4090, 0x4078, 0x6679, 0x1CFF, 0xFFFF, 0xBACE, 0x0100, 0x2200, 0x0100, 0x6240, 0x29CA, 0xC7E9,
  0x48FA, 0xE3E0, 0x20E0, 0xA3D0, 0xA380, 0x0028, 0x0208, 0xC610, 0x4829, 0x2300, 0x0200, 0xC510, 0x6721, 0x2619, 0x6400, 0x2300,
  0x2408, 0x4408, 0x0108, 0x6148, 0x07C2, 0xA2B8, 0x40A0, 0x0078, 0x2178, 0x2170, 0x2268, 0x6460, 0x6450, 0x0228, 0x0210, 0x0308,
  0x0400, 0x2508, 0x0400, 0x8610, 0x2821, 0x0821, 0x6508, 0x0400, 0xE718, 0x2821, 0x8610, 0x4400, 0x4500, 0x6921, 0xAA29, 0x8608,
  0x2400, 0x4500, 0x4921, 0x8A31, 0x6508, 0x0400, 0x4500, 0x6A29, 0x6A29, 0xA710, 0x2500, 0x6600, 0x8708, 0x4600, 0x0400, 0x0408,
  0x0310, 0x2228, 0x0240, 0x4470, 0x8598, 0xA5B0, 0x63B0, 0x42B0, 0x41B8, 0x20C0, 0x20B0, 0x20B0, 0x20B8, 0x00B8, 0x41B8, 0x00B0,
  0x20B0, 0x01A0, 0x4398, 0x8488, 0x2350, 0x0328, 0x0118, 0x0120, 0x4238, 0x4358, 0x2378, 0x6490, 0xA498, 0xE390, 0xC390, 0xA398,
  0x66C1, 0x04D1, 0x00C8, 0x20D8, 0x00E0, 0x00D8, 0x21D8, 0x21D0, 0xA3C8, 0xC3B8, 0xA3A8, 0x65B9, 0x04B1, 0x25B9, 0xA4A0, 0x2278,
  0x6260, 0x2030, 0x0118, 0x0210, 0x2300, 0x2400, 0x2400, 0xA610, 0x2821, 0xA710, 0x2500, 0x0500, 0x4C11, 0xB72B, 0x150B, 0x5A24,
  0x7B24, 0xD402, 0xF412, 0x1012, 0x2700, 0x2608, 0x0200, 0xB07B, 0xBEFF, 0xD7F5, 0x09CA, 0xA3D8, 0x42E0, 0x21E0, 0x21E0, 0x41E0,
  0x41E8, 0x21F0, 0x00F0, 0x20F0, 0x81D8, 0x06C2, 0xD1FC, 0x04C9, 0x42C8, 0xE7C9, 0x57FE, 0x9EF7, 0x1DCF, 0xB564, 0x596D, 0xF854,
  0x195D, 0x5B5D, 0x7B5D, 0xBC65, 0x5A5D, 0x7A6D, 0x5D86, 0x1F9F, 0xDF96, 0x9E86, 0xBF8E, 0x7C55, 0x992C, 0xD713, 0x9603, 0x3503,
  0x1403, 0x1313, 0xB43B, 0xB76C, 0x766C, 0x766C, 0x5664, 0xD44B, 0x112B, 0xCF22, 0xAF22, 0xAF22, 0x4E1A, 0x0D12, 0xAB09, 0xCB09,
  0xCB11, 0xAB09, 0x6A01, 0x4901, 0x2801, 0x0801, 0xE800, 0xE800, 0x0801, 0x0801, 0xE800, 0xE700, 0x0801, 0x2801, 0x6A01, 0x8B09,
  0xEC11, 0x2D1A, 0x6E22, 0x4D1A, 0x4D12, 0x4D12, 0x0C0A, 0xCB09, 0xAA09, 0xEB09, 0x2D1A, 0x0C12, 0xAB09, 0x8A01, 0xAA01, 0xAA01,
  0x0441, 0x0441, 0xE440, 0xE440, 0xE440, 0xE440, 0x0541, 0x0541, 0x0541, 0x0541, 0x2541, 0x4649, 0x4649, 0x4641, 0x4741, 0x4741,
  0x2739, 0x2739, 0x4739, 0x6839, 0x6839, 0x2831, 0x2829, 0x4931, 0x6931, 0x6929, 0x6921, 0x6921, 0x6919, 0x8919, 0x8A19, 0x8A19,
  0xAA19, 0xAA19, 0x8A11, 0x8A11, 0xAA11, 0xAA11, 0x8A09, 0x8A01, 0xAB01, 0xAA01, 0xEB01, 0x6E12, 0xCF1A, 0xEF22, 0x7233, 0xB33B,
  0x923B, 0x9233, 0xF022, 0x4E12, 0x0D0A, 0xCC11, 0x8B09, 0x6B11, 0x6B11, 0x8B11, 0x6A11, 0x6A09, 0x6A09, 0x2909, 0x2A09, 0x2901,
  0x4909, 0xC600, 0x2A3A, 0x5EEF, 0xFFFF, 0x96DD, 0x0068, 0x8280, 0x4180, 0x2180, 0x2180, 0x0080, 0x0088, 0x2098, 0x20A8, 0x41A8,
  0x0198, 0x0090, 0x0090, 0x0088, 0x4080, 0x2060, 0x8569, 0x1CFF, 0xBEF7, 0xBBCE, 0x0200, 0x2308, 0x0100, 0x6238, 0x0ACA, 0x67F1,
  0x08FA, 0xC3E8, 0x21E0, 0xA3D0, 0xA480, 0x0128, 0x2310, 0x8500, 0x4500, 0x2400, 0x6510, 0x4721, 0x0619, 0x4300, 0x2300, 0x6510,
  0x2508, 0x0200, 0x0010, 0x2481, 0xC7D1, 0x82C0, 0x2098, 0x0070, 0x0168, 0x4368, 0x4350, 0x0230, 0x0218, 0x0310, 0x2400, 0x4508,
  0x2400, 0x0400, 0x8608, 0x6929, 0x2821, 0x6508, 0x0300, 0xC610, 0x4821, 0xC610, 0x2400, 0x4400, 0x4921, 0x8929, 0x6500, 0x2400,
  0x6508, 0x2821, 0x8A31, 0x6508, 0x4400, 0x6508, 0x6929, 0x8A29, 0x8608, 0x4400, 0x6508, 0x4921, 0xAB31, 0x6608, 0x2500, 0x6610,
  0x2408, 0x2408, 0x0310, 0x0320, 0x0230, 0x6358, 0xE588, 0xA4A0, 0x83B0, 0x83C0, 0x62C0, 0x41C0, 0x21C0, 0x21C8, 0x00C8, 0x00C8,
  0x00C0, 0x21B8, 0x42B0, 0x22A8, 0x6388, 0x2350, 0x0130, 0x0220, 0x0210, 0x6430, 0x4448, 0x2360, 0x6388, 0x82A0, 0xC3B0, 0x83B8,
  0x62B8, 0x21C0, 0x20D0, 0x41D8, 0x00D8, 0x21D8, 0x21D0, 0x21C8, 0x82C8, 0xC2C8, 0x82C0, 0xA3B8, 0x63A0, 0x2280, 0x2268, 0x6350,
  0x4330, 0x0110, 0x0208, 0x2300, 0x2300, 0x0300, 0xA610, 0x4929, 0xC710, 0x0400, 0x2500, 0x0500, 0x6C11, 0xB623, 0x350B, 0x3A24,
  0x5B24, 0xB402, 0xD412, 0xEF11, 0x4700, 0x2508, 0x0100, 0xD07B, 0x9EFF, 0xB7F5, 0xE8B9, 0x82B8, 0x61D0, 0x41D8, 0x61D8, 0x61D8,
  0x61D0, 0x61D8, 0x61F0, 0x41F0, 0x20D8, 0x03C9, 0x53FD, 0xECE2, 0x84C8, 0x82C0, 0xE5A1, 0x1CFF, 0xDCD6, 0xF674, 0x796D, 0xBB6D,
  0xDC6D, 0xDC65, 0xFC65, 0x1C6E, 0x1C6E, 0x3C76, 0x1D76, 0xFC65, 0x7B55, 0x1A45, 0x992C, 0x171C, 0xB60B, 0xB60B, 0x9603, 0x9703,
  0x7603, 0x540B, 0x9423, 0x774C, 0x975C, 0x1554, 0xF453, 0xD44B, 0x5243, 0x313B, 0x1033, 0x1033, 0x8F2A, 0x6E22, 0x0D1A, 0xEC11,
  0xAB09, 0x8B09, 0x2901, 0x2801, 0x0801, 0x0701, 0xE700, 0x0701, 0xE800, 0x0801, 0x2901, 0x4909, 0x8A09, 0x2D1A, 0xAF22, 0x8E22,
  0xAF22, 0x8E22, 0x6D12, 0xEC09, 0xCB09, 0x0C0A, 0x2C12, 0x0C0A, 0xCB09, 0xAA09, 0x8A09, 0x2901, 0x2901, 0x2901, 0xAB09, 0x0C12,
  0x4772, 0x266A, 0x066A, 0xE661, 0xC561, 0xA559, 0x8559, 0x8559, 0x8551, 0x6551, 0x4549, 0x4549, 0x2549, 0xE440, 0xE438, 0xE438,
  0xE538, 0xE538, 0xE538, 0xE530, 0xE530, 0x0631, 0x0631, 0xE628, 0xE728, 0xE720, 0x0721, 0x4821, 0x8921, 0xAA21, 0xAA19, 0xCA19,
  0xEB21, 0x0B22, 0x0B22, 0xEB19, 0x0C22, 0x0C1A, 0xEB11, 0xEB11, 0x0C0A, 0xEB01, 0xEB01, 0x0C02, 0x2D02, 0x0D02, 0x0D02, 0x0D02,
  0xED01, 0x0D02, 0x6F0A, 0x8F12, 0x6F1A, 0xB022, 0xF132, 0x113B, 0x3243, 0x934B, 0x5243, 0xF03A, 0x6E2A, 0xAB11, 0x6A09, 0x4A09,
  0x8A11, 0xE708, 0x8C42, 0xDFFF, 0x9EFF, 0x14CD, 0x0058, 0x4170, 0xA370, 0xA370, 0xE470, 0xE470, 0xC370, 0xA370, 0xA278, 0xA378,
  0x8278, 0xA278, 0xC278, 0xA270, 0xE270, 0xC258, 0xE769, 0xFBF6, 0xDFFF, 0x5ACE, 0x0408, 0x0410, 0x0208, 0x6440, 0xEAC9, 0x47E9,
  0xE8F9, 0xC3E0, 0x21E0, 0xA4D0, 0xC678, 0x0220, 0x0308, 0x4500, 0x2500, 0x2608, 0x2921, 0x2821, 0x4500, 0x2500, 0x6508, 0xA718,
  0x4510, 0x0308, 0x0128, 0xC7A9, 0xE4C8, 0x42B8, 0x0190, 0x2270, 0x6458, 0x6440, 0x0328, 0x0210, 0x2310, 0x2400, 0x2400, 0x2500,
  0x2500, 0x4600, 0x4821, 0x4819, 0x4400, 0x2300, 0xC610, 0xAA29, 0x0719, 0x4400, 0x6508, 0x8921, 0x8929, 0xA610, 0x2400, 0x4400,
  0x6929, 0xAA31, 0x6508, 0x0300, 0x4508, 0x6929, 0x8929, 0xA610, 0x2400, 0x4400, 0x8921, 0xCA29, 0xA608, 0x2400, 0x6508, 0x8A31,
  0xC710, 0x0400, 0x4500, 0x2400, 0x2308, 0x0318, 0x0230, 0x0140, 0xA570, 0x2789, 0xC5A8, 0x83B8, 0x63B8, 0x42C0, 0x62C8, 0x42D0,
  0x21C8, 0x21C8, 0x21C8, 0x22C0, 0x83B0, 0xA490, 0x4360, 0x0230, 0x0320, 0x0418, 0x0420, 0x2440, 0x4458, 0x4368, 0x4280, 0x0288,
  0x62A0, 0x83B0, 0x41B8, 0x41C0, 0x41C8, 0x22C0, 0x22C0, 0x42C0, 0x42A8, 0x4290, 0x4288, 0x2278, 0x2268, 0x8460, 0x6340, 0x0220,
  0x0210, 0x0208, 0x2300, 0x4400, 0x0400, 0xA608, 0x6921, 0xC710, 0x2500, 0x4600, 0x2600, 0x0500, 0x6C11, 0x9623, 0x340B, 0x3924,
  0x5A2C, 0x9302, 0xB312, 0xEF11, 0x4600, 0x2508, 0x0100, 0xD07B, 0x9FFF, 0x39F6, 0x0CB3, 0x8599, 0x44A9, 0x44B1, 0x24B1, 0x24B1,
  0x24B1, 0x23B1, 0xA2C8, 0x41E0, 0x61E8, 0xA2D0, 0xEEFB, 0x2FF4, 0xC4C8, 0x42C8, 0x44B1, 0xB7F5, 0x9EFF, 0xFDBE, 0xEF1A, 0x3123,
  0x311B, 0x511B, 0x7113, 0x9213, 0x9213, 0x9213, 0x720B, 0x720B, 0xB40B, 0x940B, 0xD50B, 0xF60B, 0xD603, 0xB603, 0xD603, 0xD70B,
  0xB613, 0xF623, 0x373C, 0xD85C, 0x975C, 0x3554, 0xF453, 0x9343, 0x8F22, 0x6E22, 0x6E22, 0x4D1A, 0x0C12, 0xEC11, 0x8B01, 0x8A01,
  0x6A01, 0x6A01, 0x2901, 0x2801, 0x0801, 0xE700, 0x0801, 0x2801, 0x6901, 0x8A09, 0xEC11, 0x4D22, 0x8E22, 0x6E1A, 0x8E22, 0x6E1A,
  0x6E1A, 0x4D12, 0x2C12, 0x6E1A, 0x8E1A, 0x2D12, 0xEC09, 0xAA01, 0xAA01, 0x8A01, 0x4901, 0x4901, 0x6A01, 0x8A01, 0x2D12, 0x8E22,
  0xF3ED, 0xD3ED, 0xD3E5, 0x93E5, 0xD3E5, 0x72DD, 0xF0CC, 0xAFC4, 0x2DB4, 0xCDA3, 0x6C9B, 0xEA8A, 0x0A8B, 0xA982, 0x4872, 0x4872,
  0x2772, 0xE769, 0xC661, 0xA659, 0x6649, 0x2541, 0x2641, 0x0539, 0x2739, 0x2731, 0x2729, 0x2821, 0x4819, 0x6919, 0x8919, 0x6911,
  0x6911, 0x6911, 0x8A11, 0xCB19, 0xCB11, 0x0C1A, 0x4D2A, 0x8E22, 0x6E1A, 0x6E1A, 0x4D12, 0x0D02, 0x0D02, 0x2D02, 0x0D02, 0x0D02,
  0x2E02, 0x2E02, 0x2E02, 0x2E02, 0x2E02, 0xED01, 0x8C01, 0x8B01, 0x6A01, 0x4A01, 0xAB09, 0x2D1A, 0x4D22, 0xCF32, 0x113B, 0xF03A,
  0x3143, 0xAE3A, 0xB163, 0xBFF7, 0xBFFF, 0x34CD, 0x6148, 0x2CA3, 0xDAFE, 0xBAF6, 0xFBF6, 0x1CFF, 0x1CFF, 0x3CFF, 0x1CFF, 0x1CF7,
  0x1CFF, 0x1CF7, 0xFCF6, 0xFCFE, 0xFCFE, 0x1CF7, 0x5DF7, 0x7EEF, 0x9FEF, 0x9CCE, 0x0300, 0x0300, 0x0200, 0x6338, 0xC9B9, 0x66D9,
  0xE7F1, 0xC2E0, 0x41E0, 0xC3D0, 0xA570, 0x0228, 0x0310, 0x0400, 0x4608, 0x6A31, 0xA718, 0x2400, 0x2400, 0x4508, 0xE818, 0x6608,
  0x0400, 0x0310, 0x2240, 0xA8B9, 0xC4C0, 0x02A0, 0x2278, 0x0358, 0x6438, 0x0318, 0x0310, 0x0408, 0x0400, 0x2500, 0x4500, 0x2500,
  0x6608, 0x4921, 0x0819, 0x8508, 0x2400, 0xC610, 0x8929, 0x0719, 0x2400, 0x6508, 0x4821, 0x8929, 0x8508, 0x2300, 0x4408, 0x4821,
  0xAA31, 0xA610, 0x4400, 0x8508, 0x2819, 0x8929, 0xA508, 0x4400, 0x8508, 0x8921, 0xA929, 0xA508, 0x6500, 0xA608, 0x6921, 0xAA29,
  0x8608, 0x4500, 0xC708, 0xA608, 0x4500, 0x2408, 0x0308, 0x0418, 0x0320, 0x0328, 0x0248, 0x0260, 0xA580, 0xC598, 0xA4A8, 0x83B8,
  0x63C0, 0x83C8, 0x63C8, 0x63D0, 0x62C0, 0xA3B0, 0xE4A0, 0xA478, 0x2348, 0x0228, 0x0318, 0x0318, 0x0228, 0x2338, 0x4350, 0x4260,
  0x4268, 0x6278, 0x4188, 0x2188, 0x2190, 0x2190, 0x2188, 0x2188, 0x2378, 0x6570, 0xA568, 0x6450, 0x0230, 0x0218, 0x0310, 0x0308,
  0x0408, 0x0408, 0x2408, 0x0400, 0xE718, 0x6A29, 0x8608, 0x0400, 0x4500, 0x2600, 0x0600, 0x0500, 0x4B11, 0x7523, 0x1413, 0x182C,
  0x392C, 0x7202, 0x9212, 0xEE11, 0x4700, 0x4600, 0x0200, 0xB06B, 0x5EEF, 0x1DEF, 0xDBEE, 0xBAF6, 0x99FE, 0x7AFE, 0x7AFE, 0x3AFE,
  0x5AFE, 0x17FE, 0x4BE3, 0xA2C8, 0x61E8, 0x40D0, 0x06E2, 0x11FD, 0x28EA, 0x62D0, 0x62B8, 0x6AB2, 0xFCFE, 0x1DD7, 0xB143, 0x144C,
  0x144C, 0xD75C, 0x185D, 0x5855, 0x9A5D, 0x5A55, 0xF944, 0x7734, 0x3624, 0x9413, 0x5303, 0x7403, 0x5403, 0x5403, 0x7503, 0x5403,
  0x1303, 0xF20A, 0x321B, 0xB433, 0xB343, 0xB343, 0x7243, 0x1133, 0xAB09, 0xCB09, 0x2C12, 0x0C12, 0x2D12, 0x2D12, 0x8A01, 0xAB09,
  0xAB09, 0xAB09, 0x4901, 0x6901, 0x4901, 0x4901, 0x8A09, 0xEB09, 0x2D1A, 0xCF2A, 0x1033, 0xAF22, 0x4D1A, 0x0C0A, 0x0C12, 0x4D1A,
  0x8E1A, 0x8E1A, 0x4D12, 0x0C0A, 0x8A01, 0x8A01, 0x0C0A, 0x2C0A, 0x6D12, 0x4D12, 0x0C0A, 0xEC09, 0xCB09, 0xCB01, 0x2D12, 0x4D12,
  0x10D5, 0x51DD, 0x92DD, 0xB3E5, 0xD3ED, 0x14F6, 0x14F6, 0x14F6, 0x35F6, 0x76FE, 0x76FE, 0x76FE, 0x76FE, 0x55FE, 0xF4F5, 0xB3E5,
  0x31D5, 0x6EC4, 0xECB3, 0x6B9B, 0x687A, 0x076A, 0xE761, 0x8751, 0xA851, 0xA841, 0x8839, 0x8931, 0xA929, 0xAA21, 0xCA19, 0xEB21,
  0xEB21, 0x0B22, 0x0C22, 0x0B22, 0xEB19, 0xEB19, 0x2C22, 0x6D22, 0x6E22, 0x4E12, 0x2D0A, 0x6E0A, 0x6F0A, 0x6F02, 0x9002, 0x7002,
  0x7002, 0x4F02, 0x9002, 0x4F02, 0x2E02, 0x0E02, 0xCD01, 0xAC01, 0x8B01, 0x6A01, 0x6A01, 0x6A01, 0x6901, 0x6A01, 0x6A09, 0x6A09,
  0xAB11, 0x0801, 0xAD42, 0xDFF7, 0xDFFF, 0xB2B4, 0x8661, 0xFBFE, 0x7DFF, 0xDFFF, 0xDFFF, 0xDFFF, 0xDFFF, 0xDFFF, 0xFFFF, 0xFFF7,
  0xFFFF, 0xFFFF, 0xDFF7, 0xFFFF, 0xFFFF, 0xDFF7, 0xDFF7, 0x9FEF, 0xFFFF, 0x9CCE, 0x0200, 0x2300, 0x0208, 0x6338, 0x0AB2, 0x87C9,
  0x68EA, 0x03D1, 0x61D0, 0x04C9, 0xE468, 0x0120, 0x0210, 0x6508, 0x0829, 0xC720, 0x6510, 0x0200, 0x6508, 0x2829, 0xC818, 0x4500,
  0x4400, 0x0108, 0xE568, 0x67B9, 0x63A8, 0x4288, 0x4360, 0x2338, 0x0410, 0x0300, 0x0400, 0x4508, 0x6608, 0x8608, 0x2500, 0x4500,
  0x2921, 0x6929, 0x6508, 0x2400, 0x8508, 0x6929, 0x6929, 0x4508, 0x4400, 0x6929, 0x6929, 0x8508, 0x2400, 0x6508, 0xAA29, 0xAA29,
  0xA608, 0x8508, 0x6408, 0x8921, 0xCA29, 0xA608, 0x4400, 0x6508, 0x8921, 0xCB31, 0xC708, 0x8600, 0x6608, 0x8A21, 0xAB21, 0x8600,
  0x6600, 0xA600, 0x8A21, 0x8A29, 0x4608, 0x2508, 0x4610, 0x2508, 0x2508, 0x2508, 0x2410, 0x0310, 0x0320, 0x0338, 0x2350, 0x8470,
  0xC588, 0xE6A0, 0xE6A0, 0xC5A8, 0xC4B0, 0xC3B8, 0xA3A8, 0x26A1, 0x2681, 0x8348, 0x2220, 0x0310, 0x0310, 0x0410, 0x0318, 0x0120,
  0x2230, 0x8348, 0x8350, 0x8358, 0x8358, 0x8358, 0x8358, 0x8358, 0x4348, 0x0330, 0x0328, 0x0318, 0x0310, 0x4408, 0x4508, 0x2500,
  0x0500, 0x0500, 0x0400, 0x8610, 0x2821, 0xC718, 0x2400, 0x2500, 0xA710, 0xA710, 0x0500, 0x0500, 0x2B11, 0x7433, 0xF31A, 0xF833,
  0x1834, 0x5102, 0x721A, 0xCE11, 0x4700, 0x4600, 0x0200, 0xF17B, 0xBFF7, 0x5DE7, 0x7DEF, 0x3CEF, 0x7DF7, 0x5DF7, 0x7EFF, 0x7FFF,
  0x3EFF, 0x1CFF, 0xD6F5, 0x86C9, 0x41D8, 0x61E8, 0xE2D8, 0xECF3, 0xCDFB, 0x62C8, 0x43C8, 0x09C2, 0x38FE, 0xBFFF, 0xBCB6, 0xF77C,
  0xFCA5, 0x1DA6, 0x5DA6, 0xBFA6, 0xDF96, 0xDF86, 0xBF76, 0xFD5D, 0xF93C, 0x730B, 0x3203, 0x3303, 0x1203, 0x1203, 0x1203, 0xD102,
  0xD102, 0xD002, 0x111B, 0xD43B, 0xF443, 0x933B, 0x3133, 0x3133, 0xCC09, 0xEC09, 0x6E1A, 0x4E1A, 0x4D1A, 0x2D12, 0x8A01, 0x8A01,
  0x8A01, 0xCB09, 0xAB09, 0x8A01, 0x0C12, 0xAF22, 0xCF22, 0x8E22, 0x6E1A, 0x6E1A, 0x4D12, 0x6E12, 0xAF1A, 0x6E1A, 0x4D12, 0x4D12,
  0x2C0A, 0xEB01, 0xEC09, 0x0C0A, 0x8A01, 0x0C0A, 0x8E1A, 0xAE1A, 0xAF1A, 0x6E12, 0x0C0A, 0xCC01, 0xAB01, 0xCB01, 0x2D12, 0x6E12,
  0x6359, 0xA561, 0x066A, 0x4772, 0x6772, 0xC982, 0x2A93, 0x6B93, 0xCDA3, 0x8FBC, 0x30CD, 0x71DD, 0x92DD, 0xD3E5, 0xD3ED, 0xD3ED,
  0xF3ED, 0xF3F5, 0xF3F5, 0xB3ED, 0x53DD, 0x33D5, 0xD2C4, 0x51B4, 0x8F93, 0xCC6A, 0x6B52, 0xC939, 0x6829, 0x6819, 0x8911, 0x8911,
  0x8911, 0x8911, 0xAA11, 0xCB19, 0xEB19, 0xEC19, 0x2C22, 0x2D22, 0x4E1A, 0x6E1A, 0x8F1A, 0xD01A, 0xD012, 0xF112, 0xD10A, 0xB102,
  0xD20A, 0xD10A, 0xB102, 0x9002, 0x6F02, 0x8F0A, 0x6F12, 0x0D0A, 0xCC01, 0xCC01, 0xAB01, 0xAB01, 0x8A01, 0x4901, 0x6A01, 0x6A01,
  0x8B09, 0x0801, 0x6C3A, 0xFFF7, 0x7EF7, 0x14BD, 0x8A72, 0x1CFF, 0xBEFF, 0x1CDF, 0x1CDF, 0xDCDE, 0xDDE6, 0xDCDE, 0xFDDE, 0x3DE7,
  0x1CDF, 0x3DDF, 0x3CDF, 0x1CDF, 0xFBDE, 0x1CDF, 0x1CDF, 0xFCDE, 0x3DE7, 0x1AC6, 0x0300, 0x0308, 0x0308, 0x6430, 0xCA89, 0xE9A1,
  0x69B2, 0x66A1, 0xE498, 0x6799, 0xE550, 0x0110, 0x4408, 0xA610, 0xE820, 0x2408, 0x2400, 0x6400, 0xE718, 0xE820, 0x0500, 0x2500,
  0x4408, 0x0108, 0x0569, 0x66B1, 0x6390, 0x6268, 0x0130, 0x0210, 0x0400, 0x2400, 0x4500, 0x8608, 0xE818, 0x4500, 0x2400, 0xE718,
  0x4821, 0x6400, 0x2400, 0x4500, 0x0819, 0x6921, 0x6508, 0x2400, 0xE710, 0x2821, 0x6508, 0x2400, 0x4500, 0x4921, 0x4921, 0x8608,
  0x6500, 0x6500, 0x4921, 0x8A21, 0x8600, 0x6500, 0x6600, 0x0919, 0xAB29, 0xA708, 0x6600, 0x8700, 0x8B21, 0xAC21, 0xA800, 0x8700,
  0x8700, 0x4A19, 0xEC29, 0xC708, 0x2500, 0x0919, 0x6A21, 0x8708, 0x2500, 0x2500, 0x2500, 0x4500, 0x4500, 0x0408, 0x0310, 0x0320,
  0x0228, 0x0230, 0x0238, 0x0238, 0x0258, 0x4378, 0x8480, 0xC580, 0xE570, 0x2661, 0xE538, 0x4410, 0x0400, 0x0500, 0x0508, 0x0400,
  0x0308, 0x0310, 0x0318, 0x0318, 0x0318, 0x0318, 0x0318, 0x0318, 0x0310, 0x0310, 0x0308, 0x0308, 0x2400, 0x2400, 0x8608, 0x2819,
  0x6608, 0x0400, 0xA610, 0x4821, 0x8508, 0x0400, 0x0400, 0x8608, 0x0819, 0x2400, 0x2400, 0x0400, 0x0911, 0xD132, 0x701A, 0x743B,
  0x5433, 0xCF09, 0xEF19, 0x4C11, 0x4700, 0x2500, 0x0200, 0x4E6B, 0x1DE7, 0x9BD6, 0xBBD6, 0xDBDE, 0xDBD6, 0xDCDE, 0xDCD6, 0x9CD6,
  0xDDDE, 0x5EFF, 0x9AF6, 0x8DDB, 0x82C8, 0x41E8, 0x20C8, 0xC4C9, 0x6FFC, 0x45C9, 0x63D0, 0x25C1, 0xD3EC, 0x5DFF, 0x7BBE, 0xB684,
  0xBBAD, 0x5A9D, 0x198D, 0xB774, 0x5654, 0x563C, 0x562C, 0xF523, 0x362C, 0xD41B, 0x3203, 0x1103, 0xF102, 0xD102, 0xB002, 0x9002,
  0x9002, 0x8F02, 0x8F0A, 0x3123, 0x7233, 0x7233, 0x5133, 0x312B, 0xEC09, 0xEC09, 0x8F1A, 0xAF22, 0xAF22, 0xCF22, 0xEC09, 0xEB09,
  0x2D12, 0xCF2A, 0x1033, 0x302B, 0x102B, 0x302B, 0x102B, 0xCF22, 0xAF1A, 0x8E1A, 0xAF1A, 0xCF1A, 0x8E1A, 0x0C0A, 0xCB01, 0x0C0A,
  0x6D12, 0x6D12, 0x6E1A, 0x4D12, 0x0C0A, 0x2C0A, 0x0C0A, 0x2D0A, 0x4D0A, 0x0D0A, 0x0C02, 0xEC01, 0xCB01, 0xAB01, 0x2D0A, 0x4D12,
  0xA751, 0xC751, 0xC859, 0xE859, 0xE859, 0x0862, 0x2962, 0x2962, 0x496A, 0x6972, 0x8872, 0x8872, 0x8872, 0x887A, 0x887A, 0xA882,
  0xC982, 0xC98A, 0xC98A, 0xE98A, 0x0A93, 0x0B8B, 0xEB8A, 0xCB82, 0xCB72, 0x8B62, 0x2A4A, 0xA931, 0x4721, 0x4711, 0x4809, 0x4809,
  0x4809, 0x6909, 0x6911, 0x8A11, 0x8A11, 0xAA11, 0xCB19, 0xEC19, 0xEC11, 0x0D12, 0x2D12, 0x4E0A, 0x4E0A, 0x8F0A, 0xD10A, 0xD10A,
  0xF212, 0xD10A, 0x1213, 0x531B, 0x321B, 0x111B, 0xD01A, 0x8F12, 0x6E12, 0x2D0A, 0xEC09, 0xCB01, 0xCB09, 0xAB09, 0xAB09, 0xAC09,
  0xCC11, 0x6909, 0xCD42, 0xDFEF, 0x7DEF, 0x99DE, 0xFBEE, 0xBEFF, 0x9ACE, 0x0419, 0x0519, 0xC518, 0xC518, 0xC520, 0xC418, 0xC518,
  0xC518, 0xC518, 0xC518, 0xC518, 0xC518, 0xC510, 0xC510, 0xC510, 0xC518, 0xA510, 0x0408, 0x2508, 0x2510, 0x0410, 0x2428, 0x4330,
  0x4230, 0x4230, 0x2230, 0x4330, 0x4320, 0x0208, 0x2400, 0x2500, 0x4500, 0x2400, 0x4400, 0x6500, 0x4500, 0x2500, 0x2508, 0x4508,
  0x2308, 0x0210, 0xC458, 0x0589, 0x6370, 0x0138, 0x0110, 0x2408, 0x2500, 0x2500, 0x2500, 0x4500, 0x2400, 0x2400, 0x2400, 0x4400,
  0x6400, 0x4400, 0x4500, 0x2500, 0x4500, 0x4500, 0x6500, 0x2500, 0x6500, 0x6600, 0x4500, 0x4500, 0x2500, 0x4608, 0x6608, 0x4500,
  0x4600, 0x4600, 0x6608, 0x8708, 0x6608, 0x8608, 0x6700, 0xA808, 0xC808, 0xA800, 0xC808, 0xC908, 0xE908, 0xE908, 0xE908, 0xEA08,
  0xE908, 0xE908, 0xE900, 0xE800, 0xE800, 0xE800, 0xC700, 0x8700, 0x6708, 0x6708, 0x6708, 0x6608, 0x6608, 0x4508, 0x4510, 0x2408,
  0x2308, 0x2308, 0x2308, 0x4308, 0x2320, 0x0330, 0x0338, 0x2438, 0x2330, 0x2320, 0x0308, 0x2400, 0x2500, 0x2608, 0x0600, 0x0600,
  0x0608, 0x0508, 0x0508, 0x0510, 0x0508, 0x0508, 0x0400, 0x0400, 0x0400, 0x2400, 0x2400, 0x2400, 0x2400, 0x2400, 0x4500, 0x6508,
  0x2400, 0x0400, 0x2400, 0x2400, 0x2400, 0x2400, 0x2400, 0x4500, 0x4500, 0x2400, 0x2400, 0x2400, 0x4500, 0x8700, 0xA700, 0xC800,
  0xC800, 0x8700, 0x6700, 0x4600, 0x0500, 0x0408, 0x4408, 0xC510, 0xE518, 0xC518, 0xC518, 0xC518, 0xA510, 0xC618, 0xE618, 0x8410,
  0xEA39, 0x1EEF, 0x3DFF, 0x95F5, 0xE3B0, 0x62E0, 0x40D8, 0x63D9, 0x6EFC, 0x2BF3, 0xC4D0, 0x41C0, 0xE7B1, 0x3DFF, 0xFCDE, 0x136C,
  0x5574, 0x7674, 0x7664, 0x975C, 0x764C, 0x5644, 0x763C, 0x3634, 0x563C, 0x3634, 0xD52B, 0xD42B, 0xD42B, 0xB42B, 0x942B, 0x9323,
  0x321B, 0x311B, 0xF012, 0x722B, 0x1444, 0xD33B, 0x7233, 0x102B, 0xEC01, 0x2D0A, 0xAF1A, 0x102B, 0xF02A, 0xF02A, 0xEF2A, 0x5133,
  0xB243, 0xF34B, 0x3454, 0x144C, 0xD343, 0x923B, 0x7133, 0x312B, 0xCF22, 0x4D0A, 0x0D0A, 0x6E12, 0xAF1A, 0x8E12, 0x4D12, 0x6D12,
  0x8E1A, 0x2D12, 0x2D12, 0xEC09, 0xCB01, 0xEC09, 0x4D12, 0x4D12, 0x6E12, 0x2D0A, 0x0C0A, 0xEC09, 0xEC01, 0x0C0A, 0x8E1A, 0xAF22,
  0x2731, 0x2731, 0x4739, 0x4739, 0x6841, 0x8841, 0xA949, 0xC949, 0xE951, 0x095A, 0x095A, 0x095A, 0x095A, 0x095A, 0xE859, 0xE959,
  0xE959, 0xC859, 0xC859, 0x8651, 0x8651, 0xA651, 0xA751, 0xA749, 0x8741, 0x8839, 0x6831, 0x6821, 0x4819, 0x6811, 0x6911, 0x6909,
  0x6909, 0x8911, 0x8A11, 0x8A11, 0x8A11, 0x8A11, 0xAA11, 0xAA11, 0x8A09, 0xAB09, 0xCB01, 0xCC01, 0xEC01, 0x2E02, 0x4F02, 0x4F02,
  0x900A, 0x900A, 0xB002, 0x8F02, 0x4F02, 0x2E02, 0x2D02, 0x0D02, 0xEC01, 0xCC01, 0xCC09, 0xEC09, 0x4D1A, 0x6E22, 0x6F22, 0xB02A,
  0xAF2A, 0x4D22, 0x5053, 0xDFEF, 0x9EF7, 0x1BE7, 0xDEFF, 0x5DE7, 0x97AD, 0x0200, 0x4300, 0x0300, 0x0200, 0x0200, 0x0200, 0x0200,
  0x0300, 0x0300, 0x0300, 0x0300, 0x0300, 0x0300, 0x0300, 0x0300, 0x0200, 0x0200, 0x0300, 0x0300, 0x0400, 0x0400, 0x0300, 0x0200,
  0x0100, 0x0100, 0x0200, 0x0200, 0x0100, 0x0200, 0x0400, 0x0400, 0x0300, 0x0300, 0x2300, 0x2300, 0x0300, 0x0400, 0x0400, 0x0400,
  0x0300, 0x0200, 0x2328, 0x8448, 0x0130, 0x0108, 0x0200, 0x0400, 0x0400, 0x0400, 0x0400, 0x0300, 0x0300, 0x0300, 0x0300, 0x0300,
  0x0300, 0x0300, 0x0400, 0x0500, 0x0400, 0x0300, 0x0400, 0x0400, 0x0300, 0x0400, 0x0500, 0x0400, 0x0400, 0x0400, 0x0400, 0x0400,
  0x0400, 0x0400, 0x0400, 0x0400, 0x2500, 0x2500, 0x6600, 0x6600, 0x6700, 0x8700, 0x8700, 0xC800, 0xA800, 0xC800, 0x0909, 0xC800,
  0xE900, 0xC800, 0x8700, 0xA700, 0x6700, 0x6600, 0x6700, 0x6600, 0x4600, 0x6700, 0x2500, 0x0300, 0x0300, 0x0300, 0x0300, 0x0200,
  0x0300, 0x0300, 0x0300, 0x0300, 0x0200, 0x0100, 0x0200, 0x0200, 0x0300, 0x0300, 0x0300, 0x0300, 0x0300, 0x0200, 0x0300, 0x0400,
  0x0400, 0x0300, 0x0400, 0x0300, 0x0300, 0x0300, 0x0300, 0x0300, 0x0400, 0x0400, 0x0400, 0x0400, 0x0400, 0x0400, 0x0400, 0x0300,
  0x0300, 0x0400, 0x0400, 0x0300, 0x0400, 0x0400, 0x0400, 0x0400, 0x0300, 0x0400, 0x0400, 0x0400, 0x0300, 0x0300, 0x0400, 0x0300,
  0x0400, 0x0400, 0x0400, 0x0300, 0x0300, 0x0200, 0x0300, 0x2300, 0x0300, 0x0400, 0x0300, 0x0300, 0x0300, 0x0300, 0x0400, 0x0400,
  0x0300, 0x4F73, 0x7EFF, 0xDAFE, 0xAEE3, 0xA2C8, 0x41D8, 0xA1D0, 0x4AF3, 0xADFB, 0xE3D0, 0x41D0, 0x86B9, 0x9AFE, 0x5EEF, 0x1AA6,
  0x7464, 0xB65C, 0xD64C, 0xF744, 0xD844, 0xF954, 0x1955, 0x3A5D, 0x5A5D, 0x7B5D, 0xFD75, 0x3E7E, 0x7F8E, 0x7F8E, 0x5F8E, 0xFD75,
  0x1955, 0x363C, 0x9323, 0x932B, 0xF43B, 0xD33B, 0x9233, 0x312B, 0x4D12, 0xAF22, 0x112B, 0x933B, 0x923B, 0x723B, 0xB343, 0x3454,
  0x755C, 0x755C, 0x755C, 0x755C, 0x923B, 0xCF22, 0xAE1A, 0x102B, 0x102B, 0xF022, 0x1023, 0x102B, 0xAF1A, 0x6E12, 0x2C0A, 0x2C0A,
  0x6D12, 0x4D12, 0x2C0A, 0x4D12, 0x2C0A, 0x4D12, 0x8E1A, 0xAF22, 0xAF22, 0x8E1A, 0x8E1A, 0x8E1A, 0xF02A, 0x3133, 0x313B, 0xD032,
  0x0B42, 0xEB39, 0xEA39, 0xCA39, 0xCA39, 0xCA41, 0xC941, 0xC941, 0xA941, 0xC941, 0xC941, 0xC941, 0xCA41, 0xCA41, 0xCA49, 0xCA49,
  0xCA49, 0xA941, 0x8941, 0x8841, 0x8841, 0x8841, 0x8839, 0x8839, 0x8931, 0x8931, 0x8929, 0x8921, 0x8919, 0x8911, 0x8911, 0xAA11,
  0xCA19, 0x0B22, 0x2C22, 0x2C22, 0x2C22, 0x2C22, 0x4D2A, 0x6D2A, 0x8E2A, 0x6D22, 0x6E1A, 0x6E1A, 0x6E12, 0x8F12, 0x8F12, 0x9012,
  0x9012, 0xF11A, 0x1113, 0xD00A, 0xF012, 0xD012, 0x6F0A, 0x0D0A, 0xAC01, 0x6A01, 0x4A01, 0x4A01, 0x4901, 0x4A01, 0x2A01, 0x6B01,
  0x6B01, 0x0801, 0xAD3A, 0xFFEF, 0x9EEF, 0x7DF7, 0xFFFF, 0xBBDE, 0xA520, 0x2308, 0x2408, 0x4500, 0x4919, 0x6A19, 0x6919, 0x6A19,
  0x4919, 0x4919, 0x4919, 0x4919, 0x4919, 0x6919, 0x6919, 0x6919, 0x6919, 0x6919, 0x6819, 0x6919, 0x4A19, 0x2A19, 0x2919, 0x4919,
  0x4819, 0x4819, 0x2919, 0x2921, 0x6819, 0x6819, 0x6A19, 0x6A19, 0x6A19, 0x6919, 0xA919, 0xA919, 0x8919, 0x6A19, 0x8A19, 0x8A19,
  0x8B19, 0x8A19, 0x8A21, 0x4821, 0x6819, 0xA919, 0xEB19, 0x8B19, 0x8A21, 0x8A21, 0x8B21, 0xAA19, 0xAA19, 0xAA19, 0xCB21, 0xCB21,
  0xAA21, 0xCA21, 0xAB21, 0xAB21, 0xCB21, 0xCB21, 0xCB21, 0xCB21, 0xCB21, 0xCB21, 0xCB21, 0xAB21, 0xCA21, 0xEB21, 0x0B22, 0xEB21,
  0xEB29, 0xEB21, 0x0B2A, 0x2C2A, 0x2B2A, 0x2C2A, 0x0B2A, 0x2C32, 0x4C32, 0x2C32, 0x2C32, 0x2C32, 0x6D32, 0xCE3A, 0xCE42, 0xCE3A,
  0xAE3A, 0xAF3A, 0x8E3A, 0x4D3A, 0x0C3A, 0x0C3A, 0x0C3A, 0x2C32, 0x2D32, 0x4D32, 0x2B2A, 0x092A, 0xE929, 0xE929, 0xC921, 0xC921,
  0xCA21, 0xCA21, 0xCA21, 0xCA21, 0xC921, 0xE919, 0xE919, 0xEA19, 0xEA19, 0xEA21, 0xCA21, 0xC921, 0xC921, 0xC921, 0xC919, 0xC919,
  0xA919, 0xA919, 0xA919, 0xA919, 0xCA19, 0xCA19, 0xC919, 0xC919, 0xAA19, 0x8A19, 0x8A19, 0x6A19, 0x6A19, 0x4A19, 0x4A19, 0x6A19,
  0x8B19, 0x6B19, 0x6A19, 0x6A19, 0x4A19, 0x6A19, 0x6B19, 0x6B19, 0x6B19, 0x6A19, 0x6A19, 0x6A19, 0x6A19, 0x6919, 0x8A19, 0x8A19,
  0x8A11, 0x8A19, 0x6A11, 0x4911, 0x6911, 0x6A11, 0x8911, 0x6911, 0x8A19, 0x8A19, 0xAA19, 0x6919, 0x4919, 0x0811, 0xA610, 0x4508,
  0x0200, 0x0A42, 0x1CEF, 0x1BFF, 0xF3EC, 0xE3B0, 0x82E0, 0x20D0, 0x26DA, 0xADFB, 0xE3D8, 0x20D0, 0x86C1, 0x7AFE, 0x7FF7, 0xDDBE,
  0x9033, 0x3334, 0x752C, 0x5524, 0x762C, 0x362C, 0x352C, 0x3524, 0x151C, 0xF51B, 0x9313, 0x520B, 0x5213, 0x3213, 0x1213, 0xD10A,
  0xB00A, 0xD00A, 0xD012, 0xF112, 0xD433, 0xB333, 0xB333, 0xB33B, 0x512B, 0x522B, 0x933B, 0x144C, 0x154C, 0xF44B, 0xD34B, 0xB243,
  0xF34B, 0x3454, 0xF34B, 0x1454, 0xD34B, 0xB243, 0x723B, 0xD34B, 0x144C, 0x5133, 0xCF22, 0xCF22, 0xAF22, 0x4D0A, 0x0C02, 0x4D0A,
  0xCF22, 0xEF22, 0xCF22, 0xEF22, 0xAF1A, 0xCF22, 0xCF22, 0xAE22, 0xAE22, 0x1033, 0xB343, 0x144C, 0x1454, 0xF453, 0x934B, 0x103B,
  0x6C42, 0x6D42, 0x8D4A, 0x8D4A, 0x8D4A, 0x6C4A, 0x6C4A, 0xAD52, 0xAD52, 0x8C52, 0x6C4A, 0x6C4A, 0x4B4A, 0x2B42, 0x2B42, 0x2C42,
  0x4C4A, 0x4C4A, 0x4D4A, 0x2C42, 0xEB39, 0xCB39, 0xAA31, 0x8A29, 0x8A29, 0xAA29, 0xAA21, 0xAA19, 0x8A11, 0x8A11, 0x8911, 0x8909,
  0x6911, 0x8911, 0x8911, 0x8A11, 0x8A11, 0x8A11, 0xAB19, 0xAB11, 0xCA11, 0x0B1A, 0x4D1A, 0x8E22, 0xCF22, 0x112B, 0x7233, 0xB43B,
  0xB443, 0x1544, 0x353C, 0x5644, 0x353C, 0xD43B, 0x9333, 0x312B, 0x4E12, 0xCC11, 0xCC11, 0xEC11, 0xEB11, 0xAB09, 0x4B01, 0x8C09,
  0x6B09, 0xE800, 0x8D3A, 0xFFEF, 0xBEF7, 0x9DF7, 0x7EEF, 0x77B5, 0x6418, 0x0408, 0x6600, 0xCC21, 0xD86C, 0x7A75, 0x1865, 0x5A6D,
  0x796D, 0x596D, 0x596D, 0x5A6D, 0x5A6D, 0x5A75, 0x5A75, 0x5A75, 0x5A75, 0x596D, 0x996D, 0x7A75, 0x1A75, 0x5B75, 0x7A6D, 0x9A6D,
  0x9A6D, 0x9A6D, 0x7A75, 0x9B7D, 0xBA75, 0xBB75, 0xBC75, 0x9C75, 0x9B7D, 0xBB75, 0xFA6D, 0xFA6D, 0xDB75, 0xBB7D, 0xDB75, 0xDB7D,
  0xBC7D, 0xDC75, 0xFC75, 0xDB75, 0x1C7E, 0x3C76, 0x1C7E, 0xDC85, 0x1C86, 0x3C7E, 0x5C7E, 0x5C7E, 0x7C7E, 0x7C7E, 0x7D7E, 0x9D86,
  0x9D86, 0x9D86, 0xBD8E, 0xBD8E, 0xBD8E, 0xBD8E, 0xDE96, 0xDD96, 0xFE96, 0x1E97, 0x1E9F, 0x1E9F, 0x1D9F, 0x3EA7, 0x5EAF, 0x5EAF,
  0x7FB7, 0x5EAF, 0x7FB7, 0x9FBF, 0x9FBF, 0xBFBF, 0xBFCF, 0xDFD7, 0xDFDF, 0xDFDF, 0xDFE7, 0xDFE7, 0xFFE7, 0xFFE7, 0xDFE7, 0xFFE7,
  0xFFEF, 0xFFEF, 0xDFEF, 0xDFEF, 0xFFEF, 0xFFE7, 0xDFDF, 0xFFDF, 0xBFCF, 0x9FC7, 0x9FBF, 0x9EBF, 0x7EB7, 0x7EB7, 0x5EAF, 0x5EAF,
  0x5EAF, 0x3EA7, 0x1EA7, 0xFEA6, 0xDE9E, 0xDD96, 0xFD96, 0xFD96, 0xFD96, 0xBD9E, 0x9D9E, 0x9D96, 0x9D8E, 0x9D7E, 0x9C7E, 0x9C86,
  0x7C86, 0x7C7E, 0x5C7E, 0x5C7E, 0x5C7E, 0x3C7E, 0x3C7E, 0x1B7E, 0x1C7E, 0x1C7E, 0x1C76, 0x1C76, 0x1C76, 0x1C76, 0xFC75, 0xFC75,
  0xFC75, 0xBB75, 0xBB75, 0xDC75, 0xDC75, 0xDC75, 0xBC75, 0x9B75, 0xBB75, 0xBB75, 0x9A75, 0xBA75, 0x9A75, 0x7A75, 0xBB7D, 0x7A75,
  0x7A75, 0x9B7D, 0x7B75, 0x5A75, 0x5A6D, 0x7A6D, 0x5A6D, 0x3975, 0x7A75, 0x596D, 0x7A6D, 0x596D, 0x3975, 0xB76C, 0xCF42, 0x4500,
  0x2400, 0x4208, 0x0C63, 0x7DFF, 0xD6ED, 0xE7B9, 0x42D8, 0x21D8, 0x85D9, 0x0BFB, 0xA3D8, 0x20D0, 0x24B9, 0xD4E4, 0x5EFF, 0x1DC7,
  0xB13B, 0x132C, 0x552C, 0x3624, 0x3624, 0x3624, 0x351C, 0x361C, 0xF513, 0xF513, 0xB40B, 0x7303, 0x3203, 0x320B, 0x120B, 0xF10A,
  0xB002, 0x6F02, 0xB00A, 0x521B, 0xD433, 0xF53B, 0x564C, 0x1544, 0x9233, 0x7233, 0xB33B, 0xF443, 0xD343, 0xF44B, 0xD343, 0xB243,
  0x3454, 0x9564, 0x755C, 0x545C, 0x555C, 0x555C, 0x9243, 0x9243, 0xB243, 0x3033, 0xF02A, 0x102B, 0xF02A, 0xCF1A, 0x8E12, 0xCF1A,
  0x302B, 0x102B, 0xEF22, 0xCF22, 0xAF1A, 0x302B, 0x102B, 0xAF2A, 0xAF2A, 0xB243, 0x555C, 0xB66C, 0xB664, 0x145C, 0xB353, 0x3143,
  0x2B32, 0x4B3A, 0x4B3A, 0x4B3A, 0x4B3A, 0x6B42, 0x6B42, 0x8C4A, 0x8C4A, 0x8C4A, 0x8C4A, 0x8C4A, 0x8C4A, 0xAD4A, 0x8D4A, 0x8C4A,
  0x8D4A, 0x8D4A, 0x8D4A, 0xAE4A, 0xAF4A, 0xAE4A, 0x8E4A, 0x8E42, 0x8E42, 0x8E3A, 0x8E32, 0x4D2A, 0x2C22, 0x0C22, 0x2B22, 0x0B1A,
  0x0B1A, 0x2B22, 0x0B22, 0xEB19, 0xCA11, 0xAA11, 0xAA11, 0xCA11, 0xEB11, 0xEB11, 0xEB09, 0xCB09, 0xEB09, 0xEC09, 0xEC09, 0xEC09,
  0x0D0A, 0x2D0A, 0x6E0A, 0xCF12, 0xF01A, 0x512B, 0x9233, 0x923B, 0x144C, 0x3554, 0xF453, 0xD353, 0x135C, 0xB34B, 0x323B, 0x3233,
  0x1133, 0x6D22, 0x2E43, 0x5EDF, 0x9EF7, 0xFFFF, 0xBBDE, 0x4308, 0x0300, 0x2400, 0x6A11, 0x396D, 0x5A75, 0xB85C, 0xFA64, 0xB95C,
  0xD964, 0xD964, 0xFA5C, 0xFA5C, 0xDA64, 0xDA64, 0xDA6C, 0xB964, 0xB964, 0xF964, 0xF964, 0xD964, 0x9964, 0xBA6C, 0xBA5C, 0xFA5C,
  0x1A5D, 0x1A5D, 0xFA5C, 0xFA5C, 0x3A65, 0x3B65, 0x1B65, 0x1B65, 0x1B65, 0x3B5D, 0x5A5D, 0x5B5D, 0x5B65, 0x5C6D, 0x7B65, 0x7C65,
  0x5C65, 0x7C65, 0x9C65, 0x9B65, 0xBC65, 0xBB5D, 0xBC65, 0xBD75, 0xDC6D, 0xFC65, 0x1C66, 0x1D6E, 0x1D6E, 0x1D66, 0x1D66, 0x1D66,
  0x3E6E, 0x3E6E, 0x3D6E, 0x7D76, 0x9E76, 0x7D6E, 0x7E6E, 0x9E76, 0x9E76, 0x9E76, 0xDE7E, 0xDE7E, 0xFE86, 0xFE8E, 0xFE86, 0x1F8F,
  0x3F8F, 0x3F8F, 0x3F8F, 0x3F8F, 0x5F97, 0x5F97, 0x7F9F, 0x5FA7, 0x7FA7, 0xBFAF, 0xBFB7, 0xBFB7, 0xBFBF, 0x9FBF, 0x9FBF, 0x9FBF,
  0xBFBF, 0xBFC7, 0xBFC7, 0xBFBF, 0xBFB7, 0x9FAF, 0x9FAF, 0x9FA7, 0x5FA7, 0x3F9F, 0x3F97, 0x3F97, 0x3F8F, 0x1F8F, 0x1F8F, 0xFF8E,
  0xFF8E, 0xDF86, 0xBF7E, 0xBF7E, 0x9F7E, 0x7F7E, 0x9E76, 0x9E76, 0x7E7E, 0x5D7E, 0x3D7E, 0x3D76, 0x3D6E, 0x3D6E, 0x5D6E, 0x3D6E,
  0x3D6E, 0x1D66, 0x1D66, 0xFD65, 0xDD65, 0xDD65, 0xBC65, 0xBC65, 0xBC65, 0xBC65, 0xBB65, 0xBB65, 0xBB65, 0x9B5D, 0x9C5D, 0x9C5D,
  0x5C5D, 0x5C5D, 0x3B5D, 0x3B5D, 0x5B65, 0x5B65, 0x3B5D, 0x3A5D, 0x5B65, 0x5A65, 0x1A65, 0xF95C, 0x1A65, 0xFA6C, 0xD964, 0xFA64,
  0xFA64, 0xD964, 0xDA64, 0xDA64, 0xDA64, 0xDA5C, 0xBA5C, 0x9964, 0xB964, 0xD95C, 0xB95C, 0xB85C, 0xB85C, 0x3A6D, 0xD453, 0x6700,
  0x4600, 0x0200, 0x6729, 0x9AE6, 0x3CFF, 0x13ED, 0x62B8, 0x42D8, 0x24E9, 0x48FA, 0x61E0, 0x81D8, 0x62B0, 0x08A2, 0x3DFF, 0x3ED7,
  0xB664, 0x1434, 0x5534, 0x562C, 0x572C, 0x562C, 0x3624, 0x3624, 0xF513, 0xF513, 0xB413, 0x740B, 0x5313, 0x5313, 0x3213, 0x521B,
  0xB42B, 0xD42B, 0xB32B, 0xB32B, 0x353C, 0xD433, 0xB333, 0xF33B, 0xF33B, 0xB333, 0xD33B, 0x354C, 0x554C, 0x755C, 0x755C, 0x755C,
  0x7564, 0x7464, 0x7464, 0x3464, 0x345C, 0x145C, 0xB34B, 0x345C, 0x355C, 0xD34B, 0xB343, 0xB343, 0x3133, 0xEF22, 0xAE1A, 0x8E1A,
  0xCF22, 0xEF22, 0xCF22, 0x102B, 0x5133, 0xB243, 0x5133, 0xCF32, 0x103B, 0xD353, 0x966C, 0x387D, 0x397D, 0xB674, 0x5564, 0xD463,
  0xC921, 0xC929, 0xC929, 0xC929, 0xE929, 0x0A32, 0x0A32, 0x0A32, 0x0A32, 0x2A3A, 0x4B42, 0x8C4A, 0x8C4A, 0x6C42, 0x6C42, 0x8C4A,
  0x8C42, 0x8C42, 0x8C42, 0x8D42, 0x6D42, 0x6D42, 0x6D3A, 0x6D3A, 0x8E3A, 0xAE3A, 0xAE3A, 0xAE32, 0x8E32, 0x6D2A, 0x4C22, 0x4C22,
  0x4C22, 0x4C22, 0x6D22, 0x8D22, 0x6C22, 0x4C22, 0x6C22, 0x8D2A, 0xAE2A, 0xCF2A, 0xEF32, 0xEF2A, 0x3033, 0x5133, 0x713B, 0xB23B,
  0x7133, 0x512B, 0x512B, 0xCF1A, 0x8E12, 0x8E12, 0xAE1A, 0x8E1A, 0x2C12, 0x0C12, 0xEC11, 0xEB19, 0xEA19, 0x2C1A, 0x6E1A, 0xD022,
  0x112B, 0x0F33, 0xD05B, 0x1CD7, 0x7EF7, 0x3EF7, 0xF5AC, 0x6408, 0x2400, 0x6500, 0x4D12, 0x7A6D, 0x9543, 0x2C09, 0x0B09, 0x2C09,
  0xEC08, 0x0C09, 0x2C09, 0x2D09, 0x2D09, 0x0D09, 0xEC08, 0x2D09, 0x4D09, 0x2C09, 0x4C09, 0x4C09, 0x2D09, 0x0E09, 0x0E09, 0x2E09,
  0x4E09, 0x4E09, 0x6D09, 0x6D09, 0x8E09, 0x8E09, 0x8E09, 0x8F09, 0xAF09, 0xEF09, 0xEF09, 0xF009, 0xF009, 0xF009, 0x310A, 0x310A,
  0x300A, 0x300A, 0x100A, 0x300A, 0x300A, 0x510A, 0x710A, 0x920A, 0x920A, 0xB20A, 0xB20A, 0xB20A, 0xB20A, 0xB30A, 0xB30A, 0xD30A,
  0xD30A, 0xF30A, 0xF30A, 0x130B, 0x130B, 0x330B, 0x340B, 0x140B, 0xF40A, 0x140B, 0x330B, 0x530B, 0x740B, 0x740B, 0x940B, 0x9413,
  0xB50B, 0xF613, 0x1714, 0x171C, 0x371C, 0x571C, 0x7824, 0x7924, 0x9824, 0xB72C, 0xB72C, 0xB834, 0xB834, 0xB934, 0xB934, 0xB934,
  0xD834, 0xD83C, 0xB834, 0xB834, 0x982C, 0x982C, 0x9824, 0x7824, 0x5724, 0x3724, 0x171C, 0x171C, 0x1614, 0xF513, 0xB513, 0x9513,
  0x7513, 0x5513, 0x550B, 0x750B, 0x550B, 0x140B, 0x340B, 0x340B, 0x340B, 0x340B, 0x340B, 0x130B, 0xF30A, 0xF20A, 0xF20A, 0xF20A,
  0xF30A, 0xD30A, 0xD30A, 0xD30A, 0xB30A, 0xB20A, 0x920A, 0x920A, 0x710A, 0x710A, 0x710A, 0x500A, 0x300A, 0x300A, 0x300A, 0x110A,
  0x110A, 0x110A, 0xF009, 0xF009, 0xEF09, 0xEF09, 0xCF09, 0xCF09, 0xCE09, 0xAE09, 0x8E09, 0x6E09, 0x6D09, 0x4D09, 0x4D09, 0x4D09,
  0x4C09, 0x4D09, 0x4D09, 0x4D09, 0x4D09, 0x4D09, 0x2D09, 0x0C09, 0x2C09, 0x2C09, 0x0C09, 0xEB08, 0x0F1A, 0x5754, 0xD964, 0xB132,
  0x4800, 0x2500, 0x2300, 0xAC62, 0x3CFF, 0x16EE, 0x28C2, 0xC3D8, 0xE3E8, 0x44F9, 0x61E8, 0x41D8, 0x62C0, 0xE7A9, 0xDCFE, 0x3EDF,
  0x998D, 0x3444, 0x763C, 0x7634, 0x9634, 0x7634, 0x5634, 0x562C, 0x1624, 0xF51B, 0xD51B, 0xD523, 0xD523, 0xF533, 0x363C, 0x7744,
  0x974C, 0xB74C, 0x5644, 0x153C, 0x5544, 0x143C, 0x143C, 0x143C, 0xF333, 0xD33B, 0x143C, 0x554C, 0x344C, 0x5554, 0x1354, 0xF353,
  0x135C, 0x756C, 0xD67C, 0xF784, 0xD67C, 0x9574, 0x145C, 0x145C, 0x345C, 0xD34B, 0x723B, 0x7243, 0x3133, 0xEF22, 0xCE22, 0x102B,
  0x5133, 0x5033, 0x713B, 0x513B, 0x513B, 0xB24B, 0x9243, 0x5143, 0x724B, 0xF353, 0xB66C, 0x387D, 0x5985, 0xB774, 0x3564, 0xB353,
  0x4C32, 0x2B32, 0x4B3A, 0x4B3A, 0x2B32, 0x2B32, 0x2B3A, 0x2A3A, 0x2B3A, 0x0A3A, 0xEA31, 0xEA31, 0xEA31, 0xEA31, 0xEA31, 0xEA31,
  0xCA31, 0xCA29, 0xAA29, 0xCA29, 0xEB29, 0xEB29, 0x0B2A, 0x0C2A, 0x0C2A, 0x2C22, 0x4C22, 0x4C22, 0x4D22, 0x4C22, 0x4C22, 0x4C22,
  0x4C22, 0x8D2A, 0x8D2A, 0x8D22, 0x6C22, 0x4C1A, 0x6C22, 0x8D22, 0xAE2A, 0xEF32, 0x0F33, 0x503B, 0x713B, 0x713B, 0x923B, 0xF343,
  0x544C, 0x5554, 0x554C, 0x554C, 0x7654, 0xB654, 0xB65C, 0x7554, 0x3454, 0x345C, 0x345C, 0xF353, 0xD24B, 0xB243, 0x5233, 0xF022,
  0xEF2A, 0x0B1A, 0xED4A, 0x5EE7, 0x5EF7, 0xF8CD, 0xA418, 0x4300, 0x0300, 0x4911, 0x765C, 0xB964, 0xEB00, 0xCC00, 0x2D09, 0xEB00,
  0x2C01, 0x2C01, 0x2C01, 0x0D01, 0x0D01, 0x2D01, 0x4D01, 0x2D01, 0x4E01, 0x4E01, 0x4E01, 0x6E01, 0x6E01, 0x8F01, 0x6F01, 0x4F01,
  0x4F09, 0x6E01, 0x8E01, 0xAE01, 0xAE01, 0x8F01, 0x8F01, 0x8F01, 0xAF01, 0xAF01, 0xCF01, 0xCF01, 0xD001, 0xD001, 0xF001, 0xF001,
  0xF001, 0x1102, 0x1102, 0x1102, 0x3202, 0x3202, 0x5202, 0x5202, 0x5202, 0x7202, 0x7202, 0x7202, 0x7302, 0x7302, 0x9302, 0x9302,
  0x9202, 0xB302, 0xB302, 0xB302, 0xD302, 0xD302, 0xD402, 0xB402, 0xB402, 0xD402, 0xF402, 0x1403, 0x1503, 0x1503, 0x1503, 0x3503,
  0x3503, 0x3503, 0x3503, 0x5503, 0x7503, 0x7503, 0x7503, 0x5503, 0x7403, 0x9403, 0xB403, 0xB503, 0x9603, 0x960B, 0x960B, 0x960B,
  0xB60B, 0xB60B, 0x960B, 0x960B, 0x7603, 0x9603, 0x9603, 0x7603, 0x5503, 0x5503, 0x5503, 0x7503, 0x7503, 0x5503, 0x3403, 0x1503,
  0x1503, 0xF502, 0x1503, 0x1503, 0xF502, 0xD502, 0xD402, 0xD402, 0xD302, 0xD402, 0xD402, 0xD402, 0xB402, 0xB402, 0xB202, 0xB202,
  0x9202, 0x9202, 0x7302, 0x7302, 0x7302, 0x7302, 0x5202, 0x5202, 0x5202, 0x5102, 0x3102, 0x3102, 0x1102, 0x1102, 0x1102, 0x1102,
  0xF001, 0xF001, 0xD001, 0xCF01, 0xCF01, 0xCF01, 0xCF01, 0xAF01, 0x8F01, 0x8F01, 0x8F01, 0x6F01, 0x6F01, 0x6F01, 0x4F01, 0x4F01,
  0x4F01, 0x4E01, 0x2E01, 0x4D01, 0x4D01, 0x4D01, 0x2D01, 0x0C01, 0x0C01, 0x0C01, 0x0C01, 0x2C01, 0x0B01, 0x0F1A, 0xB96C, 0x954B,
  0xA900, 0x2500, 0x0300, 0x0A42, 0x9EFF, 0xB9FE, 0xB1FC, 0xA2B8, 0x61D8, 0xC3F0, 0x40E0, 0x20D0, 0x21B8, 0xC7A1, 0xDBF6, 0x3EE7,
  0x3CA6, 0x3444, 0x753C, 0xB744, 0x963C, 0x9644, 0xB744, 0xB73C, 0xB73C, 0x973C, 0xB844, 0xB844, 0xB84C, 0xD854, 0xF954, 0xB74C,
  0xB74C, 0xB74C, 0x353C, 0x143C, 0x5544, 0x143C, 0x143C, 0x143C, 0xB333, 0xB233, 0xF443, 0x344C, 0x3454, 0x755C, 0x7664, 0xB66C,
  0xF77C, 0x3885, 0x3885, 0xD684, 0xD684, 0x7474, 0xD25B, 0xD25B, 0xF35B, 0xF35B, 0x345C, 0x345C, 0xF353, 0xD343, 0x923B, 0xD343,
  0xD34B, 0x713B, 0x5033, 0x713B, 0xB24B, 0xF353, 0x9243, 0x1033, 0xEF32, 0x713B, 0xF34B, 0x345C, 0x3454, 0xB24B, 0x303B, 0xCF32,
  0x2B32, 0x2B32, 0x2B3A, 0x2C3A, 0x2B3A, 0x2B3A, 0x4C3A, 0x4C42, 0x6C42, 0x8C42, 0x8C42, 0x8C42, 0x8C42, 0x6C42, 0x8D42, 0x8D42,
  0x6D42, 0x6D42, 0x6D42, 0x6D3A, 0x8D3A, 0x8D3A, 0x8D32, 0x8D32, 0x8D32, 0x8D32, 0x8D2A, 0x6C22, 0x4C1A, 0x2C1A, 0x2C1A, 0x0C1A,
  0x2C1A, 0x2C22, 0x4C1A, 0x2C1A, 0x0B12, 0x0B12, 0x2B12, 0x0B12, 0x0B12, 0x2C1A, 0x4C1A, 0x6C1A, 0x8D22, 0x8E22, 0xAE22, 0xEF22,
  0x102B, 0x5133, 0x7133, 0x9233, 0xB23B, 0xD343, 0xF343, 0x7554, 0xB664, 0x9664, 0x9564, 0x9664, 0x9664, 0x965C, 0x7654, 0x554C,
  0x1454, 0x7053, 0x738C, 0x3EEF, 0x1DEF, 0x15AD, 0x0000, 0x4300, 0x4400, 0xAE2A, 0xD96C, 0xF753, 0xEC08, 0xED08, 0x0D09, 0x6E09,
  0x6D01, 0x6D01, 0x4D01, 0x2D09, 0x2D09, 0x2D01, 0x2D01, 0x0D09, 0x2E19, 0xED10, 0x0D19, 0x4E11, 0x6E09, 0x8E01, 0x8F01, 0x8F09,
  0x6F09, 0x8F01, 0xAF01, 0xCF01, 0xAF01, 0xAF01, 0xAF01, 0xAF01, 0xB001, 0xB001, 0xD001, 0xF001, 0xF001, 0xF001, 0xF001, 0x1002,
  0x1102, 0x3202, 0x3302, 0x3302, 0x3302, 0x5302, 0x5202, 0x5202, 0x5202, 0x7302, 0x7302, 0x9302, 0x9302, 0x7302, 0x7302, 0x9302,
  0x9302, 0x9302, 0x9402, 0x9402, 0xB402, 0xB402, 0xB402, 0xD502, 0xD50A, 0xD502, 0xF502, 0x1503, 0xF602, 0xF602, 0x1603, 0x1603,
  0x1603, 0x3603, 0x5603, 0x5603, 0x7703, 0x7703, 0x5603, 0x5503, 0x7603, 0x9603, 0x9703, 0x9803, 0xB803, 0x9803, 0x9703, 0xB70B,
  0xB70B, 0xB703, 0x970B, 0x9703, 0x9803, 0x9703, 0x9703, 0x7703, 0x770B, 0x560B, 0x560B, 0x5603, 0x7603, 0x5603, 0x5603, 0x3603,
  0x1503, 0x1503, 0x1503, 0x3603, 0x1603, 0xF502, 0xF502, 0xD402, 0xD402, 0xD402, 0xD402, 0xD502, 0xD502, 0xD602, 0xD402, 0xD302,
  0xB302, 0xB302, 0x9402, 0x7402, 0x7402, 0x7402, 0x7302, 0x5302, 0x5202, 0x3202, 0x3202, 0x3302, 0x3302, 0x3302, 0x1202, 0x1102,
  0xF101, 0xF001, 0xF001, 0xD001, 0xD001, 0xD001, 0xD001, 0xB001, 0xB001, 0xB001, 0xB009, 0xB009, 0xB009, 0xB009, 0x9009, 0x9001,
  0x9001, 0x7001, 0x4F01, 0x6E01, 0x4D01, 0x4D01, 0x4D01, 0x4D01, 0x4D01, 0x4D01, 0x4D01, 0x6D01, 0x0C01, 0xAE11, 0xF753, 0xF64B,
  0x0E1A, 0x2600, 0x2400, 0xC518, 0x14B5, 0x1BFF, 0xB5FD, 0xA5B9, 0x61C8, 0xA3F0, 0x61E0, 0x00C8, 0x01B0, 0x8799, 0x9BF6, 0x3EE7,
  0xDEBE, 0x9554, 0xB64C, 0x385D, 0x585D, 0x5965, 0x7965, 0x795D, 0x5A5D, 0x5A5D, 0x1955, 0xF854, 0xD854, 0xB854, 0xB754, 0x974C,
  0x974C, 0x974C, 0x5544, 0x353C, 0x964C, 0x3544, 0x3444, 0x3544, 0x1444, 0x5554, 0x765C, 0xB764, 0xD76C, 0xB76C, 0xB76C, 0x766C,
  0x5564, 0x1464, 0xF363, 0x136C, 0x747C, 0x7474, 0x5474, 0xB57C, 0x3785, 0xD67C, 0xF77C, 0xF77C, 0x5564, 0x1454, 0x144C, 0xB243,
  0x3033, 0x1033, 0xAF22, 0x8E22, 0xAE22, 0x1033, 0xEF2A, 0x8E22, 0x8E1A, 0x4D12, 0x0B0A, 0x0B0A, 0x0C0A, 0x2C12, 0x6E22, 0xAE22,
  0x6919, 0x6921, 0x6921, 0x6921, 0x6921, 0x6921, 0x8921, 0x8929, 0x8929, 0x8929, 0xCA29, 0x2B32, 0x4B3A, 0x2B3A, 0x2B32, 0x2C3A,
  0x4C3A, 0x4C3A, 0x6D42, 0x6C3A, 0x4C32, 0x6C32, 0x8C32, 0x8D32, 0x8D32, 0xAD32, 0xCE32, 0xEE32, 0xEE32, 0xCE32, 0xAE2A, 0x8D2A,
  0x8D2A, 0xAE2A, 0xAE2A, 0x8D22, 0x6D22, 0x6C1A, 0x6D22, 0x6D22, 0x6C22, 0xAD2A, 0xCE2A, 0x0F33, 0x2F33, 0x3033, 0x9143, 0xB243,
  0x9243, 0xB243, 0x923B, 0x713B, 0x7133, 0x913B, 0xB23B, 0xB23B, 0x913B, 0x713B, 0x7143, 0x9243, 0x9243, 0x923B, 0xD33B, 0xF343,
  0x704B, 0x337C, 0x1DEF, 0xFCEE, 0xB7C5, 0x2521, 0x0200, 0x0300, 0x8911, 0xB764, 0xD653, 0xEC08, 0xED00, 0x0E09, 0x2E09, 0x0D01,
  0x2D01, 0x4D01, 0x4D01, 0x2C09, 0x0A11, 0x0A21, 0xEA30, 0x8930, 0xAA40, 0x8A40, 0x8940, 0x8A38, 0xEA28, 0x0B21, 0x4C11, 0x6C09,
  0x8E09, 0x8F01, 0x6F01, 0x6F01, 0xAF01, 0x8F01, 0x8F01, 0x9001, 0x9001, 0xB001, 0xB001, 0xD001, 0xD001, 0xF001, 0xF001, 0x1102,
  0xF101, 0x1202, 0x1202, 0x3302, 0x1102, 0xF001, 0xEF01, 0xEE01, 0xEF09, 0xEF01, 0x1002, 0x1002, 0x5202, 0x7302, 0x7302, 0x7302,
  0x7402, 0x9402, 0x9402, 0x7402, 0x7202, 0x7102, 0x510A, 0x720A, 0x930A, 0xB40A, 0x9302, 0x9202, 0x9302, 0x930A, 0x930A, 0xB40A,
  0xD40A, 0x150B, 0x350B, 0x3603, 0x3703, 0x3703, 0x5603, 0x5603, 0x5603, 0x7703, 0x7803, 0x7903, 0x7903, 0x7703, 0x760B, 0x550B,
  0x3403, 0x1403, 0x350B, 0x150B, 0x150B, 0x560B, 0x550B, 0x550B, 0x140B, 0xF40A, 0xD30A, 0xF30A, 0xF402, 0x1503, 0xF502, 0xD402,
  0xB30A, 0xD30A, 0xD30A, 0xF40A, 0xF50A, 0xB30A, 0x930A, 0x720A, 0x710A, 0x710A, 0x720A, 0x9302, 0xB502, 0xB602, 0xB502, 0xB402,
  0x9302, 0x7302, 0x5302, 0x530A, 0x320A, 0x1102, 0x100A, 0x100A, 0xEF09, 0xCF09, 0xD009, 0xF109, 0x320A, 0x1202, 0xF201, 0xF101,
  0xF101, 0xD001, 0xD001, 0xD001, 0xB001, 0xB001, 0xB001, 0xB009, 0x6F01, 0x4E01, 0x4D01, 0x2C01, 0x2C01, 0x2C01, 0x2D01, 0x4E01,
  0x9009, 0x7001, 0x7001, 0x4F01, 0x4E01, 0x4D01, 0x4D01, 0x2E01, 0x2D01, 0x2D01, 0x4D01, 0x4D01, 0x6D09, 0xEC08, 0xAF19, 0x795C,
  0x5333, 0x2600, 0x4608, 0x0200, 0x2A52, 0x5CFF, 0x77FE, 0x70EC, 0xA3C8, 0x62E0, 0x62E0, 0x00C0, 0x01A8, 0x8799, 0x9BF6, 0x3EE7,
  0xDEC6, 0x3775, 0x586D, 0x9975, 0xDA75, 0xDA7D, 0xBA75, 0x9A6D, 0x5965, 0x195D, 0xF854, 0xF854, 0xD854, 0xD854, 0xD754, 0xD75C,
  0xD754, 0xD75C, 0x9654, 0x9654, 0xD75C, 0x764C, 0x964C, 0xB754, 0x9654, 0x765C, 0xB764, 0xB764, 0xF86C, 0xF874, 0xF774, 0xB66C,
  0x766C, 0x966C, 0xB774, 0x378D, 0xB99D, 0x9895, 0x588D, 0xB995, 0x788D, 0x756C, 0xF35B, 0xB253, 0x3043, 0xCF2A, 0xCF2A, 0xCF2A,
  0xCF2A, 0x102B, 0xEF2A, 0xCF22, 0xCF2A, 0x102B, 0xAF22, 0x8E1A, 0xAE1A, 0x8E1A, 0x6D12, 0x6D12, 0x8D12, 0x8D1A, 0xCF22, 0xAE22,
  0x6400, 0x6400, 0x6400, 0x6500, 0x6500, 0x6500, 0x6500, 0x6500, 0x6508, 0x6500, 0x8500, 0x8500, 0xA500, 0xA608, 0xA600, 0xA600,
  0xC608, 0xE708, 0x0711, 0x0711, 0x2709, 0x4711, 0x6811, 0x8811, 0x8911, 0x8911, 0xA911, 0xA911, 0xA911, 0xAA11, 0xCA11, 0xEB11,
  0x0C1A, 0x2C1A, 0x4C22, 0x4C1A, 0x4C1A, 0x2C1A, 0x4C1A, 0x6C22, 0x8D2A, 0xAD2A, 0xAE2A, 0xCE2A, 0xEF32, 0x0F3B, 0x503B, 0x703B,
  0x7143, 0xB24B, 0xD34B, 0x1354, 0x3454, 0x3454, 0x3454, 0x3454, 0x1454, 0x345C, 0x345C, 0x145C, 0x3454, 0x1344, 0x1344, 0xF24B,
  0x9053, 0x7394, 0xFDF6, 0xFDF6, 0xF4AC, 0x2200, 0x4300, 0x4400, 0xCB19, 0xD85C, 0x5443, 0x4A00, 0x2E09, 0x0D01, 0x2D01, 0x2D01,
  0x2D09, 0x0C09, 0xEB10, 0xC920, 0xA840, 0xE868, 0xCFBA, 0xCFCA, 0x6ECA, 0xAED2, 0x8ED2, 0x10DB, 0xEFC2, 0xAA79, 0xE840, 0x2A31,
  0x0B19, 0x4D11, 0x4F09, 0x7001, 0x8F01, 0xB001, 0xB001, 0x9001, 0x9001, 0xB001, 0xB001, 0xD001, 0xF101, 0xF001, 0xF101, 0xF101,
  0x1202, 0xF101, 0xF109, 0xCF09, 0x2F1A, 0xB02A, 0xCF32, 0x8E32, 0x8E32, 0x8E2A, 0xD02A, 0xD12A, 0x2F12, 0x100A, 0x320A, 0x5302,
  0x7402, 0x5302, 0x5202, 0x510A, 0x122B, 0x112B, 0x3133, 0x122B, 0xB222, 0x2F0A, 0x332B, 0x5333, 0x112B, 0x3133, 0x3233, 0x5333,
  0x5433, 0xD21A, 0xB20A, 0xF40A, 0x3603, 0x1703, 0x1603, 0x3603, 0x5703, 0x3703, 0x3803, 0x5703, 0x3603, 0x150B, 0xD20A, 0x7323,
  0x732B, 0x732B, 0x522B, 0x732B, 0xB433, 0x321B, 0x1213, 0xF112, 0x5323, 0x9433, 0x5233, 0x522B, 0xF21A, 0xF312, 0xD312, 0x3423,
  0x5333, 0x3233, 0x7333, 0x1223, 0x4F0A, 0xB01A, 0x122B, 0x1133, 0xF132, 0xF032, 0xF12A, 0x901A, 0x3002, 0x730A, 0x7302, 0x9402,
  0x9402, 0x730A, 0x310A, 0xCF01, 0x501A, 0xD132, 0xD032, 0xAE2A, 0xAE32, 0x6E2A, 0x9032, 0x2F22, 0x8E01, 0xD009, 0xF109, 0xF101,
  0xD001, 0xF101, 0xB001, 0xD101, 0xB001, 0x6F01, 0x8F09, 0x0C01, 0xCE19, 0x2E2A, 0x4E2A, 0x2D2A, 0x0C2A, 0x0D2A, 0x2E2A, 0xCE19,
  0x0C01, 0x4E09, 0x6F01, 0x4E01, 0x4E01, 0x4E01, 0x4E01, 0x2E01, 0x2E01, 0x2D01, 0x2D01, 0x4D01, 0x2D01, 0x6B00, 0x2D09, 0x5854,
  0x574C, 0x8B11, 0x4608, 0x0300, 0xE941, 0x39DE, 0x99FE, 0x33ED, 0x24B9, 0x83D0, 0x42D0, 0x01B8, 0x01A0, 0x8791, 0x9BF6, 0x1EE7,
  0xDECE, 0xFA95, 0xFA8D, 0xD985, 0xD985, 0xDA85, 0xB97D, 0x7975, 0x596D, 0x3965, 0xF85C, 0xF85C, 0xD85C, 0xD75C, 0xD75C, 0xD764,
  0xD764, 0xD764, 0xB75C, 0x9654, 0x9654, 0x9654, 0xB75C, 0xD75C, 0x9654, 0xD65C, 0x176D, 0xD664, 0x965C, 0x755C, 0x3454, 0x1454,
  0x1454, 0xD353, 0x924B, 0xF35B, 0x756C, 0x145C, 0xF35B, 0x345C, 0x7143, 0x303B, 0x103B, 0x1033, 0x1033, 0x1033, 0xF02A, 0x5133,
  0x513B, 0x513B, 0x3133, 0xF02A, 0xAF22, 0xCF22, 0xAF22, 0x6D1A, 0x4D12, 0x0C0A, 0x0B0A, 0xEB01, 0x0B02, 0x0B02, 0x4D12, 0x6D12,
  0x6400, 0x6400, 0x6400, 0x6400, 0x6400, 0x4500, 0x4500, 0x4500, 0x4500, 0x6500, 0x8500, 0x8500, 0x8500, 0x8500, 0x8500, 0xA500,
  0x8500, 0x8500, 0x8500, 0xA500, 0xA500, 0xA500, 0xC500, 0xC600, 0xC600, 0xE600, 0xE600, 0xE600, 0xE600, 0x0701, 0x0701, 0x4901,
  0x8909, 0x8909, 0x8909, 0x8909, 0x8909, 0xA909, 0xA909, 0xAA09, 0xA911, 0x8909, 0x8909, 0x8909, 0x8909, 0x8909, 0xAA11, 0xEB19,
  0x0B1A, 0x2C1A, 0x2C1A, 0x6D22, 0xAE2A, 0xEF2A, 0x3033, 0x9143, 0x9143, 0xB24B, 0xB24B, 0xD353, 0xD24B, 0xF34B, 0x134C, 0xD153,
  0x1174, 0xBCE6, 0x1DFF, 0x77C5, 0xA418, 0x8408, 0x0300, 0xE810, 0xF453, 0x154C, 0x4D09, 0xED00, 0x0D01, 0x2D01, 0x4D09, 0x2D09,
  0x0C09, 0xCA20, 0xC938, 0x4A79, 0x0CBA, 0xCAD1, 0xE5C8, 0x83C8, 0xA4D8, 0xC4D8, 0xC4D8, 0xA3D0, 0xC4C0, 0x66C1, 0x6CCA, 0x6DAA,
  0xC958, 0xCA28, 0x4E19, 0x6F09, 0x6E01, 0x6F01, 0x8F01, 0xB001, 0xB001, 0xB001, 0xB001, 0xB001, 0xD001, 0xF001, 0xF101, 0xD101,
  0x110A, 0xCF09, 0xAE11, 0xED19, 0xB67C, 0x7EDF, 0x3ED7, 0x7EDF, 0x7EDF, 0x7EDF, 0x7ED7, 0x3ECF, 0x5143, 0x4E22, 0x3012, 0x310A,
  0x5302, 0x5302, 0x100A, 0xD022, 0x1EBF, 0x7ED7, 0x7ED7, 0x7ED7, 0x714B, 0xEC19, 0x3B9E, 0x7ED7, 0x7ED7, 0x9ED7, 0x5ED7, 0x7ED7,
  0x9ED7, 0xF353, 0xD022, 0xF21A, 0xD30A, 0x160B, 0x360B, 0x1503, 0x3603, 0x3703, 0xF602, 0x150B, 0xF312, 0x1123, 0x312B, 0x7B9E,
  0x9ECF, 0x7ECF, 0x7ECF, 0x5ECF, 0x9ED7, 0x7785, 0x4F3B, 0xAD22, 0xF995, 0x9ECF, 0x5EC7, 0x9ED7, 0xB664, 0xED01, 0x122B, 0x1EB7,
  0x7ED7, 0x7ED7, 0x9FD7, 0xD674, 0x0B12, 0xB88D, 0x9ED7, 0x5ECF, 0x7EDF, 0x3ECF, 0x7EDF, 0xB474, 0x4E22, 0x6F1A, 0x520A, 0x7302,
  0x730A, 0x100A, 0x5022, 0xCD21, 0xB67C, 0x9EDF, 0x7ED7, 0x7ED7, 0x7DDF, 0x5DDF, 0x5ED7, 0x757C, 0xCC21, 0x0E1A, 0x8E09, 0x1112,
  0xD001, 0xD101, 0xB101, 0xF109, 0x8F09, 0xAF09, 0x6C19, 0x4B19, 0xB684, 0x7EE7, 0x5EDF, 0x5EDF, 0x5DDF, 0x5EE7, 0x3EDF, 0xB684,
  0x8B21, 0x6C19, 0x0C09, 0x6E09, 0x2E01, 0x2E01, 0x2E01, 0x2E01, 0x0E01, 0x0D01, 0x2D01, 0x2D01, 0x0D01, 0x0D11, 0xCC00, 0x511A,
  0xB954, 0x9443, 0x6808, 0x2500, 0x4300, 0xC839, 0x9AF6, 0xF6FD, 0x10F4, 0x41B0, 0x62C0, 0x21B0, 0x0198, 0x8791, 0xBBF6, 0x1DE7,
  0xFED6, 0xB995, 0x9885, 0xB88D, 0xB88D, 0x9885, 0xBA85, 0xBA85, 0x9A7D, 0x5975, 0x386D, 0x186D, 0x186D, 0xF764, 0xD764, 0xD66C,
  0xD76C, 0xF76C, 0xD76C, 0xD664, 0xD664, 0xB664, 0x965C, 0xB664, 0xD664, 0xD65C, 0xB65C, 0xB55C, 0x965C, 0xD664, 0x7554, 0x144C,
  0x3454, 0x1454, 0xF34B, 0x9243, 0xF353, 0x9243, 0x7243, 0x9243, 0x513B, 0x3133, 0x3133, 0x5133, 0x723B, 0x3133, 0xF02A, 0x3133,
  0xF02A, 0xCF22, 0xCF22, 0xAF22, 0x6E1A, 0xAF22, 0xAF22, 0x4D1A, 0x2C12, 0xEB09, 0xCB01, 0xCB01, 0x0C0A, 0x2C0A, 0x6D12, 0x8D1A,
  0x2300, 0x4300, 0x4400, 0x4400, 0x4400, 0x2400, 0x2400, 0x2400, 0x2400, 0x4400, 0x4300, 0x4400, 0x4400, 0x4400, 0x4400, 0x4400,
  0x4400, 0x4400, 0x4400, 0x4400, 0x4300, 0x4400, 0x6400, 0x6400, 0x8500, 0xA500, 0xA500, 0xA600, 0xC600, 0xC600, 0xE700, 0x4809,
  0x8909, 0x6809, 0x6809, 0x6809, 0x6809, 0x6909, 0x6909, 0x8909, 0x6809, 0x4809, 0x2701, 0x2701, 0x2801, 0x0701, 0x2801, 0x2801,
  0x0701, 0x2801, 0x2801, 0x4801, 0x4801, 0x6801, 0x6801, 0x6901, 0x4801, 0x4901, 0x6901, 0x6909, 0x6901, 0xCA11, 0xA911, 0xA821,
  0xD07B, 0xFCF6, 0x7AEE, 0xF5B4, 0x0100, 0x6400, 0x4500, 0x8B19, 0x3664, 0x954B, 0xEC00, 0xEC00, 0x2D01, 0x2C01, 0x0C09, 0xEA10,
  0x8718, 0xE950, 0xAFC2, 0xABD9, 0xA5D8, 0x83E0, 0x41E0, 0x60E8, 0x61E8, 0x40E8, 0x61F0, 0x81E8, 0xA1E8, 0xA2E0, 0xA4D8, 0x07D1,
  0xEDD1, 0x2B79, 0xA928, 0x6C19, 0x6E11, 0x4E01, 0x6E01, 0xAF01, 0xB001, 0x9001, 0x9001, 0xB001, 0xB001, 0xB001, 0xD101, 0xD009,
  0x8E01, 0xCD19, 0xCF42, 0xDDCE, 0xFFEF, 0xDFF7, 0xFFF7, 0xFFF7, 0xFFF7, 0xFFF7, 0xFFF7, 0xDFF7, 0x7EDF, 0x7FD7, 0x924B, 0xAD01,
  0x310A, 0x720A, 0x5012, 0x8F2A, 0xBFDF, 0xFFF7, 0xFFF7, 0xFFF7, 0xF16B, 0xBCBE, 0xFFEF, 0xDFE7, 0xFFF7, 0xFFF7, 0xFFF7, 0xFFF7,
  0xFFF7, 0xBFDF, 0xBFD7, 0x3454, 0x4F0A, 0xD312, 0xF40A, 0x150B, 0xD502, 0xD402, 0xF412, 0xB112, 0xAF22, 0x5CA6, 0xDFDF, 0xFFE7,
  0xFFF7, 0xFFF7, 0xFFFF, 0xFFF7, 0xFFEF, 0xFFEF, 0xBFDF, 0x9274, 0x39AE, 0xFFF7, 0xFFF7, 0xFFFF, 0xB574, 0xCC09, 0x3133, 0xBFD7,
  0xFFF7, 0xFFF7, 0xFFFF, 0x3695, 0x979D, 0xFFF7, 0xFFEF, 0xFFF7, 0xFFF7, 0xFFF7, 0xFFF7, 0x9EDF, 0xDFE7, 0x3464, 0x3012, 0x720A,
  0x0F0A, 0xCD11, 0x398D, 0x9FDF, 0xBFE7, 0xFFF7, 0xFFF7, 0xFFF7, 0xFFF7, 0xFFFF, 0xFFFF, 0xDFEF, 0xDFEF, 0xB684, 0x6B11, 0xAE11,
  0xF011, 0xD109, 0x9001, 0xAF09, 0x8E09, 0x8800, 0x146C, 0x9FEF, 0xBFEF, 0xFFF7, 0xFFFF, 0xFFFF, 0xDFF7, 0xFFFF, 0xDFFF, 0x9FEF,
  0xBFEF, 0x79A5, 0x6A19, 0x0B09, 0x2D09, 0x4F09, 0x2E01, 0x2E01, 0x2D01, 0x0D01, 0x0D01, 0x0D01, 0x2D09, 0xEC00, 0xAB00, 0xAE19,
  0x5854, 0xD543, 0x0B11, 0x2600, 0x2400, 0x2621, 0x7AE6, 0x38FE, 0xD2F4, 0x45B1, 0x42A8, 0x01A8, 0x0198, 0x8789, 0xBBF6, 0x1DE7,
  0xFDD6, 0xFAA5, 0xD99D, 0xB895, 0x9895, 0x988D, 0xB98D, 0x9985, 0x7985, 0x597D, 0x587D, 0x387D, 0x387D, 0x387D, 0x387D, 0x5885,
  0x788D, 0x377D, 0xD674, 0xD674, 0x177D, 0xF774, 0xD76C, 0xB66C, 0x9564, 0xB564, 0xB564, 0x955C, 0x5454, 0x344C, 0xF34B, 0xF34B,
  0xD343, 0x923B, 0x723B, 0x723B, 0x723B, 0x5133, 0x723B, 0x7233, 0x112B, 0x312B, 0x312B, 0x312B, 0x112B, 0xCF22, 0xAE1A, 0xEF22,
  0xCF22, 0xCF22, 0xAF22, 0xAE22, 0x8E22, 0xAF22, 0xCF2A, 0xAE22, 0x8E22, 0x6D1A, 0x6D1A, 0x8E1A, 0x8E1A, 0x6D12, 0xAE1A, 0xCF22,
  0x8400, 0x8400, 0x6400, 0x6400, 0x6400, 0x8508, 0x8508, 0x8508, 0x6508, 0x6408, 0x6400, 0x6400, 0x6400, 0x6400, 0x6400, 0x8500,
  0x8500, 0x8500, 0x8500, 0x8400, 0x8400, 0x8400, 0x8400, 0x8500, 0xA500, 0xC508, 0xC508, 0xC608, 0xC608, 0xE600, 0x0701, 0x6811,
  0xA911, 0x8809, 0x8909, 0x8911, 0x8911, 0xA911, 0xA911, 0x8911, 0x4811, 0x2709, 0x0709, 0x0709, 0x0709, 0xE708, 0xE708, 0xE708,
  0xE700, 0x0701, 0x2701, 0x2701, 0x2701, 0x4801, 0x4801, 0x4801, 0x4801, 0x2801, 0x4901, 0x4901, 0x6801, 0x2709, 0x6400, 0x2A4A,
  0xBBE6, 0x1CFF, 0x14BD, 0x4210, 0x4308, 0x2400, 0x6A11, 0x365C, 0xF65B, 0xAB00, 0xCC00, 0x2D01, 0x2C01, 0x2C09, 0xCB18, 0x6728,
  0x2769, 0x4CBA, 0xE6C0, 0x43D8, 0x62F0, 0x20E8, 0x81F0, 0x81E8, 0x61E8, 0x62E8, 0x41E8, 0x61E0, 0xA1E8, 0x61E8, 0x41F0, 0x43E8,
  0xA6D8, 0xABC1, 0x2C92, 0xE838, 0x0B11, 0x6E11, 0x6E09, 0x6E01, 0x8F01, 0x9001, 0x9001, 0x9001, 0xB001, 0xB001, 0xB009, 0xCF09,
  0x2F2A, 0xF36B, 0x9FE7, 0xDFF7, 0xDFF7, 0xDFF7, 0xFFFF, 0xFFF7, 0xFFF7, 0xFFF7, 0xFFFF, 0xFFFF, 0xDFF7, 0xDFEF, 0xBFDF, 0x924B,
  0xED09, 0x300A, 0x0F0A, 0xF032, 0xDFDF, 0xFFF7, 0xDDF7, 0xFEF7, 0xBEEF, 0xFFEF, 0xFFF7, 0xDFF7, 0xFFEF, 0xDEEF, 0xFFF7, 0xFFF7,
  0xDFF7, 0xFFF7, 0xDFE7, 0xDFDF, 0x345C, 0x4F12, 0xF312, 0xD402, 0xB30A, 0xB312, 0x911A, 0x1133, 0x9CAE, 0xBFE7, 0xDFEF, 0xDFF7,
  0xBEEF, 0xFFF7, 0xFFF7, 0xFFFF, 0xFFF7, 0xDFEF, 0xFFEF, 0xBEE7, 0xDFEF, 0xDEF7, 0xBEF7, 0xFFFF, 0x9474, 0xCB09, 0xCF32, 0x7FD7,
  0xFFF7, 0xDDF7, 0xDEF7, 0xBEEF, 0xBEEF, 0xFFF7, 0xFFF7, 0xFFF7, 0xFFF7, 0xFFF7, 0xBEEF, 0xFFEF, 0xFFE7, 0xBFDF, 0x155C, 0x6C01,
  0x4F22, 0x1785, 0xDFEF, 0xDFF7, 0xFFFF, 0xFFFF, 0xFFFF, 0xFFF7, 0xFFF7, 0xDFF7, 0xDFF7, 0xFFF7, 0xDFF7, 0xBFEF, 0x5895, 0x6B11,
  0xAE11, 0xAF09, 0xD011, 0x2B09, 0x6B11, 0x99A5, 0xBEEF, 0xBEEF, 0xDFF7, 0xFFFF, 0xFFF7, 0xDFF7, 0xFFF7, 0xFFFF, 0xBFF7, 0xDFFF,
  0xFFFF, 0xFFFF, 0xB9AD, 0x0911, 0x4C11, 0x2D09, 0x4E01, 0x2E01, 0x2D01, 0x0D01, 0xED00, 0x0D09, 0xEC00, 0x2D01, 0x2D01, 0xCB00,
  0x6E11, 0x995C, 0xF33A, 0x4700, 0x4600, 0x2200, 0x0952, 0xB7ED, 0x76FD, 0x31F4, 0xA398, 0x0098, 0x2190, 0xA789, 0xBBF6, 0xFCE6,
  0xFDDE, 0xFDCE, 0x1DC7, 0xFDC6, 0xFDC6, 0x9CBE, 0x5BAE, 0xFA9D, 0xFA9D, 0xDA9D, 0xB995, 0x9995, 0x9995, 0x988D, 0x788D, 0x9895,
  0x578D, 0x378D, 0x1785, 0xD67C, 0xB574, 0xB574, 0xB674, 0x956C, 0x756C, 0x7464, 0x7464, 0x745C, 0x545C, 0x1354, 0xF353, 0xD34B,
  0xD34B, 0xB34B, 0xD34B, 0xD343, 0xB243, 0x923B, 0xB243, 0xB23B, 0x723B, 0x923B, 0xB343, 0xB343, 0xB33B, 0x5133, 0x3133, 0x5133,
  0x723B, 0x713B, 0x513B, 0x3133, 0x3133, 0x1033, 0x3133, 0x313B, 0x1033, 0xCF22, 0x8E1A, 0x8E12, 0xCF1A, 0xAE1A, 0xAE1A, 0xAE1A,
  0xC508, 0xC508, 0xE510, 0x0611, 0xE618, 0xE610, 0xE618, 0xE618, 0xE618, 0xE618, 0x0619, 0xE618, 0xE618, 0xE618, 0x0611, 0x0619,
  0x0711, 0x0719, 0xE610, 0x0611, 0x2611, 0x0611, 0x0611, 0x0611, 0x0611, 0x2711, 0x0711, 0x2711, 0x2711, 0x4711, 0x4811, 0xA919,
  0xCA21, 0xC919, 0xEA19, 0xEA19, 0xEA19, 0x0A1A, 0x0A1A, 0x0A22, 0x0B2A, 0xEA21, 0xCA21, 0xCA21, 0xCA21, 0xCA21, 0xCB21, 0xCB21,
  0xAA21, 0xCB21, 0xEB21, 0xCA19, 0xA911, 0x8909, 0x8909, 0x8909, 0x8909, 0x6909, 0x4909, 0x2801, 0x8911, 0x8819, 0x8410, 0xCD6A,
  0x9BEE, 0x9AEE, 0x519C, 0x0108, 0x4408, 0x2500, 0xCC19, 0x775C, 0x344B, 0x4A00, 0x0D09, 0x2D01, 0x0C01, 0x0B19, 0x6920, 0xA858,
  0x0AD2, 0xE4C8, 0x82D8, 0x82E8, 0x40E8, 0x81F0, 0x61E0, 0x82E0, 0x84D8, 0x84D8, 0xA5D8, 0x83D8, 0x82E0, 0x61E8, 0x61F8, 0x41F0,
  0x62E0, 0xC5C8, 0x47B9, 0xEB99, 0xCA20, 0x2D11, 0x6D09, 0x6E01, 0xAF01, 0x8F01, 0x8F01, 0x9001, 0x9001, 0x8F01, 0x6E01, 0x2B09,
  0x5CB6, 0xFFF7, 0xDFF7, 0xDFFF, 0xDFFF, 0xFFF7, 0xFCD6, 0x3EDF, 0x3ED7, 0x3EDF, 0x5DE7, 0xDEF7, 0xDEFF, 0xBEF7, 0x9EE7, 0xDFDF,
  0x513B, 0x0E0A, 0x0F0A, 0xAF22, 0x7FD7, 0xFFF7, 0xFDFF, 0xFEFF, 0xFFF7, 0x9FEF, 0xDFF7, 0xBFF7, 0x9EDF, 0x5ED7, 0x5EDF, 0x3DDF,
  0xFFFF, 0xBEF7, 0xDFF7, 0xDFE7, 0xDFDF, 0xB76C, 0x710A, 0x9402, 0xB312, 0x721A, 0x9022, 0x5BAE, 0xFFF7, 0xBEEF, 0xDFF7, 0xDFFF,
  0xFFF7, 0xBFDF, 0x7EDF, 0x7EE7, 0xBFE7, 0xFFEF, 0xFFEF, 0xFFF7, 0xDEF7, 0xFFFF, 0xDEFF, 0xFFFF, 0x7474, 0x0D12, 0xAF2A, 0x9FD7,
  0xFFF7, 0xDDFF, 0xFEFF, 0xFFF7, 0xDFEF, 0xDFEF, 0x9FE7, 0x1EDF, 0x7EE7, 0x5DDF, 0x9EE7, 0xDEEF, 0xBFE7, 0x388D, 0xEC21, 0x8A09,
  0x378D, 0xFFF7, 0xBFEF, 0xDEF7, 0xDEFF, 0x9EF7, 0x3DDF, 0x5EDF, 0x1ED7, 0x3EDF, 0x7EE7, 0xDFF7, 0xDFF7, 0xDFF7, 0xDFF7, 0xB57C,
  0x0A01, 0xAF09, 0x4C01, 0x6B11, 0x178D, 0xFFF7, 0x7EEF, 0xDEF7, 0xDEF7, 0xBEF7, 0x3DDF, 0x5EDF, 0xFDD6, 0x5EE7, 0xDFF7, 0xDFFF,
  0xDFFF, 0x9EF7, 0xDFFF, 0xF694, 0x4700, 0x4D09, 0x2E09, 0x2D01, 0x2D01, 0x0D01, 0xED00, 0xCC08, 0x0C01, 0x4D01, 0x0C01, 0xCB08,
  0x2D11, 0x174C, 0x953B, 0xEA08, 0x0600, 0x2300, 0x4631, 0xF5D4, 0xB7FD, 0xD3F4, 0x0491, 0x2098, 0x2190, 0xA789, 0xDBF6, 0xFCE6,
  0xDCD6, 0x9CBE, 0xDCBE, 0x3ED7, 0x3DCF, 0xFDCE, 0x3ED7, 0x3FD7, 0x5FD7, 0x1ECF, 0x1ECF, 0xFEC6, 0xDDC6, 0xBCBE, 0xBCBE, 0x3BB6,
  0xFAAD, 0xDAA5, 0xB99D, 0x789D, 0x7895, 0x378D, 0xF684, 0xF67C, 0xD67C, 0xF67C, 0xB574, 0x746C, 0x5464, 0x3464, 0x3464, 0xF45B,
  0xF45B, 0xD453, 0xB34B, 0xD34B, 0xD34B, 0xD34B, 0xB243, 0x9243, 0x713B, 0x713B, 0x513B, 0x3033, 0x0F2B, 0xEF22, 0xEF22, 0xEF2A,
  0x302B, 0x3033, 0xF02A, 0xCF22, 0xAE22, 0x6D1A, 0x6E1A, 0x8E22, 0x4D1A, 0x2C0A, 0xEC01, 0xEB01, 0x2C02, 0x2C02, 0x4D0A, 0x6D12,
  0x4300, 0x4300, 0x4300, 0x4300, 0x2300, 0x2300, 0x2300, 0x2300, 0x2300, 0x4300, 0x6300, 0x4300, 0x4300, 0x4300, 0x4300, 0x4300,
  0x6400, 0x6400, 0x6400, 0x8400, 0x8400, 0x8400, 0x8400, 0x8400, 0xA400, 0xA500, 0xA500, 0xC500, 0xC500, 0xC500, 0xC600, 0x2709,
  0x4809, 0x4709, 0x6809, 0x6811, 0x6811, 0x6811, 0x6811, 0x6811, 0x4811, 0x0709, 0xE608, 0xC600, 0xC600, 0xE708, 0x0709, 0x2811,
  0x0809, 0x2809, 0x4809, 0x4809, 0x6811, 0x8911, 0xAA19, 0xEB19, 0xEB19, 0xEB21, 0xEB19, 0xEB19, 0xEA21, 0x6821, 0xED62, 0x19DE,
  0x59EE, 0xF4BC, 0x2210, 0x2200, 0x0300, 0xC708, 0x365C, 0xF64B, 0xAB00, 0xAC08, 0xEC00, 0x4D01, 0x2C11, 0x2718, 0xE960, 0x0CCA,
  0x63D8, 0x42E8, 0x61F0, 0x81F0, 0x81E8, 0xA2D8, 0x04C1, 0xC5A8, 0x6590, 0x6690, 0x6690, 0x65A0, 0xC5B8, 0xE4D0, 0x82E0, 0x82F0,
  0x42F0, 0x83E0, 0xA4D8, 0x47C1, 0x0A59, 0xCA18, 0x4C09, 0xAE01, 0x6E01, 0x8F01, 0x9001, 0x9009, 0x8F01, 0xAE01, 0x6C09, 0xAF3A,
  0x3ED7, 0xFFFF, 0xDEF7, 0xDFFF, 0xBFF7, 0xFED6, 0x0D2A, 0xAC19, 0x0D22, 0xAB19, 0xEB29, 0x9BC6, 0xFFF7, 0xDEF7, 0xDFEF, 0xFFE7,
  0x9FCF, 0x303B, 0xAD01, 0x4E22, 0x9EDF, 0xFFFF, 0xDEFF, 0xDEFF, 0xDFF7, 0xFFEF, 0x9FDF, 0xDAA5, 0x8E2A, 0xAF2A, 0x4E22, 0x4E2A,
  0x5BB6, 0xFFF7, 0xFEF7, 0xDEF7, 0xFFEF, 0xBFE7, 0x3233, 0x1102, 0x7312, 0xEF11, 0x1BA6, 0xFFF7, 0xBFEF, 0xDFF7, 0xDFF7, 0xBFE7,
  0x3FCF, 0x5564, 0x8E2A, 0x8F2A, 0xD774, 0x5FD7, 0xFFEF, 0xDFF7, 0xDFFF, 0xBEF7, 0xFFF7, 0xFFFF, 0x9574, 0xCD09, 0xD032, 0x9FDF,
  0xFFF7, 0xFEFF, 0xFEFF, 0xDFF7, 0xDFEF, 0xDFEF, 0xF36B, 0xCB19, 0x8E32, 0xAA11, 0x9995, 0xFFEF, 0xD67C, 0x6A11, 0xCB19, 0x1685,
  0xFFF7, 0xDEF7, 0xFFFF, 0xDEF7, 0xFFFF, 0x789D, 0xAB21, 0xCC19, 0xCC19, 0x4A11, 0x747C, 0xFFFF, 0xDFF7, 0xFFF7, 0xFFFF, 0xDDCE,
  0x6F3A, 0x4C09, 0x0A09, 0x9584, 0xFFFF, 0xDFF7, 0xDEF7, 0xDFF7, 0xDFF7, 0x3795, 0xA600, 0x4A11, 0x0911, 0x6F3A, 0xDAAD, 0xDFF7,
  0xDFFF, 0xDEFF, 0xFFFF, 0xBCD6, 0x2D3A, 0xCA00, 0x4D09, 0x0D01, 0x0D01, 0x0D01, 0xED00, 0xEC00, 0x0D01, 0x0C01, 0x0C01, 0xEC08,
  0x6B00, 0xCF11, 0x7854, 0xF23A, 0x2600, 0x4508, 0x0100, 0x8851, 0xF8FD, 0xB6FD, 0x30E4, 0x0088, 0x4288, 0xE781, 0xDBF6, 0xBCDE,
  0x9CCE, 0x5BB6, 0xDDBE, 0x3ECF, 0xFDCE, 0xFDCE, 0xFECE, 0xFDCE, 0x1ED7, 0xFED6, 0x3FDF, 0x3FDF, 0x5FDF, 0x7FDF, 0x5FDF, 0x5FDF,
  0x5FE7, 0x3FDF, 0x1EDF, 0x3EDF, 0x1DD7, 0x5ED7, 0x7FDF, 0x5FD7, 0x3FD7, 0x1EC7, 0xDDBE, 0xBDBE, 0x9DBE, 0x3BAE, 0xBA9D, 0x388D,
  0x1785, 0xF77C, 0xB674, 0x756C, 0x956C, 0x956C, 0x7464, 0x7464, 0x335C, 0x135C, 0xF253, 0xD253, 0xB253, 0x9143, 0x9143, 0xB143,
  0xB143, 0x9143, 0x7043, 0x2F3B, 0x0F3B, 0xCE32, 0xEF32, 0xEF32, 0xAE2A, 0x8D22, 0x6D12, 0x4C12, 0x6D12, 0x6D12, 0xAD1A, 0xAE1A,
  0x4300, 0x4300, 0x4300, 0x4300, 0x4300, 0x2300, 0x4300, 0x4300, 0x4300, 0x4300, 0x4300, 0x4300, 0x4300, 0x4300, 0x4300, 0x4300,
  0x4300, 0x4300, 0x6300, 0x6300, 0x6300, 0x6300, 0x6400, 0x6400, 0x8400, 0xA500, 0xA500, 0xA600, 0xA600, 0xA500, 0xC600, 0x2709,
  0x4809, 0x6809, 0x6809, 0x6809, 0x8809, 0x8811, 0x8811, 0x6811, 0x6811, 0x4811, 0x0709, 0x0709, 0xC600, 0xC600, 0xC700, 0xC700,
  0xC700, 0xC700, 0xE700, 0xE700, 0xE700, 0xE708, 0xE708, 0xC708, 0xE708, 0x0709, 0x2801, 0x0709, 0x4819, 0x8408, 0x2D73, 0x59F6,
  0xD7E5, 0x52AC, 0x2310, 0x2400, 0x6500, 0xAB19, 0x7654, 0x343B, 0xAC00, 0xCD00, 0xED00, 0x0D01, 0x8A10, 0xA948, 0xCBB1, 0xC4D0,
  0x42F0, 0x41F0, 0x41E8, 0x42E0, 0xC4D0, 0x05A9, 0xA468, 0x2438, 0x2630, 0x2738, 0x2630, 0x2538, 0x4450, 0xC588, 0xE5B8, 0xC5E0,
  0x63E8, 0x63F0, 0x83E8, 0xC4D0, 0x2999, 0xEA48, 0x0B11, 0x6E09, 0x6E01, 0x6F01, 0x5001, 0x5009, 0x6F09, 0x8D01, 0xEC21, 0xBDC6,
  0xFFF7, 0xBEF7, 0xDEFF, 0xFFFF, 0xEF5A, 0x2B21, 0xAF19, 0x8F11, 0xAF09, 0x8E09, 0x8D11, 0x4E2A, 0xDDC6, 0x9EE7, 0xBEE7, 0x9FDF,
  0x9FD7, 0x5143, 0x6C01, 0x6E2A, 0x9EDF, 0xFFFF, 0xFFFF, 0xDFFF, 0xDFF7, 0xBFDF, 0x514B, 0xCE11, 0x100A, 0x1102, 0x520A, 0x711A,
  0xED11, 0x1AA6, 0xDFF7, 0xFEF7, 0xDFF7, 0xFFF7, 0xD34B, 0x3012, 0x511A, 0x0E1A, 0xBCC6, 0xFFFF, 0xBFF7, 0xDFF7, 0x7EDF, 0x956C,
  0x701A, 0x9212, 0x720A, 0x520A, 0x711A, 0x6F2A, 0x3BB6, 0xDFF7, 0x9EEF, 0xFEF7, 0xDEF7, 0xFFFF, 0xB684, 0x8D09, 0x9032, 0x7FDF,
  0xFFF7, 0xDDF7, 0xFEFF, 0xDFF7, 0x9EE7, 0x356C, 0x8B09, 0x2F12, 0xEF09, 0x3012, 0xAD11, 0x9B8D, 0x9874, 0xC900, 0x178D, 0xBFEF,
  0xDFF7, 0xDEF7, 0xDEFF, 0xBFF7, 0xD584, 0x8B11, 0xAE09, 0xAE09, 0x6E01, 0x6D09, 0x4B09, 0x9474, 0x9EE7, 0x7EE7, 0x3EDF, 0x7FE7,
  0x777C, 0x4800, 0x1153, 0x9EF7, 0xBFF7, 0xDEF7, 0xFFF7, 0xDFF7, 0x126C, 0x0911, 0x2B09, 0x0C09, 0xEC00, 0x0B09, 0x4B11, 0x547C,
  0x9EF7, 0xBEF7, 0xDEFF, 0xDFFF, 0x1BBE, 0x6700, 0x4C09, 0x0C01, 0x0C01, 0x0C01, 0x0C01, 0x0C01, 0xEC00, 0xEC00, 0xEC00, 0xEC00,
  0xAC00, 0x4E11, 0xD643, 0xB443, 0x6B11, 0x2500, 0x0300, 0x4839, 0x56DD, 0x17FE, 0x91EC, 0xA288, 0x8278, 0x087A, 0xBBEE, 0x9CD6,
  0x179D, 0x3895, 0xB99D, 0xFAA5, 0x3BB6, 0x5CBE, 0x5BB6, 0x7CB6, 0x7BBE, 0x5BBE, 0x7CC6, 0x9DCE, 0x7DC6, 0xBEC6, 0xDEC6, 0xFED6,
  0x1EDF, 0x1EDF, 0x1DE7, 0x1DE7, 0xFCDE, 0xFCD6, 0x1DDF, 0x1DDF, 0x3EDF, 0x5DCF, 0x3DCF, 0xFDCE, 0x3EDF, 0x3ED7, 0x3ECF, 0x5ECF,
  0xFDC6, 0xBCBE, 0x1ECF, 0x1DC7, 0x1EC7, 0xFEC6, 0xFEC6, 0xFDC6, 0xBDBE, 0xDDC6, 0xBDC6, 0xDDC6, 0xBDC6, 0xDDC6, 0xDCBE, 0x1DBF,
  0x1DBF, 0xFDBE, 0x3AAE, 0x98A5, 0x98A5, 0x989D, 0x7895, 0x9895, 0x588D, 0x5785, 0x377D, 0x3675, 0x376D, 0x366D, 0x3775, 0x3775,
  0x6408, 0x6408, 0x6408, 0x6408, 0x6408, 0x6408, 0x6408, 0x6408, 0x6408, 0x8408, 0x8408, 0x8408, 0x8408, 0x8408, 0x8408, 0x8408,
  0xA408, 0xA408, 0xA410, 0xA408, 0x8508, 0xA508, 0xA508, 0xA508, 0xA608, 0xC608, 0xC608, 0xC608, 0xC608, 0xC600, 0x0701, 0x6809,
  0x8911, 0xA809, 0xC911, 0xE911, 0xC911, 0xA911, 0x8911, 0x8811, 0x8919, 0x6811, 0x4809, 0x2809, 0x2809, 0x6911, 0x4809, 0x2809,
  0x2809, 0x2809, 0x6909, 0x6909, 0x6911, 0x6911, 0x6911, 0x8911, 0xAA19, 0xAA11, 0xAA11, 0xCA19, 0x0609, 0x0A4A, 0x7AEE, 0x38EE,
  0xB2B4, 0x8320, 0x2410, 0x0400, 0x4919, 0xD453, 0x9443, 0x4C09, 0xCC00, 0xCD00, 0x0C01, 0x0C11, 0x6920, 0x4758, 0x27B9, 0x82D8,
  0x60E8, 0x61E0, 0xA3D8, 0xE5C0, 0xC690, 0x0340, 0x6520, 0xC818, 0xEA18, 0xCA10, 0xEB10, 0xEA18, 0x6618, 0x2538, 0x8570, 0xE7B0,
  0xE6C8, 0xC6D0, 0xC5C8, 0x06C1, 0x4AA9, 0x8D71, 0xCB20, 0x0D09, 0x6F09, 0x4F01, 0x5001, 0x3009, 0x5011, 0x2C01, 0x2E32, 0x1ED7,
  0xFFF7, 0x9EF7, 0xBFFF, 0x3EE7, 0x6B29, 0x8900, 0x2D11, 0x0D09, 0x4E09, 0x6F11, 0x2D09, 0x2C11, 0x0D32, 0x0C32, 0x2C3A, 0x2D32,
  0x2E2A, 0xEF19, 0xCE11, 0x4E2A, 0x9FDF, 0xFFFF, 0xFFFF, 0xDFF7, 0xBFE7, 0xD35B, 0xAC09, 0x0F0A, 0x310A, 0x3102, 0x520A, 0x7212,
  0x0E12, 0x6D2A, 0xBBC6, 0xFFFF, 0xDFF7, 0xFFF7, 0x9FD7, 0xB44B, 0x8C09, 0x798D, 0xFFEF, 0xBFF7, 0xDFF7, 0xFFF7, 0x356C, 0xEE09,
  0x300A, 0x9312, 0x5202, 0x720A, 0x7212, 0x2F12, 0xCC19, 0x5AB6, 0xFFFF, 0xDEF7, 0xDEF7, 0xFFFF, 0xB57C, 0x6C01, 0x8F2A, 0x7FDF,
  0xFFF7, 0xFEFF, 0xBEFF, 0xFFFF, 0x1474, 0x6B11, 0x0F1A, 0x100A, 0x100A, 0x100A, 0xAE01, 0x5022, 0x2F22, 0x6C09, 0x7895, 0xFFFF,
  0xDFF7, 0xDFF7, 0xDFF7, 0x5384, 0x2909, 0x8C09, 0x8E01, 0xAF09, 0x8F09, 0x6F09, 0x2C01, 0xCD19, 0x2D2A, 0x0D2A, 0x0D2A, 0x0F32,
  0x2F2A, 0x4900, 0x525B, 0xFFFF, 0xDFF7, 0xDFFF, 0xDFF7, 0x1695, 0x6600, 0x4B09, 0x2C09, 0x4E09, 0x2D09, 0x2C09, 0xEA00, 0x0911,
  0x3384, 0xFFFF, 0x9EF7, 0xFFFF, 0x5BC6, 0x6700, 0x0B09, 0x0C01, 0x0D01, 0x0D01, 0x0D01, 0x0C01, 0xEC00, 0xEC00, 0xEC00, 0xEC00,
  0xEC00, 0xAC00, 0xAE11, 0xD54B, 0xF13A, 0x4700, 0x0500, 0x0208, 0xE961, 0xD7F5, 0xB6FD, 0xAEDB, 0xE478, 0xCFB3, 0xBBE6, 0xBCCE,
  0xDAB5, 0x999D, 0x588D, 0xF684, 0xB584, 0xD57C, 0x1685, 0x1AAE, 0x7CBE, 0xFECE, 0xBDC6, 0x7CBE, 0x999D, 0x1785, 0xF784, 0x178D,
  0xD9AD, 0x3BC6, 0x5AC6, 0xBBD6, 0x1DDF, 0xFCDE, 0xFCD6, 0xFDDE, 0xFDD6, 0xFDD6, 0x1EDF, 0xDDD6, 0x7BCE, 0x1ABE, 0x1AB6, 0x5BAE,
  0xFDC6, 0xDDC6, 0x1DCF, 0xFDC6, 0xFDC6, 0xFDCE, 0x1DD7, 0x1ED7, 0xFDD6, 0xDDD6, 0x1DD7, 0xDCC6, 0xDCC6, 0xDDCE, 0xDDCE, 0x1DCF,
  0x3ECF, 0x3ED7, 0x3EDF, 0xBDD6, 0x9CD6, 0x5BCE, 0x5BC6, 0x9BC6, 0xBBC6, 0xFCC6, 0x3DC7, 0x7EC7, 0x9FC7, 0x7EC7, 0x7EC7, 0x5ECF,
  0x6300, 0x6400, 0x6300, 0x6400, 0x6400, 0x6300, 0x6400, 0x6400, 0x6400, 0x6400, 0x8400, 0x8400, 0x8400, 0x8400, 0x8400, 0x8400,
  0x8400, 0x8400, 0x8400, 0x8400, 0x8400, 0x8400, 0x8500, 0xA500, 0xA500, 0xC600, 0xC600, 0xC600, 0xC600, 0xE600, 0x2709, 0x8811,
  0xA911, 0xA911, 0xC911, 0xC911, 0xC911, 0xC911, 0xA911, 0xA911, 0xC919, 0x8911, 0x6809, 0x4809, 0x0701, 0x0701, 0x4809, 0x4809,
  0x2801, 0x2801, 0x2701, 0x2801, 0x2801, 0x0701, 0x0701, 0x2801, 0x2701, 0x2801, 0x4801, 0x6809, 0xE408, 0xAC6A, 0x19EE, 0x38EE,
  0x72A4, 0x0000, 0x4510, 0x2500, 0xEC21, 0x3654, 0x123B, 0xAB00, 0x0D01, 0xCC00, 0xEC08, 0x8A10, 0x4838, 0x0999, 0xC5C8, 0x81E8,
  0x60F0, 0x81E0, 0xC4C8, 0x8590, 0x0540, 0xA820, 0x0A11, 0x2B09, 0x2C09, 0x2D09, 0x2F09, 0x4E09, 0x2D11, 0xAA18, 0x2730, 0x6858,
  0x6870, 0x6778, 0x6670, 0x8670, 0xA868, 0x0A49, 0xCB18, 0x2D09, 0x4E01, 0x6E01, 0x7001, 0x4F09, 0x2E11, 0xEB08, 0xBCC6, 0xDFF7,
  0xDEF7, 0xDEF7, 0xBEF7, 0xCC5A, 0xCB39, 0xAC31, 0xCC29, 0xCD21, 0xEF29, 0xCF29, 0xCF31, 0x0F32, 0xAC29, 0xAB31, 0x8B29, 0xCD29,
  0xEF21, 0xF021, 0xAD11, 0x2E2A, 0x9EDF, 0xFFFF, 0xFEFF, 0xFFF7, 0x178D, 0xCD11, 0xEF11, 0x100A, 0x310A, 0x3202, 0x3202, 0x3102,
  0x100A, 0xCD11, 0xBAA5, 0xFFF7, 0xFFF7, 0xDFF7, 0xFFEF, 0xF45B, 0x0A01, 0x3AAE, 0xFFF7, 0xBEEF, 0xDFF7, 0x789D, 0x2F22, 0x100A,
  0x930A, 0x5202, 0x5202, 0x5202, 0x720A, 0x921A, 0x4B01, 0x9995, 0xFFF7, 0xDFFF, 0xFFF7, 0xFFFF, 0x957C, 0x4B01, 0x6F2A, 0x9FDF,
  0xFFF7, 0xDEF7, 0xFFFF, 0xB48C, 0x2A09, 0x0F1A, 0xEF09, 0x110A, 0x1102, 0xF109, 0x1012, 0xCE11, 0x8D11, 0xAD19, 0x1FCF, 0xDFF7,
  0xDFF7, 0xFFFF, 0xF594, 0x0809, 0x8C09, 0x8E09, 0x8F01, 0x8F09, 0x8F01, 0x9009, 0x8F09, 0x6E09, 0x2C01, 0x0C01, 0x2C09, 0x0C09,
  0xEC00, 0x6D11, 0xBBAD, 0xDFFF, 0xBFF7, 0xFFFF, 0x77A5, 0xC708, 0xEA08, 0x2C09, 0x2D01, 0x2D01, 0x0D01, 0x4D09, 0x4D09, 0x8900,
  0x115B, 0x5EE7, 0xBFF7, 0xBFF7, 0xDFF7, 0x179D, 0xAA08, 0x0C01, 0x0D01, 0x0D01, 0x0C01, 0x0D01, 0xEC00, 0xEC00, 0xEC00, 0xEC00,
  0xEC00, 0xAC00, 0x4D11, 0x533B, 0x734B, 0x6B19, 0x0500, 0x0300, 0x6741, 0x76DD, 0x55F5, 0x10DC, 0xC789, 0x56DD, 0x9BDE, 0xBCC6,
  0x5CB6, 0x7DB6, 0x9DB6, 0x7CAE, 0x3BAE, 0xD995, 0xFAA5, 0xBDC6, 0x7CBE, 0x7CC6, 0xDAAD, 0x178D, 0x5574, 0x356C, 0x5574, 0x347C,
  0x58A5, 0x57A5, 0x57AD, 0xF9C5, 0x3ACE, 0xBCDE, 0xDDE6, 0xFEEE, 0xFEE6, 0x3EE7, 0xDDDE, 0xBDD6, 0x5CC6, 0xB9A5, 0x0F4B, 0xB15B,
  0x3BAE, 0xDDC6, 0x9CBE, 0xDCC6, 0xDCC6, 0xBCCE, 0x9BCE, 0x7BCE, 0x5BCE, 0x7BCE, 0xBCCE, 0xDCCE, 0xDCCE, 0x9CD6, 0x9CD6, 0xBCCE,
  0xFDD6, 0x1DDF, 0xFDDE, 0xBCDE, 0x5AD6, 0x97BD, 0xB7BD, 0x79C6, 0x7AC6, 0xDBC6, 0xFCCE, 0x3DCF, 0x7ECF, 0x5DCF, 0x3DCF, 0x1DCF,
  0x2200, 0x2200, 0x2200, 0x2200, 0x2200, 0x2200, 0x2200, 0x2200, 0x2200, 0x4300, 0x4300, 0x4300, 0x4300, 0x4300, 0x4300, 0x4300,
  0x4300, 0x4300, 0x4300, 0x6300, 0x6300, 0x6300, 0x6300, 0x6400, 0x6400, 0x6400, 0x6400, 0x8400, 0xA500, 0xA500, 0xE600, 0x4709,
  0x6811, 0x8809, 0x8809, 0x8909, 0x8909, 0x8911, 0x8911, 0x8911, 0x8911, 0x6809, 0x2701, 0x0701, 0x0701, 0x0701, 0x0701, 0x0701,
  0x0701, 0x0701, 0x2701, 0x2701, 0x0701, 0x0701, 0x2801, 0x6809, 0x6909, 0x8909, 0x8911, 0x2609, 0xEC52, 0xF8DD, 0xF8ED, 0xF4C4,
  0x0529, 0x0200, 0x0400, 0x4B21, 0xF553, 0x533B, 0xCB08, 0xAB00, 0xEC00, 0x0C01, 0x0C09, 0x8918, 0x4758, 0x08B9, 0x42D8, 0x40F0,
  0x40F8, 0x61E8, 0x44C0, 0x0370, 0x0538, 0xA818, 0xEA10, 0xCA10, 0xAA10, 0x8A10, 0x8B10, 0x8B08, 0xCB10, 0xCB18, 0x8A28, 0x0728,
  0x0630, 0x0630, 0x0528, 0x0520, 0x0420, 0x6710, 0x0B11, 0x6D09, 0x6D01, 0x8E01, 0x8E01, 0x6E09, 0x4D11, 0xC908, 0x5EDF, 0xFFFF,
  0xFEF7, 0xFEF7, 0xFFFF, 0x5EEF, 0x3EE7, 0x7FEF, 0x5EE7, 0x3EDF, 0x7FE7, 0x5FDF, 0x7FE7, 0x5FE7, 0x9FEF, 0x5FE7, 0x9FEF, 0x5FDF,
  0xBFE7, 0x566C, 0x0A01, 0x2D2A, 0x7FDF, 0xFFF7, 0xFEF7, 0xFFF7, 0x525B, 0x4E09, 0x110A, 0x310A, 0x1102, 0x5202, 0x5202, 0x3202,
  0x100A, 0x101A, 0xED21, 0xBDCE, 0xFFFF, 0xDEF7, 0xFFF7, 0xB363, 0xC900, 0xF8AD, 0xFFF7, 0xBFEF, 0xFFFF, 0x7474, 0xCE09, 0x730A,
  0x7302, 0x3302, 0x730A, 0x530A, 0x3202, 0x520A, 0x300A, 0x6F22, 0x5BB6, 0xFFFF, 0xBEF7, 0xFFFF, 0x947C, 0x0B01, 0x4E2A, 0x5FDF,
  0xFFF7, 0xDFF7, 0xFFFF, 0xB684, 0x2B01, 0x3112, 0xD001, 0xF101, 0x1202, 0xF101, 0xF109, 0x8E09, 0x8E11, 0xCE21, 0x5FDF, 0xFFFF,
  0xBEEF, 0xFFFF, 0xD68C, 0xC800, 0xAE09, 0xB009, 0x9001, 0x6F01, 0x8F01, 0x6F01, 0x8F09, 0x6F09, 0x6F01, 0x6F09, 0x4E01, 0x4E09,
  0x4D09, 0xAD11, 0x9DBE, 0xFFFF, 0xBFFF, 0xFFFF, 0x36A5, 0x4600, 0x2C11, 0x0D01, 0x0E01, 0x2D01, 0x4D01, 0x2D01, 0x4E09, 0xEC08,
  0xCA08, 0x137C, 0xFFFF, 0xBEF7, 0xFFFF, 0xD9B5, 0x8900, 0xEC00, 0xED00, 0x0C01, 0x0C01, 0x0C01, 0xEC00, 0xEC00, 0xEC00, 0xEC00,
  0xED00, 0xCC00, 0x8A00, 0x6D11, 0xF54B, 0x3243, 0x4700, 0x4600, 0x2208, 0x2A62, 0x35E5, 0x14ED, 0xD4E4, 0xB7E5, 0x9BD6, 0x7BBE,
  0x378D, 0xBA9D, 0xDA9D, 0xDA9D, 0x9995, 0x998D, 0xBA9D, 0xFBB5, 0x1CC6, 0x1CC6, 0x5DCE, 0xBECE, 0xFCB5, 0x7784, 0xD473, 0x358C,
  0xDBC5, 0xBEE6, 0x9DE6, 0x5CE6, 0xB9D5, 0xB6B4, 0x918B, 0x728B, 0x5183, 0x506B, 0xAD52, 0x6D4A, 0x8E4A, 0x8E42, 0x8A19, 0xCB21,
  0x0C2A, 0xEC29, 0x2C3A, 0x4B3A, 0x4B42, 0x6B42, 0x6A42, 0x4A42, 0x2D63, 0x97AD, 0x7BCE, 0x9BCE, 0x9CD6, 0x7BDE, 0x9CDE, 0xBCD6,
  0xDCD6, 0x1CDF, 0xFCDE, 0xBBDE, 0x7AD6, 0x18C6, 0x58CE, 0x7ACE, 0x5ACE, 0xBBCE, 0x1CCF, 0x5DD7, 0x7ED7, 0x5ED7, 0x5ED7, 0x3DD7,
  0x8320, 0x8320, 0x8320, 0x8320, 0x8320, 0x8320, 0xA420, 0xA420, 0xA428, 0xA420, 0xA420, 0xA420, 0xC420, 0xC420, 0xC428, 0xC428,
  0xC428, 0xE428, 0xE428, 0xE528, 0x0529, 0x0529, 0x0629, 0x2629, 0x2629, 0x6731, 0x6829, 0x8831, 0xA831, 0xC931, 0x0A32, 0x4B3A,
  0x6C3A, 0x8C3A, 0x8D32, 0x8D32, 0xAE3A, 0xEE42, 0xEF42, 0x2F4B, 0x504B, 0x2F4B, 0x0F43, 0x0F43, 0x0F43, 0x2F43, 0x3043, 0x704B,
  0xB253, 0xF35B, 0x135C, 0x135C, 0x1464, 0x5464, 0x756C, 0xF674, 0x5885, 0x988D, 0xB99D, 0x369D, 0xD7C5, 0x18E6, 0xF8ED, 0x72AC,
  0x0100, 0x4500, 0x2600, 0x8D19, 0x1654, 0xF232, 0x6900, 0x2D09, 0x0C01, 0x0C01, 0xCA08, 0x6720, 0x6668, 0xA6C8, 0x42E8, 0x20F0,
  0x20F0, 0x62F0, 0x43D0, 0x6390, 0x8560, 0xC748, 0xA840, 0xA850, 0xA850, 0xA848, 0xC750, 0xC748, 0xE748, 0xE848, 0xC848, 0xA850,
  0x8750, 0x8750, 0xC850, 0xC748, 0xC848, 0xE940, 0x0B29, 0xEC18, 0x2D09, 0x4D01, 0x6D01, 0x4C01, 0x6C09, 0x0909, 0x1EDF, 0xFFFF,
  0xDFF7, 0xFEFF, 0xDFF7, 0xFFFF, 0xFFFF, 0xBFF7, 0xFFFF, 0xFFFF, 0xDEF7, 0xFEF7, 0xFFFF, 0xDEF7, 0xDEF7, 0xFFFF, 0xFFFF, 0xFFF7,
  0xFFF7, 0x9574, 0xE900, 0x0D2A, 0x7FDF, 0xFFFF, 0xFEF7, 0xFFF7, 0xF24A, 0x4F01, 0x320A, 0x1002, 0x1102, 0x1102, 0x1102, 0x3202,
  0x1102, 0x1012, 0x0B09, 0x3CBE, 0xFFFF, 0xDEF7, 0xFFFF, 0x125B, 0xA908, 0x19AE, 0xFFFF, 0xDFF7, 0xFFF7, 0x9474, 0x8E01, 0x720A,
  0x3302, 0x5302, 0x1202, 0x1202, 0x3302, 0x530A, 0x310A, 0xAD09, 0x3AB6, 0xFFFF, 0xDEF7, 0xFFFF, 0x747C, 0x0A01, 0x2E2A, 0x9FE7,
  0xFFF7, 0xDFF7, 0xFFFF, 0xB684, 0x4C01, 0xD001, 0xB001, 0xF101, 0xD101, 0xF101, 0xAF01, 0xAF09, 0x8D09, 0x8D19, 0x9FE7, 0xFFFF,
  0xDFF7, 0xFFFF, 0x9584, 0xEA00, 0x8F09, 0x8F01, 0x6F01, 0x6F01, 0x6E01, 0x6E01, 0x4E01, 0x6F01, 0x6F01, 0x4F01, 0x4E01, 0x4D01,
  0x2B01, 0x4A09, 0xBCC6, 0xFFFF, 0xBFF7, 0xFFFF, 0xF79C, 0x8800, 0x0C09, 0xED00, 0x0E01, 0x0D01, 0x2D01, 0x2D01, 0xED00, 0x2E09,
  0x6900, 0x916B, 0xFFFF, 0xBEF7, 0xFFFF, 0x99AD, 0x8900, 0xEC00, 0xEC00, 0xEC00, 0xEC00, 0xEC00, 0xEC00, 0xEC00, 0xEC00, 0xEC00,
  0xCC00, 0xCC08, 0x6A00, 0x2C09, 0xB543, 0xD653, 0x6C19, 0x2600, 0x0200, 0x4741, 0x36DD, 0x76ED, 0x36ED, 0xD8E5, 0x7BD6, 0x3AAE,
  0xB57C, 0xF784, 0xF77C, 0xB674, 0x9574, 0x7574, 0x557C, 0xB79C, 0xDBCD, 0xBFE6, 0x9EDE, 0x1FEF, 0x3EC6, 0x778C, 0x1684, 0x769C,
  0x39BD, 0x5DE6, 0x9DF6, 0x3CEE, 0x38D5, 0x1093, 0x6959, 0x6A51, 0x2941, 0x4939, 0x8610, 0x8708, 0x4700, 0x6700, 0x8800, 0x6800,
  0x4700, 0x4700, 0xC810, 0x4821, 0x6829, 0x2721, 0x6729, 0x8729, 0x8A4A, 0x76AD, 0x9CD6, 0x7BCE, 0x7CD6, 0x7CD6, 0xBCDE, 0xFCD6,
  0xFCCE, 0x1CD7, 0x1CDF, 0x9AD6, 0x59CE, 0x18C6, 0xD7BD, 0xF9C5, 0x3ACE, 0x9BD6, 0xDCCE, 0x3ED7, 0x5ED7, 0x3ECF, 0x3ECF, 0x3DD7,
  0x2E93, 0x2E93, 0x4E93, 0x4E93, 0x4E93, 0x4E93, 0x6F9B, 0x8F9B, 0x8F9B, 0xAF9B, 0xCE9B, 0xCEA3, 0xCEA3, 0xCEA3, 0xCEA3, 0xEFA3,
  0xEFA3, 0x0FAC, 0x0FAC, 0x10AC, 0x11A4, 0x11A4, 0x11A4, 0xF19B, 0xF19B, 0xD193, 0xB093, 0xB08B, 0x908B, 0xD183, 0xF283, 0xF27B,
  0x127C, 0x337C, 0x3374, 0x5474, 0x957C, 0xB684, 0xD784, 0xF78C, 0x378D, 0x178D, 0x1785, 0xF784, 0x1785, 0x588D, 0x588D, 0x798D,
  0x9995, 0x998D, 0x9885, 0x5885, 0x1885, 0xF77C, 0xB674, 0x545C, 0x135C, 0x9053, 0xEE4A, 0x6F73, 0x39E6, 0x39EE, 0xF3BC, 0xA328,
  0x4410, 0x2500, 0x0A11, 0x3443, 0x954B, 0x0C09, 0xAB00, 0xEB00, 0x2C01, 0x2C01, 0xEA08, 0x8828, 0xA778, 0xA5D0, 0x41F0, 0x20F0,
  0x20F0, 0x41F0, 0x83E8, 0xC8E9, 0x6BDA, 0x8BC2, 0x6CC2, 0x4CCA, 0x4CD2, 0x4CD2, 0x8AD2, 0x8ACA, 0xAACA, 0xABC2, 0x8BCA, 0x6BCA,
  0x6CCA, 0x4BD2, 0x4BCA, 0x6CCA, 0x8ECA, 0x2DBA, 0x2B79, 0x6928, 0xCC10, 0x2D01, 0x6D01, 0x6D01, 0x4D01, 0xEA00, 0x1EDF, 0xFFFF,
  0xDFF7, 0xFFFF, 0xFFFF, 0xFFFF, 0xDFFF, 0xFFFF, 0xDFF7, 0xFFFF, 0xFEFF, 0xFFFF, 0xFEF7, 0xFFFF, 0xDEFF, 0xFDFF, 0xFEFF, 0xDEF7,
  0xFFF7, 0x3374, 0xA800, 0xEC29, 0x7EDF, 0xFFFF, 0xFEF7, 0xFFF7, 0x124B, 0x2D01, 0xF109, 0xF001, 0xD001, 0xF001, 0x1102, 0x1102,
  0xF109, 0xF019, 0xCA00, 0x5CC6, 0xFFFF, 0xDEF7, 0xFFFF, 0x115B, 0xA908, 0xF8AD, 0xFFFF, 0xBEEF, 0xFFFF, 0x3374, 0x8E09, 0x320A,
  0x3202, 0xF201, 0x1202, 0xF101, 0xF101, 0x1102, 0x3112, 0x8C09, 0x1AB6, 0xFFFF, 0xDEF7, 0xFFFF, 0x747C, 0x2A01, 0xED21, 0x9FE7,
  0xFFFF, 0xDFF7, 0xFFFF, 0x9684, 0x4C01, 0xD001, 0xD001, 0xB001, 0xD001, 0xD001, 0xD001, 0x8E09, 0x8D11, 0x8C19, 0x7FE7, 0xFFFF,
  0xDFF7, 0xFFFF, 0xB58C, 0xEA00, 0x6E09, 0x8F01, 0x4F01, 0x4E09, 0x2D01, 0x2D01, 0x4E01, 0x4E01, 0x4E01, 0x2E01, 0x4E09, 0x2D09,
  0x4B09, 0x8C19, 0x5BBE, 0xDFFF, 0xBFF7, 0xFFFF, 0x179D, 0x6800, 0x0C09, 0x2E09, 0x0E01, 0x0D01, 0xEC00, 0x2D09, 0x2D09, 0x0D09,
  0x6800, 0x7063, 0xFFFF, 0xBEF7, 0xFFFF, 0x99B5, 0x8908, 0xEC00, 0xEC00, 0xEC00, 0xEC00, 0xEC00, 0xEC00, 0xEC00, 0xEC00, 0xEC00,
  0xEC00, 0xEC08, 0x6A00, 0x6900, 0xCE11, 0xB54B, 0x7132, 0x2700, 0x6500, 0x2310, 0x8751, 0x96ED, 0x15E5, 0x97DD, 0xF9C5, 0xF584,
  0xB57C, 0xF784, 0x1885, 0x598D, 0xDB9D, 0xFBA5, 0xDBA5, 0xBBB5, 0xF8AC, 0xB7A4, 0x19B5, 0xD8A4, 0x568C, 0x157C, 0x5684, 0x39B5,
  0x59BD, 0x9ACD, 0xBAD5, 0xBAE5, 0xBAED, 0x1CF6, 0xDBE5, 0xBADD, 0x3CDE, 0x5DD6, 0x9373, 0xB04A, 0xCD29, 0x4C19, 0x6D19, 0x2C19,
  0x2C21, 0xCE39, 0x746B, 0x9AA5, 0xBECE, 0xDDD6, 0xFDE6, 0xBCE6, 0x7BDE, 0x5ADE, 0x5BD6, 0x7CCE, 0x5CCE, 0xBCCE, 0xDCCE, 0x1CC7,
  0x1CC7, 0x1CCF, 0xFCD6, 0x9BD6, 0x39CE, 0xD8CD, 0xD8CD, 0x3AD6, 0x5BD6, 0x7BD6, 0xBCD6, 0x1DD7, 0x3DD7, 0x3DD7, 0x1DCF, 0x1DCF,
  0xA761, 0xA761, 0xA761, 0xA761, 0xA761, 0x8761, 0x8661, 0x6659, 0x6659, 0x6559, 0x6559, 0x6459, 0x4459, 0x4459, 0x4459, 0x4451,
  0x2451, 0x0351, 0xE348, 0xE348, 0xE448, 0xE340, 0xC340, 0xA338, 0xC338, 0xC338, 0xA338, 0xA438, 0xC438, 0xC430, 0xC528, 0xE528,
  0x0621, 0x2721, 0x2719, 0x2719, 0x4811, 0x4819, 0x6919, 0x6919, 0x6811, 0x6811, 0x6811, 0x6811, 0x6811, 0x4809, 0x6909, 0x6909,
  0x6909, 0x6809, 0x6809, 0x4809, 0x4911, 0x6911, 0x6909, 0x6901, 0x4801, 0x0709, 0xA508, 0x6C62, 0x39F6, 0xF7E5, 0x31A4, 0x0110,
  0x2410, 0x4600, 0xCD11, 0xD64B, 0x143B, 0xAB00, 0xCB00, 0x0B01, 0x0C01, 0x0C09, 0xCA08, 0xA720, 0xC678, 0x84D0, 0x21E8, 0x41F0,
  0x21F0, 0x21F0, 0x21E8, 0x82E0, 0xA2D8, 0xC3D0, 0xA3D0, 0xA3D8, 0x84D8, 0x83D8, 0xA3D8, 0xA3D8, 0xC3D0, 0xC3D0, 0xC3D0, 0xC3D0,
  0xA3D8, 0xA3D8, 0xA3D8, 0xA3D8, 0x84D0, 0xE6C8, 0xE790, 0x4738, 0x2C19, 0x2D01, 0x4E01, 0x4D01, 0x2E01, 0xAC00, 0x9ECE, 0x9FF7,
  0x5EE7, 0x5EEF, 0x5EEF, 0x5EE7, 0x5FEF, 0x5EE7, 0x5EE7, 0x9EEF, 0x5EE7, 0x1EE7, 0x5FE7, 0x5EE7, 0xFCDE, 0xDEF7, 0xFFFF, 0xBFF7,
  0xFFFF, 0xF373, 0xA800, 0xEC29, 0x7EE7, 0xFFFF, 0xFEF7, 0xFFF7, 0x9263, 0x2B09, 0xCE09, 0xCF09, 0xAF09, 0xAF01, 0xD001, 0xD001,
  0xAF09, 0xCE19, 0xAB21, 0x9DCE, 0xFFFF, 0xDEF7, 0xFFFF, 0x305B, 0x8800, 0x19B6, 0xFFFF, 0x9EEF, 0xDFFF, 0x747C, 0x8E11, 0xB009,
  0xF109, 0xF109, 0x110A, 0xF109, 0xD009, 0x1012, 0xAD09, 0x4E32, 0x7BBE, 0xFFFF, 0xDEF7, 0xFFFF, 0x747C, 0x0A01, 0xEC29, 0x7FE7,
  0xFFFF, 0xDFF7, 0xFFFF, 0x757C, 0x2C01, 0xCF09, 0xAF01, 0xAF01, 0xAF01, 0x8F01, 0xCF09, 0xAE09, 0x2C09, 0x8C19, 0x1EDF, 0xFFFF,
  0xBEF7, 0xFFFF, 0xD58C, 0x8700, 0xAD11, 0x4E09, 0x2D01, 0x6E11, 0x2E09, 0x2E09, 0x2E09, 0x2D09, 0x2D09, 0xEC00, 0xEC08, 0xEB08,
  0xEA08, 0x0A11, 0xFAB5, 0xDFFF, 0x9EF7, 0xFFFF, 0x37A5, 0x2500, 0x0B11, 0x0C09, 0xEC00, 0x0C09, 0x2C09, 0xEB08, 0x0C09, 0xEA08,
  0xE810, 0x9484, 0xFFFF, 0x7DEF, 0xFFFF, 0x9AAD, 0x8908, 0xEC08, 0xEC08, 0xEC00, 0xEB00, 0xEB00, 0xEB00, 0xEB00, 0xEB00, 0xEB00,
  0xCB00, 0xCB08, 0xCB10, 0x8A00, 0x4D11, 0x543B, 0x954B, 0x2B11, 0x2500, 0x0100, 0xC430, 0x55DD, 0xF5E4, 0x57E5, 0x97BD, 0xD484,
  0x368D, 0x388D, 0x388D, 0x9A95, 0xFB9D, 0x3CA6, 0x3CAE, 0xFBAD, 0x189D, 0x5594, 0x3594, 0x727B, 0x3163, 0x725B, 0x725B, 0x9273,
  0x5594, 0x95A4, 0xB5B4, 0x17D5, 0x58ED, 0xDAFD, 0x5CFE, 0x5CEE, 0x3BD6, 0x9DD6, 0x9EC6, 0xF46B, 0x903A, 0xCE21, 0x2C11, 0x2C11,
  0x0B11, 0x2B11, 0x0D2A, 0xD36B, 0xFBBD, 0xBDE6, 0x3CEE, 0x99E5, 0x16DD, 0x37D5, 0x37C5, 0x78B5, 0xD9B5, 0x3AAE, 0x7AA6, 0xFBAE,
  0x3DB7, 0x3DBF, 0xDCC6, 0x5BC6, 0xD9C5, 0x57BD, 0x78BD, 0x19CE, 0x19C6, 0x9BCE, 0x1DD7, 0x1DCF, 0x5DD7, 0x5DD7, 0xFCCE, 0xFBCE,
  0x0020, 0x0020, 0x0020, 0x0020, 0x0020, 0x0020, 0x0020, 0x0020, 0x0020, 0x0020, 0x0020, 0x0020, 0x0020, 0x0020, 0x0020, 0x0020,
  0x0020, 0x0020, 0x0020, 0x0020, 0x0020, 0x0020, 0x0020, 0x0020, 0x0020, 0x0018, 0x0018, 0x0018, 0x0020, 0x2120, 0x2220, 0x4318,
  0x6318, 0x6310, 0xA410, 0xC510, 0xE608, 0x0709, 0x0709, 0x2709, 0x4709, 0x4809, 0x6809, 0x6809, 0x8911, 0xA911, 0xCA11, 0xEA11,
  0xEB19, 0x2B1A, 0x6C2A, 0x6D32, 0x8E3A, 0xCF42, 0x1043, 0x3043, 0x504B, 0x0F53, 0xD27B, 0x37CD, 0x97F5, 0x10AC, 0x6118, 0x2210,
  0x2408, 0x4B19, 0xB543, 0x953B, 0xCB00, 0x8B00, 0xCB08, 0x0B01, 0xEB08, 0xCB08, 0xAA08, 0x8718, 0xA570, 0xA4C8, 0x21E0, 0x41E8,
  0x21F0, 0x21F0, 0x21F0, 0x41F0, 0x41E8, 0x41E8, 0x41E8, 0x41E0, 0x41E8, 0x22E8, 0x22E8, 0x22E8, 0x42E8, 0x42E0, 0x42E0, 0x41E8,
  0x41E8, 0x41E8, 0x41E8, 0x41E8, 0x41E0, 0x83D0, 0xE598, 0x4538, 0x0A11, 0x4D01, 0x2D01, 0x0C01, 0x2D11, 0xED10, 0x0B21, 0xE918,
  0x0819, 0xE618, 0x0721, 0x0821, 0x0921, 0x4A21, 0x2A21, 0x2919, 0x0919, 0xE918, 0x2921, 0x4821, 0xC931, 0x1CDF, 0xFFFF, 0xBFF7,
  0xFFFF, 0x7263, 0x6700, 0xCB21, 0x7EE7, 0xFFFF, 0xFEFF, 0xBEEF, 0x9EE7, 0x304B, 0x4A09, 0x8D11, 0xAE11, 0x8E09, 0xB009, 0xD009,
  0xAE11, 0x4B11, 0x3BB6, 0xDFF7, 0xBEEF, 0xDFF7, 0xDFEF, 0x515B, 0x8800, 0xB8A5, 0xFFF7, 0xBFF7, 0xBFF7, 0x7EEF, 0x735B, 0x4D09,
  0xF011, 0xEF11, 0xAF09, 0xD009, 0xEF11, 0xEE19, 0x2909, 0xF9AD, 0xFFFF, 0xDFFF, 0xFFFF, 0xFFFF, 0x547C, 0xC900, 0xCC29, 0x7FEF,
  0xFFFF, 0xDFFF, 0xFFFF, 0x557C, 0xEA00, 0xAF09, 0x8E09, 0x8E09, 0x8E01, 0x8F01, 0x6E01, 0x6D09, 0xCE19, 0xA908, 0xB9AD, 0xFFFF,
  0xBFF7, 0xDFFF, 0x3DE7, 0xEF52, 0xA800, 0x6C11, 0x4D11, 0xEB08, 0xEC08, 0x2D09, 0x0C09, 0xEA08, 0x2B11, 0x4B21, 0x6B21, 0x4B21,
  0x2A19, 0x2600, 0x3484, 0xFFFF, 0xDFFF, 0xDFFF, 0x7EEF, 0x7063, 0x8700, 0x2B11, 0xEB08, 0x0B09, 0xCA00, 0x0B11, 0xC908, 0xA708,
  0xD26B, 0xDFF7, 0x9EF7, 0xDFFF, 0x7BCE, 0xE718, 0xA908, 0xEB08, 0xCB08, 0xCB00, 0xEB00, 0xCB00, 0xCB00, 0xCA00, 0xCA00, 0xCA00,
  0xCA00, 0xAA00, 0xCB08, 0x6A00, 0x8A00, 0x4D09, 0xB64B, 0xF242, 0x4600, 0x2408, 0x2108, 0xA669, 0xB4E4, 0x94D4, 0x16BD, 0x9384,
  0xB47C, 0xD684, 0xB684, 0xF784, 0xF77C, 0x1885, 0xF884, 0xB684, 0x7584, 0xF48B, 0x117B, 0xB38B, 0x358C, 0xB684, 0x9574, 0xF794,
  0xBDD6, 0x5FF7, 0xBDF6, 0xBAF5, 0x10B3, 0x8DA2, 0xB5D4, 0x3BF6, 0xB9D5, 0x57B5, 0xD594, 0x1374, 0xCF42, 0xCD29, 0xE908, 0xC908,
  0x0911, 0x2D2A, 0xB25B, 0x58A5, 0x1BCE, 0x3CEE, 0x38ED, 0x70C3, 0x6881, 0x2771, 0x0A7A, 0x6F8B, 0x328C, 0xB474, 0xB35C, 0x524C,
  0x724C, 0x5565, 0x7675, 0x7785, 0x7895, 0x5895, 0x989D, 0xF9A5, 0x5AA6, 0x9BAE, 0xFCB6, 0x3DBF, 0x5DBF, 0x5DBF, 0x3DC7, 0x3DC7,
  0x0020, 0x0020, 0x0020, 0x0020, 0x0020, 0x0020, 0x0020, 0x0020, 0x0020, 0x0028, 0x0028, 0x0028, 0x2028, 0x2030, 0x2030, 0x2028,
  0x2030, 0x4030, 0x4030, 0x4030, 0x6038, 0x6138, 0x6138, 0x8138, 0xA240, 0xC340, 0xE340, 0x0441, 0x2549, 0x2549, 0x2641, 0x6641,
  0x8841, 0xC941, 0xE939, 0x0A32, 0x4B32, 0x6C3A, 0x8D3A, 0xAD3A, 0xCD3A, 0x0E3B, 0x4F43, 0x704B, 0x914B, 0xB14B, 0xB24B, 0xD253,
  0xF253, 0xF253, 0x125C, 0xD25B, 0x925B, 0x725B, 0x9253, 0x714B, 0x7153, 0x0F53, 0xD283, 0xB9DD, 0xB8FD, 0x8E9B, 0x0008, 0x4310,
  0x2500, 0x8C11, 0x9543, 0x353B, 0x8A00, 0x4A00, 0x8900, 0x8900, 0x6900, 0x4908, 0x6900, 0x4610, 0x4468, 0xA4C8, 0x43E8, 0x62E8,
  0x61F0, 0x41E8, 0x41E0, 0x41E8, 0x62F0, 0x41E8, 0x62E0, 0x82E0, 0x82E0, 0x62E8, 0x42E8, 0x42E8, 0x62E8, 0x62E8, 0x61E8, 0x41E8,
  0x41E8, 0x41F0, 0x21F0, 0x21F0, 0x41E8, 0x62D8, 0xE5A0, 0x2430, 0xA908, 0xCB00, 0x8A00, 0x8900, 0xAA00, 0xAA08, 0x6708, 0xA610,
  0x6408, 0xA410, 0x6408, 0xA510, 0x4608, 0x4700, 0x8800, 0x8800, 0xA908, 0x6808, 0x4600, 0xE610, 0x5AC6, 0xDFFF, 0xFFFF, 0xDFFF,
  0xFFFF, 0xCF5A, 0x4700, 0x8A21, 0x7EE7, 0xFFFF, 0xDEFF, 0xDFFF, 0xDFF7, 0x1DD7, 0x4D32, 0x8800, 0x0B01, 0x4D09, 0x4E01, 0x2E01,
  0xAA00, 0x4919, 0xDCD6, 0xFFFF, 0xDFF7, 0xFFF7, 0x1BB6, 0xCE21, 0xEB08, 0xCC21, 0xBBC6, 0xFFFF, 0xBEFF, 0xDFFF, 0x1ED7, 0xD042,
  0x6800, 0x4C09, 0x6E09, 0x6E09, 0x2C01, 0xC800, 0x1274, 0xDFF7, 0xFFFF, 0xDEF7, 0xFFF7, 0xFFFF, 0x1374, 0x8800, 0xAB29, 0x7EEF,
  0xFFFF, 0xDEFF, 0xFFFF, 0x547C, 0x8900, 0x4D01, 0x0C01, 0x0C01, 0x0C01, 0x0D01, 0x4D01, 0x2D01, 0xCA00, 0xA908, 0x99AD, 0xFFFF,
  0xBEF7, 0xDFFF, 0xFFFF, 0x5384, 0x2500, 0x6700, 0xA900, 0xAA08, 0xEB10, 0xAA00, 0x8800, 0x8508, 0xD273, 0x3EE7, 0x9DD6, 0x1DE7,
  0x758C, 0x0200, 0x3384, 0xFFFF, 0xBFF7, 0x9EF7, 0xFFFF, 0x169D, 0x2300, 0x8700, 0x6800, 0x8900, 0xAA08, 0x4800, 0x2600, 0xAD4A,
  0x9EEF, 0xFFF7, 0xDFFF, 0xFFFF, 0x5BC6, 0x0400, 0x8808, 0x6900, 0x6900, 0x6900, 0x8900, 0x8900, 0x8900, 0x8900, 0x8900, 0x8900,
  0xA900, 0x8900, 0x6900, 0x4900, 0x2900, 0x4D09, 0xB643, 0xF342, 0x4600, 0x0400, 0x0108, 0x2451, 0x32DC, 0xD5E4, 0x52AC, 0xC829,
  0x2A2A, 0x2B32, 0xCB21, 0xCB19, 0x6A11, 0x4A19, 0x6A19, 0x6919, 0x6921, 0x2931, 0x8F7A, 0xF4A3, 0x569C, 0xD68C, 0xF784, 0x589D,
  0x7DCE, 0xDEEE, 0x3BF6, 0xF7EC, 0x10CB, 0xEBA1, 0xCFB2, 0xD6DC, 0x5BF6, 0x9CEE, 0x3BE6, 0xD6B4, 0x3173, 0xCD49, 0x2710, 0x0608,
  0x0508, 0xAA29, 0x7063, 0x96A4, 0xF7C4, 0x99ED, 0x58FD, 0xF2EB, 0x2BB2, 0x2AAA, 0x2A92, 0xCD92, 0x94B4, 0x9895, 0x7775, 0x355D,
  0x354D, 0x1445, 0xB33C, 0x733C, 0x733C, 0x1234, 0x112C, 0x323C, 0x9344, 0xD44C, 0x3555, 0xF86D, 0x7A86, 0xDC96, 0xFDA6, 0x1DB7,
  0xA240, 0xC340, 0xC340, 0xC340, 0xE348, 0x0449, 0x2451, 0x4551, 0x6551, 0x6559, 0x6559, 0x6559, 0x6559, 0x6559, 0x6559, 0x6559,
  0x8561, 0xA661, 0xC669, 0xC669, 0xA669, 0xA669, 0xC769, 0xC769, 0xC769, 0xA769, 0xC769, 0xC769, 0xA761, 0xA759, 0xE859, 0xE851,
  0xE849, 0xE941, 0xE939, 0xEA31, 0xEA31, 0xEA29, 0xEA29, 0xEA21, 0xEA21, 0xCA19, 0xA919, 0xA911, 0x8909, 0x8809, 0x8909, 0x6801,
  0x6801, 0x6801, 0x4801, 0x2809, 0x0809, 0x0809, 0x4909, 0x6909, 0x6811, 0x4819, 0xA931, 0xD29B, 0xF5E4, 0xB3CC, 0x8E93, 0x0208,
  0x4508, 0x8800, 0x701A, 0x9543, 0x102A, 0x4A00, 0x4900, 0xA900, 0x8900, 0x4908, 0x2800, 0x2508, 0x4448, 0xE6A8, 0xA5C0, 0xC4C0,
  0xC3C0, 0xC3B8, 0xE3B8, 0xC3B8, 0xA3B8, 0xE4B8, 0xE4B0, 0x04B1, 0x04B1, 0xE4B8, 0xC3B0, 0xC3B0, 0xC4B8, 0xC3B8, 0xC3B8, 0xA1C0,
  0x61D0, 0x21E0, 0x21E8, 0x21F0, 0x21E8, 0x63D0, 0xC698, 0x2430, 0x6908, 0x8A00, 0x6900, 0x8800, 0xA900, 0x4700, 0x6A29, 0x7CCE,
  0x7EEF, 0x7EEF, 0x9EF7, 0x9EF7, 0x98AD, 0x8A31, 0x6608, 0x4600, 0x4700, 0x6708, 0x6929, 0xB48C, 0xFFF7, 0xFEFF, 0xFFFF, 0xDFFF,
  0xBFF7, 0x8E52, 0x2600, 0x6A19, 0x7EE7, 0xFFFF, 0xFEFF, 0xDEF7, 0xDEF7, 0xFFFF, 0x3EDF, 0xCF4A, 0xC908, 0xA900, 0x8900, 0x2B11,
  0xAB31, 0x5AC6, 0xFFF7, 0xDFF7, 0xDEF7, 0xFFFF, 0x4E3A, 0x6A00, 0x2C11, 0x8800, 0x9CC6, 0xFFFF, 0xBFFF, 0xFFFF, 0xFFFF, 0xD9AD,
  0x0C32, 0x0909, 0x8700, 0xC900, 0x0911, 0x1795, 0xFFFF, 0xDFFF, 0xDFFF, 0xFEFF, 0xDEF7, 0xFFFF, 0xF273, 0x4600, 0xAB29, 0x7EEF,
  0xFFFF, 0xDEFF, 0xFFFF, 0x3484, 0x6800, 0x2C01, 0x0B01, 0xEC00, 0xEC00, 0x0C01, 0x0C01, 0x0C01, 0x0B09, 0x6800, 0xD36B, 0xFFFF,
  0xDFFF, 0xBEF7, 0xBEFF, 0xDFFF, 0x369D, 0x8931, 0x0919, 0x0500, 0x0600, 0x6608, 0x3063, 0xDCD6, 0xDFF7, 0xFFFF, 0xFFFF, 0xFFFF,
  0x78AD, 0x0100, 0xA931, 0x9BCE, 0xFFFF, 0xDFFF, 0xDFFF, 0xDFFF, 0x98AD, 0x6929, 0x8708, 0x0500, 0x0500, 0x6610, 0x506B, 0x9FEF,
  0xFFFF, 0xFEF7, 0xDFF7, 0xFFFF, 0x3BC6, 0x0500, 0x6800, 0x6900, 0x6900, 0x6900, 0x6900, 0x6900, 0x6900, 0x6900, 0x6900, 0x6900,
  0x6900, 0x8900, 0x8900, 0x6900, 0xCC10, 0xF542, 0xD332, 0x2A09, 0x2500, 0x0300, 0x8428, 0x31CC, 0x52E4, 0xF1C3, 0xC851, 0xC931,
  0x0A32, 0xEB31, 0xEB31, 0x4D3A, 0x2D32, 0x0C3A, 0x0C32, 0xEB31, 0xEB39, 0xAB51, 0xD08A, 0xF4AB, 0x55A4, 0xB694, 0xF684, 0x179D,
  0xBABD, 0xDADD, 0x9AED, 0xD6EC, 0x75F4, 0x95F4, 0xD5F4, 0xB4E4, 0x32CC, 0x90CB, 0x0B92, 0x0761, 0xA648, 0x0849, 0xE840, 0x2941,
  0xA630, 0x6420, 0x4318, 0x6538, 0xCA79, 0x8DB2, 0xEDCA, 0xF0E3, 0x14FD, 0x35FD, 0x93EC, 0x32D4, 0xF5CC, 0xD9AD, 0x9785, 0x356D,
  0x7665, 0x9755, 0x764D, 0x353D, 0x353D, 0x563D, 0x763D, 0x363D, 0x563D, 0x3635, 0x931C, 0x3114, 0x1114, 0xD013, 0xD11B, 0x733C,
  0x6559, 0x6559, 0x6559, 0x6559, 0x4551, 0x0451, 0x2451, 0x2451, 0x2451, 0x2451, 0x2451, 0x2451, 0x0449, 0x0449, 0x0449, 0x0449,
  0xE348, 0xE340, 0xC340, 0xA240, 0xA240, 0x8138, 0x6138, 0x4138, 0x4138, 0x4138, 0x4130, 0x6130, 0x4130, 0x6228, 0x6320, 0x6318,
  0x6318, 0x8310, 0x8410, 0x8410, 0xA510, 0xC508, 0xC510, 0xE608, 0xE608, 0xE608, 0x0709, 0x2709, 0x2709, 0x2709, 0x4809, 0x8909,
  0xEA11, 0x2B22, 0x8D2A, 0xCE32, 0x0F3B, 0x5043, 0x7143, 0xD253, 0xF25B, 0xB25B, 0x715B, 0x9183, 0xB4DC, 0xD3E4, 0xAEAB, 0x4220,
  0x2408, 0x2600, 0x6A09, 0x3233, 0x502A, 0x6A00, 0x4900, 0x8A00, 0x6900, 0x6900, 0x4800, 0x6710, 0x4520, 0x4448, 0x2358, 0x2358,
  0x4250, 0x2250, 0x2258, 0x2250, 0x2250, 0x4348, 0x2340, 0x4348, 0x4348, 0x4350, 0x2248, 0x2248, 0x2350, 0x2248, 0x2158, 0x2070,
  0x41A8, 0x41D8, 0x21E8, 0x01E8, 0x41E0, 0x83B8, 0x8680, 0x2630, 0x6808, 0xA900, 0x8900, 0x8900, 0x8900, 0x6800, 0x4708, 0xEC39,
  0xBFF7, 0xBFF7, 0xBEF7, 0xFFFF, 0xDFFF, 0x7EEF, 0xAD52, 0x4C4A, 0xCF52, 0x9173, 0xFDDE, 0xBFF7, 0xDEFF, 0xBEF7, 0xBFF7, 0xBFF7,
  0xF05A, 0x8708, 0x8800, 0x6919, 0x7EE7, 0xFFFF, 0xFEFF, 0xFEFF, 0xDEF7, 0xBEF7, 0xFFFF, 0x7EEF, 0x98A5, 0x3374, 0x7484, 0x3ABE,
  0x9FEF, 0xFFF7, 0xFFF7, 0xDFF7, 0x9EEF, 0xBFF7, 0x2E3A, 0x8A00, 0x2C19, 0xA808, 0xAE4A, 0xDFF7, 0xDFF7, 0xDFF7, 0xBEF7, 0xBEF7,
  0x7EE7, 0x569D, 0xF173, 0xF173, 0x3ABE, 0xDFF7, 0xBFF7, 0xDFF7, 0xBEF7, 0xBEF7, 0xDEFF, 0xFFFF, 0xF27B, 0x0500, 0x8A29, 0x7FEF,
  0xFFFF, 0xDEFF, 0xFFFF, 0x3484, 0x4700, 0x0B01, 0xEB00, 0xEB00, 0xEC00, 0xEC00, 0xEB00, 0xEB00, 0xEA00, 0xEA00, 0xC810, 0xB494,
  0x7EEF, 0x9EF7, 0xDEFF, 0xFFFF, 0xBEF7, 0x7EEF, 0x1AC6, 0x538C, 0x348C, 0xB9B5, 0x7FEF, 0xFFFF, 0xFFFF, 0xBFF7, 0xFFFF, 0xB494,
  0x2621, 0xA610, 0x4508, 0xD17B, 0x5DEF, 0x9EF7, 0xBEF7, 0xFFFF, 0xDFFF, 0x3DE7, 0xD9BD, 0xF27B, 0xF27B, 0x77B5, 0x5EEF, 0xFFFF,
  0xDEF7, 0xDEF7, 0xFFFF, 0x77A5, 0x2821, 0x8810, 0x6800, 0x6900, 0x6900, 0x4900, 0x4800, 0x4800, 0x4800, 0x4800, 0x4900, 0x6900,
  0x6800, 0x8800, 0x6800, 0x6A00, 0x6F11, 0xF642, 0x5132, 0xA700, 0x4308, 0x0310, 0xC650, 0x11E4, 0x52DC, 0x52BC, 0x8318, 0xC510,
  0xE610, 0xC610, 0xC718, 0x0819, 0xE710, 0x0819, 0x0811, 0x0811, 0xC718, 0xA628, 0x2C6A, 0xD3A3, 0x75A4, 0xD694, 0xF78C, 0x59A5,
  0x79C5, 0x79DD, 0x9AF5, 0xF7F4, 0x16FD, 0xF8FD, 0x39FE, 0xD7FD, 0x51EC, 0x6CCA, 0x49A1, 0x2881, 0x2869, 0x8961, 0xD2A3, 0x54B4,
  0xCE82, 0x2749, 0x8540, 0x4448, 0xA678, 0x68B1, 0x8BD2, 0x91F4, 0xB4FD, 0x95FD, 0xB3F4, 0x93E4, 0x36DD, 0x7ACE, 0xDCBE, 0xBBB6,
  0x5A9E, 0x3A8E, 0xD875, 0x765D, 0x564D, 0x774D, 0x7645, 0x563D, 0x763D, 0xB73D, 0xF835, 0x1836, 0xF82D, 0x7725, 0x361D, 0xD51C,
  0x0020, 0x0020, 0x0018, 0x0018, 0x0018, 0x0018, 0x0018, 0x0018, 0x0018, 0x0018, 0x0018, 0x0018, 0x0018, 0x0018, 0x0018, 0x0018,
  0x0020, 0x0020, 0x0020, 0x2020, 0x2020, 0x2020, 0x4128, 0x6130, 0x6130, 0xA230, 0xC330, 0xC330, 0x2439, 0x6641, 0x6741, 0xA741,
  0xC849, 0x094A, 0x2A4A, 0x4B42, 0x6B42, 0x8C42, 0x8C42, 0xAD42, 0xAE4A, 0xCE4A, 0xCE4A, 0xEE4A, 0x0F4B, 0xEF4A, 0xEE42, 0x0F43,
  0xCE3A, 0x8D32, 0xAD32, 0x6D2A, 0x6D2A, 0x2B22, 0xCA11, 0xCA11, 0xAA11, 0xCA19, 0x6919, 0xA618, 0x6B82, 0xD4E4, 0x14E5, 0x2E93,
  0x0310, 0x0500, 0xA800, 0x0E1A, 0xB232, 0x312A, 0x4900, 0x6908, 0x4808, 0x2808, 0x4808, 0x6808, 0x2608, 0x0418, 0x0220, 0x0220,
  0x0320, 0x0320, 0x0320, 0x0320, 0x0420, 0x0620, 0x0618, 0x0618, 0x0620, 0x0628, 0x0628, 0x0520, 0x0420, 0x0320, 0x0130, 0x0058,
  0x42A8, 0x42D8, 0x01E0, 0x21E8, 0x62E0, 0xC4B8, 0x4460, 0x2520, 0x4808, 0x8900, 0x8900, 0x8900, 0x8900, 0x6800, 0x6808, 0x0500,
  0x3484, 0xFFFF, 0xBFF7, 0xDFFF, 0xFFFF, 0xDFFF, 0xFFFF, 0xFFFF, 0xFFFF, 0xFFFF, 0xFFFF, 0xDFFF, 0xFFFF, 0xDFFF, 0x9FF7, 0x716B,
  0x8708, 0x8800, 0x8800, 0x4919, 0x7EE7, 0xFFFF, 0xFEFF, 0xDEFF, 0xFFFF, 0xDFF7, 0xBFF7, 0xFFFF, 0xFFFF, 0xFFFF, 0xFFFF, 0xFFFF,
  0xBFF7, 0xDFFF, 0xDFF7, 0xDFF7, 0xDFF7, 0x9163, 0xE908, 0xCB08, 0x0B11, 0xEA10, 0x2500, 0x57A5, 0xFFFF, 0xDFF7, 0xDEF7, 0xBEF7,
  0xFFFF, 0xFFFF, 0xFFFF, 0xFFF7, 0xFFFF, 0xFFFF, 0xDFF7, 0xFFFF, 0xDEFF, 0xDEFF, 0xDEF7, 0xFFFF, 0xD273, 0x0500, 0x6A29, 0x7FEF,
  0xFFFF, 0xDEF7, 0xFFFF, 0x3484, 0x2700, 0x0B01, 0xEB00, 0xEB00, 0xEB00, 0xEB00, 0xEB00, 0xEB00, 0xCA00, 0xCA00, 0xE908, 0x0100,
  0x958C, 0xFFFF, 0xDFFF, 0xDFFF, 0xDEFF, 0xFFFF, 0xFFFF, 0xFFFF, 0xFFFF, 0xFFFF, 0xFFFF, 0xFFFF, 0xDFF7, 0xFFFF, 0x7BC6, 0x2821,
  0x0500, 0x6808, 0x6708, 0x0300, 0x716B, 0xFFFF, 0xBFF7, 0xBFF7, 0xDFFF, 0xFFFF, 0xFFFF, 0xFFFF, 0xFFFF, 0xFFFF, 0xDFFF, 0xDFF7,
  0xDEF7, 0xFFFF, 0xBCCE, 0x8929, 0x0500, 0x6808, 0x6908, 0x6900, 0x6900, 0x4900, 0x4800, 0x4800, 0x4800, 0x4800, 0x4900, 0x4900,
  0x6900, 0x8800, 0x4900, 0x0D09, 0xD532, 0xB432, 0x2C11, 0x4600, 0x0200, 0xE638, 0x70BB, 0x32EC, 0xF0CB, 0x4651, 0x0629, 0xAE52,
  0x0F53, 0x3053, 0x504B, 0x7153, 0x7253, 0x935B, 0x935B, 0x925B, 0x7263, 0x116B, 0x6E62, 0x359C, 0x979C, 0xB78C, 0x188D, 0x99AD,
  0xBAC5, 0x59DD, 0x99FD, 0x75EC, 0xB1DB, 0x32F4, 0x53FC, 0xF1F3, 0xCDDA, 0x0BC2, 0x2899, 0x8568, 0x0340, 0x2438, 0x4430, 0x0328,
  0x0328, 0x2330, 0x4440, 0x4458, 0x8680, 0x07B1, 0xA8C1, 0x6AD2, 0x0CDB, 0x2DE3, 0xCCD2, 0x0EC3, 0x32C4, 0x39CE, 0xDCCE, 0xDCCE,
  0xDCC6, 0xDCBE, 0xDCAE, 0xDCA6, 0xDC9E, 0x9B96, 0xF97D, 0x976D, 0x765D, 0x3545, 0x1535, 0x3425, 0x351D, 0x961D, 0x192E, 0x192E,
  0x2120, 0x2120, 0x2120, 0x2120, 0x4120, 0x4128, 0x8228, 0xA330, 0xC338, 0x0441, 0x2549, 0x4549, 0x6651, 0x8651, 0x8651, 0x8651,
  0x6651, 0x6651, 0x6651, 0x8651, 0x8551, 0x8551, 0x6651, 0x6551, 0x6551, 0x4549, 0x6649, 0x6649, 0x2441, 0x0539, 0x2539, 0x0531,
  0x0529, 0x0529, 0xE520, 0xE518, 0xE510, 0xE510, 0xC608, 0xC608, 0xC608, 0xC608, 0xC608, 0xC608, 0xA608, 0xC608, 0xE708, 0xE608,
  0xC600, 0xE700, 0x0709, 0x2709, 0x2709, 0x4809, 0x6909, 0x8909, 0x6809, 0x6809, 0x8911, 0x0711, 0x2B62, 0xB4D4, 0xB3EC, 0x8FB3,
  0x2220, 0x2400, 0x2600, 0xCA08, 0xB232, 0x7222, 0xAA00, 0x2800, 0x4808, 0x4808, 0x6800, 0x6900, 0x4808, 0x2510, 0x4428, 0x2330,
  0x2438, 0x2440, 0x2540, 0x2530, 0x0520, 0x2718, 0x4810, 0x4908, 0x2908, 0x2910, 0x2910, 0x0908, 0x4810, 0x4718, 0x0328, 0x0260,
  0x63B0, 0x62D8, 0x01E0, 0x21D8, 0x42C8, 0xE5A0, 0x0340, 0x0510, 0x6808, 0x6900, 0x6900, 0x8900, 0x8900, 0x4800, 0x8908, 0x8808,
  0x4608, 0x5063, 0x7EEF, 0xBFF7, 0xDFF7, 0xBFF7, 0xDFF7, 0xBEF7, 0xBFEF, 0xDFF7, 0xDFF7, 0xDFF7, 0xBFF7, 0xBFF7, 0x0F5B, 0x2400,
  0x8800, 0xAA08, 0x8900, 0x2919, 0x5EE7, 0xFFFF, 0xFEFF, 0xDEFF, 0x7DEF, 0xDFF7, 0xDFF7, 0xFFFF, 0xDFF7, 0xBEF7, 0xBEF7, 0xBFF7,
  0xBFF7, 0xBFF7, 0xDFF7, 0xDFF7, 0x3063, 0x8608, 0xC908, 0xAA00, 0xEB10, 0xEB08, 0xEA10, 0x2919, 0xF9B5, 0x9EEF, 0xBFF7, 0xFFF7,
  0xDFF7, 0xFFF7, 0xBEEF, 0xDFF7, 0xDFF7, 0xDFF7, 0xFFFF, 0x9DEF, 0xBEF7, 0xDFFF, 0xDEF7, 0xFFFF, 0xD173, 0x0400, 0x8929, 0x7EEF,
  0xFFFF, 0xDEF7, 0xFFFF, 0x3384, 0x2600, 0xEB00, 0xCA00, 0xCB00, 0xCB00, 0xCB00, 0xCB00, 0xCB00, 0xCA00, 0xAA00, 0xA900, 0x8808,
  0xA710, 0x948C, 0x9FF7, 0xBFF7, 0xBEF7, 0xDFFF, 0xBEF7, 0xDFF7, 0xDFF7, 0xBEF7, 0xDFF7, 0xBEF7, 0xFFFF, 0x56A5, 0xE718, 0x4600,
  0x8800, 0x6908, 0x8908, 0x4700, 0xA710, 0xB16B, 0x5DE7, 0xBFF7, 0xBFF7, 0xDFF7, 0xDFF7, 0xDEF7, 0xBEF7, 0xBEF7, 0xFFFF, 0xBFF7,
  0xDFF7, 0xB8AD, 0xA510, 0x4600, 0x8908, 0x6908, 0x4900, 0x6900, 0x6900, 0x4900, 0x4800, 0x4800, 0x4800, 0x4800, 0x4900, 0x6900,
  0x6900, 0x6900, 0x4A00, 0x2E09, 0x152B, 0x7222, 0x2700, 0x4508, 0x0208, 0x4659, 0xB1D3, 0xD1DB, 0xD0BB, 0x2220, 0x8518, 0xCF5A,
  0x1474, 0x3464, 0x545C, 0xB664, 0xD76C, 0xD874, 0xB874, 0x977C, 0x777C, 0x5684, 0x1584, 0x768C, 0x968C, 0xD884, 0x398D, 0xB9AD,
  0x58B5, 0xF3AB, 0x71BB, 0xCFC2, 0x2CBA, 0x2CCA, 0x0BD2, 0xCAD1, 0x69C9, 0x28A9, 0xC688, 0x4460, 0x0340, 0x2438, 0x8538, 0x4851,
  0xE748, 0x4438, 0x2438, 0x2348, 0x4468, 0x6590, 0xA5A0, 0x05A9, 0x87B9, 0xA8C1, 0x88A9, 0xEA99, 0x4EA3, 0xB3A4, 0xF494, 0x159D,
  0xD8AD, 0x9BBE, 0xFDC6, 0x1DC7, 0xBCB6, 0x5BA6, 0x3BA6, 0x5BAE, 0x7BA6, 0x7B9E, 0x9B8E, 0x196E, 0xF85D, 0x763D, 0xF424, 0xF41C,
  0x4549, 0x4549, 0x4649, 0x4649, 0x4649, 0x4649, 0x4549, 0x2549, 0x2549, 0x0541, 0x0441, 0xE340, 0xC338, 0xA338, 0x8230, 0x6230,
  0x6230, 0x6230, 0x6230, 0x6128, 0x4120, 0x2028, 0x2028, 0x2128, 0x2128, 0x2120, 0x0018, 0x2018, 0x2118, 0x0118, 0x0110, 0x0110,
  0x0108, 0x0108, 0x2208, 0x4300, 0x4300, 0x6400, 0x8400, 0x8500, 0xA500, 0xA500, 0xC608, 0xE608, 0x2711, 0x4819, 0x4811, 0x6919,
  0xCA29, 0x0B2A, 0x2B2A, 0x6C32, 0xAD3A, 0x0F3B, 0x7043, 0x9143, 0xB14B, 0xB14B, 0x914B, 0x7153, 0x506B, 0xD0AB, 0x51E4, 0x51DC,
  0x2972, 0x0100, 0x0500, 0xAA10, 0x712A, 0xB21A, 0x1022, 0x4900, 0x4700, 0x6700, 0x8900, 0x4908, 0x0808, 0x2728, 0x0969, 0xA780,
  0xA698, 0xA698, 0xA690, 0xA678, 0x8658, 0x0428, 0x0510, 0x2708, 0x4808, 0x2800, 0x2908, 0x4910, 0x2810, 0x0620, 0x2448, 0xE698,
  0x84C8, 0x21D8, 0x20D8, 0x61D0, 0xA4C0, 0xE588, 0x2328, 0x4608, 0x6808, 0x4908, 0x6900, 0x8900, 0x8900, 0x8900, 0x6900, 0x8908,
  0x6700, 0x4600, 0xAA31, 0x1DDF, 0xDFF7, 0xBFF7, 0xDFF7, 0xFFFF, 0xFFF7, 0xFFF7, 0xDFF7, 0xDFF7, 0x9FEF, 0xAD52, 0xC710, 0xA908,
  0x8908, 0xAA08, 0x6800, 0x2919, 0x5EE7, 0xFFFF, 0xFFFF, 0xFFFF, 0x8F6B, 0x3284, 0x7EE7, 0xDFF7, 0xFFFF, 0xFFFF, 0xDFFF, 0xFFFF,
  0xDFFF, 0x5FEF, 0xFEDE, 0x8E4A, 0xC910, 0xA908, 0xEA08, 0x0B09, 0xAA00, 0xEC08, 0xAB08, 0xA908, 0xAC29, 0x8929, 0x569D, 0xFFFF,
  0xBFF7, 0xFFFF, 0xFFFF, 0xFFFF, 0xDFF7, 0x9FEF, 0xBFF7, 0x2D63, 0xF8BD, 0xFFFF, 0xDEF7, 0xFFFF, 0xD173, 0x0300, 0x8929, 0x9FEF,
  0xFFFF, 0xFFFF, 0xFFFF, 0x5384, 0x2600, 0xCA00, 0xAA00, 0xAA00, 0xAB00, 0xAB00, 0xAB00, 0xAB00, 0xAB00, 0xAA00, 0x8A00, 0xCB08,
  0x4800, 0x4A21, 0xAA31, 0xF59C, 0xFFFF, 0xBFF7, 0xFFFF, 0xFFFF, 0xDFF7, 0xDFFF, 0xBFF7, 0xFFFF, 0x98AD, 0x2819, 0x2500, 0xA908,
  0x6900, 0x6A00, 0x8A08, 0x8908, 0x4700, 0x2500, 0x0B3A, 0x3AC6, 0xFFFF, 0xFFFF, 0xDFF7, 0xFFFF, 0xFFFF, 0xFFFF, 0xBFEF, 0xFFFF,
  0xB8B5, 0x2919, 0x2600, 0x8908, 0x4800, 0x8908, 0x8908, 0x6900, 0x6900, 0x4800, 0x4800, 0x4800, 0x4800, 0x4800, 0x4900, 0x6900,
  0x6900, 0x2900, 0xAC08, 0x7422, 0xD422, 0x0F1A, 0x2600, 0x0300, 0x6320, 0x6FB3, 0xF1E3, 0xD1CB, 0x8B82, 0x0631, 0xA620, 0x6A31,
  0xB36B, 0x345C, 0x5554, 0x9654, 0x9664, 0x976C, 0x776C, 0x766C, 0x5674, 0x5674, 0x757C, 0x557C, 0xB784, 0xF884, 0xF884, 0x1795,
  0xD6A4, 0xD3A3, 0xF0AA, 0x8FBA, 0xECB1, 0xABB9, 0x49B9, 0xE8B8, 0xC8B0, 0xC790, 0xA670, 0x4450, 0x2440, 0x2430, 0x4430, 0x6530,
  0x4430, 0x6538, 0x4438, 0x2340, 0x2350, 0x4468, 0x6478, 0x8480, 0x8588, 0xC698, 0xE790, 0xA981, 0x6F93, 0xD49C, 0xD494, 0x9384,
  0x737C, 0x5374, 0x7374, 0xF584, 0xB89D, 0x3AAE, 0x7CBE, 0x1AB6, 0x9CC6, 0x1AAE, 0xD99D, 0x3BA6, 0xBCA6, 0x7B8E, 0x3A7E, 0xD96D,
  0x2020, 0x2020, 0x2020, 0x2020, 0x0020, 0x0020, 0x0020, 0x0020, 0x0020, 0x0020, 0x0020, 0x0020, 0x0020, 0x0020, 0x0018, 0x0018,
  0x0018, 0x0018, 0x0020, 0x0018, 0x0018, 0x0020, 0x0020, 0x0020, 0x0020, 0x2120, 0x4120, 0x4120, 0x6220, 0xA328, 0xA328, 0xA428,
  0xC420, 0x0529, 0x2629, 0x8829, 0xA929, 0xEA31, 0x2B32, 0x4B32, 0x8C32, 0xAD3A, 0xCD42, 0xEE42, 0xEE42, 0x0E4B, 0x0F4B, 0x2F4B,
  0x0F4B, 0xCE42, 0xEE42, 0xCD42, 0xAD3A, 0x2B2A, 0xEA19, 0xCA11, 0xA909, 0xCA09, 0xAA09, 0xAA11, 0x0711, 0x8849, 0x52D4, 0x51E4,
  0x4DAB, 0x0018, 0x0408, 0x0700, 0x2C09, 0xF42A, 0x111A, 0x2900, 0x6808, 0x8800, 0x8800, 0x4908, 0x2810, 0x2730, 0xE878, 0x86A0,
  0x63B8, 0x43B8, 0x63B8, 0xA4B0, 0xE598, 0xA570, 0x4448, 0x0430, 0x0528, 0x2628, 0x0618, 0x0628, 0x0640, 0x4660, 0x0799, 0x64B0,
  0x22C8, 0x01D0, 0x20C8, 0x41B8, 0x6498, 0x2350, 0x4418, 0xA708, 0x6908, 0x2908, 0x4900, 0x8900, 0x8900, 0x6800, 0x8908, 0x8900,
  0x8908, 0x8808, 0x0500, 0x6929, 0x8929, 0x5384, 0x1DDF, 0x5EEF, 0x5EE7, 0x3DDF, 0x117C, 0x8829, 0xAA31, 0x4600, 0xA810, 0x8908,
  0xAA08, 0xAA00, 0x6800, 0x2919, 0x5EEF, 0xFFFF, 0xDFFF, 0xFFFF, 0xAC52, 0x0100, 0xAA31, 0x0719, 0xF8BD, 0x9EF7, 0x5EEF, 0x3EE7,
  0x958C, 0x6929, 0x2919, 0x6700, 0xA908, 0xCA08, 0x0A09, 0xCA08, 0xEC08, 0x8C00, 0xAC08, 0xCC10, 0xA908, 0x4600, 0x4919, 0xA929,
  0xD594, 0x5EEF, 0x3EE7, 0x9FF7, 0xD594, 0x8929, 0xA931, 0xC610, 0x98AD, 0xBFEF, 0x3EE7, 0x9FF7, 0x926B, 0x0500, 0x6A29, 0x1EDF,
  0x7FEF, 0x7FEF, 0xDFF7, 0xF37B, 0x2700, 0xCA08, 0xAA00, 0xAA00, 0xCA00, 0xAA00, 0xAA00, 0xAA00, 0xAA00, 0xAA00, 0xAB08, 0x8A00,
  0xCB10, 0x8800, 0x2500, 0x0719, 0x8829, 0xF27B, 0x3EE7, 0x5EE7, 0x9FEF, 0x5BCE, 0xCE5A, 0x8931, 0x2921, 0x2600, 0x8808, 0x8900,
  0x8900, 0xAA00, 0x6900, 0x8A08, 0x6800, 0x8808, 0x2500, 0xC710, 0xAA31, 0x3384, 0xFDDE, 0x3DE7, 0x7DEF, 0x9ACE, 0x0D5B, 0xEA31,
  0x2919, 0x2600, 0x6808, 0x8908, 0x6800, 0x6900, 0x8900, 0x6800, 0x6800, 0x4800, 0x4800, 0x4900, 0x4900, 0x4900, 0x4900, 0x6900,
  0x6900, 0x2900, 0x0E09, 0x162B, 0x3112, 0xA800, 0x0400, 0x2318, 0xE650, 0x31DC, 0x10E4, 0xD1BB, 0x6220, 0x8418, 0x0821, 0xA820,
  0x115B, 0xF45B, 0x5554, 0x7654, 0x5664, 0x5564, 0x3564, 0x156C, 0xF463, 0xF46B, 0x146C, 0x757C, 0xB684, 0xD784, 0xF88C, 0xF794,
  0x5594, 0x7293, 0x11A3, 0x31BB, 0x0DAA, 0x8A99, 0x2999, 0x8688, 0x2578, 0x2460, 0x2350, 0x2340, 0x4430, 0x4328, 0x2320, 0x0320,
  0x0320, 0x0320, 0x0328, 0x2438, 0x0440, 0x0448, 0x0350, 0x2458, 0x4468, 0x4570, 0x8670, 0x6971, 0x2F83, 0x7494, 0x948C, 0x737C,
  0x3374, 0x126C, 0xF25B, 0x704B, 0x4F43, 0x704B, 0xB153, 0x126C, 0x168D, 0x5BB6, 0xFECE, 0x1AAE, 0x5795, 0x9895, 0xB895, 0xB995,
  0x0010, 0x0010, 0x0010, 0x0010, 0x0010, 0x0018, 0x0018, 0x0018, 0x0018, 0x2020, 0x0028, 0x2028, 0x2028, 0x2028, 0x4128, 0x4130,
  0x4130, 0x6130, 0x4130, 0xA238, 0x0441, 0x2449, 0x2549, 0x2549, 0x2549, 0x2549, 0x4649, 0x6649, 0x8751, 0x8749, 0xA749, 0xC849,
  0xC841, 0xC841, 0xC939, 0xE939, 0xE931, 0xEA31, 0x0A32, 0xE929, 0xC919, 0xC919, 0x8811, 0x6709, 0x4709, 0x4711, 0x4711, 0x2711,
  0x2711, 0x2711, 0x2709, 0x0711, 0x2709, 0x2709, 0x4709, 0xA909, 0x6C22, 0xAD2A, 0xCE32, 0xCE3A, 0xCE4A, 0xEE62, 0xF1B3, 0x31DC,
  0xCFD3, 0xC871, 0x2318, 0x0600, 0xEB08, 0x311A, 0x742A, 0x9021, 0x2900, 0x8900, 0xA900, 0x6808, 0x2710, 0x0418, 0x2348, 0xA590,
  0x42B8, 0x21B8, 0x21C0, 0x41C0, 0x42B0, 0xA4A8, 0x27A9, 0x0791, 0x4570, 0x2468, 0x8468, 0xA580, 0xE7A0, 0x65A0, 0x42B0, 0x01B8,
  0x21C8, 0x21C8, 0x01C0, 0x63B0, 0x6678, 0x0330, 0x6510, 0xA800, 0x4900, 0x2908, 0x6908, 0x6900, 0x8900, 0x4800, 0x2700, 0x2700,
  0x4700, 0x2700, 0x4600, 0x0400, 0x0400, 0x6508, 0x2721, 0x2721, 0x2621, 0x2721, 0x4400, 0x0300, 0x0400, 0x4708, 0x2700, 0x2700,
  0xA908, 0x8900, 0x6700, 0x2819, 0x7EEF, 0xFFFF, 0xDFFF, 0xFFFF, 0xAE52, 0x2500, 0x4500, 0x0400, 0xE718, 0x4829, 0x0821, 0x6929,
  0xA610, 0x2500, 0x4600, 0x8800, 0x6800, 0x6800, 0x8800, 0x8800, 0x8900, 0x8B00, 0x6B00, 0x6A00, 0x6908, 0x8808, 0x6600, 0x0400,
  0xA610, 0x4929, 0x2821, 0x2821, 0xA710, 0x0400, 0x4500, 0x6608, 0x0819, 0xAB29, 0x2921, 0x4A29, 0xA810, 0x4700, 0x6708, 0x2A21,
  0x4929, 0x2929, 0x4A29, 0xC810, 0x4700, 0x6700, 0x6700, 0x6800, 0x6800, 0x6800, 0x6800, 0x4800, 0x4800, 0x4800, 0x4800, 0x6800,
  0x4800, 0x6700, 0x6708, 0x4600, 0x0300, 0x4508, 0x2821, 0x2721, 0x4929, 0xC818, 0x0500, 0x0500, 0x0600, 0x4700, 0x2700, 0x2600,
  0x4600, 0x4600, 0x4700, 0x2700, 0x2600, 0x4600, 0x4600, 0x0500, 0x0500, 0x4508, 0x0721, 0x2721, 0x4629, 0xE518, 0x2300, 0x0300,
  0x0500, 0x4700, 0x4700, 0x2700, 0x2600, 0x4700, 0x4700, 0x6800, 0x6800, 0x6800, 0x6900, 0x4900, 0x4800, 0x6900, 0x6900, 0x8900,
  0x4900, 0xAB08, 0x321A, 0xD422, 0x5022, 0x4600, 0x0200, 0xA438, 0x4FBB, 0xD0DB, 0x4DC3, 0x0549, 0x8318, 0xC518, 0x8618, 0xE928,
  0x526B, 0xCF3A, 0xD353, 0x3564, 0xD042, 0x4809, 0x2811, 0x8A21, 0x8A21, 0x4921, 0x4D3A, 0x79A5, 0xDAAD, 0x5584, 0xD373, 0xD473,
  0xF062, 0xAC59, 0x2E7A, 0xB09A, 0xAFA2, 0x2971, 0xA760, 0x4558, 0x4550, 0x0448, 0x2340, 0x2330, 0x2320, 0x2218, 0x0210, 0x0310,
  0x2318, 0x0318, 0x0318, 0x0428, 0x0430, 0x0438, 0x0340, 0x0340, 0x0450, 0x0450, 0x2550, 0xA750, 0x2C62, 0x7173, 0x926B, 0xB26B,
  0xB263, 0x7153, 0x9153, 0x5043, 0x5043, 0x2F3B, 0x0F3B, 0xEE32, 0xCD2A, 0x0E3B, 0xF25B, 0xD57C, 0xB89D, 0x3AAE, 0x989D, 0x158D,
  0x4020, 0x6020, 0x6128, 0x8128, 0xC230, 0x0339, 0x0339, 0x2339, 0x2441, 0x0441, 0x0449, 0x2451, 0x2451, 0x4451, 0x4551, 0x4559,
  0x4551, 0x4559, 0x6559, 0x4551, 0x0549, 0x2551, 0x0551, 0x2551, 0xE548, 0xC448, 0xC440, 0xA338, 0x8330, 0x6328, 0x6220, 0x6220,
  0x6318, 0x8318, 0x6310, 0x6308, 0x8408, 0x8408, 0xA400, 0xC500, 0xC500, 0xC500, 0xE500, 0x0601, 0x4709, 0xA919, 0x0A22, 0x6C32,
  0xAD32, 0xCD3A, 0xEE42, 0xCE42, 0xEE42, 0x0E43, 0x0E43, 0x0E43, 0xEE32, 0x0B22, 0xAA19, 0xCB21, 0x4819, 0x0719, 0xC951, 0xD4E4,
  0x71EC, 0xCFC3, 0x0120, 0x0408, 0x4700, 0xEB00, 0x941A, 0x5322, 0x8A00, 0x6900, 0x4800, 0x6808, 0x4708, 0x2410, 0x0220, 0x4258,
  0x83A0, 0x42B0, 0x20B8, 0x00C0, 0x00C0, 0x21B8, 0x62B8, 0x63B0, 0x64A8, 0x63A8, 0x62A0, 0x62B0, 0x63C0, 0x21B8, 0x41B8, 0x40C0,
  0x00B8, 0x21B0, 0x43B0, 0xA698, 0x0548, 0x0410, 0x6608, 0xA800, 0x4900, 0x2908, 0x4900, 0x6900, 0x6800, 0x4700, 0x0919, 0x4921,
  0x2921, 0x2921, 0x2921, 0x2921, 0x4929, 0x0821, 0xE618, 0xE720, 0x0719, 0xE618, 0x0721, 0x8931, 0x2821, 0x0921, 0x4A21, 0x4A21,
  0x2A19, 0xE910, 0x6600, 0x2819, 0x7EEF, 0xFFFF, 0xDFFF, 0xFFFF, 0xAE52, 0x2500, 0x6A29, 0x2921, 0xE718, 0x0821, 0x0719, 0xE718,
  0x2821, 0x4921, 0x4921, 0x4921, 0x4A21, 0x4A21, 0x4921, 0x4A21, 0x4B21, 0x2B21, 0x2B21, 0x2B21, 0x2A21, 0x4921, 0x4921, 0x4921,
  0x2821, 0xC610, 0x0819, 0x0819, 0x0819, 0x6A29, 0x4921, 0x6A21, 0x2819, 0xC710, 0xE718, 0xE818, 0x2921, 0x0819, 0x2921, 0xE718,
  0xE820, 0xE718, 0xE718, 0x0821, 0x2921, 0x2921, 0x2921, 0x4921, 0x4921, 0x2921, 0x2919, 0x2919, 0x2919, 0x0919, 0x2921, 0x4A21,
  0x4921, 0x4921, 0x2921, 0x4921, 0x6929, 0x2821, 0xC618, 0xC618, 0xE720, 0xE820, 0x2929, 0x0921, 0x0921, 0x2921, 0x0821, 0x2819,
  0x2819, 0x2819, 0x2819, 0x0819, 0x4921, 0x6A21, 0x4A29, 0x0921, 0x4600, 0x4608, 0x4408, 0xE618, 0xA510, 0x0619, 0x2721, 0x0721,
  0x0821, 0x2921, 0x0919, 0x2921, 0x2921, 0x0819, 0x4600, 0x6800, 0x6800, 0x6800, 0x6900, 0x6900, 0x6900, 0x4800, 0x4900, 0x6900,
  0x4900, 0xEC08, 0xB32A, 0xD32A, 0xEA08, 0x0400, 0x0110, 0xE450, 0x6FD3, 0xAFDB, 0x0CA3, 0x0010, 0x6310, 0x2300, 0x4510, 0x2D52,
  0x0C42, 0x8A21, 0x7153, 0xF36B, 0x4921, 0x4819, 0x2C3A, 0x389D, 0x1CB6, 0xBAB5, 0x3484, 0x8929, 0x548C, 0x3063, 0xCE52, 0x8F4A,
  0x0D4A, 0xAC51, 0x6B61, 0xC858, 0x6648, 0x0438, 0x4540, 0x4540, 0x0438, 0x0338, 0x0230, 0x0220, 0x0218, 0x0210, 0x0208, 0x0208,
  0x0210, 0x0210, 0x0210, 0x0318, 0x0420, 0x0328, 0x0228, 0x0330, 0x0238, 0x0440, 0x0438, 0x4530, 0x8A51, 0xEC51, 0xEC41, 0xEC41,
  0x4D42, 0x8E3A, 0xAE3A, 0xAE32, 0xCF3A, 0xEF3A, 0xCF3A, 0xAD2A, 0x8D22, 0x4C1A, 0x2B1A, 0x4B2A, 0x8C32, 0xED42, 0x7374, 0x5AAE,
  0x0441, 0x0441, 0x0441, 0x0441, 0x0441, 0x0441, 0x0441, 0x0441, 0x0441, 0x0441, 0x2339, 0x2439, 0xE338, 0xA230, 0x6120, 0x4020,
  0x4020, 0x4020, 0x4020, 0x2020, 0x2020, 0x2020, 0x2120, 0x4120, 0x2120, 0x2120, 0x2120, 0x4120, 0x2118, 0x2118, 0x4118, 0x4218,
  0x8318, 0xE520, 0x2629, 0x4621, 0x6721, 0xA929, 0xE929, 0x0A32, 0x2A32, 0x4B32, 0x4B32, 0x4B32, 0x4B32, 0x4B32, 0x4C32, 0x0B22,
  0x8911, 0x4709, 0x2709, 0x4709, 0x2711, 0x0611, 0x0611, 0x2711, 0x2709, 0x0709, 0xE708, 0xC608, 0xC608, 0xC608, 0xE720, 0x4F9B,
  0x71E4, 0xEFD3, 0x4982, 0x0310, 0x0500, 0xCA08, 0x7212, 0x921A, 0x3122, 0x6A00, 0x8A00, 0x6900, 0x6808, 0x4610, 0x0410, 0x0228,
  0x8478, 0x8398, 0x42A8, 0x00B8, 0x20C8, 0x00C0, 0x00C0, 0x21B8, 0x42B8, 0x41B8, 0x20B8, 0x00C0, 0x21C8, 0x00C0, 0x20B8, 0x40B0,
  0x21A8, 0x63A0, 0x6588, 0x2558, 0x0620, 0x2708, 0x6700, 0x8800, 0x6900, 0x4900, 0x4900, 0x6800, 0x4800, 0x4708, 0x7CCE, 0x5EEF,
  0x1DE7, 0x3EE7, 0x3EE7, 0x3DE7, 0x1DE7, 0x1DE7, 0x3EEF, 0x1EE7, 0x5EEF, 0x5EEF, 0x1DE7, 0x3DE7, 0x3DE7, 0x3EE7, 0x1EDF, 0x3EE7,
  0x5DE7, 0xCF52, 0x0500, 0x4919, 0x7EEF, 0xFFFF, 0xDFFF, 0xFFFF, 0x6C4A, 0x4508, 0xDAB5, 0x5DE7, 0x3DE7, 0x3EE7, 0x5EE7, 0x3EE7,
  0x3EE7, 0x3EE7, 0x3EDF, 0x3EDF, 0x3EE7, 0x3EE7, 0x3EDF, 0x3EDF, 0x3EDF, 0x1EDF, 0x1EE7, 0x3EE7, 0x3EE7, 0x3EE7, 0x3EE7, 0x3DE7,
  0x3EE7, 0x3DE7, 0x3EE7, 0x3EE7, 0x3DE7, 0x1EE7, 0x1EE7, 0x1DDF, 0x1EE7, 0x3DE7, 0x3DE7, 0x3DE7, 0x5EE7, 0xFDD6, 0x5DE7, 0x3EE7,
  0x5EEF, 0x5EEF, 0x5EEF, 0x3DE7, 0x1DE7, 0x1EE7, 0x3EE7, 0x3EE7, 0x3EE7, 0x3DE7, 0x3DE7, 0x3DE7, 0x3DE7, 0x3DE7, 0x3DE7, 0x3EE7,
  0x3EE7, 0x3EE7, 0x3EE7, 0x1EDF, 0x3EE7, 0x5EEF, 0x3EEF, 0x3DE7, 0x1DE7, 0x3EE7, 0x1DE7, 0x1DE7, 0x3DE7, 0x3DE7, 0x3DE7, 0x3DE7,
  0x3DE7, 0x3DE7, 0x3DE7, 0x3DE7, 0x1DDF, 0x1EDF, 0x5EE7, 0x58AD, 0x6610, 0x0200, 0xCE5A, 0x3DEF, 0x1DE7, 0x5EE7, 0x1DE7, 0x1DE7,
  0x3DE7, 0x3DE7, 0x1DDF, 0x3DE7, 0x5EEF, 0xD594, 0x4500, 0x6800, 0x6800, 0x6800, 0x6900, 0x6900, 0x4800, 0x4900, 0x6900, 0x4900,
  0xCB08, 0x5222, 0xB22A, 0x0F22, 0x0500, 0x0310, 0x0128, 0x6AA2, 0x6FDB, 0x6ECB, 0x0449, 0x0008, 0x2208, 0x4308, 0xE720, 0xAE5A,
  0x4829, 0xEA31, 0xB16B, 0xBDCE, 0xDDD6, 0xBDD6, 0xFDD6, 0xFAAD, 0xCB31, 0x6929, 0xE820, 0xA620, 0xAE5A, 0x0F63, 0xCE4A, 0x4D42,
  0x2D4A, 0xAC59, 0x4A61, 0xE860, 0x6650, 0x6550, 0x8550, 0xA650, 0x8548, 0x6548, 0x4438, 0x4428, 0x4320, 0x4318, 0x4318, 0x4318,
  0x4318, 0x4418, 0x4418, 0x4420, 0x6528, 0x4430, 0x4340, 0x4348, 0x4348, 0x6448, 0x6440, 0xC740, 0x4951, 0x8B49, 0x6A39, 0x4931,
  0x4929, 0x4919, 0xCB21, 0x4D32, 0x6D32, 0x4C2A, 0x4C32, 0x4D2A, 0x6D2A, 0x4D2A, 0x0B22, 0xEB21, 0xEA21, 0x4B2A, 0x8C32, 0x8C32,
  0x6128, 0x4120, 0x2020, 0x2018, 0x0018, 0x0018, 0x0018, 0x0018, 0x0018, 0x0018, 0x0010, 0x0010, 0x0010, 0x0010, 0x0010, 0x0010,
  0x0010, 0x0010, 0x0010, 0x0010, 0x2018, 0x6120, 0xC330, 0xE338, 0x0439, 0x2539, 0x4539, 0x4539, 0x6539, 0x6639, 0x6641, 0x8741,
  0x8739, 0x6631, 0x4629, 0x6729, 0x2619, 0x0611, 0xE508, 0xA508, 0x8508, 0x8508, 0x8408, 0x8408, 0x8400, 0x8400, 0x8500, 0x8500,
  0xC500, 0xC600, 0xC500, 0x0601, 0x4811, 0xC921, 0x0A2A, 0x2B2A, 0x2B2A, 0x6D3A, 0xCE4A, 0xCE4A, 0x2E4B, 0x104B, 0x6E4A, 0xAD72,
  0x31CC, 0x2FE4, 0x4DAB, 0x2220, 0x0510, 0x2708, 0x2C09, 0xB22A, 0x512A, 0x6A00, 0x6A00, 0x8A00, 0x4800, 0x2808, 0x4708, 0x2610,
  0x0330, 0x6460, 0xA588, 0x63A8, 0x21B8, 0x21C0, 0x21C0, 0x21B8, 0x01B8, 0x00B0, 0x00B8, 0x01C0, 0x21C0, 0x21B8, 0x21B0, 0x21A8,
  0x63A8, 0x8588, 0x2450, 0x0418, 0x4708, 0x6808, 0x4800, 0x4800, 0x4900, 0x4900, 0x6900, 0x6800, 0x4700, 0x4608, 0x3EE7, 0xFFFF,
  0xFFFF, 0xFFFF, 0xFFFF, 0xFFFF, 0xFFFF, 0xFFFF, 0xDFFF, 0xFFFF, 0xFFFF, 0xFFFF, 0xFFFF, 0xFFFF, 0xFFFF, 0xFFFF, 0xFFFF, 0xDFF7,
  0xFFFF, 0x2F63, 0x0400, 0x4919, 0x7EEF, 0xFFFF, 0xFFFF, 0xFFFF, 0x8B52, 0x2200, 0xBBD6, 0xFFFF, 0xDFF7, 0xFFFF, 0xFFFF, 0xFFFF,
  0xFFFF, 0xFFFF, 0xFFFF, 0xFFFF, 0xFFFF, 0xFFFF, 0xFFFF, 0xFFFF, 0xFFFF, 0xFFFF, 0xFFFF, 0xFFFF, 0xFFFF, 0xFFFF, 0xFFFF, 0xFFFF,
  0xFFFF, 0xFFFF, 0xFFF7, 0xFFFF, 0xFFFF, 0xDFFF, 0xFFFF, 0xFFFF, 0xFFFF, 0xFFFF, 0xDFFF, 0xDFF7, 0xFFFF, 0xFFF7, 0xFFFF, 0xFFFF,
  0xFFFF, 0xFFFF, 0xFFFF, 0xFFFF, 0xFFFF, 0xFFFF, 0xFFFF, 0xFFFF, 0xFFFF, 0xFFFF, 0xFFFF, 0xFFFF, 0xFFFF, 0xFFFF, 0xFFFF, 0xFFFF,
  0xFFFF, 0xFFFF, 0xFFFF, 0xFFFF, 0xFFFF, 0xFFFF, 0xFFFF, 0xFFFF, 0xFFFF, 0xFFFF, 0xFFFF, 0xFFFF, 0xFFFF, 0xFFFF, 0xFFFF, 0xFFFF,
  0xFFFF, 0xFFFF, 0xFFFF, 0xFFFF, 0xFFFF, 0xFFFF, 0x97AD, 0x2721, 0x8510, 0x0200, 0x0D63, 0xFFFF, 0xFFFF, 0xFFFF, 0xFFFF, 0xFFFF,
  0xFFFF, 0xFFFF, 0xFFFF, 0xFFFF, 0xFFFF, 0x77AD, 0x4508, 0x6800, 0x6800, 0x6800, 0x6900, 0x6900, 0x6900, 0x8900, 0x4900, 0x2800,
  0xCB00, 0xD42A, 0x5022, 0x8800, 0x4500, 0x0208, 0x0559, 0xCFE3, 0x4DDB, 0x6EC3, 0x6228, 0x0100, 0x4208, 0xA518, 0x5073, 0x1EE7,
  0x5EE7, 0x7FE7, 0x9FEF, 0x9FF7, 0x1EE7, 0xF79C, 0xEB31, 0x2911, 0xA708, 0x2600, 0x6718, 0xCC49, 0xCC49, 0x5584, 0xB263, 0x7163,
  0x7173, 0xF082, 0x8E8A, 0x8E9A, 0xAEAA, 0x0FB3, 0x0FBB, 0x0FBB, 0xAEB2, 0x4D92, 0x0C82, 0xEB69, 0xEA59, 0xEA51, 0xEA51, 0x0A52,
  0xEA59, 0xEB59, 0xEB59, 0x0B62, 0x2B72, 0x2B8A, 0x4BA2, 0x8CB2, 0x8CB2, 0x8CA2, 0x4B8A, 0x2C82, 0x4D82, 0x6D6A, 0x6D5A, 0x6D52,
  0x2C42, 0xEA31, 0x2711, 0x8919, 0xEA21, 0x0B2A, 0x2B2A, 0x0C2A, 0x0C2A, 0xEB21, 0x0B22, 0x0B22, 0x0B22, 0xEB19, 0x0B1A, 0x0B1A,
  0x0010, 0x0010, 0x0010, 0x0010, 0x0010, 0x0010, 0x0018, 0x2018, 0x2018, 0x6120, 0x8220, 0xA328, 0xE330, 0xE330, 0x0431, 0x2439,
  0x2431, 0x2431, 0x2431, 0x2439, 0x2439, 0x0439, 0xC330, 0x8228, 0x8228, 0x8228, 0x6120, 0x4118, 0x2118, 0x2110, 0x2110, 0x2110,
  0x2108, 0x2208, 0x4208, 0x4200, 0x4300, 0x6300, 0x8400, 0x8400, 0x8408, 0x8408, 0xE510, 0x2719, 0x4719, 0x6821, 0xC929, 0x2B32,
  0x6C32, 0x8C3A, 0xCD3A, 0xCD42, 0xCD42, 0x8C3A, 0x6C3A, 0x4B32, 0x4B32, 0xEA29, 0x6921, 0x4811, 0x8811, 0x2811, 0xC808, 0xA520,
  0xE771, 0xEFDB, 0x8ECB, 0xCC8A, 0x0310, 0x0608, 0x8908, 0x502A, 0x312A, 0xB021, 0x4A00, 0x8A00, 0x6900, 0x6908, 0x6908, 0x4800,
  0x0610, 0x0428, 0x2448, 0x8578, 0x8598, 0x43A0, 0x63B0, 0x42B0, 0x01B0, 0x21B0, 0x21B0, 0x42B0, 0x42A8, 0x62A8, 0x6398, 0x6490,
  0x4478, 0x0448, 0x0420, 0x2608, 0x6800, 0x6800, 0x4800, 0x6900, 0x6900, 0x4900, 0x6900, 0x4800, 0x6808, 0x4608, 0x1DDF, 0xFFFF,
  0xDFFF, 0xFFFF, 0xFFFF, 0xFFFF, 0xFFFF, 0xFFFF, 0xFFFF, 0xFFFF, 0xFFFF, 0xFFFF, 0xFFFF, 0xFFFF, 0xFFFF, 0xDFFF, 0xFFFF, 0xDFFF,
  0xFFFF, 0x2E63, 0x0400, 0x4921, 0x5EE7, 0xFFFF, 0xFEFF, 0xFFFF, 0x8B52, 0x2200, 0x5AC6, 0xFFFF, 0xDFFF, 0xFFFF, 0xDEFF, 0xFFFF,
  0xFFFF, 0xFFFF, 0xFFFF, 0xFFFF, 0xFFFF, 0xFFFF, 0xFFFF, 0xFEFF, 0xFEFF, 0xFEFF, 0xFEFF, 0xFEFF, 0xFEFF, 0xFEFF, 0xFFFF, 0xFFFF,
  0xFFFF, 0xFEFF, 0xFFFF, 0xFFFF, 0xFFFF, 0xFFFF, 0xFEFF, 0xFFFF, 0xFEFF, 0xFEFF, 0xFFFF, 0xDFFF, 0xFFFF, 0xFFFF, 0xFFFF, 0xDFFF,
  0xFFFF, 0xFFFF, 0xDFFF, 0xFFFF, 0xFFFF, 0xFFFF, 0xFFFF, 0xFFFF, 0xFFFF, 0xFFFF, 0xFFFF, 0xFFFF, 0xFFFF, 0xFFFF, 0xFFFF, 0xFFFF,
  0xFFFF, 0xFFFF, 0xFFFF, 0xFFFF, 0xFFFF, 0xFFFF, 0xFFFF, 0xFFFF, 0xFEFF, 0xFEFF, 0xFEFF, 0xFEFF, 0xFEFF, 0xFEFF, 0xFEFF, 0xFFFF,
  0xDFFF, 0xFFFF, 0xBEF7, 0xFFFF, 0xB6BD, 0x0521, 0x6308, 0x2200, 0x0100, 0xAC52, 0x9EF7, 0x9EF7, 0xDFFF, 0xFFFF, 0xFFFF, 0xFEFF,
  0xFEFF, 0xFEFF, 0xDEFF, 0xDFFF, 0xFFFF, 0x56AD, 0x2400, 0x8800, 0x6800, 0x6800, 0x6800, 0x6900, 0x8908, 0x6900, 0x4900, 0x0C11,
  0x3122, 0xB322, 0xCE19, 0x4600, 0x0300, 0x4328, 0xEDBA, 0x2DE3, 0x6DD3, 0x0882, 0xD093, 0x39CE, 0xBCDE, 0xFDE6, 0x5FF7, 0xBFF7,
  0xBFF7, 0xFEDE, 0x1ABE, 0x0A42, 0x0721, 0x6608, 0x4600, 0x6700, 0xC808, 0x8808, 0x6B39, 0xAC49, 0x2931, 0x3584, 0x3474, 0x137C,
  0x138C, 0xD39B, 0x92AB, 0x31B3, 0x51CB, 0x13E4, 0x13EC, 0x33F4, 0x91DB, 0x10B3, 0xCF9A, 0x8D82, 0x8D72, 0x6C6A, 0x6C62, 0x6C62,
  0x8D6A, 0x6D6A, 0x6D6A, 0x4C72, 0x8D8A, 0xEEAA, 0x0ECB, 0x2EE3, 0x90F3, 0xB0EB, 0x0EC3, 0xAEAA, 0x8E9A, 0x0F83, 0xEE72, 0xAD62,
  0x8D52, 0x8C42, 0x0A2A, 0x4811, 0x0609, 0x8919, 0xA921, 0xCA21, 0xEB21, 0x0B22, 0x0B22, 0xCA19, 0x0B1A, 0xEA11, 0x0B1A, 0x0B1A,
  0x0329, 0xE330, 0xE330, 0xE330, 0xE330, 0xC330, 0xC330, 0xC330, 0xC330, 0xC330, 0xA328, 0x6120, 0x2118, 0x4118, 0x6118, 0x4118,
  0x4118, 0x4118, 0x4110, 0x4118, 0x2020, 0x2020, 0x0018, 0x0018, 0x0018, 0x0010, 0x0010, 0x0010, 0x0010, 0x2110, 0x4210, 0x8318,
  0xA420, 0xE520, 0x2621, 0x6729, 0xA729, 0xC831, 0x0932, 0x2A3A, 0x2A32, 0x0A32, 0x4A3A, 0x4B3A, 0x2A32, 0x4A32, 0x092A, 0xA819,
  0x8711, 0x2611, 0x2611, 0x0611, 0xE510, 0xE508, 0xE508, 0xE508, 0xE508, 0xC500, 0xC500, 0xE600, 0x0709, 0x2809, 0x6809, 0x4611,
  0xA751, 0xEFD3, 0xAFE3, 0x2EB3, 0x0228, 0x0410, 0x2600, 0x2B09, 0x912A, 0xD021, 0x6B00, 0x6A00, 0x6A00, 0x2900, 0x4900, 0x6900,
  0x2710, 0x0618, 0x0520, 0x0430, 0x2448, 0x8570, 0x8580, 0x6390, 0x4298, 0x6298, 0x6298, 0x6290, 0x6388, 0xA480, 0xA568, 0x0440,
  0x0528, 0x0518, 0x2610, 0x4708, 0x6800, 0x6800, 0x6900, 0x4900, 0x4900, 0x4900, 0x6908, 0x4800, 0x6800, 0x6708, 0xFDDE, 0xDFFF,
  0xBFF7, 0xBFF7, 0xDFF7, 0xDFF7, 0xDFF7, 0xDFF7, 0xDFF7, 0xDFF7, 0xDFF7, 0xDFF7, 0xDFF7, 0xBFF7, 0xBFF7, 0xBFF7, 0x7FEF, 0x9FF7,
  0xDFFF, 0xCD5A, 0x0400, 0xC718, 0x5EE7, 0xFFFF, 0xBEF7, 0xFFFF, 0x8C52, 0x2300, 0x5AC6, 0xDFFF, 0xBFF7, 0xBFF7, 0xBFF7, 0xBFF7,
  0xBFFF, 0xBFF7, 0xBFF7, 0xBFFF, 0xBFFF, 0xBFFF, 0xDFF7, 0xDFF7, 0xDFF7, 0xDFF7, 0xDFF7, 0xDFF7, 0xBFF7, 0xBFF7, 0xBFF7, 0xBFF7,
  0xDFF7, 0xDFF7, 0xDFF7, 0xDFF7, 0xDFF7, 0xDFF7, 0xDFF7, 0xBFF7, 0xBFF7, 0xBFF7, 0xBFFF, 0xBFFF, 0xBFFF, 0xBFFF, 0xBFFF, 0xBFFF,
  0xBFFF, 0xBFFF, 0xBFFF, 0xBFFF, 0xBFF7, 0xDFF7, 0xDFF7, 0xDFF7, 0xDFF7, 0xDFF7, 0xDFF7, 0xDFF7, 0xDFF7, 0xDFF7, 0xBFF7, 0xBFF7,
  0xBFF7, 0xBFF7, 0xBFF7, 0xBFF7, 0xDFF7, 0xDFF7, 0xBFF7, 0xDFF7, 0xDFF7, 0xDEF7, 0xDEF7, 0xDFF7, 0xDFFF, 0xBFFF, 0xBFFF, 0xBFFF,
  0xBFF7, 0xBFF7, 0xDFF7, 0xB6AD, 0x0629, 0x0308, 0x0400, 0x6500, 0x0200, 0x0F63, 0xFFFF, 0xBFF7, 0xBFF7, 0xBFF7, 0xBFF7, 0xBFF7,
  0xBFF7, 0xBFF7, 0x9FF7, 0x9FF7, 0xDFFF, 0x16A5, 0x0400, 0x8800, 0x6800, 0x6800, 0x4800, 0x4800, 0x4900, 0x6A00, 0x6A00, 0x6E11,
  0x7222, 0x301A, 0x8800, 0x4500, 0x2308, 0x8340, 0xEDDA, 0xCBE2, 0xADCB, 0x38EE, 0x3DF7, 0xDFFF, 0xDFFF, 0xBFFF, 0xBDE6, 0x3494,
  0xCB41, 0x6A31, 0x4929, 0x8710, 0x2600, 0x4700, 0x6800, 0x8908, 0x8908, 0xA908, 0x6B31, 0x0929, 0xA720, 0xB37B, 0xD373, 0x9273,
  0xB383, 0xB293, 0x72A3, 0x30AB, 0x30CB, 0xB2E3, 0xB2EB, 0x13FC, 0x91E3, 0x2FBB, 0xCEA2, 0xAD8A, 0xCE82, 0xAE72, 0x6D62, 0x2C5A,
  0x8E6A, 0x8E72, 0x2C6A, 0x4C7A, 0x6D8A, 0xADA2, 0xCDC2, 0xEEDA, 0x50FB, 0x2FF3, 0xCED2, 0x8DBA, 0x4C92, 0x0B6A, 0x4D6A, 0x8D62,
  0x4C52, 0x2B3A, 0x2B32, 0x0A2A, 0x8919, 0x2711, 0x0711, 0x4811, 0x4811, 0xEA21, 0x2B22, 0x2B22, 0xEA19, 0xEA19, 0xEA19, 0xCA19,
  0x6010, 0x4010, 0x4010, 0x4010, 0x4010, 0x2010, 0x2010, 0x2010, 0x0010, 0x2018, 0x2018, 0x0010, 0x0010, 0x0010, 0x0010, 0x0010,
  0x0010, 0x0010, 0x0008, 0x0018, 0x0020, 0x2028, 0x4128, 0x6228, 0x8228, 0xA330, 0xE438, 0x2539, 0x2541, 0x6639, 0x8739, 0xA739,
  0xA739, 0xA731, 0xA731, 0x8729, 0x8721, 0x4621, 0x2519, 0x0511, 0xE510, 0xC408, 0xC408, 0xA400, 0xA400, 0xA400, 0xA400, 0x8300,
  0x8400, 0x8300, 0x8300, 0x8300, 0xC400, 0x0509, 0x2609, 0x4611, 0x4711, 0x6711, 0x8711, 0xC919, 0xC919, 0xA911, 0x2B1A, 0xC819,
  0xC741, 0x10C4, 0x6EDB, 0x6FCB, 0x2A82, 0x2318, 0x0400, 0xA808, 0x7132, 0x9332, 0xF021, 0x4A00, 0x6908, 0x4800, 0x4800, 0x6800,
  0x8800, 0x8800, 0x4708, 0x2508, 0x2418, 0x2428, 0x0330, 0x2448, 0x6458, 0x4458, 0x4358, 0x2350, 0x0240, 0x0330, 0x2428, 0x2518,
  0x4610, 0x6708, 0x8800, 0x8800, 0x6800, 0x6800, 0x6900, 0x4900, 0x4900, 0x4900, 0x6900, 0x4800, 0x6900, 0x4700, 0xAB31, 0xEB39,
  0xEB39, 0xEB39, 0x0B42, 0xEB39, 0xEB39, 0xEB39, 0xEA39, 0xEA39, 0xEB39, 0xEB39, 0xEB39, 0xEB39, 0xEB39, 0xEB39, 0xEB39, 0xCB39,
  0xEB39, 0x0819, 0x4600, 0x4508, 0x3EE7, 0xFFFF, 0xDFFF, 0xFFFF, 0xCD5A, 0x0100, 0xCA31, 0x0A3A, 0xEB39, 0xEB39, 0xEB39, 0xEB39,
  0xEB39, 0xEB39, 0xEB39, 0xEB39, 0xEB39, 0xEB39, 0xEB39, 0xEB31, 0xEB31, 0xEB31, 0xEB31, 0xEB39, 0xEB39, 0xEB39, 0xEB39, 0xEB39,
  0xEB31, 0xEB31, 0xEB31, 0xEB31, 0xEB31, 0xEB31, 0xEB31, 0xEB31, 0xCB31, 0xCB31, 0xCB31, 0xCA31, 0xCA31, 0xCA31, 0xCA31, 0xCB39,
  0xEB39, 0xEB39, 0xEB39, 0xEB39, 0xCA39, 0xCA39, 0xCA39, 0xCA39, 0xCA39, 0xCA39, 0xCB39, 0xCB39, 0xCB39, 0xCB39, 0xCB39, 0xCB39,
  0xCB39, 0xCB39, 0xCB39, 0xCB39, 0xAA39, 0xAA39, 0xCA39, 0xAA39, 0xCA39, 0xCA39, 0xCB39, 0xCB39, 0xCB39, 0xCB39, 0xCB39, 0xCB39,
  0xEA39, 0xCA31, 0x0A3A, 0x2721, 0x0208, 0x0410, 0x4508, 0x4500, 0x0400, 0xA718, 0x0C3A, 0xCB31, 0xEB39, 0xCA31, 0xAA31, 0xCA31,
  0xCA39, 0xAA39, 0xCA39, 0xEC41, 0xEC41, 0x6B29, 0x4700, 0x6800, 0x6800, 0x4800, 0x4808, 0x4808, 0x4900, 0x6A00, 0xAB00, 0x1122,
  0x712A, 0x0F22, 0x2700, 0x0400, 0x8428, 0x4A9A, 0xCCDA, 0x0CDB, 0x91D4, 0x9EFF, 0x9FFF, 0x7EF7, 0x7394, 0xE949, 0x4839, 0xA620,
  0xA620, 0x6A39, 0x4A29, 0xA710, 0x8708, 0x6700, 0x4700, 0x6800, 0x8800, 0xC908, 0x2A21, 0xA720, 0x8720, 0x516B, 0x926B, 0x9273,
  0x927B, 0x928B, 0x519B, 0x10AB, 0x30C3, 0x92DB, 0x71E3, 0xF3F3, 0xB2E3, 0x0FBB, 0xCEA2, 0x8E8A, 0x8E7A, 0x8E6A, 0x8E62, 0x0C52,
  0xEB51, 0x8E6A, 0x8E72, 0x4D7A, 0x0B7A, 0xEA89, 0x4BAA, 0x8CCA, 0x0FEB, 0x50F3, 0xEFD2, 0x8DB2, 0x8D9A, 0x8E82, 0xEB59, 0x8941,
  0xCA41, 0xEA39, 0x2B32, 0x4C32, 0x0A2A, 0x4819, 0xE708, 0x0709, 0x4811, 0x8911, 0xA911, 0xEA19, 0x2B22, 0x0B1A, 0x0A1A, 0xCA19,
  0x0008, 0x0008, 0x0008, 0x0008, 0x0008, 0x0008, 0x0008, 0x2010, 0x2010, 0x2010, 0x2018, 0x2018, 0x4120, 0x6120, 0x6120, 0x6120,
  0xA228, 0xC328, 0x0431, 0xE330, 0xC338, 0x0341, 0x2441, 0x4541, 0x4541, 0x4641, 0x6641, 0x2539, 0x0539, 0xC420, 0x8310, 0x6208,
  0x4108, 0x4208, 0x6208, 0x4200, 0x4200, 0x4100, 0x2100, 0x2200, 0x2200, 0x4200, 0x4200, 0x4200, 0x6300, 0x8300, 0xA400, 0xE408,
  0xE508, 0x2509, 0x4509, 0x6511, 0x6611, 0x6611, 0x6611, 0x6609, 0x8709, 0xA711, 0xA711, 0xA711, 0x6709, 0x6701, 0x8701, 0xA601,
  0x2411, 0xC661, 0x6ECB, 0x4ED3, 0xACAA, 0x6228, 0x2300, 0x2600, 0x0B11, 0x9222, 0x311A, 0x6A00, 0x2900, 0x4808, 0x4700, 0x6800,
  0xA900, 0xA800, 0x8800, 0x6700, 0x6708, 0x2508, 0x2510, 0x0510, 0x0518, 0x0518, 0x0418, 0x0410, 0x0410, 0x2510, 0x6610, 0x6708,
  0x8700, 0x8800, 0x8800, 0x8800, 0x6800, 0x6800, 0x6900, 0x6900, 0x6900, 0x6900, 0x6900, 0x4800, 0x6800, 0x4800, 0x0600, 0x0600,
  0x0500, 0x0500, 0x0600, 0x0600, 0x0600, 0x0600, 0x0600, 0x0600, 0x2600, 0x2600, 0x2600, 0x2600, 0x2600, 0x2600, 0x0600, 0x2700,
  0x2600, 0x4700, 0x4700, 0xA808, 0xBDCE, 0xDFF7, 0x9FEF, 0xBFF7, 0xAF52, 0x0400, 0x6608, 0x0500, 0x2600, 0x2600, 0x2600, 0x2600,
  0x2600, 0x2600, 0x2600, 0x2600, 0x2600, 0x2600, 0x2700, 0x2700, 0x2700, 0x2700, 0x2700, 0x2700, 0x2700, 0x2700, 0x2700, 0x2700,
  0x2700, 0x2700, 0x2700, 0x2700, 0x2700, 0x2700, 0x2700, 0x2700, 0x2700, 0x2700, 0x2700, 0x2600, 0x2600, 0x2600, 0x2600, 0x2600,
  0x2600, 0x2600, 0x2600, 0x2600, 0x2600, 0x2600, 0x0600, 0x0600, 0x2600, 0x0600, 0x0600, 0x0600, 0x0600, 0x0600, 0x0600, 0x0600,
  0x0600, 0x0600, 0x0600, 0x0600, 0x0600, 0x0600, 0x0600, 0x0600, 0x0600, 0x0700, 0x0700, 0x0700, 0x0700, 0x0700, 0x0600, 0x0600,
  0x0500, 0x0400, 0x0300, 0x0208, 0x8630, 0xA728, 0x2400, 0x0500, 0x2610, 0x4710, 0x0600, 0x0700, 0x0700, 0x0600, 0x0600, 0x0600,
  0x0500, 0x2500, 0x0500, 0x0500, 0x2700, 0x2800, 0x4800, 0x4800, 0x4800, 0x4800, 0x4900, 0x4900, 0x4900, 0x6900, 0xCB00, 0x7232,
  0x102A, 0x8900, 0x2600, 0x0310, 0x8450, 0x8BC2, 0xABD2, 0x2DC3, 0xB7E5, 0xB8C5, 0xA939, 0x4729, 0x8410, 0xC620, 0x0731, 0x8520,
  0x4939, 0x3073, 0x0C4A, 0x4508, 0x6608, 0x6600, 0x2600, 0x4600, 0x6700, 0xE810, 0x4921, 0xC720, 0x8620, 0x1063, 0x5163, 0x516B,
  0x5173, 0x928B, 0x3093, 0xCF9A, 0x10BB, 0x71DB, 0x71E3, 0xB2EB, 0x50DB, 0xCEB2, 0xAE9A, 0x6D8A, 0x4D72, 0x4D62, 0x8E62, 0x2C52,
  0x8A41, 0x0B52, 0x6D6A, 0x2C6A, 0x6D82, 0x2B8A, 0xCA99, 0xEAB1, 0xADD2, 0x0FDB, 0xAEC2, 0x4CA2, 0x6D92, 0x0B6A, 0x6D6A, 0x2C5A,
  0xAA39, 0xEA31, 0x2B32, 0xEA29, 0xCA21, 0xA921, 0x4819, 0x0709, 0x0709, 0x6811, 0x6811, 0xA911, 0xEA19, 0x0A1A, 0x2B22, 0x0B22,
  0x0010, 0x2010, 0x2018, 0x2018, 0x4118, 0x6120, 0x8220, 0xA228, 0xE328, 0xE330, 0x0431, 0x0431, 0x0431, 0x2431, 0x2439, 0x2439,
  0x2439, 0x0431, 0x0431, 0xE330, 0xC228, 0xA220, 0x8220, 0x6118, 0x4110, 0x4110, 0x4110, 0x4110, 0x2108, 0x2108, 0x2100, 0x0100,
  0x0000, 0x0100, 0x0100, 0x0100, 0x2100, 0x4200, 0x6208, 0x8308, 0xA308, 0xC308, 0xA308, 0xA308, 0xE408, 0x0409, 0x0409, 0x2509,
  0xE408, 0x2409, 0x2409, 0x4409, 0x4409, 0x4401, 0x2401, 0x4401, 0x4401, 0x4401, 0x4401, 0x4501, 0x6501, 0xA701, 0xC801, 0x280A,
  0x2822, 0x484A, 0x8DB3, 0xECC2, 0x2DCB, 0x2982, 0x0108, 0x0508, 0xCA08, 0x511A, 0x921A, 0xD019, 0x4A00, 0x4800, 0x4800, 0x6800,
  0x6800, 0x6800, 0x6800, 0x6800, 0x6800, 0x4808, 0x6808, 0x2708, 0x0708, 0x4808, 0x4708, 0x2708, 0x2708, 0x4708, 0x6808, 0x4800,
  0x6800, 0x6800, 0x6800, 0x6800, 0x6800, 0x6800, 0x6800, 0x6900, 0x6900, 0x6900, 0x6900, 0x6800, 0x4800, 0x6800, 0x8908, 0x6900,
  0x8900, 0x6800, 0x8800, 0x8800, 0x6800, 0x6800, 0x8800, 0x8800, 0x8800, 0x8800, 0x8800, 0x8800, 0x8900, 0x8908, 0x8908, 0xA908,
  0x8908, 0x6908, 0x8908, 0x2700, 0xCC31, 0xEC39, 0xEC39, 0x0D3A, 0xA910, 0x2700, 0x6908, 0x8908, 0x8900, 0x8900, 0x8900, 0x8900,
  0x8900, 0x8900, 0xA900, 0xA900, 0xA900, 0xA900, 0x8908, 0x8908, 0x8908, 0x8908, 0x8908, 0x8908, 0x8908, 0x8908, 0x8908, 0x8908,
  0x8A08, 0x8A00, 0x8A08, 0x8A08, 0x8A08, 0x6900, 0x6908, 0x6908, 0x6908, 0x6908, 0x8900, 0xA900, 0xA900, 0x8900, 0x8900, 0x8900,
  0x8900, 0x8900, 0x8900, 0x8900, 0x8900, 0x8900, 0x8900, 0x8900, 0x8900, 0x8900, 0x8900, 0x8900, 0x8900, 0x8900, 0x8900, 0x6900,
  0x6900, 0x6900, 0x6900, 0x6900, 0x6900, 0x6900, 0x6900, 0x6900, 0x6900, 0x4A00, 0x4900, 0x4900, 0x4900, 0x4900, 0x4800, 0x2600,
  0x2500, 0x2508, 0x0308, 0x8430, 0xE748, 0x6528, 0x2408, 0x2500, 0x4608, 0x6808, 0x8800, 0x8A00, 0x6900, 0x8900, 0x8800, 0x8800,
  0x8700, 0x8700, 0x8808, 0xA808, 0x8900, 0x6900, 0x8900, 0x4800, 0x4900, 0x4900, 0x4900, 0x6A00, 0x8A00, 0xEC08, 0x1022, 0x9232,
  0xCE21, 0x0600, 0x2508, 0x2328, 0x8899, 0x6AD2, 0xAACA, 0xAB92, 0x0531, 0x4831, 0x2408, 0x0300, 0x8510, 0x2831, 0x8520, 0xA628,
  0x2B5A, 0x7183, 0x0829, 0x2508, 0x6608, 0x2400, 0x0400, 0x0500, 0x4600, 0xE710, 0x0821, 0x0829, 0x6618, 0x1063, 0x7163, 0x3163,
  0x516B, 0x717B, 0xEF82, 0xEF9A, 0x10BB, 0x51D3, 0x71DB, 0x51DB, 0xAEC2, 0x8DA2, 0xAE9A, 0x6D82, 0x4C6A, 0x6D62, 0x0C4A, 0x4D52,
  0x0B4A, 0x8939, 0xAA49, 0x4D6A, 0x8D82, 0x6D92, 0xEB91, 0xCAA1, 0xAAA9, 0x8DBA, 0xAEB2, 0x6C9A, 0x4C8A, 0xEB61, 0x0C5A, 0x4C5A,
  0x2C4A, 0xEA39, 0xA929, 0x0B2A, 0x2B32, 0xA921, 0x4811, 0x2811, 0xA600, 0x0709, 0x8911, 0x8809, 0x6809, 0x8809, 0xC919, 0xEA19,
  0x8228, 0xA328, 0xC330, 0xC330, 0xE330, 0xE330, 0xC328, 0x8228, 0x8220, 0x4118, 0x2110, 0x2110, 0x2110, 0x2110, 0x2110, 0x2110,
  0x2010, 0x0008, 0x0008, 0x0008, 0x2008, 0x2008, 0x0000, 0x0000, 0x0000, 0x0000, 0x0000, 0x0100, 0x0100, 0x0100, 0x2100, 0x4200,
  0x6208, 0x4200, 0x4208, 0x6308, 0x6308, 0x8308, 0xA310, 0xA308, 0x8200, 0xA308, 0xA200, 0xC308, 0xE308, 0xC300, 0xC200, 0xC200,
  0xA200, 0xC200, 0xE100, 0xE200, 0xE200, 0x0201, 0x6401, 0x8401, 0xE609, 0x4712, 0x891A, 0xEA2A, 0x4B33, 0xAD2B, 0xCF33, 0xAF3B,
  0xCF4B, 0xAD5B, 0x6C83, 0x2CBB, 0x0CDB, 0x4AAA, 0x0128, 0x2410, 0x2700, 0x2D01, 0x9322, 0x321A, 0xCC00, 0x8A00, 0xAA00, 0x6900,
  0x2800, 0x2800, 0x2800, 0x2800, 0x2800, 0x4908, 0x4900, 0x2900, 0x2900, 0x2900, 0x4900, 0x4900, 0x2900, 0x4900, 0x4900, 0x2800,
  0x2800, 0x4900, 0x4800, 0x4800, 0x4800, 0x4900, 0x4900, 0x4900, 0x4900, 0x4900, 0x4900, 0x4900, 0x2800, 0x6900, 0x6900, 0x4900,
  0x6900, 0x4900, 0x4900, 0x6900, 0x6900, 0x6900, 0x6900, 0x6900, 0x4900, 0x4900, 0x4900, 0x4900, 0x4900, 0x4900, 0x6A08, 0x4900,
  0x4900, 0x6A00, 0x6900, 0x6900, 0x2700, 0x0600, 0x0600, 0x0600, 0x4800, 0x6A00, 0x6A00, 0x4900, 0x4900, 0x6A00, 0x6A00, 0x6A00,
  0x6A00, 0x6A00, 0x8A00, 0x8A00, 0x8A00, 0x8A00, 0x6A00, 0x6A00, 0x6A00, 0x6A00, 0x6A00, 0x6A00, 0x6A00, 0x6A00, 0x6A00, 0x6A00,
  0x8A00, 0x6A00, 0x6A00, 0x6A00, 0x6A00, 0x6A00, 0x6A00, 0x6A00, 0x6A00, 0x6A00, 0x6A00, 0x8A00, 0x8A00, 0x6A00, 0x6A00, 0x6A00,
  0x6A00, 0x4A00, 0x6A00, 0x6A00, 0x6A00, 0x8A00, 0x8A00, 0x8A00, 0x8A00, 0x8A00, 0x8A00, 0x8A00, 0x8A00, 0x8A00, 0x6900, 0x6900,
  0x6900, 0x6900, 0x6900, 0x6900, 0x6900, 0x6900, 0x4900, 0x4900, 0x6900, 0x4900, 0x6900, 0x8900, 0x8800, 0x6800, 0x4600, 0x2508,
  0x0410, 0x0210, 0x4330, 0x4669, 0xC548, 0x0210, 0x4508, 0x4600, 0x6700, 0x6800, 0x8800, 0x6900, 0x6900, 0x6900, 0x6800, 0x6800,
  0x8708, 0x6700, 0x4700, 0x6700, 0x6800, 0x4800, 0x6800, 0x6900, 0x6900, 0x6900, 0x6A00, 0x8A00, 0x8A00, 0x6D11, 0xB232, 0xEF19,
  0xC900, 0x2500, 0x2408, 0x4440, 0xACCA, 0x49D2, 0x69B2, 0x4128, 0x0200, 0x4508, 0x2500, 0x4500, 0xA610, 0xC620, 0x0208, 0x2318,
  0x8949, 0x0B5A, 0x2518, 0x2510, 0x0408, 0x0310, 0x0410, 0x0408, 0x4508, 0xC710, 0xC718, 0xE828, 0x2510, 0xEF5A, 0x515B, 0x315B,
  0x3163, 0x106B, 0x8E72, 0x109B, 0x31B3, 0x31C3, 0x10CB, 0xEFCA, 0x6DB2, 0x8EA2, 0xAE92, 0x6D7A, 0x0C62, 0x4D5A, 0x0C42, 0x2C42,
  0x2C4A, 0x6931, 0x8939, 0xCA51, 0x2C72, 0xAE92, 0xAEA2, 0xCA99, 0x6991, 0x2BA2, 0x4D9A, 0x2C8A, 0x4C7A, 0x4D6A, 0x0B52, 0xEB49,
  0x2C4A, 0x4C42, 0x2B3A, 0xCA29, 0xEA29, 0x2B32, 0x6919, 0xE708, 0x0709, 0x0709, 0xC600, 0x4809, 0x8809, 0x6809, 0x6809, 0x8911,
  0x4120, 0x4118, 0x4118, 0x4118, 0x4118, 0x2110, 0x2010, 0x0008, 0x0008, 0x0008, 0x0000, 0x0000, 0x0000, 0x0000, 0x0000, 0x0100,
  0x0000, 0x0000, 0x0000, 0x0000, 0x0000, 0x2000, 0x2000, 0x2100, 0x4100, 0x4200, 0x6200, 0x6200, 0x6200, 0x6200, 0x6208, 0x6208,
  0x6208, 0x8308, 0x8308, 0x6208, 0x6200, 0x6200, 0x6200, 0x8200, 0x8100, 0x8100, 0xA100, 0xC100, 0xC100, 0xC100, 0xE200, 0x0201,
  0x4301, 0x8409, 0xE411, 0x461A, 0x461A, 0x6722, 0x092B, 0x2A33, 0x4A33, 0x6B33, 0x8B3B, 0xAC3B, 0xCC3B, 0x0E34, 0x303C, 0x1044,
  0x3054, 0x5054, 0xCD6B, 0x6CA3, 0xECD2, 0xCCDA, 0xA881, 0x2320, 0x0600, 0xEB08, 0x322A, 0x942A, 0xF111, 0xCD00, 0xCC00, 0xAC00,
  0x8B00, 0x8B00, 0x8B00, 0x8A00, 0x8A00, 0x8B00, 0x8B00, 0x8B00, 0x8B00, 0x8B00, 0xAB00, 0xAB00, 0xAB00, 0xAB00, 0xAB00, 0x8B00,
  0x8B00, 0x8B00, 0x8B00, 0x8B00, 0x8B00, 0x8B00, 0x8B00, 0x8B00, 0x8B00, 0x6B00, 0x6B00, 0x6B00, 0x6B00, 0x6B00, 0x8B00, 0x8B00,
  0x8B00, 0x8B00, 0x8B00, 0x8B00, 0x8B00, 0x8B00, 0x8B00, 0x8B00, 0x8B00, 0x8B00, 0x8B00, 0x8B00, 0x8B00, 0x8B00, 0x8B00, 0x8B00,
  0x8B00, 0x8B00, 0x8B00, 0xAA00, 0xCA00, 0xCA00, 0xCA00, 0xAB00, 0xAB00, 0x8B00, 0xAB00, 0xAB00, 0xAB00, 0xAC00, 0xAC00, 0xAC00,
  0xAC00, 0xAC00, 0xAC00, 0xAC00, 0xCC00, 0xCC00, 0xCC00, 0xCC00, 0xEC00, 0xED00, 0xED00, 0xCC00, 0xCC00, 0xCC00, 0xEC00, 0xEC00,
  0xEC00, 0xEC00, 0xEC00, 0xCC00, 0xCC00, 0xCC00, 0xCC00, 0xCC00, 0xCC00, 0xCC00, 0xCC00, 0xCC00, 0xCC00, 0xAC00, 0xAC00, 0xAC00,
  0xAC00, 0x8C00, 0x8B00, 0x6B00, 0x8B00, 0xAB00, 0xAB00, 0xAB00, 0xAB00, 0xAB00, 0xAB00, 0xAB00, 0xAB00, 0xAB00, 0xAB00, 0x8B00,
  0x8B00, 0x8B00, 0x8B00, 0x8B00, 0x8B00, 0x8B00, 0x8B00, 0x8B00, 0x8A00, 0x6900, 0x6900, 0xA900, 0xA800, 0x4500, 0x4408, 0x2318,
  0x0220, 0x0230, 0x2679, 0xE899, 0x2338, 0x0410, 0x0600, 0x8900, 0xEA00, 0xCA00, 0x8900, 0x6800, 0x4800, 0x4908, 0x4800, 0x0600,
  0x2608, 0x0500, 0x0500, 0x2600, 0x0600, 0x0600, 0x6808, 0x6800, 0x8900, 0xAA00, 0xAB00, 0xAB00, 0x2D01, 0x0F1A, 0x712A, 0xEE19,
  0xA800, 0x2308, 0x2210, 0x4671, 0x6AD2, 0x69D2, 0x8581, 0x4218, 0x6508, 0x4608, 0x4500, 0x6508, 0x4408, 0x8510, 0x6418, 0x6841,
  0x918B, 0xCB51, 0x6518, 0x8618, 0x2410, 0x6528, 0x4841, 0x8628, 0xE720, 0x0819, 0xA610, 0x4510, 0x2508, 0xCF52, 0x3053, 0xF052,
  0xF05A, 0xEF62, 0xEF7A, 0x519B, 0xCFA2, 0xCFB2, 0x10C3, 0x51CB, 0xEFBA, 0xCFA2, 0x8E8A, 0x4D72, 0x0C5A, 0x0C4A, 0xEC41, 0x2C42,
  0x2C42, 0x6931, 0x6831, 0xAA49, 0x4C6A, 0x8E8A, 0xCEA2, 0x2C9A, 0x8989, 0xCA89, 0x0B8A, 0xCA71, 0xAA61, 0x2B5A, 0x0B52, 0x0B4A,
  0x2B4A, 0x2B42, 0x2B3A, 0x0B32, 0x8921, 0xEA29, 0xA919, 0xC600, 0xE708, 0xE700, 0x0701, 0x4809, 0x8911, 0x8811, 0x2701, 0x0701,
  0x0000, 0x0000, 0x0000, 0x0000, 0x0000, 0x0000, 0x0000, 0x0000, 0x0000, 0x0000, 0x0100, 0x0100, 0x0100, 0x0100, 0x0100, 0x2100,
  0x2100, 0x2100, 0x0100, 0x4108, 0x6208, 0x2108, 0x2108, 0x4208, 0x6208, 0x6208, 0x6208, 0x6200, 0x4200, 0x4100, 0x4100, 0x4100,
  0x4100, 0x4100, 0x4100, 0x4100, 0x4100, 0x6100, 0x6100, 0x8100, 0xC100, 0xE200, 0x4309, 0x8311, 0xE519, 0x662A, 0x872A, 0xA72A,
  0xA72A, 0xC72A, 0xC72A, 0x0833, 0x4933, 0x4933, 0x4933, 0x6A33, 0x8A33, 0xAB3B, 0xCB3B, 0xEC43, 0x0D44, 0x4E3C, 0x7044, 0x524C,
  0xB35C, 0x9154, 0xD174, 0x12B5, 0xECC2, 0xACDA, 0x6BBA, 0x0130, 0x0408, 0x2800, 0x0D11, 0x932A, 0x521A, 0x1122, 0x322A, 0x1122,
  0x321A, 0x321A, 0x321A, 0x511A, 0x311A, 0x311A, 0x311A, 0x311A, 0x311A, 0x311A, 0x5112, 0x5112, 0x3112, 0x3112, 0x3112, 0x511A,
  0x521A, 0x521A, 0x521A, 0x321A, 0x321A, 0x321A, 0x321A, 0x321A, 0x321A, 0x321A, 0x321A, 0x321A, 0x321A, 0x321A, 0x311A, 0x311A,
  0x311A, 0x311A, 0x311A, 0x321A, 0x321A, 0x3222, 0x3222, 0x5222, 0x521A, 0x521A, 0x521A, 0x521A, 0x521A, 0x521A, 0x521A, 0x521A,
  0x521A, 0x521A, 0x521A, 0x721A, 0x521A, 0x521A, 0x521A, 0x721A, 0x731A, 0x731A, 0x731A, 0x731A, 0x731A, 0x731A, 0x931A, 0x931A,
  0x931A, 0xB422, 0xD422, 0xD422, 0xD422, 0xD422, 0xF51A, 0x151B, 0x151B, 0x151B, 0x151B, 0x151B, 0x151B, 0x361B, 0x361B, 0x361B,
  0x361B, 0x361B, 0x151B, 0x151B, 0x151B, 0x151B, 0xF51A, 0xF51A, 0xD512, 0xD412, 0xB31A, 0x931A, 0x931A, 0x931A, 0x731A, 0x721A,
  0x731A, 0x7322, 0x5222, 0x5222, 0x7222, 0x5222, 0x5222, 0x5222, 0x5222, 0x521A, 0x521A, 0x521A, 0x521A, 0x521A, 0x321A, 0x311A,
  0x311A, 0x311A, 0x311A, 0x311A, 0x311A, 0x311A, 0x111A, 0x311A, 0xF019, 0x0F2A, 0x8C21, 0x4600, 0x2500, 0x0310, 0x0218, 0x0230,
  0x0240, 0x6881, 0x8DBA, 0x2789, 0x0228, 0x0510, 0x0800, 0xCC08, 0x7122, 0x512A, 0xCF39, 0x6D29, 0x8808, 0x2700, 0x4700, 0x0500,
  0x0500, 0x0408, 0x0400, 0x0400, 0x0508, 0x0600, 0x0600, 0x4700, 0x4C19, 0xEF29, 0x0F22, 0xF021, 0x101A, 0x702A, 0x0E22, 0x0A01,
  0x6600, 0x0210, 0x8340, 0x6BB2, 0x8AD2, 0x49BA, 0x4038, 0x2208, 0x0300, 0x0300, 0x0300, 0x4821, 0x9173, 0x1BC6, 0x3BD6, 0xB5A4,
  0xEF72, 0x0731, 0xC628, 0xA620, 0xEB49, 0xAA51, 0xAA51, 0x2418, 0x6510, 0xC710, 0xC610, 0x2408, 0x6608, 0xAE4A, 0x104B, 0xF052,
  0xEF52, 0x306B, 0x107B, 0xCF82, 0x8E92, 0xEFAA, 0x71C3, 0x92CB, 0x31BB, 0xEF9A, 0x6D7A, 0x2D6A, 0x2D5A, 0xEB41, 0x0C42, 0x6D4A,
  0x2C42, 0x4829, 0x4831, 0xAA49, 0x4C6A, 0x8D82, 0x8E9A, 0x6EA2, 0xCB89, 0xCA81, 0x2C7A, 0xCA61, 0x6951, 0xCA51, 0x0B4A, 0xEB49,
  0xEA41, 0x4C42, 0x2B3A, 0x2B32, 0xA921, 0x8919, 0xA919, 0x0709, 0xE708, 0xE700, 0xE600, 0x0701, 0x6809, 0xA911, 0xA911, 0x4809,
  0x2100, 0x0100, 0x0100, 0x0000, 0x2100, 0x2100, 0x2100, 0x2100, 0x2100, 0x2100, 0x2100, 0x2100, 0x2100, 0x2100, 0x4100, 0x4100,
  0x4100, 0x4100, 0x4100, 0x2100, 0x0000, 0x2100, 0x4100, 0x4100, 0x4100, 0x4100, 0x4100, 0x4100, 0x4100, 0x6100, 0x8100, 0xA100,
  0xA200, 0xC200, 0x0209, 0x4311, 0x8411, 0xE519, 0x2622, 0x2622, 0x251A, 0x4622, 0x6622, 0xA72A, 0xC72A, 0xE72A, 0x0833, 0x2833,
  0x2733, 0x4833, 0x4833, 0x4933, 0x893B, 0xAA43, 0xAA43, 0xAA3B, 0xCB3B, 0xCB43, 0xEB43, 0x0C44, 0x4D4C, 0x6E44, 0x7044, 0x924C,
  0xF45C, 0xD35C, 0x547D, 0x79D6, 0xD3DC, 0xECD2, 0xECD2, 0x6779, 0x0320, 0x0508, 0x2700, 0x4C11, 0x502A, 0x512A, 0x3022, 0x5122,
  0x721A, 0x721A, 0x711A, 0x711A, 0x711A, 0x511A, 0x511A, 0x511A, 0x511A, 0x511A, 0x511A, 0x711A, 0x511A, 0x511A, 0x511A, 0x711A,
  0x711A, 0x711A, 0x711A, 0x711A, 0x721A, 0x721A, 0x721A, 0x721A, 0x721A, 0x721A, 0x721A, 0x721A, 0x721A, 0x721A, 0x711A, 0x711A,
  0x711A, 0x711A, 0x711A, 0x9222, 0x7222, 0x9222, 0x9222, 0x9222, 0xB222, 0xB21A, 0xB21A, 0xB21A, 0xB21A, 0xD322, 0xD322, 0xD322,
  0xD322, 0xD322, 0xF422, 0xF422, 0xF422, 0xF522, 0xF522, 0x1523, 0x152B, 0x142B, 0x152B, 0x1523, 0x1423, 0x1423, 0x342B, 0x552B,
  0x752B, 0x9533, 0x9633, 0x9633, 0x9633, 0x9633, 0xD72B, 0xF82B, 0xF72B, 0xF82B, 0xF72B, 0x1834, 0x3934, 0x3934, 0x3934, 0x3934,
  0x3834, 0x3834, 0x3834, 0x1834, 0x1834, 0x1834, 0xF833, 0xD72B, 0xD72B, 0xB72B, 0x962B, 0x9533, 0x7533, 0x7533, 0x7533, 0x7533,
  0x132B, 0xB222, 0xB222, 0xB222, 0x9222, 0x9222, 0x9222, 0x9222, 0x9222, 0x7222, 0x711A, 0x711A, 0x711A, 0x711A, 0x7222, 0x9222,
  0x9222, 0x9222, 0x9222, 0x9222, 0x9122, 0x7122, 0x7122, 0x711A, 0x7022, 0x6C19, 0x4700, 0x0410, 0x0320, 0x2340, 0xC568, 0xA468,
  0x0050, 0xEEC2, 0x70DB, 0x4460, 0x0320, 0x0508, 0xCA18, 0xCF29, 0x312A, 0x4D19, 0x6908, 0x6810, 0x2600, 0x0500, 0x0508, 0x0408,
  0x0310, 0x2310, 0x2318, 0x2310, 0x2418, 0x0410, 0x0408, 0x0508, 0x2600, 0xA908, 0xAD21, 0x5032, 0x7032, 0x4F2A, 0x4B11, 0x2600,
  0x2400, 0x2220, 0xE468, 0x4AC2, 0x28C2, 0xE370, 0xA328, 0x0621, 0x2729, 0x8D52, 0xD8B5, 0x9BCE, 0x5BC6, 0x8C52, 0x2729, 0xE628,
  0xC628, 0xE728, 0x0731, 0xCA41, 0x4839, 0x6420, 0x4418, 0x2410, 0x4408, 0x8508, 0xC610, 0xA718, 0x6608, 0xAF42, 0xF042, 0xF04A,
  0xF05A, 0x1063, 0xAE6A, 0x8E7A, 0x8E8A, 0x71B3, 0xB3C3, 0x71BB, 0x30AB, 0x8E82, 0x6D72, 0x2C5A, 0x0C4A, 0x0C42, 0x2D42, 0x6D4A,
  0xEB39, 0x4829, 0x4831, 0xA941, 0x4C62, 0x6D7A, 0x4D92, 0x8E9A, 0xEB81, 0x8969, 0x6C7A, 0x0B62, 0xA951, 0x4839, 0xAA41, 0xAA41,
  0xCA39, 0xEB39, 0xEB31, 0x0B32, 0xCA21, 0x8919, 0x4811, 0xE708, 0xC608, 0xE708, 0xC600, 0xC600, 0x6809, 0x8911, 0xCA19, 0xCA19,
  0x0100, 0x0100, 0x0100, 0x0100, 0x0100, 0x2100, 0x2100, 0x2100, 0x2200, 0x2100, 0x2100, 0x2100, 0x2100, 0x2100, 0x2100, 0x2100,
  0x2100, 0x2100, 0x2000, 0x2000, 0x4000, 0x4000, 0x4000, 0x4000, 0x6000, 0xA100, 0xC200, 0x0309, 0x4311, 0x8419, 0xC521, 0xE521,
  0x0622, 0x262A, 0x662A, 0x862A, 0x872A, 0xA72A, 0xA722, 0xC72A, 0xE832, 0xE832, 0x2833, 0x493B, 0x693B, 0xA93B, 0xA93B, 0xA93B,
  0xC93B, 0xC943, 0xCA43, 0xAA43, 0xA93B, 0xEA43, 0xCA43, 0xCA43, 0xEB43, 0xEB43, 0x0B44, 0x2C4C, 0x4D54, 0x4E4C, 0x7044, 0xB244,
  0xB34C, 0x5675, 0xDBB6, 0xFCDE, 0xF8E5, 0xABB2, 0x0BDB, 0x4AB2, 0x0338, 0x0410, 0x4600, 0x4600, 0xA808, 0xC908, 0xA900, 0xC900,
  0xCA00, 0xCA00, 0xCA00, 0xC900, 0xC900, 0xA900, 0xA900, 0xA900, 0xAA00, 0xAA00, 0xC900, 0xC900, 0xC900, 0xC900, 0xCA00, 0xA900,
  0xA900, 0xA900, 0xA900, 0xA900, 0xCA00, 0xCA00, 0xCA00, 0xCA00, 0xAA00, 0xCA00, 0xCA00, 0xCA00, 0xAA00, 0xAA00, 0xC900, 0xC900,
  0xC900, 0xC900, 0xC900, 0xCA00, 0xCA00, 0xCA00, 0xCA00, 0xCA00, 0xEA00, 0xEA00, 0xEA00, 0xEA00, 0xEA00, 0xEA00, 0xEA00, 0xEA00,
  0xEA00, 0xEA00, 0xEA00, 0xEA00, 0x0B01, 0x0B01, 0x0B01, 0x0B01, 0x0A01, 0x0A01, 0x0A01, 0x0A01, 0x0A01, 0x0B09, 0x2B09, 0x2B09,
  0x2B09, 0x4B09, 0x4B09, 0x4B09, 0x4B09, 0x6C09, 0x6C09, 0x6C09, 0x4C09, 0x6C09, 0x6C09, 0x6C09, 0x6C09, 0x6C09, 0x6C09, 0x6C09,
  0x6C09, 0x6C09, 0x6C09, 0x6C09, 0x4C09, 0x6C09, 0x6C09, 0x6C09, 0x4B09, 0x4B09, 0x4B09, 0x2A09, 0x2A09, 0x2A09, 0x0A09, 0x2A09,
  0xEA08, 0xA900, 0xA900, 0xA900, 0xC900, 0xC900, 0xCA00, 0xCA00, 0xC900, 0xCA00, 0xCA00, 0xCA00, 0xCA00, 0xCA00, 0xEA00, 0xEA00,
  0xEA00, 0xEA00, 0xE900, 0xE900, 0xE900, 0xE900, 0xE900, 0xC900, 0x0909, 0xC700, 0x0400, 0x0220, 0x2350, 0xC580, 0xE490, 0xC490,
  0x2591, 0x8FDB, 0x09A2, 0x8450, 0x0210, 0x2400, 0xC810, 0x0B21, 0x6800, 0x4700, 0x0500, 0x0500, 0x0508, 0x0318, 0x0320, 0x0120,
  0x0128, 0x6240, 0x8348, 0xE450, 0x8340, 0x0130, 0x0220, 0x0310, 0x0400, 0x2600, 0x8800, 0xA908, 0xA908, 0xA808, 0x4600, 0x0500,
  0x0308, 0xE550, 0xE9A9, 0xE8D1, 0xA7B1, 0x11C4, 0xBCE6, 0xBCDE, 0x9FF7, 0x5BCE, 0xED52, 0x093A, 0xC831, 0x2200, 0x0200, 0x0200,
  0xA618, 0x4831, 0x4839, 0x8520, 0x4418, 0x0200, 0x0200, 0x6508, 0x6508, 0xC600, 0xE710, 0xC818, 0x6608, 0x8F42, 0x114B, 0x315B,
  0x105B, 0xAE5A, 0x6D62, 0xEF7A, 0x719B, 0xB2B3, 0x91B3, 0x10A3, 0xCE92, 0x4D72, 0x6D6A, 0x0C52, 0xCB41, 0x0C42, 0x2D42, 0x0C3A,
  0x8A31, 0x4829, 0x6831, 0xCA49, 0x2C62, 0x4D7A, 0x2D8A, 0x2D8A, 0xAA79, 0xE750, 0xEA61, 0x0B62, 0x2B5A, 0x6839, 0x4831, 0x4831,
  0xEA39, 0xEA39, 0xEB39, 0xEB31, 0xCA29, 0x8919, 0x2709, 0xC608, 0xA600, 0x0709, 0xE600, 0xE600, 0x6811, 0x6811, 0x6811, 0x8919,
  0x0100, 0x0100, 0x0100, 0x0100, 0x0100, 0x0100, 0x0100, 0x0100, 0x2100, 0x2000, 0x4000, 0x4000, 0x6100, 0x8100, 0x6100, 0x6100,
  0xA100, 0xC208, 0xE208, 0x2311, 0x6411, 0x8411, 0xA519, 0x0522, 0x0522, 0x0522, 0x2622, 0x4622, 0x4622, 0x662A, 0x662A, 0x8632,
  0xA732, 0xC732, 0xE732, 0xE72A, 0x0733, 0x2833, 0x4833, 0x4833, 0x493B, 0x4833, 0x4833, 0x683B, 0x893B, 0x8833, 0x6833, 0x8833,
  0xA933, 0xC93B, 0xCA3B, 0xEA43, 0xCA3B, 0xCA43, 0xAA3B, 0xCA43, 0x8A3B, 0x8A3B, 0x8A3B, 0xAA3B, 0xAB43, 0xCD43, 0x2F3C, 0x7134,
  0xD34C, 0x5A96, 0xBFDF, 0x9FEF, 0x3DFF, 0x55ED, 0x8ACA, 0x6BD2, 0x0779, 0x2320, 0x4508, 0x2500, 0x0500, 0x0500, 0x2500, 0x2500,
  0x0500, 0x0500, 0x0500, 0x0500, 0x0500, 0x0500, 0x0500, 0x0600, 0x0600, 0x0600, 0x0500, 0x0500, 0x0500, 0x0500, 0x0500, 0x0500,
  0x0500, 0x0500, 0x0500, 0x0500, 0x0500, 0x0600, 0x0600, 0x0600, 0x0600, 0x0500, 0x0500, 0x0500, 0x0500, 0x0500, 0x0500, 0x0500,
  0x0500, 0x0500, 0x0500, 0x0500, 0x0500, 0x0500, 0x0500, 0x0500, 0x0500, 0x0500, 0x0500, 0x0500, 0x0500, 0x0500, 0x0600, 0x0500,
  0x0400, 0x0400, 0x0400, 0x0500, 0x0500, 0x0500, 0x0500, 0x0400, 0x0400, 0x0408, 0x0300, 0x0400, 0x0500, 0x0500, 0x0500, 0x0400,
  0x0500, 0x0500, 0x0500, 0x0500, 0x0500, 0x0500, 0x0500, 0x0400, 0x0500, 0x0500, 0x0500, 0x0500, 0x0500, 0x0400, 0x0400, 0x0400,
  0x0400, 0x0400, 0x0400, 0x0400, 0x0400, 0x0400, 0x0400, 0x0400, 0x0400, 0x0400, 0x0500, 0x0500, 0x0400, 0x0400, 0x0500, 0x0400,
  0x0500, 0x0408, 0x0408, 0x0408, 0x0400, 0x0400, 0x0400, 0x0400, 0x0400, 0x0400, 0x0400, 0x0400, 0x0400, 0x0400, 0x0400, 0x0400,
  0x0400, 0x0400, 0x0500, 0x0500, 0x0500, 0x0500, 0x0500, 0x0400, 0x0400, 0x4500, 0x4218, 0x6240, 0xA791, 0x26A1, 0x66B1, 0xA6B1,
  0xAEDB, 0x71E4, 0x4250, 0x2228, 0x0108, 0x4400, 0x2400, 0x2508, 0x0400, 0x0300, 0x2410, 0x2420, 0x4430, 0xE658, 0x2661, 0x6669,
  0xCB92, 0x51C4, 0x91CC, 0xF0BB, 0xAB92, 0x6771, 0x2661, 0x8430, 0x0310, 0x0400, 0x2600, 0x0600, 0x0500, 0x2500, 0x0400, 0x0308,
  0x0218, 0xA368, 0x29C2, 0x66B9, 0x0DD3, 0x3DFF, 0xFDE6, 0x3284, 0x0521, 0xE618, 0x4300, 0x0200, 0x4308, 0x4408, 0x4408, 0x6410,
  0x2829, 0xC618, 0x0829, 0x0300, 0x2308, 0x0200, 0x2300, 0x0300, 0x6500, 0xE708, 0x8600, 0x8608, 0x2921, 0xAF4A, 0xF04A, 0xCF4A,
  0x6D4A, 0x4D4A, 0xAE62, 0x3083, 0x719B, 0xEF92, 0xAE8A, 0xAE8A, 0x6D82, 0x2C62, 0x2C5A, 0x0C4A, 0x0C42, 0x4D42, 0x4D42, 0xEB39,
  0x6929, 0x6829, 0xA939, 0xEB51, 0x2C62, 0x2C72, 0x0C7A, 0xEB79, 0x4961, 0x8540, 0xA959, 0x0A5A, 0x0B5A, 0xCA49, 0x4831, 0xE620,
  0xA939, 0xA931, 0xCA31, 0xCA29, 0x6819, 0x2709, 0xE608, 0xC600, 0xA500, 0x0709, 0x0709, 0x0701, 0x2701, 0x8811, 0xA919, 0x8911,
  0x0100, 0x0100, 0x0100, 0x2100, 0x2100, 0x0000, 0x2100, 0x4100, 0x6100, 0x8100, 0xC000, 0xE100, 0x4209, 0x6309, 0xA411, 0xC419,
  0xE519, 0x0522, 0x262A, 0x462A, 0x462A, 0x662A, 0x662A, 0x872A, 0x862A, 0x6622, 0x8622, 0x8522, 0x8522, 0x8522, 0x852A, 0xA62A,
  0xA62A, 0xA62A, 0xA622, 0xA522, 0xC522, 0xE622, 0x272B, 0x4733, 0x4733, 0x6833, 0x683B, 0x893B, 0x6833, 0x6833, 0x6833, 0x8933,
  0x8933, 0x8933, 0x682B, 0x682B, 0x482B, 0x682B, 0x4933, 0x4933, 0x4933, 0x6A3B, 0x6A3B, 0x6B3B, 0xAC43, 0x0F4C, 0x7144, 0x7144,
  0x5565, 0xBFBF, 0xDFDF, 0x7EE7, 0xBEF7, 0xD7E5, 0x29BA, 0x4BD2, 0x88A1, 0x0138, 0x2210, 0x0310, 0x0410, 0x0410, 0x0308, 0x0308,
  0x0310, 0x0308, 0x0408, 0x0408, 0x0408, 0x0408, 0x0500, 0x0500, 0x0608, 0x0500, 0x0500, 0x0500, 0x2500, 0x0500, 0x0500, 0x0508,
  0x0400, 0x2500, 0x2500, 0x4500, 0x2500, 0x2500, 0x2500, 0x2500, 0x2400, 0x2508, 0x0408, 0x0408, 0x0410, 0x0410, 0x0408, 0x2408,
  0x2408, 0x2408, 0x0408, 0x2408, 0x0408, 0x0408, 0x0408, 0x0408, 0x2508, 0x2500, 0x4500, 0x2400, 0x2400, 0x2500, 0x2500, 0x2500,
  0x2400, 0x0300, 0x4500, 0x4500, 0x4500, 0x2500, 0x4500, 0x4408, 0x0308, 0x2418, 0x0318, 0x0308, 0x0410, 0x2410, 0x0308, 0x4308,
  0x2408, 0x2400, 0x4500, 0x2500, 0x0508, 0x0508, 0x2400, 0x2400, 0x2500, 0x0500, 0x2500, 0x2508, 0x2508, 0x2408, 0x2300, 0x4300,
  0x2308, 0x2210, 0x2318, 0x0210, 0x0110, 0x0210, 0x2318, 0x0310, 0x0410, 0x0410, 0x0408, 0x0408, 0x2300, 0x4400, 0x2400, 0x0408,
  0x0418, 0x0218, 0x2220, 0x0220, 0x0220, 0x0220, 0x0220, 0x2320, 0x0318, 0x0310, 0x4310, 0x0318, 0x0210, 0x0210, 0x0210, 0x0210,
  0x0218, 0x2318, 0x0410, 0x0508, 0x0508, 0x0500, 0x0400, 0x0400, 0x2408, 0x0310, 0x8238, 0x6471, 0x30DC, 0xCCC2, 0x2ABA, 0x49B2,
  0xF3EC, 0x8A9A, 0x6338, 0x0208, 0x0308, 0x2308, 0x0308, 0x0308, 0x2318, 0x0220, 0x4338, 0x0561, 0x2569, 0xCFAB, 0xD7E5, 0x9AF6,
  0xFBFE, 0x3CF7, 0x7DFF, 0x1CF7, 0xFCF6, 0x19EE, 0xF0BB, 0xE460, 0x6330, 0x0308, 0x2500, 0x2600, 0x0400, 0x2308, 0x2210, 0x0110,
  0x4248, 0x86B9, 0x86B1, 0xABC2, 0x11CC, 0x4A72, 0x8841, 0xA518, 0x0400, 0x0400, 0x6608, 0x4508, 0xC718, 0x2510, 0x4518, 0x2410,
  0x2831, 0x0C4A, 0x2821, 0x2400, 0x2300, 0x0200, 0x0200, 0x2300, 0x4400, 0x8508, 0x8500, 0x6500, 0x8A21, 0x8E42, 0x6E42, 0x4C3A,
  0x6D42, 0xAE5A, 0xEE72, 0xEF7A, 0xCE82, 0xAE82, 0x6D7A, 0x6D72, 0x6D72, 0x2C5A, 0x2C52, 0x4C4A, 0x4C4A, 0x4C42, 0x2B42, 0xA931,
  0x0721, 0x6831, 0xCA41, 0xEB49, 0xEB59, 0xAA59, 0xCA61, 0xCA61, 0x0749, 0x8538, 0x8951, 0xEA59, 0x0B5A, 0x0A4A, 0x8831, 0x0621,
  0x6829, 0xA931, 0xA929, 0xA929, 0x2711, 0xE608, 0xC500, 0xC500, 0xE600, 0xC600, 0x0601, 0x2701, 0x4709, 0x6809, 0x8811, 0xA911,
  0x6100, 0x8100, 0xA200, 0xA200, 0xE308, 0x2411, 0x4419, 0x8519, 0xA521, 0xC521, 0xE521, 0x0522, 0x2522, 0x2522, 0x4622, 0x6622,
  0x6622, 0x662A, 0x662A, 0x4622, 0x2522, 0x4622, 0x4622, 0x6622, 0x6622, 0x6522, 0x6522, 0x8522, 0x8522, 0x8522, 0xA62A, 0xA62A,
  0xA62A, 0xA622, 0xE62A, 0x072B, 0x072B, 0x272B, 0x4833, 0x6833, 0x4833, 0x4833, 0x272B, 0xE622, 0xE622, 0xE622, 0xC61A, 0xC61A,
  0xC61A, 0x0723, 0x282B, 0x4833, 0x6933, 0xAA3B, 0xAB3B, 0xEC43, 0x0D4C, 0xED4B, 0x0E54, 0x6F5C, 0xB15C, 0xF25C, 0xF354, 0x3455,
  0x197E, 0x9FB7, 0xDFCF, 0xBEDF, 0x9DE7, 0x16D6, 0xEAB2, 0x08CA, 0xA7C1, 0x4178, 0x0048, 0x0040, 0x0240, 0x0238, 0x0230, 0x0230,
  0x0228, 0x0228, 0x0228, 0x0320, 0x0320, 0x4420, 0x4520, 0x0410, 0x0510, 0x2610, 0x0600, 0x0500, 0x0600, 0x0500, 0x0500, 0x2508,
  0x0400, 0x0400, 0x2400, 0x2400, 0x0408, 0x0308, 0x0308, 0x0300, 0x0308, 0x2310, 0x0210, 0x0210, 0x0210, 0x0210, 0x0320, 0x0320,
  0x0320, 0x0320, 0x0318, 0x0318, 0x0318, 0x2418, 0x0310, 0x0208, 0x0308, 0x2400, 0x2300, 0x0400, 0x2510, 0x2510, 0x2508, 0x4500,
  0x4400, 0x4408, 0x2610, 0x0508, 0x2400, 0x0300, 0x0308, 0x2318, 0x0328, 0x0228, 0x0220, 0x0220, 0x6438, 0x2438, 0x4430, 0x2420,
  0x0408, 0x4500, 0x8600, 0x4500, 0x2400, 0x2408, 0x4508, 0x0508, 0x0508, 0x0408, 0x0400, 0x2400, 0x4400, 0x2308, 0x0208, 0x0218,
  0x2230, 0x0138, 0x4240, 0x0661, 0x8879, 0x8879, 0x4879, 0x6871, 0xC650, 0x4330, 0x2310, 0x0300, 0x4300, 0x4400, 0x2408, 0x0420,
  0xA648, 0x2761, 0xC558, 0xC560, 0x0669, 0x4669, 0x2669, 0x4779, 0x8448, 0x0020, 0x6338, 0x6869, 0xA861, 0xA761, 0xC861, 0xC969,
  0x8969, 0x8538, 0x0310, 0x6500, 0x2500, 0x2500, 0x2500, 0x0400, 0x0408, 0x4428, 0x4248, 0x6DAB, 0x14E5, 0x92DC, 0xF0D3, 0xB2DC,
  0xD3E4, 0x6250, 0x6430, 0x0408, 0x0408, 0x4308, 0x2208, 0x0110, 0x6338, 0x0661, 0x2A8A, 0xF3CC, 0xBAF6, 0x1CFF, 0x9EFF, 0xFEFF,
  0xFFFF, 0xDEF7, 0xFFFF, 0xFFFF, 0xBEFF, 0xDEFF, 0xFBFE, 0xB3D4, 0x0659, 0x0420, 0x0510, 0x2408, 0x0310, 0x0228, 0x0138, 0x0148,
  0x4280, 0x05D1, 0x25B9, 0x2591, 0x2040, 0x0020, 0x0110, 0x0208, 0x2308, 0x4410, 0x6510, 0x2408, 0xC720, 0x4510, 0x2410, 0x2310,
  0x6839, 0x2C52, 0x2839, 0x0310, 0x0308, 0x2300, 0x2300, 0x0300, 0x0300, 0x4410, 0x6510, 0x4408, 0x2819, 0x0B32, 0xAA21, 0xEA29,
  0x0B3A, 0x2C4A, 0x0B5A, 0xCB59, 0xCA61, 0xAA61, 0xAA61, 0xAA59, 0xCB59, 0xCA49, 0xCA41, 0xEA41, 0xEA39, 0xC931, 0x8929, 0x0619,
  0xE618, 0x8931, 0xCA41, 0x8941, 0x4941, 0x6949, 0x8959, 0x2851, 0x8540, 0x8540, 0x8959, 0x0B62, 0x0B5A, 0xEA49, 0xA939, 0x0721,
  0x0621, 0x8829, 0x6821, 0x4719, 0xE608, 0xC500, 0xA500, 0xA500, 0xE608, 0xC600, 0xE600, 0x4709, 0x8809, 0x6809, 0x6709, 0x8811,
  0x6411, 0x8419, 0xA519, 0xA519, 0xC519, 0xC519, 0xE519, 0xE519, 0xE519, 0xE519, 0x0522, 0x051A, 0x051A, 0x051A, 0x251A, 0x251A,
  0x251A, 0x051A, 0x041A, 0x251A, 0x4622, 0x4522, 0x6622, 0x6622, 0x6622, 0x8622, 0x8622, 0xA622, 0xC622, 0xC622, 0xC62A, 0xC62A,
  0xC62A, 0xE622, 0xE622, 0xC622, 0xC61A, 0xA51A, 0xA51A, 0xC61A, 0xE622, 0xC622, 0xC61A, 0xC61A, 0xE722, 0xE722, 0xE722, 0x282B,
  0x8A33, 0xCB43, 0xEC4B, 0xED53, 0x2E5C, 0x6F5C, 0xB05C, 0xD05C, 0xB054, 0xB15C, 0xD15C, 0xD25C, 0xB35C, 0xD354, 0xF454, 0xB444,
  0x575D, 0xFD9E, 0x9BA6, 0x7AB6, 0x59B6, 0xD7CD, 0x91E4, 0xE7C9, 0x04C9, 0xE3C0, 0xE2B0, 0xE3B0, 0xC4A8, 0xE5A0, 0x0599, 0x0589,
  0x4689, 0x2681, 0x2781, 0x4881, 0x4879, 0x6969, 0x6859, 0x8528, 0x2308, 0x4408, 0x4508, 0x2400, 0x2400, 0x2400, 0x2400, 0x2400,
  0x0408, 0x2510, 0x0410, 0x0410, 0x2328, 0x2328, 0x2220, 0x2228, 0x2228, 0x0230, 0x4340, 0xA458, 0xE560, 0x0669, 0x0669, 0x2669,
  0x2669, 0x4661, 0x2661, 0x4661, 0x6769, 0x2661, 0xC458, 0x8348, 0x2330, 0x2318, 0x0300, 0x2408, 0x0518, 0xC830, 0x4508, 0x4400,
  0x0711, 0x6929, 0x2610, 0x0410, 0x0308, 0x0318, 0x0228, 0x0661, 0x4771, 0x2669, 0x4669, 0x4771, 0x8879, 0x8881, 0x8981, 0x8648,
  0x0408, 0x4600, 0x6600, 0x2500, 0x4400, 0xE518, 0x6929, 0x6710, 0x0400, 0x2400, 0x2308, 0x2308, 0x2210, 0x0220, 0x4440, 0x6450,
  0x0671, 0xC881, 0x8FB3, 0xD7E5, 0xBAF6, 0xDAEE, 0x79EE, 0x79F6, 0x6EAB, 0x6771, 0xE550, 0x0320, 0x0310, 0x0308, 0x0310, 0x4438,
  0x6869, 0xF4CC, 0x59EE, 0xB3CC, 0x50BC, 0xD6ED, 0xCFC3, 0x4681, 0xA240, 0x2028, 0xE350, 0x71BC, 0xDAF6, 0xD9EE, 0xBAF6, 0xBBF6,
  0x12C4, 0x8550, 0x0210, 0x8400, 0x4500, 0x0500, 0x2500, 0x0508, 0x0318, 0x8440, 0x2A8A, 0xB7ED, 0xDBFE, 0xB6DD, 0x74D5, 0x38F6,
  0x6A92, 0x8348, 0x0218, 0x2408, 0x2408, 0x0208, 0x4228, 0xE448, 0x087A, 0x35D5, 0xFBF6, 0x3BFF, 0x9EFF, 0x9FFF, 0xDFFF, 0xDFF7,
  0xDFF7, 0xDFF7, 0xDFFF, 0xBFFF, 0xBEFF, 0x9EFF, 0x9EFF, 0x97ED, 0xE558, 0x0320, 0x0310, 0x0210, 0x6448, 0x4799, 0xA5A8, 0x84B0,
  0x84C0, 0xC4D0, 0xE4B8, 0x0070, 0x0050, 0x2140, 0x4238, 0x2230, 0x0228, 0x4320, 0x6320, 0x0210, 0x6420, 0x2318, 0x0210, 0x4318,
  0xC951, 0x8949, 0xE730, 0x2318, 0x0310, 0x2300, 0x0200, 0x2308, 0x4410, 0x4410, 0x2308, 0x6508, 0x0711, 0x4811, 0x6811, 0x8921,
  0x6929, 0x4831, 0x2839, 0x0741, 0xE740, 0x0849, 0x2849, 0x2849, 0x2841, 0x0731, 0xE728, 0x0721, 0x2729, 0x4721, 0xC610, 0xC510,
  0x0721, 0x8931, 0x4829, 0x2831, 0xE728, 0x0739, 0x2849, 0xA640, 0xA648, 0x6959, 0xAA61, 0xCA59, 0x0B5A, 0xEA49, 0x8931, 0x0721,
  0xE618, 0x4821, 0x2719, 0x0611, 0xC508, 0xA500, 0xA500, 0xA500, 0xE608, 0xC600, 0xE600, 0x6809, 0x8811, 0x4709, 0x2709, 0x4809,
  0xC411, 0xE519, 0xE519, 0xE519, 0xC411, 0xC411, 0xE411, 0x0412, 0x051A, 0x051A, 0xE419, 0x041A, 0x041A, 0x0412, 0x251A, 0x451A,
  0x451A, 0x451A, 0x451A, 0x6622, 0x8622, 0x8622, 0x8622, 0x861A, 0x8622, 0xA622, 0xA61A, 0xA61A, 0xA61A, 0x851A, 0x651A, 0x851A,
  0x851A, 0x861A, 0x861A, 0x8512, 0x8512, 0xA612, 0xE71A, 0x0723, 0x492B, 0x8A3B, 0xCB3B, 0xAB3B, 0xAB3B, 0xEC43, 0x0D44, 0x2D4C,
  0x0D44, 0x2D44, 0x4E44, 0x2E4C, 0x0E54, 0x0E54, 0x0F54, 0x0F54, 0x0F4C, 0x5054, 0x304C, 0xF043, 0xD143, 0xD13B, 0xF23B, 0x5344,
  0x576D, 0xFEB6, 0x3ED7, 0xFDE6, 0xDDEE, 0x97ED, 0x10EC, 0x6AF2, 0xE4D8, 0x81D0, 0x03D9, 0xC3D8, 0xE4C8, 0x05B9, 0x45A9, 0x8799,
  0x6789, 0x0679, 0x8460, 0x4350, 0x4348, 0x4338, 0x6328, 0x2210, 0x0208, 0x2208, 0x0208, 0x0208, 0x0208, 0x0200, 0x0208, 0x0110,
  0x0218, 0x0228, 0x0230, 0x4450, 0x4458, 0x6458, 0x8450, 0xA450, 0xE458, 0xE558, 0xC879, 0x4DAB, 0xB3D4, 0xD7F5, 0x79F6, 0x7AF6,
  0x99F6, 0x99F6, 0x79F6, 0x99FE, 0x59FE, 0x13DD, 0x2CAB, 0x8679, 0xC558, 0x0228, 0x2310, 0x0408, 0x0410, 0x2510, 0x2400, 0x4819,
  0x8A21, 0x8610, 0x2400, 0x4408, 0x2210, 0x0220, 0xA450, 0xD0BB, 0x18F6, 0x79F6, 0x59F6, 0x18F6, 0x30C4, 0x55F5, 0x4B9A, 0x6548,
  0x0308, 0x4500, 0x2500, 0x0508, 0xC618, 0x4729, 0xC610, 0x2500, 0x2400, 0x2300, 0x0108, 0x0118, 0x8440, 0xC558, 0x6771, 0x53CC,
  0x39F6, 0xBAFE, 0x3DFF, 0xBEFF, 0xDFFF, 0xFEFF, 0xFFFF, 0xDEFF, 0x3CFF, 0xD7ED, 0x098A, 0x2348, 0x0320, 0x0318, 0x0220, 0x4238,
  0x10AC, 0x7DFF, 0xDEFF, 0xBDFF, 0xBCFF, 0x1AFF, 0x2DBB, 0xA258, 0x6028, 0x6138, 0x6A82, 0x78E6, 0xFFFF, 0xFEFF, 0xFDFF, 0xFEFF,
  0xB3CC, 0xC560, 0x2220, 0x4300, 0x2500, 0x0508, 0x2500, 0x0410, 0x0338, 0x6350, 0x31BC, 0x7EFF, 0x9EFF, 0x9DFF, 0xBDFF, 0x71C4,
  0xA358, 0x4330, 0x2210, 0x2210, 0x0220, 0x2230, 0xE558, 0x31B4, 0x1BF7, 0xBDFF, 0xDEFF, 0xBFFF, 0xBFFF, 0xBFFF, 0x9EF7, 0xDFFF,
  0xDFFF, 0xDFFF, 0xBFFF, 0xBEFF, 0xBEFF, 0xDFFF, 0x9AEE, 0x0CA3, 0xC448, 0x2218, 0x0208, 0x0120, 0x6468, 0x47C1, 0xC5D0, 0xC4D8,
  0xC4D8, 0xA3D8, 0xC4C8, 0xC4B0, 0xE5A0, 0x0599, 0xE698, 0x0699, 0x0689, 0xA470, 0x4260, 0x2250, 0x0140, 0x0040, 0x0038, 0x0130,
  0xE550, 0xE648, 0x2749, 0xAA59, 0x4420, 0x0208, 0x4310, 0x6410, 0x2308, 0x0300, 0x2400, 0xA610, 0xC710, 0xE710, 0x0719, 0x2819,
  0x0719, 0xE720, 0xE730, 0xE738, 0xE740, 0x0749, 0x2849, 0x0849, 0xE740, 0x0731, 0x0729, 0xE720, 0xC618, 0x6408, 0xA508, 0x2721,
  0x4829, 0x2729, 0xC618, 0xA518, 0x8518, 0xC630, 0xA640, 0x8648, 0x8A69, 0x4C7A, 0xAA61, 0xA959, 0xEA51, 0xEA49, 0x6831, 0x2729,
  0xE618, 0xE618, 0xE610, 0xC508, 0xC508, 0x8400, 0xA500, 0xA500, 0xC600, 0xC600, 0x0709, 0x6809, 0x6809, 0x4709, 0x2701, 0x4709,
  0xA411, 0xC411, 0xC411, 0xE419, 0x041A, 0x041A, 0x0412, 0x0412, 0x2412, 0x251A, 0x251A, 0x251A, 0x451A, 0x451A, 0x651A, 0x651A,
  0x651A, 0x651A, 0x661A, 0x451A, 0x4512, 0x4512, 0x4512, 0x4512, 0x4512, 0x450A, 0x4512, 0x6512, 0x6512, 0x6512, 0x861A, 0xA61A,
  0xC722, 0x0823, 0x492B, 0x6A33, 0x8A33, 0xAB33, 0xEC3B, 0x0D44, 0x0D44, 0x0D4C, 0x2E4C, 0x2D4C, 0x0D44, 0xCD43, 0x8C3B, 0x8C3B,
  0xAC3B, 0xCD33, 0xCD2B, 0xAD33, 0x8D3B, 0xAE4B, 0xAE4B, 0xCF53, 0xEF53, 0x315C, 0xD474, 0x568D, 0xD99D, 0xBDBE, 0x7BB6, 0x1AB6,
  0x7BCE, 0xBBE6, 0x76D5, 0x2DAB, 0x6AAA, 0xC7B1, 0x45B9, 0xC3C0, 0xE4C8, 0x04C1, 0xC4B8, 0x05B9, 0x27B1, 0x6478, 0x2148, 0x2140,
  0x2238, 0x2228, 0x0120, 0x0110, 0x0110, 0x0218, 0x0218, 0x0220, 0x0330, 0x0330, 0x0230, 0x4338, 0x2230, 0x8338, 0x6659, 0x8759,
  0xA761, 0x8769, 0x6779, 0x0A92, 0xD0C3, 0xB4D4, 0x97ED, 0x18EE, 0x59EE, 0x59EE, 0x9AEE, 0x1BF7, 0x7CFF, 0xBEFF, 0xFFFF, 0xFFFF,
  0xFFFF, 0xFFFF, 0xFFFF, 0xDEFF, 0xFEFF, 0x7DFF, 0xDBF6, 0x59EE, 0x11C4, 0x6769, 0x6428, 0x0308, 0x4408, 0x2300, 0x0611, 0x6821,
  0x6508, 0x0400, 0x4300, 0x2210, 0x2228, 0xC448, 0x4EA3, 0x1BFF, 0xDDFF, 0xFDFF, 0xFEFF, 0xDEFF, 0x3BFF, 0x9AFE, 0x8879, 0x4438,
  0x0308, 0x2400, 0x6608, 0xE928, 0x4931, 0x6410, 0x0300, 0x2308, 0x0208, 0x2218, 0x0541, 0x6759, 0x2D9B, 0x97E5, 0x9AEE, 0x3DFF,
  0xFFFF, 0xFFFF, 0xBFFF, 0xBFFF, 0xDFFF, 0xDFFF, 0xBEFF, 0xBEFF, 0xBEFF, 0xDEFF, 0xB2DC, 0x4781, 0x2330, 0x0220, 0x8448, 0x8669,
  0xF7DD, 0xDFFF, 0x9DFF, 0xDEFF, 0xFEFF, 0x71C4, 0xC578, 0x4140, 0x0028, 0x6350, 0x93C4, 0xDFFF, 0xBEFF, 0xBEF7, 0xDEF7, 0xDEFF,
  0x96DD, 0xC989, 0x2338, 0x0208, 0x0408, 0x2510, 0x4400, 0x0310, 0x4348, 0x298A, 0xDBF6, 0xDFFF, 0xBFFF, 0xBEFF, 0x1CFF, 0x4A8A,
  0x6340, 0x0118, 0x0118, 0x8238, 0x0459, 0x4A92, 0x76E5, 0x1CFF, 0xDEFF, 0xDEF7, 0xDFFF, 0xBFFF, 0xBEFF, 0xDEFF, 0xBEFF, 0x7DFF,
  0x3CFF, 0x9DFF, 0xBEFF, 0x9DFF, 0xBEFF, 0xBAEE, 0x8A7A, 0xA448, 0x2120, 0x2110, 0x0110, 0x4330, 0x6881, 0x47A9, 0x05B9, 0x45C1,
  0xE4B8, 0xC4C0, 0x05C1, 0x05B9, 0xE5A8, 0x47B1, 0x46B1, 0x06B1, 0x06B9, 0xC5B0, 0xC4B0, 0x24A9, 0xE4A0, 0x25A1, 0x25A1, 0x0599,
  0x0591, 0xE580, 0xC570, 0x6360, 0x0248, 0x0140, 0x0130, 0x2128, 0x0118, 0x4318, 0x8418, 0xA518, 0xA618, 0xA718, 0xC720, 0xE718,
  0xE718, 0xC720, 0xE628, 0xE738, 0x0741, 0x2849, 0x4849, 0x0841, 0xC738, 0xC620, 0x8518, 0x4408, 0x6408, 0x6408, 0xA508, 0x4821,
  0x2721, 0xA510, 0x6408, 0x6408, 0x8518, 0xE630, 0xC640, 0x2859, 0x4D82, 0x6D82, 0xAA61, 0xCA59, 0xCA51, 0xC941, 0x8831, 0x4829,
  0xC518, 0xA510, 0xC510, 0x8508, 0x8500, 0x8400, 0x8500, 0xA500, 0xA500, 0xC600, 0x2709, 0x4809, 0x4809, 0x4709, 0x0601, 0x2709,
  0xC419, 0xC419, 0xE419, 0xE419, 0xE419, 0x041A, 0x041A, 0x041A, 0x251A, 0x251A, 0x251A, 0x2512, 0x2512, 0x240A, 0x040A, 0x040A,
  0x040A, 0x040A, 0xE409, 0xE409, 0xE409, 0x040A, 0x250A, 0x4512, 0x6612, 0xA71A, 0xC71A, 0xC71A, 0x0823, 0x292B, 0x4A33, 0x8A33,
  0x8B3B, 0x8B33, 0xAC3B, 0xCC3B, 0xCC3B, 0xAC3B, 0x8C33, 0x8C3B, 0x6C33, 0x6B33, 0x6B33, 0x4B33, 0x4B33, 0x2B2B, 0xEA2A, 0xCA22,
  0xA922, 0xEB2A, 0xF04B, 0x7264, 0x768D, 0x9AB6, 0xDBBE, 0xFBBE, 0xFBC6, 0x1CD7, 0xDCD6, 0x39CE, 0xD8D5, 0x56D5, 0x93CC, 0xCFC3,
  0x8AA2, 0x48AA, 0x07AA, 0xE298, 0xC1A0, 0xE2A8, 0x04A9, 0x04B1, 0x05A9, 0xC480, 0x2258, 0x4450, 0x4440, 0x2328, 0x0210, 0x0210,
  0x0210, 0x0210, 0x0110, 0x0218, 0x0220, 0x0128, 0x4348, 0x6558, 0xA668, 0xA570, 0xC470, 0xA781, 0xECAA, 0x92CC, 0xD7E5, 0xBAEE,
  0xDAEE, 0xDBEE, 0xBBF6, 0xDBF6, 0x1BF7, 0x9DFF, 0xFEFF, 0xFFFF, 0xFFFF, 0xFFFF, 0xDFFF, 0xBFFF, 0xBFFF, 0xBFFF, 0xDFFF, 0xDFFF,
  0xDFFF, 0xFFFF, 0xBEF7, 0xDEF7, 0xFFF7, 0xFFFF, 0xFFFF, 0xBFFF, 0x1CFF, 0x72C4, 0x0651, 0x4320, 0x2200, 0x8400, 0x4719, 0x8510,
  0x0400, 0x0308, 0x2218, 0x4228, 0xA448, 0xF1B3, 0x1CFF, 0xDEFF, 0xFEFF, 0xFEFF, 0xDEFF, 0xDFFF, 0xFFFF, 0x1CFF, 0xA871, 0x4330,
  0x0108, 0x4300, 0x2829, 0x2929, 0x4508, 0x2400, 0x0208, 0x0110, 0x0220, 0xC548, 0xED92, 0x18E6, 0xDBF6, 0xBEFF, 0xFFFF, 0xBEFF,
  0xDEFF, 0xDFFF, 0xDFFF, 0xBFFF, 0xDFFF, 0xBFFF, 0xBFFF, 0x9EFF, 0x9EFF, 0x5DFF, 0x8EC3, 0xE478, 0x6338, 0x0230, 0x6458, 0x52C4,
  0x9EFF, 0x7EFF, 0x7FFF, 0x9EFF, 0x1CFF, 0x6EAB, 0x4250, 0x2030, 0x0140, 0xC981, 0x7AF6, 0xDFFF, 0xBFFF, 0xDFFF, 0xDFFF, 0xDFFF,
  0x9AFE, 0xCDAA, 0x0238, 0x2318, 0x0310, 0x2410, 0x4200, 0x6328, 0x0561, 0xF3D4, 0xDFFF, 0xBFFF, 0xBFFF, 0xBFFF, 0x56E5, 0x4350,
  0x4228, 0x0220, 0x6238, 0x8250, 0x4DA3, 0xDBF6, 0x9EFF, 0xDFFF, 0xDFFF, 0xDFFF, 0xBEFF, 0x7DFF, 0x5CFF, 0xD6DD, 0x6C9B, 0xCA92,
  0xAA92, 0x6A82, 0x4D9B, 0x59F6, 0xF7ED, 0x487A, 0xC448, 0x2328, 0x0210, 0x2308, 0x0310, 0x2320, 0x6438, 0x6340, 0x4248, 0x4150,
  0x4150, 0x4150, 0x4150, 0x4150, 0x4150, 0x4248, 0x6150, 0xA260, 0x4691, 0x26A9, 0x05B1, 0x24A9, 0x25B1, 0x04B9, 0xC4B8, 0xC4C0,
  0xC4C0, 0xE4C0, 0xE4B8, 0xA3A8, 0xE4B0, 0xC4B0, 0xA4A0, 0xC498, 0x0160, 0x0140, 0x2230, 0x4320, 0x6418, 0x8518, 0xE718, 0xC610,
  0xC618, 0x0721, 0xE628, 0x0731, 0x0739, 0x0739, 0x0741, 0xE738, 0xA628, 0x4410, 0x8510, 0x6408, 0x8510, 0xC610, 0x0719, 0x0719,
  0xC510, 0x6408, 0x6408, 0xC610, 0x2729, 0x4839, 0x6951, 0xAA61, 0x4D82, 0x0B72, 0xAA59, 0xA951, 0xCA49, 0x8939, 0x2721, 0x4729,
  0xC618, 0x8408, 0xA508, 0x8400, 0x6400, 0x6400, 0xA500, 0xA500, 0x8500, 0xC600, 0x4709, 0x4709, 0x4709, 0x4709, 0xC500, 0x0601,
  0xE519, 0x051A, 0x051A, 0xE411, 0xC411, 0xC411, 0xC411, 0xE411, 0xE411, 0xC409, 0xC401, 0xC301, 0xC401, 0x0402, 0x250A, 0x450A,
  0x4512, 0x6612, 0x6612, 0xA71A, 0xC822, 0xE822, 0x092B, 0x292B, 0x4A2B, 0x6A33, 0x6B33, 0x6B33, 0x6B33, 0x6B33, 0x4A33, 0x2A2B,
  0x4B33, 0x2A2B, 0xEA2A, 0x0A2B, 0x0B2B, 0x0B2B, 0xCA22, 0xCA22, 0x0B2B, 0x2B2B, 0xEB2A, 0x4C33, 0xEF4B, 0xB264, 0xF88D, 0xDBAE,
  0x1CB7, 0x3DBF, 0x1ECF, 0xFDCE, 0x7BC6, 0xF8BD, 0x96B5, 0x34A5, 0x55BD, 0xD3C4, 0x94D4, 0xD0D3, 0xC7B9, 0x45B9, 0xE4B8, 0xC4C0,
  0x62B8, 0xA3B8, 0xC3A8, 0x25A9, 0x24A1, 0x6278, 0x4258, 0x4360, 0x0350, 0x0330, 0x0318, 0x0410, 0x0410, 0x2308, 0x0318, 0x0228,
  0x2228, 0x2230, 0x4240, 0xA458, 0x0571, 0xA789, 0x29A2, 0xEBB2, 0x71E4, 0x75FD, 0xB8FD, 0x19FE, 0xBBFE, 0x1DFF, 0x7DFF, 0xDEFF,
  0xFEFF, 0xFEFF, 0xFEFF, 0xFEFF, 0xDEFF, 0xDEFF, 0xDEFF, 0xDEFF, 0xFFFF, 0xDFFF, 0xDFFF, 0xDFFF, 0xBFFF, 0xDFFF, 0xFFFF, 0xFFFF,
  0xDEFF, 0xDEFF, 0xFFFF, 0xFFF7, 0xFEEF, 0xFFF7, 0xFFFF, 0xBFFF, 0xBEFF, 0xDBFE, 0xCD9A, 0x0230, 0x0210, 0x4300, 0x6400, 0x0300,
  0x0308, 0x0208, 0x2128, 0xE450, 0x8F9B, 0x3CFF, 0x9DEF, 0xBDE7, 0xFFFF, 0xFFFF, 0xDFFF, 0xDFFF, 0xFFFF, 0x3DFF, 0x8869, 0x2228,
  0x0108, 0x4308, 0x6508, 0x4400, 0x2400, 0x0308, 0x0118, 0x8340, 0xA761, 0xD4C4, 0x1CFF, 0x9DFF, 0xBEFF, 0xDEFF, 0xDEFF, 0xDEFF,
  0xDEFF, 0xBDFF, 0x9EFF, 0x5DFF, 0x7EFF, 0xBEFF, 0xBEF7, 0xDEFF, 0x5DFF, 0x6FAB, 0xA368, 0x6258, 0x0028, 0x8348, 0xAC92, 0xBBF6,
  0xBEFF, 0xBFFF, 0x7EFF, 0xFFFF, 0xD0AB, 0xA350, 0x8130, 0x2028, 0x0671, 0xB3D4, 0xDEFF, 0xBEFF, 0xFFFF, 0xFFFF, 0xDFFF, 0xBFFF,
  0xBEFF, 0x52C4, 0x4238, 0x2218, 0x0310, 0x0310, 0x6220, 0xA348, 0xAEAB, 0x9EFF, 0xBEFF, 0xBFFF, 0xBFFF, 0x59F6, 0x8CA2, 0x8450,
  0x0010, 0x2230, 0xE560, 0x11BC, 0x3DFF, 0xBEF7, 0xBEF7, 0xBFF7, 0xBFFF, 0x7DFF, 0x5CFF, 0x33CD, 0x287A, 0x0559, 0x0138, 0x0130,
  0x0130, 0x0130, 0xA550, 0x4B8A, 0xC979, 0x0230, 0x0220, 0x0310, 0x2408, 0x2400, 0x0308, 0x0410, 0x0310, 0x0210, 0x0110, 0x0010,
  0x0010, 0x0010, 0x0010, 0x0118, 0x0118, 0x0110, 0x0008, 0x0018, 0x4238, 0x2250, 0x0250, 0x0248, 0x0250, 0x2160, 0x8488, 0x26B1,
  0xE4B8, 0xA3C0, 0xE3D0, 0xE4D8, 0x82D0, 0x82D8, 0xA3D8, 0xE4C8, 0xE4B0, 0x0599, 0x4681, 0x8871, 0x6851, 0x6420, 0xA518, 0x8610,
  0xC618, 0x0729, 0x0729, 0xE628, 0x0631, 0xC630, 0x0739, 0x2739, 0xC628, 0xC620, 0xA518, 0xC618, 0x4821, 0x6821, 0x6821, 0xE618,
  0xC510, 0xE618, 0xE618, 0xA931, 0xEA41, 0xEA49, 0xEB59, 0x2C6A, 0x6C7A, 0xEB61, 0xA951, 0xC951, 0xC941, 0x8831, 0x2729, 0x2721,
  0xA510, 0x4400, 0x6400, 0x6400, 0x6400, 0x8400, 0xA500, 0x8500, 0x8500, 0xC600, 0x4711, 0x4811, 0x4709, 0x2709, 0xC500, 0xE600,
  0xA409, 0xA409, 0xA409, 0xA409, 0xA409, 0xA309, 0xA409, 0xC409, 0xC409, 0xE409, 0x050A, 0x4612, 0x8712, 0x8712, 0xA712, 0xC81A,
  0xE81A, 0x0823, 0x292B, 0x0923, 0xE922, 0x0923, 0x0923, 0x0923, 0x0A2B, 0xE922, 0xA922, 0xEA2A, 0xC922, 0xA922, 0xEA2A, 0xCA2A,
  0xA922, 0xA922, 0x891A, 0x8A1A, 0x8A22, 0xCB2A, 0xAF43, 0xB264, 0xD785, 0xBAA6, 0x3CB7, 0x5DBF, 0x3CBF, 0xDCB6, 0x5AA6, 0xF995,
  0xB78D, 0xB78D, 0x3585, 0xB48C, 0x729C, 0x31A4, 0xCFAB, 0x8992, 0xA691, 0x46A9, 0x26C1, 0xC4C8, 0xA1C8, 0xC2D8, 0x82D8, 0xA3D8,
  0xE4C8, 0xA3A0, 0x2170, 0x4250, 0x6248, 0x2228, 0x0218, 0x0328, 0x0320, 0x0418, 0x0510, 0x0408, 0x0300, 0x2318, 0x0649, 0x8871,
  0x4771, 0x4671, 0x6779, 0xE891, 0x29A2, 0x49AA, 0x48B2, 0x27AA, 0xC9C2, 0x0AC3, 0x2CBB, 0x4DBB, 0xAFCB, 0xD0CB, 0xF0C3, 0x35D5,
  0x9DFF, 0xBEFF, 0xBEFF, 0xDFFF, 0xBFFF, 0xBFFF, 0xDFFF, 0xFFFF, 0xFFFF, 0xDEFF, 0x9EFF, 0x9EFF, 0x9EFF, 0x9EFF, 0xBEFF, 0x5DFF,
  0x3DFF, 0x5EFF, 0x7EFF, 0xBFFF, 0xDFFF, 0xDFF7, 0xBFFF, 0xDFFF, 0xDFFF, 0x3CFF, 0x4EAB, 0x4348, 0x0220, 0x0300, 0x2400, 0x0308,
  0x0218, 0x0120, 0xA458, 0x8779, 0x7AFE, 0xBEFF, 0xBEF7, 0xFFF7, 0xDFFF, 0xDFFF, 0xFFFF, 0xFFFF, 0xBEFF, 0x5AF6, 0x4761, 0x0228,
  0x0208, 0x0308, 0x0300, 0x0300, 0x4308, 0x0320, 0xC560, 0xA881, 0x35D5, 0x3CFF, 0x9DF7, 0xBEFF, 0xDEFF, 0xBEFF, 0xDEFF, 0x9DFF,
  0x3CFF, 0xD7E5, 0x31BC, 0x4EAB, 0x6EA3, 0x58E6, 0xBDFF, 0x1CFF, 0xD0B3, 0x6460, 0x2248, 0x0028, 0x0028, 0x4451, 0xD7DD, 0xDFFF,
  0x9EF7, 0xDEFF, 0xBEFF, 0xF8DD, 0x098A, 0x4248, 0x4018, 0x4138, 0x6B9A, 0x79EE, 0xFEFF, 0xBDFF, 0xDEFF, 0xDFFF, 0xDFFF, 0xDFFF,
  0xFFFF, 0xF3C4, 0x8240, 0x2218, 0x0208, 0x0320, 0x8448, 0x0469, 0x50B4, 0xFFFF, 0x9EFF, 0xBEFF, 0xBEFF, 0xB3CC, 0xC568, 0x6348,
  0x2120, 0x8340, 0x2D9B, 0x5DFF, 0x7EFF, 0xDEF7, 0xDEF7, 0x9EF7, 0xBEFF, 0xF8E5, 0xAA8A, 0x6561, 0x4130, 0x4320, 0x2320, 0x2318,
  0x0218, 0x0220, 0x8538, 0x8540, 0x2330, 0x2328, 0x2320, 0x0318, 0x0308, 0x2308, 0x2310, 0x2320, 0x2328, 0x2330, 0x2230, 0x2230,
  0x2130, 0x0120, 0x0120, 0x0228, 0x0328, 0x2320, 0x0310, 0x0210, 0x0210, 0x0218, 0x0320, 0x0320, 0x0320, 0x0120, 0x0130, 0x4148,
  0x2068, 0x2088, 0x20A8, 0x62D0, 0x42E0, 0x41E0, 0x83D8, 0xA3C8, 0xE4B8, 0x46A1, 0x6781, 0x8340, 0x6328, 0x4310, 0xC510, 0xC610,
  0xC610, 0xC618, 0xE620, 0xC620, 0xC520, 0x4739, 0x6839, 0x6839, 0x2731, 0x0729, 0xE720, 0x4829, 0xA931, 0x6821, 0x0619, 0x0619,
  0x0619, 0x2721, 0x8931, 0x0B42, 0x2B4A, 0x0B52, 0x0B5A, 0x4B6A, 0x2B6A, 0xA951, 0xA949, 0xC949, 0x8839, 0x4729, 0x2721, 0x0621,
  0xA510, 0x2300, 0x4300, 0x4400, 0x6400, 0x8400, 0xA500, 0x8500, 0x8500, 0xE608, 0x2709, 0x4711, 0x2709, 0x0601, 0xC500, 0xE600,
  0x8401, 0x8401, 0xA401, 0xC409, 0x0512, 0x4612, 0x4612, 0x6612, 0x871A, 0x871A, 0xA81A, 0xA81A, 0xA81A, 0xA712, 0xA712, 0xC812,
  0xC812, 0xC81A, 0xC81A, 0xC81A, 0xA81A, 0x8812, 0x6812, 0x6712, 0x6812, 0x481A, 0x481A, 0x4812, 0x4812, 0x2812, 0x8922, 0xEB2A,
  0xCE4B, 0x1475, 0xF895, 0xDBAE, 0xFCB6, 0x1DB7, 0xDCAE, 0x7BA6, 0x1996, 0xB785, 0x567D, 0x7685, 0x567D, 0x157D, 0xF574, 0xF57C,
  0xD574, 0xB374, 0x9274, 0x6E73, 0x097A, 0xC899, 0x66A9, 0xC3A8, 0xA2B8, 0xA2C8, 0x62D8, 0x41E0, 0x61E0, 0x41E0, 0x82E8, 0x41C8,
  0x0098, 0x0070, 0x0048, 0x0030, 0x0028, 0x0118, 0x0210, 0x0210, 0x0210, 0x0308, 0x2408, 0x0408, 0x0408, 0x4310, 0x6428, 0x6438,
  0x4440, 0x4340, 0x4340, 0x8348, 0x8350, 0x6250, 0x8258, 0x8260, 0x6268, 0x4170, 0x6188, 0x4190, 0x2190, 0xA398, 0x8BBA, 0xB7F5,
  0x3DFF, 0x7EFF, 0x9EFF, 0xBFFF, 0xBFFF, 0xDFFF, 0xFFFF, 0xDFFF, 0xBEFF, 0x3CFF, 0xB6DD, 0x13CD, 0x92C4, 0x30B4, 0x2FBC, 0x30CC,
  0x0CAB, 0xCB9A, 0x51BC, 0x1CFF, 0xDFFF, 0xDFFF, 0xDFFF, 0xBFF7, 0xFFFF, 0x3DFF, 0x0DA3, 0x6350, 0x0228, 0x0308, 0x4400, 0x0308,
  0x0228, 0x4248, 0x0982, 0x18EE, 0x7EFF, 0x9EFF, 0xBFFF, 0x9FFF, 0xDFFF, 0xDFFF, 0xFFFF, 0xFEFF, 0xBEFF, 0x15D5, 0xE658, 0x0220,
  0x0308, 0x0308, 0x0408, 0x0308, 0x0218, 0xA560, 0x2A8A, 0xD7E5, 0x9EFF, 0xDFFF, 0xDEFF, 0xBEF7, 0xDFFF, 0x5DFF, 0xDBFE, 0x31C4,
  0x4A8A, 0xA879, 0x0561, 0x8350, 0x6250, 0x6A92, 0xD8FD, 0x2EAB, 0xC550, 0x6338, 0x0118, 0x0120, 0x8140, 0xC982, 0x3BFF, 0xBFFF,
  0xBFFF, 0xBEFF, 0xDEFF, 0x0FBC, 0xA468, 0x6240, 0x2018, 0x2559, 0x14CD, 0xBDFF, 0xDEFF, 0xFFFF, 0xDEFF, 0xDFFF, 0xDFFF, 0xFFFF,
  0xFEFF, 0xF3CC, 0x0559, 0x2220, 0x2310, 0x0328, 0x6450, 0x71CC, 0x5CFF, 0xBFFF, 0xBFFF, 0xFFFF, 0xF6DD, 0x498A, 0x6250, 0x0238,
  0x6458, 0x4DA3, 0x1BFF, 0xDFFF, 0xBEFF, 0xBEF7, 0xFEFF, 0xDEFF, 0xB7DD, 0xE979, 0x8348, 0x2128, 0x2118, 0x2310, 0x0210, 0x0318,
  0x0318, 0x0220, 0x0220, 0x0128, 0x0128, 0x0130, 0x0130, 0x0230, 0x2338, 0x4340, 0xC450, 0xC450, 0xA350, 0xC468, 0xE578, 0x0589,
  0xE488, 0x6370, 0xA570, 0x2779, 0x6871, 0x4859, 0xA630, 0x0310, 0x0300, 0x2300, 0x2308, 0x0310, 0x0210, 0x0120, 0x0030, 0x0048,
  0x6278, 0xC3A8, 0xA3C0, 0xA3D0, 0x82D0, 0xA3C0, 0x04B9, 0xE4A0, 0x4170, 0x2148, 0x6238, 0x4218, 0x4310, 0x8510, 0xC610, 0xC710,
  0xC610, 0xA510, 0xE618, 0xE620, 0x4731, 0x8839, 0x2731, 0x2731, 0x0729, 0x0729, 0x8931, 0xCA39, 0xA931, 0x0719, 0xE610, 0xE610,
  0x0619, 0x6829, 0xEA39, 0xEA39, 0xCA41, 0xEA49, 0xEA51, 0x0A5A, 0xEA59, 0xC951, 0xA949, 0xA839, 0x6831, 0x0621, 0xC618, 0xA510,
  0x6408, 0x2300, 0x4400, 0x6400, 0x6400, 0x6400, 0x6400, 0x8500, 0xA608, 0xE608, 0x0709, 0x2709, 0x0601, 0xE600, 0xC500, 0xC600,
  0x060A, 0x4612, 0x671A, 0x871A, 0x671A, 0x6712, 0x871A, 0x871A, 0x6712, 0x6712, 0x4712, 0x260A, 0x460A, 0x470A, 0x460A, 0x260A,
  0x260A, 0x260A, 0x060A, 0x060A, 0xE601, 0x270A, 0x4812, 0x2812, 0x2812, 0xAA2A, 0xEF4B, 0xB26C, 0xF895, 0xBAA6, 0xBBA6, 0xDBAE,
  0xDCAE, 0x9BA6, 0xD88D, 0x367D, 0xB46C, 0x9464, 0x7464, 0x325C, 0x525C, 0x525C, 0x325C, 0x325C, 0x115C, 0x125C, 0x5364, 0x736C,
  0x9474, 0xB47C, 0xD48C, 0xB08B, 0xA871, 0x2789, 0x05A1, 0x05B1, 0x24C1, 0xC2C8, 0x82D0, 0xA3E0, 0x42E8, 0x42E0, 0x62D8, 0x82C8,
  0xA2B8, 0xE3A8, 0x0499, 0x2591, 0x8378, 0x0158, 0x0140, 0x0038, 0x0130, 0x0128, 0x2228, 0x0320, 0x0318, 0x0308, 0x0308, 0x0208,
  0x0310, 0x0310, 0x0208, 0x0210, 0x0210, 0x0210, 0x0218, 0x0228, 0x0230, 0x2350, 0xE590, 0xC498, 0x06A9, 0x88C1, 0xCCDA, 0x51EC,
  0xB2E4, 0x0FBC, 0xB1B4, 0x5DF7, 0xFFFF, 0xFFF7, 0xFFF7, 0xDEFF, 0x5CFF, 0x8EA3, 0x6669, 0xC358, 0xE360, 0xA260, 0xA258, 0xA260,
  0x8168, 0x8270, 0xA260, 0x50BC, 0x7CFF, 0xFEFF, 0xFEFF, 0xFFFF, 0xDFFF, 0x3DFF, 0x4DAB, 0x6250, 0x0220, 0x2308, 0x2300, 0x4318,
  0x8448, 0x8779, 0x39E6, 0x9EFF, 0xDEFF, 0x9EFF, 0x9FFF, 0xD8D5, 0x3DEF, 0xFFFF, 0xDEFF, 0xDEFF, 0x7CFF, 0xCFAB, 0x6338, 0x0210,
  0x2308, 0x4410, 0x0310, 0x0320, 0xA450, 0x2A92, 0xF7DD, 0xFFFF, 0xBEFF, 0xBEFF, 0x9EF7, 0xDFFF, 0xDBFE, 0x8FAB, 0x4779, 0xA568,
  0x0348, 0x0130, 0x0128, 0x2020, 0x0030, 0x2779, 0xEB99, 0x6550, 0x2328, 0x2210, 0x0210, 0x0230, 0xC358, 0x33D5, 0xDEFF, 0xBFFF,
  0x7EFF, 0xFFFF, 0xB5D5, 0x288A, 0x8358, 0x0020, 0x2138, 0x31B4, 0x9EFF, 0xBEFF, 0xDFFF, 0xFFFF, 0xDFFF, 0xFFFF, 0xDFF7, 0xDFFF,
  0xBEFF, 0x58EE, 0xAB92, 0x6338, 0x0118, 0x6440, 0x2FA3, 0x5BFF, 0xBDFF, 0xBFFF, 0x9EFF, 0xDEFF, 0x91C4, 0x8150, 0x4140, 0x0240,
  0xEA89, 0x38F6, 0xBDFF, 0xBFFF, 0xFEF7, 0xFEFF, 0x7CFF, 0xEFB3, 0xE558, 0x0230, 0x0228, 0x0220, 0x0120, 0x0220, 0x2228, 0x2238,
  0x4340, 0xC450, 0xA348, 0xE450, 0x2459, 0x8669, 0xA771, 0x0982, 0xACAA, 0x6FCB, 0x92EC, 0x34ED, 0x13F5, 0x71F4, 0x2CE3, 0x87C1,
  0xE4B0, 0x05A9, 0x4799, 0x4781, 0xA550, 0x2328, 0x2318, 0x0208, 0x0208, 0x0310, 0x2220, 0x2030, 0x0040, 0xA370, 0x0599, 0xC4A8,
  0xC4B8, 0xE4C0, 0xC3B8, 0x03B9, 0x04A9, 0x0058, 0x2150, 0x2140, 0x0020, 0x2118, 0x4310, 0x6408, 0x6508, 0xA610, 0xA710, 0xA608,
  0xC610, 0xA510, 0xE618, 0xE618, 0x0621, 0x6831, 0x2729, 0x0729, 0xC620, 0xA939, 0xEA39, 0x6829, 0x0719, 0x0619, 0xC510, 0xC610,
  0x6829, 0xEA39, 0xCA31, 0xA939, 0xA939, 0xEA49, 0x0A52, 0xEA51, 0xC949, 0xC949, 0xA941, 0x8839, 0x6729, 0x0621, 0xC510, 0x8408,
  0x6408, 0x6400, 0x6400, 0x6400, 0x6400, 0x4400, 0x6400, 0xA500, 0xE608, 0x0709, 0x0609, 0xE600, 0xE600, 0xC500, 0xC500, 0xC500,
  0x050A, 0x050A, 0x260A, 0x2612, 0x260A, 0x060A, 0x260A, 0x060A, 0x060A, 0x060A, 0xC609, 0xC609, 0xC609, 0xA609, 0xA609, 0x6501,
  0x6501, 0x6509, 0x8609, 0xAB2A, 0xEF53, 0x357D, 0x5AA6, 0x5AA6, 0x7AA6, 0x7AA6, 0x7BA6, 0x199E, 0x7785, 0xB46C, 0x535C, 0x535C,
  0x535C, 0x3254, 0x1254, 0xD14B, 0xB143, 0xB043, 0xB043, 0xB143, 0xB14B, 0xB14B, 0xF253, 0x535C, 0x956C, 0xB56C, 0xD574, 0xF67C,
  0xF67C, 0x1685, 0xD68C, 0xD69C, 0xB5AC, 0xB5B4, 0x93BC, 0xB3CC, 0xF0CB, 0xE9A9, 0xA4A0, 0x84B0, 0x83B8, 0xA3B8, 0xC3B0, 0xC3B0,
  0xE4B8, 0x05C1, 0xE4C0, 0xC3B8, 0xE3B8, 0xA3A8, 0xA4A0, 0xA4A0, 0xC4A8, 0xE4A0, 0xC490, 0x4270, 0x0148, 0x0238, 0x0228, 0x0228,
  0x0220, 0x0218, 0x0310, 0x0310, 0x0308, 0x2408, 0x0408, 0x0410, 0x0418, 0x0428, 0x4440, 0x4348, 0x6460, 0xA580, 0xE590, 0x66A1,
  0x6499, 0xE591, 0x74DD, 0xDFFF, 0xDFF7, 0xDFEF, 0xDEEF, 0xDEFF, 0x96E5, 0x2679, 0x4348, 0x0128, 0x2120, 0x0128, 0x0120, 0x0030,
  0x2050, 0x6170, 0x8168, 0x91C4, 0x7CFF, 0xDEF7, 0xBFFF, 0x9FFF, 0xDFFF, 0x99EE, 0xC771, 0x2138, 0x4420, 0x2308, 0x2218, 0xE450,
  0x4669, 0xB7E5, 0x9FFF, 0xBFFF, 0x7DFF, 0x7DFF, 0x72BC, 0xAE8B, 0xFCEE, 0xDFFF, 0xDFFF, 0xFFFF, 0x7DFF, 0xEC92, 0x0128, 0x0208,
  0x2300, 0x2308, 0x0220, 0x2348, 0x0671, 0x9AFE, 0xFFFF, 0xBEF7, 0xDFFF, 0x9EF7, 0x9EFF, 0x14CD, 0x4A8A, 0xC560, 0x2340, 0x0220,
  0x0310, 0x0310, 0x0308, 0x2200, 0x0018, 0xE658, 0xE750, 0x0518, 0x0408, 0x0310, 0x0120, 0x6240, 0xCB9A, 0x1BFF, 0xDFFF, 0xDFFF,
  0x9EFF, 0xDEFF, 0x8EB3, 0x6350, 0x4130, 0x8240, 0xA368, 0xF4CC, 0xFFFF, 0xDFFF, 0xBEFF, 0xBDFF, 0xFEFF, 0xDFFF, 0xFFFF, 0xDFFF,
  0x9EFF, 0xBEFF, 0x30BC, 0x6250, 0x6250, 0x2671, 0xB3BC, 0xFFFF, 0xDEFF, 0xBFFF, 0xDEFF, 0x95DD, 0xC681, 0xA258, 0x0038, 0x2669,
  0xD8E5, 0xBFFF, 0x7EFF, 0x9EFF, 0xDFFF, 0xBAE6, 0xEA9A, 0xC370, 0x2148, 0x0128, 0x0128, 0x4240, 0xC458, 0xC450, 0xE458, 0xC468,
  0x2679, 0x8B9A, 0x10B4, 0x96D5, 0x79EE, 0xBAEE, 0xDAF6, 0x9AF6, 0x9AFE, 0xD7FD, 0x92DC, 0x8ECB, 0x8ABA, 0x08BA, 0x46A9, 0xC4A0,
  0xE490, 0x6258, 0x8350, 0x4338, 0x0220, 0x0210, 0x0210, 0x0120, 0x0038, 0x2158, 0xC488, 0xC3A0, 0xA2A8, 0xE4C0, 0xE4C8, 0xA3B8,
  0xC4B8, 0x05A1, 0x4170, 0x4150, 0x6140, 0x0010, 0x0108, 0x0108, 0x0208, 0x2308, 0x4408, 0x4400, 0x6500, 0x8600, 0x8600, 0x6500,
  0x8508, 0xC610, 0xE610, 0xE618, 0x0721, 0x0721, 0xC518, 0xC618, 0x8931, 0xA939, 0x6829, 0x2721, 0xC618, 0xC610, 0xE618, 0x2721,
  0x8929, 0xA931, 0xC931, 0xA931, 0xA839, 0xA941, 0xC941, 0xA941, 0xA941, 0x8941, 0x8839, 0x6731, 0x2629, 0xC510, 0xA510, 0x6408,
  0x4400, 0x4300, 0x4300, 0x6400, 0x6300, 0x4300, 0x8400, 0xE500, 0x0601, 0x0601, 0x0601, 0xE600, 0xC500, 0xC500, 0xC500, 0xC500,
  0xA509, 0xA501, 0x8401, 0x8401, 0x8501, 0x8501, 0x8501, 0x8501, 0x8501, 0x8501, 0x8601, 0xE711, 0x8A22, 0x8D43, 0x305C, 0x357D,
  0x399E, 0x5AA6, 0x5AA6, 0x7AA6, 0x199E, 0x978D, 0xD474, 0x115C, 0xD053, 0xB153, 0xB153, 0x904B, 0x6F43, 0x4F3B, 0x6F3B, 0x4F3B,
  0x0E33, 0x2E33, 0x6F3B, 0x4F3B, 0x9043, 0x1254, 0x1254, 0xF253, 0x545C, 0x9564, 0x7464, 0x9464, 0xB56C, 0xB574, 0xF67C, 0x177D,
  0x3785, 0x588D, 0x789D, 0x99A5, 0x99AD, 0x78AD, 0x97AD, 0xB7B5, 0x76B5, 0x35C5, 0xB3CC, 0xD1BB, 0x0FA3, 0xAD92, 0x8971, 0xE660,
  0xA468, 0xA580, 0x26A1, 0x05B1, 0x05B1, 0x25B9, 0x05B1, 0x05C1, 0xE4C0, 0xC3C8, 0xE4C8, 0xE4C0, 0xC3A8, 0xE3A0, 0x0399, 0x2499,
  0xE588, 0x8478, 0x0250, 0x0130, 0x0120, 0x0210, 0x0310, 0x0208, 0x0208, 0x0208, 0x2210, 0x0118, 0x0120, 0x0130, 0x0140, 0x0048,
  0xC268, 0xEAA2, 0xFAFE, 0xFFFF, 0xFFF7, 0xDEF7, 0xBEFF, 0x9BFE, 0xC989, 0x4458, 0x2330, 0x0210, 0x2308, 0x2310, 0x2120, 0x2138,
  0x2258, 0x6260, 0xAEB3, 0x3CFF, 0xBEFF, 0xDFFF, 0xBEF7, 0xDEFF, 0x7DFF, 0x8FB3, 0x6348, 0x6330, 0x0210, 0x2220, 0x6348, 0x298A,
  0xB7E5, 0x9EFF, 0x9EF7, 0xBEFF, 0xBEFF, 0xD3D4, 0x2569, 0xD3BC, 0xBEFF, 0x9FFF, 0xBFFF, 0xBFFF, 0x9AF6, 0x2A92, 0x0240, 0x2228,
  0x0210, 0x0220, 0x8548, 0x6C92, 0x97E5, 0xDDFF, 0xDEFF, 0xBFFF, 0x7DFF, 0x9EFF, 0xD3BC, 0x8759, 0x6338, 0x0120, 0x0218, 0x0210,
  0x0308, 0x0408, 0x0408, 0x0308, 0x0208, 0x0218, 0x0420, 0x0410, 0x0408, 0x0310, 0x2230, 0xC871, 0x79F6, 0xBEFF, 0xDFFF, 0xDFFF,
  0xFFFF, 0xB7E5, 0x6781, 0x2138, 0x0020, 0x2140, 0xCFC3, 0x1CFF, 0xDFFF, 0xBEF7, 0xDEFF, 0xD9EE, 0xF6DD, 0x3CFF, 0xFFFF, 0xFFFF,
  0xDEFF, 0xFEFF, 0xF3DC, 0x4268, 0xA370, 0x8FBB, 0x7DFF, 0x7DF7, 0xFFFF, 0xBEF7, 0xDEFF, 0x30C4, 0x0050, 0x4150, 0x6771, 0x16D5,
  0xDFFF, 0x9EFF, 0xDEFF, 0xBDFF, 0x5BFF, 0x50BC, 0x2048, 0x6158, 0x8368, 0xE891, 0x8FBB, 0x51D4, 0x18F6, 0x7AEE, 0x9AF6, 0x79F6,
  0x7AFE, 0x1CFF, 0x3DFF, 0xBEFF, 0xFFFF, 0xDEFF, 0xBDFF, 0xBEFF, 0x9CFF, 0x57F6, 0x90D4, 0x2CC3, 0x86A1, 0x0489, 0x6268, 0x0048,
  0x4240, 0x0120, 0x0018, 0x0118, 0x0018, 0x0030, 0x0150, 0xC488, 0xE4A8, 0xA3B8, 0xC4C8, 0xA4C8, 0xC5C8, 0xC4B8, 0x05B1, 0x45A1,
  0x2058, 0x0040, 0x0020, 0x0010, 0x0008, 0x0100, 0x0100, 0x0200, 0x0200, 0x2300, 0x2400, 0x4400, 0x4500, 0x6500, 0x6500, 0x8508,
  0xA608, 0xC610, 0xC610, 0xC610, 0xA610, 0x8510, 0xC618, 0x2729, 0x8831, 0x4829, 0xC618, 0xE618, 0xE618, 0xC618, 0x4721, 0xA931,
  0xA931, 0x8929, 0x6829, 0x8831, 0xA939, 0xA939, 0x8839, 0xA941, 0xA941, 0x4831, 0x4731, 0x2729, 0xA518, 0x8408, 0x6408, 0x4300,
  0x4300, 0x4300, 0x4300, 0x8400, 0x6400, 0x6400, 0xA400, 0xE500, 0x0601, 0x0601, 0xE600, 0xE600, 0xC500, 0xC500, 0xC500, 0xA500,
  0x2401, 0x2401, 0x2401, 0x2409, 0x2509, 0x6609, 0x4922, 0x4D43, 0xF05B, 0x5585, 0xF895, 0xF895, 0x1996, 0xB88D, 0x7685, 0x157D,
  0xD053, 0x2E43, 0x4F43, 0x2E43, 0x2F43, 0x2E3B, 0x0E3B, 0xEE32, 0xEE32, 0xCD32, 0x8D2A, 0x8D2A, 0x8D2A, 0xAD2A, 0xEE2A, 0x2F3B,
  0xB143, 0xD14B, 0xF253, 0x335C, 0x335C, 0x335C, 0x335C, 0x7464, 0x956C, 0xB56C, 0xF674, 0x177D, 0x377D, 0x377D, 0x5785, 0x5785,
  0x5785, 0x788D, 0x788D, 0x378D, 0x178D, 0x5795, 0x989D, 0xD89D, 0xB89D, 0x98A5, 0x37A5, 0x7594, 0x5273, 0x116B, 0x8F5A, 0x0C4A,
  0xAA41, 0x0741, 0x6438, 0x6340, 0x6350, 0x4250, 0x4168, 0xE488, 0x24A1, 0x04A9, 0xE4B0, 0xE4B8, 0xE4C0, 0x03C9, 0xE3C8, 0xC2C0,
  0xE3C0, 0xC3B8, 0xA3B0, 0xA4A8, 0xA598, 0x8578, 0x0250, 0x0138, 0x2228, 0x0118, 0x2108, 0x0210, 0x0310, 0x0210, 0x0118, 0x0138,
  0xA771, 0x79F6, 0x9DFF, 0xDEFF, 0xDEFF, 0xBEFF, 0x7EFF, 0xB4D4, 0x8458, 0x4338, 0x2218, 0x0318, 0x2420, 0x2428, 0x4338, 0xA450,
  0xA769, 0xF4CC, 0x5EFF, 0x9EFF, 0xBFFF, 0xDFFF, 0xDEFF, 0xBDFF, 0xEB9A, 0x0669, 0x4430, 0x2318, 0x0118, 0x8348, 0x2671, 0x77E5,
  0x7EFF, 0xDEFF, 0xBDF7, 0x5CFF, 0x75ED, 0x4589, 0x0168, 0xF7ED, 0xFFFF, 0xDFFF, 0xFFF7, 0xFFFF, 0x54CD, 0xC781, 0x0138, 0x0020,
  0x0118, 0x6338, 0x2659, 0x97DD, 0xBEFF, 0xBDFF, 0xBEFF, 0x9EFF, 0x7DFF, 0x31B4, 0x6659, 0x8430, 0x2310, 0x0308, 0x0308, 0x0308,
  0x2400, 0x0500, 0x0508, 0x0410, 0x2300, 0x2308, 0x0410, 0x0418, 0x0208, 0x0220, 0xE558, 0xF4CC, 0x9EFF, 0x9EFF, 0xDEFF, 0xDEF7,
  0x9EFF, 0x12CC, 0x2250, 0x0028, 0xC348, 0xA358, 0x14D5, 0xBEFF, 0x5DEF, 0xBEF7, 0xFEFF, 0x2EAC, 0xEBA2, 0xDBFE, 0xDFFF, 0xBEF7,
  0xDEFF, 0xBDFF, 0xF4E4, 0xA480, 0xA470, 0x72C4, 0xDEFF, 0xBEF7, 0xBEF7, 0xBEFF, 0xB6DD, 0xC781, 0x6158, 0x2148, 0x11BC, 0x7FFF,
  0xDFF7, 0xFFF7, 0xBEFF, 0xDAF6, 0xEFAB, 0x0351, 0x0028, 0x4248, 0xE588, 0x26A9, 0x8ABA, 0xD3E4, 0x7DFF, 0xBEFF, 0x9EFF, 0xBEFF,
  0xDFFF, 0xDFF7, 0xDFF7, 0xDFF7, 0x9DF7, 0xBEFF, 0xF8ED, 0x2DAB, 0xAA92, 0x4882, 0xE781, 0x8581, 0xA360, 0x8248, 0x4230, 0x0120,
  0x0220, 0x0118, 0x0120, 0x0030, 0x2158, 0xA388, 0xC4B0, 0xC4C8, 0xC4C8, 0xE3C8, 0xC3C0, 0xE6C0, 0xA4A8, 0x2178, 0x4158, 0x6140,
  0x0018, 0x0008, 0x0100, 0x0200, 0x0200, 0x2200, 0x0200, 0x0200, 0x0300, 0x2300, 0x2400, 0x2400, 0x4400, 0x4500, 0x4500, 0x8508,
  0xA608, 0x8608, 0x8508, 0x6508, 0x4400, 0x6408, 0x0721, 0x4829, 0xE618, 0xA510, 0xA510, 0xA510, 0xC610, 0x0721, 0x8931, 0xA931,
  0x8931, 0x6829, 0x6829, 0x8831, 0x8831, 0x8839, 0x8939, 0x6839, 0x4839, 0x4831, 0x0629, 0xA518, 0x8410, 0x8510, 0x6408, 0x4300,
  0x2300, 0x4300, 0x4300, 0x6400, 0x8400, 0x8400, 0xA400, 0xE600, 0x0601, 0x0601, 0xE600, 0xC500, 0xC500, 0xA500, 0xA500, 0xA500,
  0x4A2A, 0x4E4B, 0xF584, 0xF9A5, 0x19A6, 0x3AAE, 0x3AAE, 0xB89D, 0xD57C, 0x3264, 0x8F43, 0x4F43, 0x4F43, 0x2E3B, 0x0E3B, 0xAD32,
  0x4C22, 0x4C22, 0x4C22, 0x2B1A, 0x2B22, 0x4C22, 0x4C22, 0x6D2A, 0xAE32, 0xCE32, 0xEF3A, 0x0F3B, 0x303B, 0x5043, 0x7043, 0x703B,
  0xB14B, 0xF253, 0xF253, 0x335C, 0x745C, 0x745C, 0xB56C, 0x1675, 0x167D, 0xF674, 0x177D, 0x177D, 0x167D, 0xF674, 0x167D, 0x167D,
  0x167D, 0x377D, 0x577D, 0x5785, 0x788D, 0x7895, 0x9995, 0xBA9D, 0xFBA5, 0xBAA5, 0xF894, 0x5584, 0xD46B, 0x3153, 0xCF42, 0x4D32,
  0xEB21, 0x8919, 0xC610, 0xC610, 0xE618, 0xE528, 0x8338, 0x6238, 0x6238, 0x6240, 0x6248, 0x2150, 0x2168, 0x6288, 0xE5B0, 0x25B9,
  0x23B9, 0x03B9, 0xE4C8, 0xA4D0, 0xA4D0, 0x84C8, 0x63B0, 0xC5A0, 0x2591, 0xE470, 0x0228, 0x0318, 0x0410, 0x0310, 0x0220, 0x0661,
  0xCD92, 0x5EFF, 0xBEFF, 0xBDFF, 0xDEFF, 0x7DFF, 0x7AFE, 0x0992, 0x6250, 0x0028, 0x0120, 0x0128, 0x2440, 0x8550, 0x4B82, 0x15CD,
  0x5AE6, 0xFFFF, 0xDFFF, 0xBFF7, 0xBEFF, 0x9EFF, 0x3DFF, 0x71CC, 0x0469, 0x6338, 0x2318, 0x0318, 0x2238, 0x6679, 0x35DD, 0x7EFF,
  0xDEFF, 0xDDF7, 0xDDFF, 0x58FE, 0x8691, 0x4280, 0x4280, 0xD7E5, 0xFFFF, 0xDFF7, 0xFFFF, 0xFFFF, 0xF0BB, 0x6681, 0x0038, 0x0028,
  0x0138, 0xA448, 0x15C5, 0xBFFF, 0xBEFF, 0xDEFF, 0xBEFF, 0xBEFF, 0x14D5, 0x2559, 0x0120, 0x2310, 0x0408, 0x2508, 0x2508, 0x2400,
  0x0400, 0x0500, 0x0500, 0x0508, 0x0500, 0x2500, 0x2408, 0x0308, 0x0108, 0xA448, 0x6771, 0x18E6, 0xFFFF, 0xFFFF, 0xDEFF, 0xFEFF,
  0x97E5, 0x6989, 0x6340, 0x0020, 0x4148, 0xAFB3, 0x3DFF, 0xDFFF, 0xBEF7, 0xBEFF, 0x7BFF, 0xC99A, 0x6689, 0xF8F5, 0xDFFF, 0xDFF7,
  0xFFFF, 0xDEFF, 0x35E5, 0xA470, 0x0DAB, 0x3CFF, 0xBEFF, 0xDFFF, 0x9EF7, 0x5CFF, 0x4DA3, 0xA368, 0x0048, 0xAB8A, 0xBBFE, 0x39D6,
  0x38B6, 0x38BE, 0x1CF7, 0xB7DD, 0xE450, 0x0120, 0x0218, 0x2330, 0x4368, 0xE590, 0x2DC3, 0x9AFE, 0x9EFF, 0x5CFF, 0x59DE, 0x59C6,
  0x79BE, 0x59B6, 0x18BE, 0xD7BD, 0x38CE, 0xBBF6, 0x6B8A, 0x4771, 0x6248, 0x0138, 0x0030, 0x0030, 0x0020, 0x0010, 0x0018, 0x0230,
  0x0240, 0x0148, 0xA470, 0xC490, 0xC4A8, 0x05C1, 0xE4C0, 0xE3B8, 0x24B1, 0x0399, 0x4068, 0x4258, 0x2148, 0x0028, 0x0018, 0x0008,
  0x0100, 0x0200, 0x2300, 0x0300, 0x2400, 0x0300, 0x0300, 0x0300, 0x2300, 0x2300, 0x2400, 0x2400, 0x2400, 0x4500, 0x4500, 0x6500,
  0x4400, 0x2400, 0x2400, 0x2400, 0x4400, 0x4408, 0x8508, 0x8510, 0x8510, 0x6408, 0x8510, 0xA510, 0xC610, 0x2721, 0x6829, 0x4829,
  0x6829, 0x6829, 0x6829, 0x8831, 0x8831, 0x8939, 0x8939, 0x4831, 0x0731, 0x0729, 0xA518, 0x6408, 0x8410, 0xA510, 0x6408, 0x2300,
  0x2300, 0x6400, 0x4300, 0x6400, 0xA400, 0xC500, 0xC500, 0x0601, 0x2601, 0x0601, 0xE600, 0xC500, 0xA500, 0xA500, 0xA500, 0xA500,
  0x578D, 0x7474, 0xF25B, 0x2F43, 0x4B2A, 0x2B2A, 0x2B2A, 0x2B22, 0x2B22, 0x4C22, 0x4C22, 0x4C22, 0x0B1A, 0x0B1A, 0x2B1A, 0x0B1A,
  0x0C1A, 0x0C1A, 0x2C22, 0x4C22, 0x8D2A, 0xEE32, 0x0F3B, 0x0F3B, 0x3043, 0x7143, 0x5043, 0x5143, 0x924B, 0xB24B, 0xF253, 0x545C,
  0x7464, 0x7464, 0x9564, 0xB56C, 0xB56C, 0xD66C, 0xD56C, 0x956C, 0x956C, 0xB574, 0x956C, 0xD574, 0xF67C, 0xF67C, 0x377D, 0x3785,
  0x5785, 0x9885, 0xB88D, 0xD995, 0xDA9D, 0xFAA5, 0xFBA5, 0xFBA5, 0xDBA5, 0xBAA5, 0x399D, 0x967C, 0x335C, 0xF353, 0xB253, 0xB253,
  0xD35B, 0xB25B, 0xB263, 0x0F53, 0xEA31, 0xA929, 0x6831, 0x4731, 0x0621, 0x6310, 0x0200, 0x0210, 0x0218, 0x0230, 0x4348, 0x4148,
  0x4148, 0x4060, 0x2080, 0x20A8, 0x41C8, 0x61D8, 0x82D8, 0xA2D0, 0xC2C0, 0x05B1, 0x6979, 0x8630, 0x0310, 0x0320, 0x0238, 0x0982,
  0xBCFE, 0xBFFF, 0xDEF7, 0xFEFF, 0xFEFF, 0x5CFF, 0x10CC, 0xC470, 0x2158, 0x6148, 0xC350, 0xA771, 0x0C9B, 0x75DD, 0xBBF6, 0x7EFF,
  0xDFFF, 0xBEF7, 0xDEFF, 0xBEFF, 0x9EFF, 0x1CFF, 0x8B92, 0xE570, 0x8240, 0x2118, 0x0218, 0xC548, 0xE560, 0x14D5, 0x9EFF, 0xDFFF,
  0xBEF7, 0xDDFF, 0xD9F6, 0x6992, 0x4168, 0x4180, 0xE588, 0x18EE, 0xFFFF, 0xDFFF, 0xFFFF, 0x9EFF, 0x8BAA, 0xC378, 0x4158, 0x4160,
  0x2268, 0xF1C3, 0xBEFF, 0xDEEF, 0xDEEF, 0xBEF7, 0xFFFF, 0x95C5, 0xC869, 0x4338, 0x0210, 0x2300, 0x2500, 0x0508, 0x0608, 0x2600,
  0x0500, 0x0400, 0x2500, 0x0500, 0x0500, 0x0500, 0x2400, 0x2308, 0x0118, 0x8350, 0x92CC, 0x9EFF, 0xFCDE, 0x59C6, 0x5BE7, 0xFEFF,
  0x12CC, 0x0248, 0x2120, 0x6240, 0x4571, 0xB7E5, 0xDBDE, 0xD8B5, 0xF8C5, 0x5DFF, 0x33D5, 0xC260, 0x8368, 0x35E5, 0xDCE6, 0xF8B5,
  0x38BE, 0xF7C5, 0x18E6, 0x4D9B, 0x14CD, 0xDBEE, 0xF7C5, 0xF8BD, 0xFCEE, 0x38EE, 0x8258, 0x4160, 0x2579, 0x35D5, 0x1CEF, 0x76A5,
  0x96A5, 0x79CE, 0x18E6, 0x8B8A, 0x4438, 0x0318, 0x0310, 0x0220, 0x0140, 0x0892, 0x75FD, 0xD7F5, 0xF8ED, 0xF7E5, 0x18DE, 0x3DEF,
  0xDBCE, 0xF7AD, 0xD7B5, 0xD7C5, 0xBBEE, 0xCC92, 0x6340, 0x4220, 0x2118, 0x2118, 0x0220, 0x0230, 0x0230, 0x0130, 0x2250, 0x0689,
  0x05A1, 0x04A9, 0x04B1, 0x04C1, 0xE4C0, 0xE4B0, 0x0499, 0x6268, 0x4140, 0x4138, 0x0018, 0x0008, 0x2108, 0x0100, 0x2200, 0x2200,
  0x2300, 0x0300, 0x2400, 0x0400, 0x2408, 0x2400, 0x2400, 0x2400, 0x2400, 0x2400, 0x2400, 0x2500, 0x4500, 0x4500, 0x4500, 0x4500,
  0x2400, 0x2400, 0x4400, 0x6508, 0x8508, 0x8508, 0x6408, 0x4400, 0x6408, 0x6408, 0x6408, 0xC510, 0xE618, 0xE618, 0x0719, 0x0719,
  0x4829, 0x8931, 0x6829, 0x4729, 0x8931, 0xA939, 0x4831, 0x2729, 0x0729, 0xA518, 0x6410, 0x6410, 0x8408, 0x8408, 0x4400, 0x2300,
  0x4300, 0x6400, 0x8400, 0x8400, 0xC500, 0xE608, 0xE608, 0x2609, 0x2709, 0x2609, 0x0601, 0xE600, 0xC500, 0xC500, 0xC500, 0xC500,
  0x8C2A, 0x2B22, 0xEA19, 0xC911, 0xEA19, 0x0B1A, 0xCA11, 0xCA11, 0xCA11, 0xCA11, 0x0B1A, 0x0B1A, 0x0B1A, 0x0B1A, 0x2C22, 0x6D2A,
  0x8E2A, 0xAE32, 0xCF32, 0xEE32, 0x0E33, 0x2F3B, 0x4F3B, 0x2F3B, 0x5043, 0x914B, 0xB24B, 0xF353, 0x345C, 0x5464, 0x7464, 0x7464,
  0x7464, 0x5464, 0x335C, 0x335C, 0x345C, 0x7464, 0x7564, 0x956C, 0xD674, 0xD674, 0x167D, 0x3785, 0x5785, 0x5885, 0xB895, 0xD995,
  0xD995, 0xFA9D, 0xFA9D, 0xDA9D, 0xDA9D, 0xDA9D, 0xDA9D, 0xFA9D, 0xFA95, 0xD995, 0xD995, 0xB98D, 0xB885, 0x7885, 0xB674, 0x3474,
  0xF473, 0x5163, 0x105B, 0x5163, 0x5063, 0xAE52, 0xAA29, 0x0719, 0x6510, 0x2408, 0x0300, 0x0300, 0x0308, 0x0210, 0x0118, 0x0018,
  0x0120, 0x0040, 0x0068, 0x20A0, 0x81D0, 0x81E0, 0x81D8, 0xC2D0, 0xE3C0, 0xE4A0, 0xC550, 0x6420, 0x0218, 0x2130, 0xE358, 0xF2CC,
  0xDEFF, 0xDEF7, 0xFFF7, 0xFEF7, 0xDDFF, 0xB6E5, 0x4679, 0xC470, 0x0571, 0x4EB3, 0x92CC, 0x79F6, 0x5BFF, 0xFDFF, 0xDFFF, 0xBFFF,
  0xDEFF, 0xDEFF, 0xDDFF, 0x5CFF, 0x71C4, 0x6A9A, 0xC460, 0x2238, 0x2120, 0x2120, 0x0128, 0x4661, 0xD3CC, 0x9DFF, 0xDFF7, 0xBFFF,
  0x9EFF, 0x1BFF, 0x2CAB, 0x0058, 0x2060, 0x4168, 0x8AAA, 0xDBF6, 0xFFFF, 0xDFFF, 0xBFFF, 0xBFFF, 0x8EB3, 0xEBB2, 0x4DCB, 0xE9B1,
  0x6370, 0xB7E5, 0xBEF7, 0x38AE, 0x58B6, 0x96B5, 0x3BF7, 0x4C8B, 0x6338, 0x0328, 0x0310, 0x0400, 0x0400, 0x0508, 0x0500, 0x0600,
  0x2500, 0x0408, 0x0308, 0x4408, 0x0510, 0x0408, 0x2308, 0x0110, 0xC448, 0xA779, 0xF8E5, 0xFBDE, 0xD7B5, 0xD7B5, 0x3BE7, 0x55DD,
  0xC991, 0x4340, 0x2120, 0x2148, 0xAFB3, 0x9BEE, 0x77B5, 0x77A5, 0xD8C5, 0x97DD, 0x0982, 0x2148, 0x2150, 0xF5D4, 0x9BDE, 0x76A5,
  0xB7AD, 0x76AD, 0xDBDE, 0x5DEF, 0xFBE6, 0xD7BD, 0x96B5, 0x19C6, 0xD8DD, 0x0DAB, 0x8258, 0x0058, 0x6FBB, 0xBBEE, 0x18B6, 0xF8AD,
  0x76AD, 0xFCEE, 0xF4D4, 0x4258, 0x0328, 0x0410, 0x0310, 0x8438, 0x2469, 0x2481, 0xC7A1, 0x8691, 0x078A, 0x8669, 0x51A4, 0xBFFF,
  0xD7B5, 0x18BE, 0xB6B5, 0x9AEE, 0x15D5, 0xA450, 0x4230, 0x0108, 0x2210, 0x0118, 0x0138, 0x2258, 0xC588, 0xC598, 0x25A9, 0x05B9,
  0xC3B8, 0x23C1, 0x85C1, 0xA6B9, 0x86A1, 0x8260, 0x2138, 0x0018, 0x0108, 0x0310, 0x2308, 0x6200, 0x4200, 0x4300, 0x4300, 0x4400,
  0x4408, 0x6508, 0x8508, 0x6508, 0x6508, 0x6500, 0x6500, 0x6500, 0x6500, 0x6500, 0x8500, 0x8608, 0x8608, 0x8608, 0xA608, 0x6500,
  0x4400, 0xA608, 0xC610, 0xE718, 0xE710, 0xE610, 0xE618, 0xE610, 0xC610, 0xC618, 0x0719, 0x2721, 0x2721, 0x0619, 0x4829, 0x6829,
  0x6829, 0x6829, 0x6829, 0x8829, 0x6829, 0x4829, 0x4729, 0x0621, 0xA518, 0x8410, 0x6410, 0x8410, 0x8408, 0xA510, 0x6400, 0x6400,
  0x6400, 0x6400, 0xA508, 0xC508, 0xA400, 0xE608, 0x2609, 0x4709, 0x4709, 0x2709, 0x0609, 0xE600, 0xE600, 0xA500, 0xE600, 0xC500,
  0xA909, 0x6801, 0x8801, 0xA909, 0x8909, 0xA909, 0xEA11, 0x0B1A, 0x0B1A, 0x0B1A, 0x2C22, 0x4C22, 0x6D2A, 0x8D2A, 0x8E2A, 0xAE32,
  0xAE32, 0xCF32, 0xEF32, 0x0F3B, 0x4F43, 0x9043, 0xB14B, 0xD14B, 0xF253, 0xF353, 0xF253, 0x135C, 0xD253, 0xB14B, 0xD24B, 0xB14B,
  0x914B, 0xD24B, 0x335C, 0x545C, 0x5464, 0x7464, 0xB56C, 0xF674, 0x167D, 0x377D, 0x7885, 0xB995, 0xD995, 0xD995, 0xD99D, 0xD995,
  0x988D, 0x9895, 0x9995, 0x9995, 0x9995, 0xB99D, 0xD99D, 0xFA9D, 0x1A9E, 0x199E, 0xB88D, 0x7685, 0xF584, 0xB584, 0xD79C, 0xF8A4,
  0x979C, 0x1584, 0x936B, 0x1053, 0x4D3A, 0x6A19, 0x0809, 0xC708, 0x8608, 0x8618, 0xA620, 0x6520, 0x6430, 0x4338, 0x2240, 0x4358,
  0xA580, 0xE5A0, 0xA4B8, 0x83C8, 0xA3D8, 0x83C8, 0xE5C0, 0xE598, 0x2260, 0x2238, 0x2118, 0x0118, 0x0130, 0x8350, 0xC671, 0x7BFF,
  0xDDFF, 0xBEF7, 0xDFFF, 0xDFFF, 0x7DFF, 0xF3CC, 0xCFB3, 0xB7E5, 0x59EE, 0x3EFF, 0x7FFF, 0xBFFF, 0xFFFF, 0xDEFF, 0xBFFF, 0x7EFF,
  0x9EFF, 0xBEFF, 0x9AFE, 0x6EB3, 0x4679, 0x2150, 0x2138, 0x0018, 0x0220, 0x2130, 0x4561, 0xD2C4, 0xDFFF, 0xBFFF, 0xBFFF, 0xBFFF,
  0x3DFF, 0x4EAB, 0x4268, 0xE478, 0xE470, 0x6571, 0xF7ED, 0xFBE6, 0x39C6, 0xD8B5, 0xB7B5, 0x5DEF, 0x3CFF, 0xB9FE, 0xCBBA, 0xE480,
  0x14DD, 0xFBEE, 0x38BE, 0x559D, 0xB6AD, 0x7AE6, 0x54E5, 0xC771, 0x0220, 0x0310, 0x0410, 0x0408, 0x2408, 0x2400, 0x0400, 0x0500,
  0x0308, 0x0210, 0x4328, 0x4749, 0x8528, 0x0318, 0x2218, 0x0128, 0x4248, 0xD4D4, 0xBBE6, 0xF8B5, 0x18BE, 0x38C6, 0x9EFF, 0x90BB,
  0x4358, 0x2128, 0x8340, 0x6771, 0x76CD, 0xBBDE, 0x77B5, 0x98B5, 0xBCEE, 0xB0B3, 0x4350, 0x4238, 0x0130, 0x73BC, 0xDCE6, 0xD8B5,
  0xF9B5, 0x97AD, 0x1CCF, 0x9EDF, 0x59B6, 0xD7AD, 0x96BD, 0xDCEE, 0xF4D4, 0x6360, 0x8258, 0x8368, 0x15DD, 0xFCE6, 0xF7A5, 0x39B6,
  0xBBDE, 0xDBFE, 0xCFAB, 0x4130, 0x0310, 0x0510, 0x0410, 0x2218, 0xA230, 0x2140, 0x0058, 0x0058, 0x2471, 0x14CD, 0xDBE6, 0xF8C5,
  0x19C6, 0x39CE, 0x99D6, 0x79EE, 0x4A7A, 0x2238, 0x0128, 0x0228, 0x0240, 0x8470, 0x26A1, 0xE4A8, 0x24B9, 0x45C1, 0x24B9, 0x07D2,
  0xCAE2, 0x68C2, 0x6068, 0xC260, 0x4559, 0x2120, 0x2210, 0x2308, 0x2408, 0x4508, 0x6508, 0x6408, 0x6408, 0x6408, 0xA610, 0xE710,
  0x0711, 0x0711, 0xE610, 0xC608, 0xC508, 0xC608, 0xA600, 0xA600, 0xC708, 0xE708, 0xE710, 0xC708, 0xC710, 0xC708, 0x8600, 0x8600,
  0xC608, 0x2819, 0x2819, 0x2719, 0x0719, 0x4821, 0x2721, 0x2719, 0x4821, 0x8929, 0x8931, 0xA931, 0xA931, 0x8931, 0x8931, 0x8931,
  0x8929, 0x8929, 0x8931, 0xA931, 0x4729, 0x4729, 0x2729, 0xC518, 0x6410, 0xA510, 0x8410, 0x6408, 0xA510, 0x6408, 0x4400, 0x6400,
  0x6400, 0xA500, 0xC508, 0xC508, 0xC500, 0x0609, 0x4711, 0x2709, 0x2709, 0x0609, 0xE600, 0xE600, 0xC500, 0xA500, 0xC500, 0xA500,
  0x6801, 0xA909, 0xCA11, 0x0A12, 0x0B1A, 0x0B1A, 0x2B1A, 0x2C22, 0x4C22, 0x4C22, 0x6D2A, 0x6C2A, 0x8D2A, 0xCE32, 0xEF3A, 0xEF3A,
  0xEF3A, 0x103B, 0x5143, 0x7043, 0x7043, 0x7043, 0x7043, 0x5043, 0x5043, 0x5043, 0x7143, 0x7143, 0x914B, 0xD253, 0xD253, 0xF253,
  0x335C, 0x5464, 0x7464, 0xB56C, 0xF674, 0xF674, 0x177D, 0x5785, 0x5885, 0x7885, 0x7885, 0x3785, 0x3785, 0x788D, 0x788D, 0x788D,
  0xB995, 0xD99D, 0xB99D, 0xDA9D, 0xDA9D, 0xB99D, 0x9895, 0x7895, 0x7795, 0x7795, 0x7795, 0x5695, 0xF594, 0x9494, 0x138C, 0xB283,
  0x5173, 0xF062, 0xAF52, 0x4E42, 0x0D3A, 0x6A21, 0xAA29, 0xAA31, 0x4831, 0xE630, 0xC538, 0xE650, 0x2779, 0x0689, 0xE598, 0xE5B0,
  0xC4C8, 0xC4C8, 0xE4C0, 0xE4B8, 0x05B1, 0x6380, 0x4358, 0x4438, 0x0320, 0x0310, 0x2118, 0x2128, 0xC458, 0x2569, 0xD6E5, 0xDEFF,
  0xFEFF, 0xDFFF, 0x9FFF, 0xDFFF, 0xBEFF, 0xDBEE, 0x3CF7, 0xDFFF, 0x9EEF, 0xBCDE, 0x3BDE, 0x5BDE, 0x19D6, 0x19D6, 0xDBF6, 0x5DFF,
  0x7AF6, 0x0EA3, 0xC989, 0xA360, 0x4140, 0x4130, 0x0020, 0x2128, 0x4340, 0x0559, 0xB2BC, 0x1BF7, 0x38C6, 0xF9C5, 0xF9C5, 0x9EF7,
  0xF3BC, 0x0DAB, 0xB4D4, 0xB7E5, 0xD7D5, 0x37DE, 0x18D6, 0xF7B5, 0xB7A5, 0x97B5, 0x56B5, 0x1DF7, 0x8EAB, 0x09A2, 0x8378, 0x2581,
  0x1BFF, 0x59C6, 0xB7AD, 0xD8AD, 0x76AD, 0xBBFE, 0xACA2, 0x2140, 0x0110, 0x2308, 0x2510, 0x0410, 0x0400, 0x4300, 0x2300, 0x0310,
  0x0220, 0x4230, 0xA350, 0x4669, 0x8448, 0x0128, 0x0120, 0x6248, 0x4A92, 0x9AF6, 0xBBD6, 0x19BE, 0xD7B5, 0xFBDE, 0x56D5, 0x2779,
  0x6248, 0x8138, 0xA350, 0x35DD, 0xFBEE, 0x19C6, 0xB8BD, 0x9BD6, 0x97DD, 0x8879, 0x6448, 0x0120, 0x0220, 0xED92, 0xDCFE, 0xBBD6,
  0x19BE, 0xF9BD, 0x7BBE, 0x9BBE, 0x18AE, 0x18B6, 0x38CE, 0x39EE, 0x0982, 0x6358, 0x2148, 0x098A, 0x7AF6, 0xBBD6, 0x7AB6, 0xD8AD,
  0xDBDE, 0xD7DD, 0x087A, 0x4238, 0x0320, 0x0410, 0x2410, 0x0210, 0x2220, 0x4340, 0x8458, 0x2A8A, 0xB7DD, 0x3CF7, 0x59CE, 0x39C6,
  0x39C6, 0x39D6, 0x5DF7, 0x92B4, 0x8338, 0x4228, 0x0118, 0x0028, 0x8470, 0x26B1, 0xA4B0, 0xE3B0, 0xC198, 0xC5B1, 0x0BCB, 0xA260,
  0x2461, 0xA240, 0x0441, 0xB7CD, 0x4E73, 0x2308, 0x4408, 0x8510, 0x8508, 0x8500, 0xA500, 0xC610, 0xA510, 0xC610, 0x2719, 0x4919,
  0x6919, 0x0811, 0xC608, 0xE608, 0xE608, 0xE708, 0xC600, 0xC708, 0x0809, 0x2811, 0xE708, 0xE710, 0xC708, 0x8500, 0x6500, 0x0711,
  0x2811, 0x4819, 0x4819, 0x4819, 0x2819, 0x2819, 0x6821, 0x8929, 0x8929, 0x8931, 0x8931, 0x8931, 0x8931, 0x8931, 0x8829, 0x6829,
  0x6829, 0x6829, 0x4829, 0x4721, 0x4729, 0x2721, 0xC518, 0x6408, 0x6408, 0x8408, 0x8410, 0xA510, 0xA510, 0x4300, 0x6400, 0x8400,
  0x8400, 0xC508, 0xC508, 0xC500, 0xE508, 0x0609, 0x4711, 0x2609, 0x0601, 0xE600, 0xC500, 0xC500, 0xA500, 0xA500, 0xA500, 0xA500,
  0xEA19, 0x0B22, 0x2B22, 0x2B22, 0x2B22, 0x0B22, 0x2B22, 0x2C22, 0x6C2A, 0x8D2A, 0xAD32, 0xAD32, 0xCE32, 0x0F3B, 0x0F3B, 0x0F3B,
  0x5043, 0x303B, 0xEF32, 0xEE32, 0x0F3B, 0x0F3B, 0x2F3B, 0x0F3B, 0x303B, 0x914B, 0x924B, 0xB24B, 0xD353, 0x345C, 0x5464, 0x9464,
  0xD674, 0xF674, 0xD674, 0xD674, 0xF674, 0xF674, 0xF674, 0xF674, 0xF674, 0xF674, 0x377D, 0x988D, 0xB995, 0xB995, 0xFA9D, 0xD99D,
  0xB995, 0x9995, 0xB995, 0x788D, 0x5785, 0x5785, 0x5785, 0x1785, 0x178D, 0xF684, 0x957C, 0x3374, 0xF273, 0xF27B, 0x9173, 0x716B,
  0x716B, 0x3063, 0x6C4A, 0xCA41, 0xEB59, 0xCA59, 0x0749, 0x4338, 0xA458, 0x6781, 0x4691, 0x0599, 0x05B1, 0xE4B8, 0xA3C0, 0xA3C8,
  0x04C1, 0x24B1, 0xC390, 0x2058, 0x4148, 0x0128, 0x0118, 0x0110, 0x0218, 0x0220, 0x0130, 0x2148, 0x8250, 0x31B4, 0xBFFF, 0xDFFF,
  0xDFFF, 0xFFFF, 0xDFF7, 0x5EE7, 0x3AC6, 0x5AC6, 0x5AC6, 0x18B6, 0xF8B5, 0xB7AD, 0x97B5, 0xD8D5, 0xFCFE, 0xBBFE, 0xF2D4, 0x2C9B,
  0x8C92, 0x0761, 0x0238, 0x0130, 0x0020, 0x4130, 0xE448, 0x8761, 0xEC92, 0xF7DD, 0x5CF7, 0x79CE, 0x76AD, 0xB8B5, 0x1DDF, 0xDFF7,
  0xFBEE, 0xFCFE, 0xBBEE, 0x9ADE, 0x79CE, 0x78C6, 0xB7B5, 0x18A6, 0xF8A5, 0xF9BD, 0xD8C5, 0xFCFE, 0xC889, 0x2160, 0x2571, 0x55E5,
  0x1CF7, 0x39C6, 0xD8AD, 0xF9B5, 0x9ADE, 0xB8E5, 0x4779, 0x0130, 0x0110, 0x2300, 0x0408, 0x0508, 0x2508, 0x0300, 0x0210, 0x0238,
  0x8458, 0x4671, 0x699A, 0x079A, 0x8260, 0x0038, 0x4140, 0xA358, 0xD3CC, 0xBBE6, 0xF9C5, 0xF9BD, 0x18C6, 0x1CF7, 0x90AB, 0x2348,
  0x0038, 0x6148, 0xCB92, 0x1BF7, 0xBADE, 0x39C6, 0xF9CD, 0xFCEE, 0xD4CC, 0x4250, 0x0230, 0x4418, 0x0218, 0x8769, 0xD8E5, 0x1DE7,
  0x5AC6, 0x7BCE, 0x7BC6, 0x5BC6, 0x5AC6, 0x79BE, 0xDAEE, 0x14DD, 0xA358, 0x4248, 0x2148, 0x4EA3, 0xDCF6, 0x18C6, 0x5AC6, 0x39C6,
  0x1CE7, 0x75D5, 0x6679, 0x2258, 0x0138, 0x0120, 0x0220, 0x2438, 0xA658, 0x4769, 0xB3C4, 0x5EFF, 0xFCEE, 0x38CE, 0x79CE, 0x7AC6,
  0x39C6, 0xDBEE, 0x59F6, 0x6661, 0x6230, 0x2218, 0x0120, 0x4158, 0x66A1, 0x84A0, 0xE8C1, 0x33FD, 0xF6FD, 0x71CC, 0xC340, 0x0118,
  0x2210, 0x0000, 0xC941, 0x7FF7, 0xEA39, 0x4300, 0x8508, 0xC508, 0xC608, 0xE608, 0x0609, 0x0509, 0x4719, 0x6821, 0x2819, 0xE710,
  0xC710, 0x0811, 0x2811, 0x0709, 0x0709, 0x0709, 0xE700, 0xE700, 0xE700, 0xE708, 0xE708, 0xC600, 0x8500, 0xA600, 0x0709, 0x4811,
  0x4819, 0x2811, 0x4819, 0x6921, 0x6921, 0x6921, 0xAA29, 0xCA31, 0x8929, 0x8931, 0x8829, 0x8829, 0x6829, 0x6829, 0x4721, 0x4829,
  0x6829, 0x4829, 0x2721, 0x2721, 0x0719, 0xA510, 0x6408, 0xA510, 0xA510, 0x8408, 0x8510, 0xA510, 0x8408, 0x6400, 0x6400, 0xA508,
  0xC508, 0xE508, 0xC508, 0xC508, 0x2611, 0x0609, 0x0609, 0x0601, 0xE600, 0xC600, 0xA500, 0xA500, 0x8500, 0xA500, 0x8400, 0x8500,
  0x0A22, 0x0B22, 0x0B22, 0x2B22, 0x6C2A, 0x6D2A, 0x8D32, 0xAD32, 0x8D32, 0x8D32, 0xAD32, 0xAD32, 0xAD32, 0x8D2A, 0x8D2A, 0x8D2A,
  0x8D2A, 0xAD2A, 0xCE32, 0xEF32, 0x0F3B, 0x5043, 0x914B, 0xB24B, 0xF353, 0x135C, 0x145C, 0x7564, 0x7564, 0x5464, 0x946C, 0x946C,
  0x7464, 0x7464, 0x746C, 0x5464, 0x7464, 0xD674, 0x167D, 0x377D, 0x5885, 0x5885, 0x7885, 0x5785, 0x5785, 0x588D, 0x578D, 0x3785,
  0x3785, 0x3785, 0x3785, 0x377D, 0x577D, 0x377D, 0x377D, 0x5885, 0x588D, 0xF684, 0x7474, 0xF263, 0x925B, 0x715B, 0xEF5A, 0x8D5A,
  0x4B5A, 0xE959, 0xA861, 0x6669, 0x8781, 0x4681, 0x2691, 0x2599, 0x05A1, 0xE4A8, 0xE4B0, 0xE4B8, 0xC4B0, 0xC3B0, 0xE4B8, 0xE3A8,
  0x4160, 0x4148, 0x2138, 0x0020, 0x0018, 0x0018, 0x0128, 0x2238, 0xE450, 0xE458, 0xA979, 0x53D4, 0xD7E5, 0x9EF7, 0x39C6, 0xD8BD,
  0x19C6, 0x18B6, 0x17B6, 0xF8B5, 0xD9BD, 0xD8B5, 0xF8AD, 0x19AE, 0x18A6, 0x58A6, 0x7DE7, 0x38E6, 0x6A92, 0xC789, 0x4579, 0x8350,
  0x0128, 0x2320, 0x0218, 0x0220, 0xE550, 0xD4CC, 0xF8E5, 0xB6DD, 0xDAEE, 0x98D6, 0x38BE, 0xF8BD, 0xF9BD, 0xF9B5, 0x59BE, 0x79C6,
  0x99CE, 0x78CE, 0x38BE, 0xF7BD, 0xFADE, 0xFBD6, 0xDBCE, 0x5AAE, 0x19AE, 0xF8AD, 0x59C6, 0x1DF7, 0xA779, 0x0030, 0x8551, 0xBAE6,
  0x59DE, 0x3AC6, 0x3ABE, 0x19BE, 0x1DEF, 0xB3CC, 0x2669, 0x0230, 0x0110, 0x2208, 0x0308, 0x2510, 0x0418, 0x2420, 0x4338, 0x2669,
  0x4A9A, 0xB3DC, 0xB9FE, 0xEBCA, 0x8280, 0x6268, 0x6260, 0xAFB3, 0xBAF6, 0x79CE, 0x1AC6, 0x1AC6, 0x3DF7, 0xB3C4, 0x4769, 0x2230,
  0x4240, 0xC368, 0x70B4, 0x9DFF, 0x9AD6, 0x39CE, 0x3DF7, 0x34C5, 0x6669, 0x6340, 0x0210, 0x4410, 0x0320, 0xA458, 0xB3C4, 0x7EF7,
  0x9BCE, 0x7CD6, 0x7CD6, 0x7CD6, 0x7BD6, 0xDAD6, 0x18E6, 0xE881, 0x6248, 0x0130, 0x2140, 0x2D9B, 0x1CF7, 0x7ACE, 0xBBCE, 0x7BCE,
  0x7AD6, 0xFBFE, 0xEFC3, 0xA370, 0x0369, 0x2459, 0x2551, 0xEA79, 0xB5DC, 0x39EE, 0x5CF7, 0xFBE6, 0xBAD6, 0xBACE, 0x9BCE, 0x9BCE,
  0x1CE7, 0x79EE, 0x4A82, 0xC450, 0x0120, 0x2318, 0x4240, 0x45B1, 0xE5B8, 0xC8B1, 0x55F5, 0x1CFF, 0x9BE6, 0x2639, 0x0108, 0x4410,
  0x2300, 0x2621, 0x7BCE, 0xDDD6, 0x6721, 0xC508, 0xE608, 0x0609, 0x0711, 0x0719, 0x2819, 0x6711, 0x6719, 0x4819, 0x0811, 0xE710,
  0xC710, 0xE708, 0xE708, 0xE700, 0xE700, 0xE708, 0xE700, 0xE700, 0xE700, 0xC600, 0xA600, 0xA600, 0x0709, 0x4811, 0x2811, 0x4811,
  0x6919, 0x4819, 0x4919, 0x6921, 0x4821, 0xAA29, 0xCA31, 0x8929, 0x8929, 0x8929, 0x8931, 0x8931, 0x6829, 0x4829, 0x6829, 0x8929,
  0x8929, 0x4829, 0x2721, 0xE610, 0xC610, 0xA510, 0xA510, 0x8508, 0x8508, 0xC610, 0xA510, 0x6408, 0x8408, 0x8508, 0x8408, 0xC508,
  0xE610, 0xE508, 0xE608, 0x0609, 0x4711, 0x0611, 0xE508, 0xE600, 0xE600, 0xC500, 0xA500, 0x8500, 0x8400, 0xA500, 0x6400, 0x8400,
  0x4C2A, 0x4C2A, 0x6C2A, 0x6D2A, 0x6C2A, 0x4D2A, 0x6D2A, 0x4D2A, 0x4D22, 0x4C22, 0x2C22, 0x6C22, 0x8D2A, 0xAD2A, 0xCE2A, 0xEE32,
  0x0F33, 0x503B, 0x703B, 0x7043, 0x714B, 0xB14B, 0xD253, 0xF25B, 0x135C, 0x135C, 0xF35B, 0xF35B, 0xF35B, 0xD253, 0xF25B, 0x135C,
  0x5464, 0x956C, 0xB674, 0xB674, 0xB674, 0xF67C, 0xF67C, 0xF67C, 0xF67C, 0xD674, 0xD674, 0xD674, 0xD674, 0xF67C, 0xF674, 0xF674,
  0x577D, 0x5885, 0x3885, 0x377D, 0x387D, 0x177D, 0xD674, 0xB674, 0x7474, 0xF26B, 0xF16B, 0x7063, 0xEF5A, 0x8D5A, 0x0B5A, 0xC969,
  0x8879, 0x4689, 0x4699, 0x25A1, 0x25A9, 0x25A9, 0x25A9, 0x25A9, 0x25A1, 0xE490, 0x8380, 0x6270, 0x4260, 0x4258, 0x4350, 0x4248,
  0x0118, 0x0210, 0x0318, 0x0220, 0x2030, 0x6148, 0x8368, 0x0679, 0x32CC, 0xD7E5, 0x19EE, 0x1EFF, 0xBFFF, 0x9ABE, 0xF69D, 0xD7A5,
  0x77A5, 0xB8B5, 0x1CEF, 0x7DF7, 0x5DEF, 0x38BE, 0x39B6, 0x39AE, 0x59A6, 0x38A6, 0xBACE, 0xBAFE, 0x0579, 0x2280, 0x0258, 0x2228,
  0x2310, 0x2310, 0x0210, 0x0120, 0x2559, 0x19F6, 0x9EFF, 0x9ADE, 0x99D6, 0x17B6, 0x38B6, 0x5ABE, 0x1ABE, 0xF9BD, 0x19B6, 0xD6AD,
  0x98CE, 0x1AEF, 0x7CF7, 0x5CFF, 0xFAF6, 0xDADE, 0x1CDF, 0x7BCE, 0x3ABE, 0x58B6, 0x3BDF, 0xD8DD, 0x2551, 0x0028, 0x8659, 0x7ADE,
  0xBBD6, 0x3AC6, 0x7BCE, 0x19C6, 0x5DFF, 0xD4CC, 0xC460, 0x0240, 0x2128, 0x0118, 0x0218, 0x0328, 0x4440, 0xA450, 0xE871, 0x75DD,
  0x5CFF, 0x9DFF, 0x71CC, 0xE490, 0xC4A8, 0xE5A0, 0x2268, 0x35E5, 0xFCF6, 0x58BE, 0xBBCE, 0x5AD6, 0xDCFE, 0xAD9A, 0x0238, 0x2128,
  0x4240, 0x2DAB, 0x7CFF, 0x1CE7, 0xBBD6, 0xDCDE, 0x9EFF, 0x31B4, 0x0240, 0x4328, 0x2408, 0x2408, 0x0320, 0x2248, 0x31BC, 0x7DFF,
  0xBCD6, 0x9DD6, 0xBEDE, 0xBDD6, 0xBBD6, 0x3CF7, 0x72C4, 0x8350, 0x2230, 0x0120, 0x2240, 0x0D9B, 0x5CFF, 0xFBD6, 0x1CCF, 0xBCD6,
  0x5BD6, 0x1CEF, 0x1CFF, 0xB6E5, 0xD6DD, 0xF6D5, 0x18DE, 0x9BEE, 0xDCF6, 0xBCF6, 0xDCE6, 0xBBDE, 0x3CDF, 0xFBD6, 0xFDDE, 0xBCDE,
  0x7DFF, 0x33D5, 0x8350, 0x4438, 0x0320, 0x0220, 0x4160, 0x44C9, 0xA3B8, 0xAAB2, 0x3CFF, 0x9EFF, 0x57C5, 0x2208, 0x4300, 0x4308,
  0x0000, 0x6E6B, 0xFFFF, 0x5ACE, 0x8408, 0x0619, 0xE710, 0x0819, 0x2819, 0x4921, 0x6921, 0x4919, 0x2811, 0x0811, 0x0809, 0xE708,
  0xC708, 0xC708, 0xE708, 0xE708, 0xE708, 0xE708, 0xE708, 0xE708, 0xC700, 0xA600, 0xC600, 0xE708, 0x4811, 0x6919, 0x4811, 0x8919,
  0x4819, 0x4819, 0x4819, 0x6821, 0x8929, 0xAA31, 0xA931, 0x6829, 0x8931, 0x8A39, 0x6931, 0x6929, 0x6929, 0x8929, 0x6929, 0x6821,
  0x2821, 0x0719, 0xE718, 0xA608, 0x8508, 0x8508, 0x8508, 0x8508, 0x8508, 0xC610, 0x8508, 0x8508, 0xA510, 0x8508, 0xA508, 0xA510,
  0xC610, 0xE610, 0xE610, 0xE610, 0x0711, 0x0611, 0xE608, 0xE608, 0xC608, 0xA500, 0x8500, 0x8400, 0x8400, 0x8400, 0x8400, 0x8300,
  0x2C2A, 0x4C2A, 0x2C22, 0x0B22, 0x0B1A, 0x0B1A, 0x0B1A, 0x2C22, 0x6D22, 0x6D2A, 0xAD32, 0xCE32, 0xCE32, 0xEE32, 0x2F3B, 0x503B,
  0x7043, 0x9143, 0x9043, 0x9143, 0x914B, 0x914B, 0x714B, 0x5043, 0x3043, 0x704B, 0x914B, 0x914B, 0xB153, 0xF25B, 0x135C, 0x3464,
  0x5464, 0x5464, 0x3464, 0x3364, 0x335C, 0x135C, 0x5464, 0x746C, 0x956C, 0xB674, 0x956C, 0xB674, 0xD674, 0xF674, 0xF674, 0xF674,
  0xF674, 0xD674, 0xB56C, 0x956C, 0x546C, 0x3464, 0xF36B, 0xD36B, 0x916B, 0x717B, 0xCE6A, 0xEA59, 0xCA71, 0xCA79, 0xC979, 0xA989,
  0x8789, 0x8799, 0x67A1, 0x2699, 0xC598, 0x8488, 0x0358, 0x2350, 0x0240, 0x0130, 0x0128, 0x0120, 0x0118, 0x0118, 0x0118, 0x0118,
  0x0110, 0x0218, 0x0438, 0xC668, 0xE580, 0x2591, 0xF0E3, 0x55FD, 0x17FE, 0x13DD, 0x71C4, 0xB3B4, 0x3DEF, 0xF8B5, 0x18AE, 0x39AE,
  0x19BE, 0xDCE6, 0x39EE, 0x6D9B, 0xBAF6, 0x1CEF, 0x18BE, 0x19AE, 0x3AAE, 0x3AB6, 0xF9C5, 0x5AE6, 0x59FE, 0x69A2, 0x4268, 0x2130,
  0x2310, 0x2410, 0x0318, 0x0120, 0x6240, 0x497A, 0xDBEE, 0x9BDE, 0xF8C5, 0x9ACE, 0x39BE, 0x59BE, 0x18C6, 0x1CEF, 0xFCF6, 0x3DFF,
  0xF8F5, 0xB4D4, 0x8FB3, 0xCCA2, 0xA779, 0xF0A3, 0xFDE6, 0x9CDE, 0x7BCE, 0x99CE, 0x5CF7, 0x8FAB, 0x2240, 0x0030, 0x6769, 0x3AE6,
  0x9BDE, 0x7BD6, 0x9BD6, 0x9BCE, 0x3CE7, 0xBBF6, 0x6A8A, 0x4150, 0x0040, 0x6248, 0xE458, 0x6669, 0xCC92, 0x97E5, 0x5AEE, 0x5DF7,
  0xDADE, 0xB6C5, 0x14DD, 0xB2EC, 0x49CA, 0xE380, 0x50C4, 0xDBF6, 0xFDEE, 0xBCCE, 0xBBCE, 0x1CFF, 0xAFB3, 0xA350, 0x0028, 0xA340,
  0xA350, 0xB6E5, 0xBDFF, 0x1BDF, 0xFCE6, 0x5DF7, 0xF8DD, 0xC871, 0x8440, 0x0210, 0x2408, 0x0408, 0x0320, 0x0130, 0x2DA3, 0x1CFF,
  0xFCDE, 0xFDDE, 0xFDDE, 0xFDE6, 0xDBE6, 0xD7DD, 0x097A, 0x6338, 0x2218, 0x0210, 0x8340, 0xCC92, 0x59EE, 0xFBE6, 0xFCDE, 0xDCE6,
  0xFDEE, 0xDCE6, 0x3CEF, 0x1CE7, 0xDBE6, 0x1BEF, 0x1BEF, 0x1CE7, 0x99D6, 0x1CE7, 0x7DEF, 0x5CEF, 0x1BDF, 0x9EEF, 0x5DEF, 0x5DF7,
  0x79E6, 0x2872, 0x0238, 0x0320, 0x0220, 0x6248, 0x0491, 0xC3C0, 0xE7C9, 0x75ED, 0x9DFF, 0x5AD6, 0xA841, 0x2308, 0x4300, 0x2200,
  0xE839, 0x7EF7, 0x9FF7, 0x5ACE, 0xC510, 0x4721, 0x4821, 0x4921, 0x8A29, 0x6A21, 0x2819, 0x2911, 0x0811, 0xE708, 0xE708, 0xE708,
  0xC700, 0xC708, 0xE708, 0x0809, 0x0809, 0xC700, 0xC700, 0xC700, 0xC600, 0xC700, 0x2809, 0x4811, 0x8919, 0x8919, 0x8919, 0x6919,
  0x4819, 0x4819, 0x6921, 0xAA29, 0xAA31, 0x8929, 0x6829, 0x6829, 0x8931, 0x8931, 0x6931, 0x4829, 0x4829, 0x6929, 0x4821, 0x4821,
  0x0719, 0xC610, 0xA610, 0xA608, 0x8508, 0x8508, 0x8508, 0x8508, 0xC610, 0x8508, 0x6400, 0xA510, 0x8408, 0xA508, 0xC610, 0xC510,
  0xA508, 0xC610, 0xE610, 0x0711, 0x0719, 0x0611, 0xE610, 0xC608, 0xC608, 0xA500, 0x8500, 0x8400, 0x8400, 0x8400, 0x8400, 0x8400,
  0xCA19, 0xCA19, 0x0B22, 0x6C2A, 0x6D2A, 0x6D2A, 0x8D2A, 0xAE32, 0xCE32, 0xCE32, 0xCE32, 0xCE32, 0x0F3B, 0x0F3B, 0x0F3B, 0x2F3B,
  0x0F3B, 0x0F33, 0xCE2A, 0xEE32, 0xEF3A, 0xEF3A, 0x0F3B, 0x5043, 0x914B, 0xB14B, 0xB14B, 0xD253, 0xD253, 0xD253, 0xD253, 0xB253,
  0xB24B, 0xB14B, 0xB253, 0xF353, 0x335C, 0x335C, 0x5464, 0x7464, 0x756C, 0xB56C, 0xD674, 0xD674, 0xB56C, 0x9564, 0x745C, 0x3354,
  0x3354, 0xF253, 0x1254, 0x335C, 0x3464, 0x556C, 0x1474, 0x5163, 0xCF62, 0x6E6A, 0x2C6A, 0xEB69, 0xCA69, 0x2751, 0xA438, 0xA330,
  0xA330, 0x6230, 0x6230, 0x6338, 0x4340, 0x2330, 0x6420, 0x4418, 0x4518, 0x2410, 0x0308, 0x0308, 0x0300, 0x0300, 0x0300, 0x0308,
  0xA530, 0x0859, 0xC768, 0x0781, 0x0691, 0x2699, 0xE8A1, 0x289A, 0x27A2, 0x6491, 0x488A, 0xD6CD, 0x9AD6, 0x1AC6, 0x1AC6, 0x19AE,
  0x5ACE, 0xDCFE, 0xE981, 0x0148, 0xE879, 0xF8E5, 0xFBE6, 0x39C6, 0x5AC6, 0x3BC6, 0xFAC5, 0xF9CD, 0xBBE6, 0x99EE, 0x4792, 0x6250,
  0x2428, 0x0418, 0x2310, 0x0228, 0x6148, 0xC771, 0xBBEE, 0xFDE6, 0x7BCE, 0x3ACE, 0x9BDE, 0x3CEF, 0x99EE, 0x59FE, 0x8FB3, 0x6B92,
  0xCA89, 0x4879, 0x2348, 0x2358, 0x8460, 0xD4C4, 0x1DE7, 0x9CCE, 0x1CD7, 0xFAD6, 0x3CF7, 0x4EAB, 0x2238, 0x0128, 0x6869, 0x3AEE,
  0xBCE6, 0x7BD6, 0xDCD6, 0xFCD6, 0xBACE, 0x3DF7, 0xDBF6, 0xD2C4, 0xCEA3, 0xF2C4, 0x16E6, 0x78EE, 0x79E6, 0x1CF7, 0x1DEF, 0xDCE6,
  0xFCEE, 0xDBEE, 0xD7F5, 0x69B2, 0xE388, 0x2471, 0x17E6, 0x5DFF, 0x9CE6, 0xDEE6, 0x5EF7, 0x5AFE, 0xC991, 0x2140, 0x2030, 0x8358,
  0x4EB3, 0xFCF6, 0x7EF7, 0x3DEF, 0xDBEE, 0x3CFF, 0xD0B3, 0x6340, 0x2320, 0x0308, 0x0300, 0x0308, 0x0318, 0x2330, 0xC979, 0xD8ED,
  0x5DFF, 0x1CE7, 0x1CE7, 0xFBEE, 0x1CFF, 0xF0B3, 0x6340, 0x0220, 0x4310, 0x2308, 0x4330, 0x6769, 0x15DD, 0x1CFF, 0xDBEE, 0x3DEF,
  0xFCE6, 0xFBDE, 0x3CDF, 0x1CD7, 0x5DDF, 0x3CDF, 0xFBE6, 0xDBEE, 0x5DF7, 0x1BFF, 0x58E6, 0x95CD, 0x1BF7, 0xBEF7, 0x7CF7, 0x3BF7,
  0x92BC, 0xC448, 0x2428, 0x0418, 0x0128, 0x8168, 0x44B9, 0x62B0, 0x69BA, 0x1BFF, 0xBFFF, 0xB8BD, 0x0000, 0x6410, 0x2200, 0x2A42,
  0xDBD6, 0xBFF7, 0xBFF7, 0x5AC6, 0xA410, 0x6821, 0x8921, 0x8A21, 0x6921, 0x2819, 0x0811, 0xE708, 0x0809, 0x0809, 0xE708, 0xC700,
  0xE708, 0xE708, 0xE708, 0xE708, 0xE708, 0xC700, 0xE700, 0xE708, 0x0709, 0x2811, 0x4911, 0x8919, 0x8919, 0x8919, 0x8919, 0x4819,
  0x6919, 0x8921, 0xAA29, 0xAA29, 0x8929, 0x6829, 0x6829, 0x8931, 0x6829, 0x2829, 0x6929, 0x6929, 0x4821, 0x2721, 0x0719, 0x0719,
  0xC610, 0x8610, 0x8508, 0xA608, 0xA608, 0x8508, 0x8508, 0xA508, 0x8508, 0x6408, 0x8508, 0xA510, 0x8408, 0xC510, 0xC610, 0xA510,
  0xA508, 0xC510, 0x0611, 0x0719, 0x0611, 0x0611, 0xE608, 0xC508, 0xA500, 0x8500, 0x8500, 0xA500, 0x8400, 0x8400, 0x8400, 0x8400,
  0x2B22, 0x6C2A, 0x6C2A, 0x4C2A, 0x4C2A, 0x6D2A, 0xAD32, 0xAE32, 0xAE32, 0xAE32, 0x8D2A, 0x8D2A, 0xAE32, 0xAD2A, 0x8D2A, 0x8D2A,
  0xAD2A, 0xCE2A, 0xCD2A, 0xEE32, 0x0F3B, 0x5043, 0x5043, 0x5043, 0x5043, 0x5043, 0x503B, 0x7043, 0x7043, 0x5043, 0x7043, 0x7143,
  0xB14B, 0xF253, 0x135C, 0x545C, 0x7464, 0x956C, 0x956C, 0x956C, 0x345C, 0xD353, 0xB24B, 0xD24B, 0xD24B, 0xD24B, 0xB243, 0xD243,
  0x7454, 0x955C, 0xB564, 0x1675, 0xF674, 0x756C, 0xD363, 0x715B, 0x5163, 0xCE62, 0x0B4A, 0xEB49, 0x0B42, 0xCA39, 0x8929, 0xA921,
  0xA821, 0x6719, 0x0611, 0x4721, 0xCA39, 0x0B42, 0xA929, 0xA608, 0x2400, 0x0500, 0x2500, 0x0508, 0x0500, 0x0400, 0x0400, 0x0300,
  0x4418, 0x8640, 0x4440, 0x4338, 0x2138, 0x2248, 0x0140, 0x0048, 0x0058, 0x4070, 0x8992, 0x7CF7, 0x59C6, 0x3BCE, 0x3CCE, 0x9BCE,
  0xFBEE, 0x8EAB, 0x4358, 0x6350, 0x2238, 0x4661, 0xB7DD, 0x3DF7, 0x39CE, 0x7CCE, 0x7CCE, 0x7CD6, 0xBBD6, 0x1ADF, 0x98F6, 0xEC9A,
  0x8558, 0x0338, 0x0220, 0xA440, 0xE460, 0x76E5, 0x1CEF, 0xFCDE, 0xDBCE, 0xFCE6, 0x3DFF, 0xAFB3, 0x498A, 0xC779, 0x8350, 0x0240,
  0x0338, 0x0430, 0x0220, 0x0130, 0x0561, 0x19DE, 0x3EE7, 0xFDD6, 0x1CD7, 0x3BE7, 0x3CFF, 0x4A92, 0x0228, 0x0118, 0x4751, 0xD8DD,
  0x3DF7, 0xFCDE, 0xFCCE, 0x5DD7, 0x5DDF, 0xDCE6, 0x3CEF, 0xBDFF, 0x5CF7, 0x5CF7, 0x9DFF, 0x5CF7, 0x3CF7, 0x1CEF, 0xFBEE, 0x1CEF,
  0x5DFF, 0xF4DC, 0xC889, 0x4170, 0x8278, 0xCFC3, 0x5DFF, 0xDCF6, 0x1DF7, 0x5EF7, 0x9EFF, 0x11BC, 0x2350, 0x0130, 0xA350, 0xA468,
  0xF5E4, 0x5EFF, 0x3EFF, 0x1DF7, 0x9DFF, 0xB2C4, 0xA458, 0xA538, 0x2310, 0x2400, 0x0400, 0x0408, 0x0310, 0x2428, 0xA550, 0xF5DC,
  0x7EFF, 0x3CEF, 0x1BEF, 0x7DFF, 0x55D5, 0xA450, 0xC540, 0x0208, 0x2400, 0x2410, 0x0320, 0x6340, 0x6B92, 0x97ED, 0x5DFF, 0xFCEE,
  0x3CE7, 0x9DEF, 0x3CE7, 0x5DEF, 0x5DEF, 0x3CEF, 0x5DFF, 0xBBFE, 0xD5E4, 0xB0C3, 0x2569, 0x10B4, 0x1CFF, 0xDAEE, 0xBCFF, 0x94E5,
  0xE458, 0x4438, 0x0308, 0x0310, 0x2250, 0xE2A0, 0x81B8, 0x09D2, 0xD7F5, 0x5CFF, 0x5AD6, 0x4A42, 0x4308, 0x2208, 0x6308, 0x1CD7,
  0xBFF7, 0x7EEF, 0xDFF7, 0x3AC6, 0xA510, 0x8929, 0x2819, 0x4919, 0x0811, 0x0811, 0x2811, 0x0809, 0xE708, 0xC700, 0xE708, 0x0709,
  0x0809, 0x0709, 0xE708, 0xE700, 0xC700, 0xC700, 0xE708, 0x0809, 0x4811, 0x4911, 0x8919, 0x8919, 0x6919, 0x6811, 0x6819, 0x4819,
  0x8921, 0xAA29, 0xAA29, 0x6921, 0x6929, 0x6829, 0x6829, 0x6829, 0x4829, 0x4829, 0x2829, 0x0721, 0x2721, 0x2821, 0xC610, 0xC610,
  0xA610, 0xA508, 0x8508, 0x8508, 0xA608, 0xA608, 0xA508, 0xA508, 0x4400, 0x8408, 0xC510, 0x8508, 0xA510, 0xC510, 0xC510, 0xA510,
  0xC510, 0xE610, 0x0619, 0x0611, 0x0611, 0xE508, 0xC508, 0xA500, 0xA500, 0x8500, 0x8400, 0xA500, 0x8400, 0x8400, 0x8400, 0x8400,
  0x4C2A, 0x2B22, 0x2B22, 0x2B22, 0x2C22, 0x2C22, 0x2B22, 0x2C22, 0x2C22, 0x4C22, 0x4C22, 0x6C2A, 0x4C22, 0x6D2A, 0xAE2A, 0xCE32,
  0xEE32, 0x0F33, 0x0F33, 0x0F3B, 0x0F3B, 0xEE32, 0xCE32, 0xEE32, 0xEE32, 0xEF32, 0x303B, 0x503B, 0x9143, 0xB14B, 0xB14B, 0xD24B,
  0xF253, 0xD253, 0xD253, 0xB24B, 0x9143, 0x9143, 0x7043, 0x503B, 0x7143, 0xD24B, 0xD34B, 0xD34B, 0x134C, 0x755C, 0xB664, 0xD664,
  0x955C, 0x134C, 0xD243, 0xF24B, 0xB243, 0x713B, 0x7143, 0x7143, 0x914B, 0x9153, 0x7053, 0x7053, 0x514B, 0x514B, 0x1043, 0x0F3B,
  0xCE3A, 0xAE3A, 0x6D32, 0x6921, 0xC710, 0xC610, 0xA508, 0x4400, 0x2400, 0x2500, 0x0500, 0x0500, 0x0500, 0x0408, 0x0408, 0x0308,
  0x0310, 0x0210, 0x0108, 0x0000, 0x2108, 0x0208, 0x0218, 0x0128, 0x0038, 0x6571, 0xF8ED, 0xFAE6, 0x79CE, 0x5BCE, 0x7CDE, 0xDCE6,
  0x99EE, 0xE779, 0x2240, 0x0328, 0x2320, 0x4338, 0x2661, 0xF4CC, 0x1CF7, 0x9BCE, 0xFDD6, 0xBCD6, 0xBBD6, 0xBAD6, 0xFBE6, 0x79FE,
  0x6B9A, 0x8468, 0x2248, 0x4771, 0x52D4, 0xDBFE, 0xBADE, 0xDBE6, 0x3CE7, 0x5DFF, 0x6FB3, 0x0679, 0x6358, 0x2130, 0x4228, 0x2218,
  0x2310, 0x2308, 0x2208, 0x0120, 0x0551, 0xF8DD, 0x3EEF, 0xFDDE, 0x1CDF, 0x5BEF, 0x58EE, 0xA771, 0x0220, 0x0210, 0xC540, 0x15C5,
  0x7EFF, 0x3CE7, 0x7DDF, 0x5CD7, 0x5DDF, 0x5DEF, 0x1CE7, 0x3DE7, 0x1DE7, 0x1DEF, 0xFDEE, 0xFDF6, 0xFCF6, 0xFCFE, 0x7DFF, 0x17DE,
  0xCB9A, 0x0579, 0x2158, 0x0158, 0xA789, 0xB7E5, 0x3CFF, 0x3CFF, 0x7CFF, 0xDDFF, 0xF6DD, 0x2982, 0x4240, 0x2138, 0x2158, 0xECB2,
  0x59FE, 0x7BFE, 0x16DD, 0x59F6, 0x38EE, 0xAB92, 0x8440, 0x2320, 0x2408, 0x2400, 0x0400, 0x0400, 0x0408, 0x0410, 0x0438, 0x53CC,
  0x5EFF, 0xDEFF, 0xBDFF, 0x1BFF, 0xD0AB, 0x6440, 0x2420, 0x2408, 0x2500, 0x2508, 0x0310, 0x0220, 0xA550, 0xA871, 0xB4C4, 0xBFFF,
  0x9EFF, 0x7EFF, 0x5DFF, 0x7DFF, 0x5DFF, 0x7AF6, 0x92C4, 0x8BA2, 0x4791, 0x2268, 0x4AA2, 0xD8F5, 0x35D5, 0x58F6, 0x36EE, 0x8992,
  0x8448, 0x0420, 0x2410, 0x0128, 0x6278, 0x24C9, 0x81B0, 0xECC2, 0xDBFE, 0x7DFF, 0xB8B5, 0x2200, 0x2200, 0x0A3A, 0x79C6, 0x7EEF,
  0x7EF7, 0xBEF7, 0xBFF7, 0x77AD, 0xA508, 0x4819, 0x0711, 0x0811, 0x0811, 0x0811, 0xE708, 0xE708, 0x0709, 0x0709, 0xE708, 0xE708,
  0xE708, 0xE708, 0xE708, 0xE708, 0xE708, 0x0809, 0x2811, 0x6919, 0x8A19, 0xAA19, 0x8919, 0x8919, 0x6811, 0x4811, 0x6819, 0x8921,
  0x8A21, 0x8921, 0x6921, 0x6821, 0x6929, 0x6829, 0x4829, 0x4829, 0x4829, 0x2821, 0x2829, 0x4821, 0x2719, 0x0719, 0xA508, 0xA508,
  0xA608, 0xA610, 0xA510, 0x8508, 0xA508, 0xA508, 0x8508, 0x8400, 0x8508, 0x8408, 0xA510, 0xA408, 0xA510, 0xA510, 0xA510, 0xA508,
  0xC510, 0x0619, 0x0619, 0x0611, 0xE610, 0xC508, 0xC508, 0xA500, 0xA400, 0x8400, 0x8400, 0xA500, 0x8400, 0x8400, 0x8400, 0x8400,
  0xEA19, 0xEA19, 0xEA19, 0x0A1A, 0x0B1A, 0x0B22, 0x0B1A, 0x2C22, 0x4C22, 0x6C2A, 0x8D2A, 0xAD32, 0xAE32, 0xAE32, 0xCE32, 0xCE32,
  0xAD2A, 0xAD2A, 0xAD2A, 0xAE2A, 0xAE32, 0xAE32, 0xEF32, 0x0F3B, 0x303B, 0x303B, 0x7043, 0x7143, 0x7143, 0x7143, 0x303B, 0x0F33,
  0xEF32, 0xCE2A, 0xEE32, 0xEE32, 0x0F33, 0x7143, 0x9143, 0xB24B, 0xF353, 0x3454, 0x555C, 0x9664, 0x755C, 0x144C, 0xD343, 0xB23B,
  0x913B, 0x502B, 0x5033, 0x9133, 0xD23B, 0x344C, 0x544C, 0x7554, 0xD664, 0x176D, 0x166D, 0xD564, 0xD564, 0x955C, 0xF24B, 0x7143,
  0xEF32, 0x4C22, 0x0B22, 0x8911, 0x2709, 0x0701, 0x0701, 0x2709, 0x2809, 0x2811, 0xA610, 0x4508, 0x2410, 0x2318, 0x2218, 0x0120,
  0x0128, 0x0020, 0x0018, 0x0118, 0x2218, 0x0308, 0x2310, 0x2218, 0xE448, 0xD0A3, 0x5EFF, 0x7AD6, 0xBACE, 0xDCD6, 0xBCDE, 0xFCFE,
  0x6DA3, 0x0459, 0x0228, 0x2410, 0x0310, 0x2320, 0x4238, 0x2559, 0x14CD, 0x7DFF, 0xFCE6, 0x1DDF, 0x1DE7, 0xDCDE, 0xFBDE, 0x1CEF,
  0x59F6, 0xA889, 0x6378, 0x87A1, 0x18FE, 0xDAF6, 0x3CE7, 0xFCF6, 0x1CFF, 0x31C4, 0x4779, 0x8450, 0x2228, 0x0208, 0x2308, 0x2400,
  0x2400, 0x4400, 0x2300, 0x0218, 0x0551, 0xD8DD, 0xBFFF, 0x3CE7, 0x7CEF, 0x9CF7, 0x70AC, 0x0451, 0x0218, 0x2318, 0x6438, 0x0A82,
  0x18EE, 0x9EFF, 0x9DF7, 0x9DE7, 0xBEEF, 0x9EE7, 0x5EF7, 0x5EFF, 0x5EF7, 0x7EF7, 0x7EF7, 0x5EFF, 0x3DFF, 0x55DD, 0x8EAB, 0xE879,
  0x8248, 0x2138, 0x0030, 0x8250, 0x72CC, 0xFBFE, 0x3CFF, 0x99FE, 0x33DD, 0x36F6, 0x8DAB, 0x8250, 0x2030, 0x8358, 0xA380, 0x4CD3,
  0x0FD4, 0x299A, 0xC899, 0x8AAA, 0x699A, 0xE558, 0x0218, 0x0410, 0x0508, 0x0500, 0x2500, 0x2400, 0x0400, 0x0408, 0x4538, 0x0871,
  0xAD92, 0x4E9B, 0x2D93, 0xEC92, 0x4761, 0x2430, 0x0418, 0x0510, 0x0500, 0x2500, 0x4400, 0x0208, 0x4228, 0xA448, 0xC969, 0x4E93,
  0x4F93, 0x70B3, 0x90BB, 0xAFAB, 0xEC92, 0x4A8A, 0x8771, 0xA360, 0x6260, 0x6168, 0x71DC, 0x92DC, 0xCBA2, 0xB6F5, 0x6992, 0xA348,
  0x2328, 0x2418, 0x2120, 0x8268, 0x24B9, 0x81B0, 0xA6B1, 0xB6F5, 0xFBFE, 0x39D6, 0xC831, 0x2100, 0xC831, 0x9BCE, 0xDFEF, 0x3CEF,
  0x7EFF, 0xBFF7, 0x9FF7, 0xB494, 0xA508, 0x2711, 0x2811, 0x0811, 0xE708, 0xE708, 0xE708, 0x0709, 0xE708, 0xE700, 0x0709, 0x2809,
  0x0809, 0x0709, 0xE700, 0xE700, 0x0809, 0x2811, 0x6911, 0x8A19, 0xAA21, 0xAA21, 0x6919, 0x6919, 0x6919, 0x6919, 0x8919, 0x8921,
  0x8921, 0x6921, 0x6821, 0x4821, 0x6821, 0x4821, 0x4821, 0x2721, 0x2721, 0x2821, 0x2821, 0x0719, 0xE610, 0xC610, 0xA508, 0xA608,
  0xA608, 0xA508, 0x8508, 0x8508, 0xA608, 0x8500, 0x4400, 0x6400, 0xA510, 0xA508, 0xA408, 0xA510, 0xA510, 0xA510, 0xA508, 0xA508,
  0xC510, 0xE610, 0xE610, 0xE510, 0xC508, 0xC508, 0xC508, 0xA500, 0x8400, 0x8400, 0xA400, 0xA500, 0xA500, 0x8400, 0x8400, 0xA500,
  0xEA19, 0xEA19, 0x0A22, 0x0B22, 0x4B22, 0x4C2A, 0x4C22, 0x6D2A, 0x8D2A, 0x6D2A, 0x4C2A, 0x6C2A, 0x6C2A, 0x4C22, 0x4C22, 0x6C22,
  0x8D22, 0x8D2A, 0x8D2A, 0xAE2A, 0xEF3A, 0xEF3A, 0xEF3A, 0xEF32, 0xCE32, 0xAE2A, 0xAD22, 0x6D22, 0x4C1A, 0x6D1A, 0x6D22, 0xAD22,
  0xEF32, 0x303B, 0x9143, 0x7143, 0xB24B, 0x1354, 0x1354, 0x3454, 0x3454, 0xF34B, 0x713B, 0x513B, 0x5033, 0x5033, 0x302B, 0x2F2B,
  0xB13B, 0x1344, 0x7554, 0xB65C, 0xD75C, 0x1865, 0x386D, 0x386D, 0x797D, 0x597D, 0xF774, 0x9564, 0x334C, 0xD243, 0x713B, 0x3033,
  0xAE2A, 0x6E22, 0x4D1A, 0x0C1A, 0x2C12, 0x0C1A, 0xAB19, 0xCB19, 0xCA19, 0xCA19, 0x8821, 0x2731, 0xA440, 0xA460, 0xE580, 0xE590,
  0xE598, 0xE488, 0x0589, 0x0679, 0x2340, 0x0218, 0x0218, 0x2228, 0xC869, 0x5AEE, 0xFDE6, 0xDCDE, 0xFCDE, 0xFBD6, 0x7DF7, 0xD7ED,
  0x4569, 0x0020, 0x2218, 0x2410, 0x0318, 0x2318, 0x0118, 0x6238, 0x8771, 0xF1BB, 0x7EFF, 0x3CEF, 0x1DE7, 0x3EEF, 0x5DE7, 0x1BDF,
  0x3DF7, 0x5BF6, 0xCCBA, 0xA280, 0x079A, 0x78FE, 0x5DFF, 0x1EFF, 0x15ED, 0x0471, 0xA450, 0x2220, 0x2410, 0x2400, 0x2500, 0x2500,
  0x2500, 0x2400, 0x2400, 0x2218, 0x2551, 0xB7DD, 0x9EFF, 0x9DF7, 0x5CF7, 0x1BFF, 0xEB8A, 0x6338, 0x0210, 0x0310, 0x0228, 0x6450,
  0x4771, 0xD5D4, 0x1DFF, 0x7EFF, 0x7DFF, 0xBEFF, 0xBEFF, 0x7DF7, 0x9DFF, 0x7DFF, 0xFBFE, 0x51C4, 0xAB9A, 0x6771, 0x8348, 0x2230,
  0x0218, 0x0118, 0x0138, 0x4789, 0xEDD2, 0x8BB2, 0xCBAA, 0x4AA2, 0x4791, 0x0AA2, 0x4779, 0x0130, 0x0128, 0xE560, 0xC899, 0x6589,
  0xC370, 0x6370, 0x4268, 0x0168, 0x8360, 0x4338, 0x0208, 0x0408, 0x0508, 0x0500, 0x2500, 0x2400, 0x0400, 0x0400, 0x2418, 0x2320,
  0x0220, 0x0118, 0x0010, 0x2218, 0x0218, 0x0308, 0x0400, 0x0500, 0x2500, 0x2500, 0x2400, 0x2308, 0x0210, 0x0220, 0x0120, 0x0018,
  0x2330, 0x4550, 0x0348, 0x2338, 0x0128, 0x0120, 0x0128, 0x2038, 0x0040, 0x48A2, 0xEEDB, 0x48AA, 0xAFD3, 0x6681, 0xE458, 0x2120,
  0x0210, 0x0220, 0x2150, 0x04B1, 0xC3C0, 0xC7C1, 0x55F5, 0xDBF6, 0x3DF7, 0x36B5, 0x0000, 0xA731, 0x7ACE, 0x5DF7, 0x7EF7, 0xBAEE,
  0x96CD, 0xFFFF, 0xFCDE, 0x4B42, 0xE610, 0x2711, 0x0709, 0xE708, 0xE708, 0x0709, 0x2711, 0x2809, 0xE700, 0xE708, 0x2809, 0x0809,
  0xE708, 0x0809, 0x2809, 0x4911, 0x6911, 0x4911, 0x6919, 0x8A19, 0x8A19, 0x8919, 0x6919, 0x6919, 0x6919, 0x6919, 0x8919, 0x8921,
  0x6921, 0x6921, 0x4821, 0x4821, 0x4821, 0x2821, 0x2721, 0x2721, 0x2721, 0x2821, 0x0721, 0xE718, 0xC610, 0xA608, 0xA508, 0xA508,
  0x8508, 0x8508, 0x8508, 0xA508, 0x8400, 0x4400, 0x6400, 0xA508, 0x8408, 0x8408, 0xA408, 0xA510, 0xC510, 0x8408, 0xA408, 0xC510,
  0xE610, 0xE610, 0xE510, 0xC510, 0xC508, 0xA508, 0xC508, 0xA400, 0x8400, 0x8400, 0xA400, 0xA400, 0xC500, 0xA500, 0x8400, 0x8400,
  0x2B22, 0x2B22, 0x4B2A, 0x4B2A, 0x4C22, 0x4B22, 0x2B22, 0x2B22, 0x4C22, 0x2C22, 0x0B22, 0xEB19, 0x0B22, 0x6C2A, 0x6D2A, 0x6D2A,
  0xAD2A, 0xCE32, 0xCE32, 0xAE32, 0x8E2A, 0x6D2A, 0x2C22, 0x0C1A, 0x0B1A, 0x0B12, 0x2C1A, 0x6D1A, 0xAD22, 0xEF2A, 0x0F33, 0x713B,
  0xB243, 0xB24B, 0xB24B, 0x713B, 0x7143, 0x503B, 0x0F33, 0xEF2A, 0x0F2B, 0x0F33, 0x3033, 0x713B, 0x913B, 0xD243, 0x5454, 0x955C,
  0xB664, 0x1765, 0x586D, 0x386D, 0x5975, 0x5975, 0x186D, 0xB664, 0x355C, 0xD34B, 0xB24B, 0xB24B, 0xD243, 0xD343, 0xB243, 0xD343,
  0xB34B, 0xD34B, 0xB24B, 0x5143, 0x3043, 0xF042, 0xAF4A, 0x8E4A, 0xCE5A, 0x8D62, 0xE961, 0xA879, 0x2691, 0xE5A8, 0xC5C0, 0x83C0,
  0xA3C8, 0xC4C8, 0xC5B8, 0xE690, 0x0230, 0x0108, 0x4228, 0x2559, 0x15D5, 0x7EFF, 0xFDE6, 0xFDDE, 0x3DDF, 0x3CE7, 0xBAF6, 0xAB92,
  0xA350, 0x0018, 0x0110, 0x2330, 0xA658, 0x0128, 0x0218, 0x0220, 0x4348, 0x0669, 0x4EA3, 0xFBFE, 0x5DFF, 0x5DEF, 0x7DEF, 0x7DE7,
  0x5EF7, 0x5EFF, 0xDBFE, 0xEEC3, 0x2381, 0x0792, 0x96ED, 0xB8ED, 0x8789, 0xC460, 0x2128, 0x2310, 0x2400, 0x0600, 0x0608, 0x0608,
  0x2500, 0x0400, 0x0400, 0x0320, 0x2661, 0x35E5, 0x79FE, 0x75DD, 0xEFBB, 0xD8FD, 0x2A92, 0x0340, 0x0418, 0x0300, 0x0210, 0x4338,
  0x8558, 0x6871, 0x6C92, 0x53C4, 0xF9F5, 0xBBF6, 0x7AF6, 0x39F6, 0x14D5, 0x6CA3, 0x8992, 0x6571, 0x2148, 0x0230, 0x6430, 0x2418,
  0x0308, 0x0208, 0x8548, 0x2791, 0x47A9, 0x8480, 0x6358, 0x4248, 0x6348, 0x4440, 0x0428, 0x0310, 0x0210, 0x2328, 0x6440, 0x0230,
  0x2138, 0x6240, 0x2138, 0x0240, 0x2338, 0x0318, 0x0310, 0x0308, 0x0410, 0x0408, 0x0400, 0x2400, 0x0400, 0x0300, 0x0308, 0x2308,
  0x0318, 0x0210, 0x0108, 0x0208, 0x0308, 0x2400, 0x4400, 0x2400, 0x2508, 0x0408, 0x0300, 0x0300, 0x0310, 0x2318, 0x4310, 0x2310,
  0x2218, 0x0328, 0x2430, 0x2328, 0x4418, 0x2308, 0x0210, 0x0128, 0x8781, 0x6ABA, 0x2591, 0xC7A1, 0x6689, 0x2248, 0x2230, 0x0210,
  0x0110, 0x2140, 0xC398, 0xE3C8, 0x81A8, 0xCBBA, 0x1CFF, 0x3DEF, 0x39CE, 0x4531, 0x084A, 0x9AD6, 0x3CEF, 0x3DFF, 0x18EE, 0xCFA3,
  0xBAEE, 0xDFFF, 0x19BE, 0xA408, 0x0611, 0x0711, 0x0809, 0x0709, 0xE708, 0x0709, 0x0709, 0x2809, 0x4911, 0x4811, 0x0709, 0xE700,
  0x2809, 0x4811, 0x6911, 0x6911, 0x8919, 0x6A19, 0x6919, 0x6919, 0x6919, 0x6919, 0x8919, 0x8919, 0x8919, 0x8919, 0x8919, 0x6919,
  0x6919, 0x4819, 0x4819, 0x4821, 0x4821, 0x4821, 0x2721, 0x2721, 0x2721, 0xE718, 0xC610, 0xA610, 0xA508, 0xA608, 0xA508, 0xA508,
  0x8500, 0x8500, 0x8508, 0x8500, 0x4400, 0x6400, 0xA508, 0xA508, 0x8408, 0x8408, 0xA408, 0xA510, 0xC510, 0x8408, 0xA508, 0xE510,
  0x0619, 0x0611, 0xE510, 0xC508, 0xA408, 0xA408, 0xA408, 0x8400, 0x8400, 0x8400, 0xA400, 0xA400, 0x8400, 0x8400, 0xA500, 0x8500,
  0x2A22, 0x0A22, 0xEA19, 0xC911, 0xEA19, 0xEA19, 0xEA19, 0x0B1A, 0x2B22, 0x4C22, 0x4C2A, 0x6D2A, 0x6C2A, 0x2C22, 0x2C22, 0x4C22,
  0x2B1A, 0x0B1A, 0xEA11, 0xCA11, 0xAB11, 0xCB11, 0xEB19, 0x2C1A, 0x8D22, 0xAE2A, 0xCE2A, 0x0F2B, 0x0F2B, 0x5033, 0x503B, 0x503B,
  0x2F33, 0xCE2A, 0xCE2A, 0x8D22, 0x8D22, 0x8D22, 0xCE2A, 0x3033, 0x3033, 0x913B, 0xF34B, 0x3454, 0x955C, 0xD66C, 0xF76C, 0xF76C,
  0xF76C, 0xF76C, 0xD664, 0x7554, 0x3454, 0x144C, 0xB243, 0x713B, 0x9243, 0xD24B, 0xF34B, 0x1454, 0x7664, 0xB76C, 0xB664, 0xD76C,
  0xB66C, 0x9674, 0xB684, 0x548C, 0x128C, 0x708B, 0xCE8A, 0xCA79, 0xC989, 0xC9A1, 0x47A9, 0x05B1, 0x05C1, 0xE4C8, 0xC3C8, 0xA3C8,
  0x82D0, 0xA3D8, 0x84B0, 0x0258, 0x0210, 0x4210, 0x2120, 0x0872, 0xDBFE, 0x9EFF, 0x3DEF, 0x1DE7, 0x5DE7, 0x7DFF, 0x55DD, 0xA460,
  0x2230, 0x0110, 0x2228, 0x0681, 0x0691, 0x4360, 0x0230, 0x0318, 0x0320, 0x4338, 0x8350, 0xF0BB, 0xDBFE, 0x9EFF, 0x9EF7, 0x9EE7,
  0x7EEF, 0x9EFF, 0xBEFF, 0x7CFF, 0xD2DC, 0x0489, 0xA380, 0x0489, 0xC470, 0x4238, 0x2218, 0x2300, 0x2500, 0x0600, 0x0600, 0x0500,
  0x2400, 0x0400, 0x0408, 0x0328, 0x0569, 0x31E4, 0xAFD3, 0xABB2, 0x6691, 0x2AB2, 0x2779, 0x2430, 0x0410, 0x4508, 0x4308, 0x0210,
  0x2328, 0x2230, 0x2238, 0xE660, 0x8879, 0xA769, 0x8769, 0xE558, 0x6350, 0x6350, 0x0138, 0x2130, 0x2118, 0x2210, 0x0410, 0x0408,
  0x0400, 0x2308, 0x8530, 0x4348, 0x0350, 0x2238, 0x2220, 0x0210, 0x0208, 0x2310, 0x0408, 0x2400, 0x6408, 0x0208, 0x0210, 0x0210,
  0x0210, 0x0110, 0x0110, 0x0310, 0x0308, 0x0308, 0x0310, 0x0310, 0x0308, 0x0308, 0x0300, 0x0400, 0x0300, 0x0200, 0x0308, 0x2410,
  0x0318, 0x0308, 0x0208, 0x0308, 0x0310, 0x0408, 0x4400, 0x2308, 0x0300, 0x0408, 0x2508, 0x0408, 0x0400, 0x2408, 0x2300, 0x2300,
  0x4408, 0x2308, 0x0208, 0x0308, 0x4408, 0x6408, 0x0310, 0x8540, 0xCA89, 0x6789, 0x4360, 0x8458, 0x0230, 0x4328, 0x2318, 0x0208,
  0x2228, 0x8378, 0xC3C0, 0xA1B8, 0x48BA, 0x18FE, 0xFCEE, 0xBCD6, 0x0842, 0xE320, 0x9AE6, 0x1CF7, 0x1BF7, 0x39F6, 0xE999, 0xAB9A,
  0x5CFF, 0xFFFF, 0x19BE, 0x8408, 0xE610, 0x0709, 0x0809, 0x0809, 0x0709, 0x0709, 0x2709, 0x4811, 0x4809, 0x0701, 0x0709, 0x4911,
  0x4911, 0x4911, 0x4911, 0x6911, 0x8911, 0x6919, 0x6919, 0x6919, 0x6919, 0x8919, 0x6919, 0x6919, 0x6919, 0x6919, 0x6919, 0x4819,
  0x4819, 0x4819, 0x4819, 0x4821, 0x4821, 0x4821, 0x2721, 0x0721, 0xE618, 0xA610, 0xA610, 0xA610, 0xA608, 0xA608, 0xA508, 0x8500,
  0x8500, 0x8500, 0x6500, 0x6400, 0x6400, 0x8508, 0xA508, 0x8408, 0xA408, 0xA508, 0xA508, 0x8408, 0x8408, 0xA408, 0xC510, 0xE610,
  0xE510, 0xE510, 0xC508, 0xC508, 0xA408, 0xA400, 0xA400, 0x8400, 0x8400, 0x8400, 0x8400, 0x8400, 0x6400, 0x8500, 0xA500, 0x8500,
  0xC919, 0xEA19, 0xEA19, 0x0A1A, 0x2B22, 0x2B22, 0x2B22, 0x2C22, 0x4C22, 0x4C2A, 0x2C22, 0x0B22, 0xEB19, 0xCA11, 0xAA11, 0xA911,
  0xA911, 0xAA11, 0xEA19, 0xEB19, 0x0C1A, 0x4D22, 0xAE2A, 0xCE2A, 0xEF2A, 0xEF2A, 0xEF2A, 0xCE22, 0x8D22, 0x8D1A, 0x4C12, 0x2C12,
  0x2C12, 0x2C12, 0x6D1A, 0xCE22, 0x3033, 0x713B, 0x9143, 0xF34B, 0x334C, 0x5454, 0x755C, 0x755C, 0xD664, 0xD664, 0x755C, 0x5454,
  0x3454, 0xF24B, 0xB243, 0xB243, 0x913B, 0xB243, 0x3454, 0x555C, 0x755C, 0xD664, 0x176D, 0x1875, 0xF884, 0xF884, 0x398D, 0x5995,
  0x179D, 0xD5A4, 0xB09B, 0x8B8A, 0x4A9A, 0xE8A1, 0x67A1, 0x06A1, 0x06A1, 0xC5A0, 0xC4A8, 0xE5B0, 0xE5B0, 0xA3A8, 0x04B1, 0x45D1,
  0x62D0, 0xA3D0, 0xE5A0, 0x0130, 0x2210, 0x2220, 0x0551, 0x34CD, 0x7DFF, 0x5EFF, 0x7DF7, 0x9EF7, 0xBFFF, 0x9AF6, 0x098A, 0x6350,
  0x0220, 0x0118, 0x2248, 0xC5A0, 0xA3B0, 0xA5A0, 0x0460, 0x0328, 0x2310, 0x2218, 0x8340, 0xA458, 0x6EA3, 0x3DFF, 0x9EFF, 0xDFF7,
  0xBEEF, 0xBEF7, 0xDEF7, 0xBEF7, 0x5DFF, 0x14F5, 0x65A1, 0xA290, 0x8360, 0x0128, 0x6318, 0x4408, 0x0500, 0x0500, 0x0500, 0x2500,
  0x2500, 0x2408, 0x0408, 0x2320, 0x0569, 0xCFDB, 0x08A2, 0x2158, 0x4360, 0xE668, 0x8438, 0x0308, 0x0510, 0x0508, 0x2400, 0x2300,
  0x0208, 0x0208, 0x0218, 0x2430, 0x0338, 0x4330, 0x2220, 0x0120, 0x2228, 0x4430, 0x2320, 0x0210, 0x2308, 0x2400, 0x2400, 0x0400,
  0x0300, 0x2308, 0x0208, 0x0210, 0x0218, 0x0210, 0x2208, 0x2310, 0x0310, 0x0308, 0x0410, 0x0310, 0x2210, 0x0218, 0x2328, 0x2320,
  0x2220, 0x2120, 0x0120, 0x0220, 0x2310, 0x2218, 0x0228, 0x0228, 0x0220, 0x0220, 0x0320, 0x0320, 0x0220, 0x0120, 0x2228, 0x2330,
  0x0330, 0x0228, 0x0220, 0x0328, 0x0330, 0x0328, 0x0320, 0x0220, 0x0218, 0x0208, 0x0308, 0x0308, 0x0408, 0x0408, 0x0408, 0x0300,
  0x0300, 0x2400, 0x4400, 0x2300, 0x2400, 0x0408, 0x0518, 0xE848, 0xA648, 0x0230, 0x2330, 0x0218, 0x0208, 0x2308, 0x2318, 0x0220,
  0x4258, 0xE4A8, 0x81B8, 0x23B1, 0x90E4, 0x1CFF, 0x3EEF, 0xB8B5, 0xE839, 0x7AD6, 0x1BFF, 0xFAFE, 0x58F6, 0x299A, 0x2270, 0x2DB3,
  0x9DFF, 0x7EEF, 0xB073, 0x6300, 0x4819, 0x2811, 0x0809, 0x0709, 0x2809, 0x4811, 0x4811, 0x2809, 0x0809, 0x2809, 0x6911, 0x6911,
  0x4911, 0x4811, 0x4811, 0x6911, 0x6911, 0x6911, 0x4911, 0x6911, 0x8919, 0x8919, 0x6919, 0x6919, 0x6919, 0x6919, 0x6919, 0x4811,
  0x4819, 0x4819, 0x4819, 0x4821, 0x4821, 0x4721, 0x0619, 0xC610, 0xA510, 0xA610, 0xC610, 0xC610, 0xA508, 0x8500, 0x6400, 0x8500,
  0x8500, 0x6400, 0x4400, 0x8400, 0x8408, 0x8408, 0x8408, 0x8408, 0xA508, 0xA510, 0xA410, 0x8408, 0x6308, 0xC510, 0xE510, 0xE510,
  0xC510, 0xC510, 0xC508, 0xA408, 0xA400, 0x8400, 0xA400, 0x8300, 0x8400, 0xA400, 0x8400, 0x8400, 0x6400, 0x6400, 0x6400, 0x8500,
  0x0B22, 0x0B22, 0x0B22, 0x0B22, 0xEB19, 0xEA19, 0xCA19, 0xCA11, 0xA911, 0xA911, 0x8911, 0x6809, 0x8911, 0xAA11, 0xCA11, 0xEB19,
  0x0B1A, 0x2C22, 0x6D2A, 0x8D2A, 0x8D2A, 0x8D2A, 0x8D22, 0x8D1A, 0x4C12, 0x2B12, 0x2B12, 0x0B12, 0xEB11, 0xEB11, 0xEB11, 0x2C1A,
  0xAE22, 0x1033, 0x513B, 0xB243, 0xD243, 0xF34B, 0x3454, 0x144C, 0x5554, 0x5554, 0x144C, 0x344C, 0xF34B, 0xD243, 0xB243, 0x713B,
  0x913B, 0xB243, 0xD243, 0x134C, 0x7554, 0xB664, 0xF76C, 0xF76C, 0xF774, 0x387D, 0x387D, 0x1885, 0x1895, 0xF89C, 0xD79C, 0x1394,
  0x0F8B, 0xAC92, 0xE989, 0x2589, 0x0591, 0xE498, 0xC498, 0x0691, 0xA991, 0x0E9B, 0x2E93, 0x0F93, 0xCE9A, 0x8CA2, 0x29BA, 0x44C1,
  0xA3C8, 0xC3A8, 0x6260, 0x0020, 0x0220, 0x2238, 0xC871, 0x7CFF, 0x9DF7, 0x7EFF, 0x9DF7, 0x9EFF, 0x1DFF, 0x0EA3, 0xE558, 0x0118,
  0x0110, 0x0238, 0xA488, 0x83B8, 0x61C0, 0x83C0, 0x84A0, 0x2360, 0x0120, 0x0208, 0x2218, 0x4338, 0xE558, 0x8FAB, 0x9EFF, 0xBFFF,
  0x9EFF, 0xDFFF, 0xBEFF, 0xDFFF, 0x9DFF, 0x5CFF, 0x96ED, 0xE889, 0x4148, 0x2128, 0x0318, 0x0510, 0x0510, 0x0508, 0x0500, 0x0500,
  0x2600, 0x2500, 0x2500, 0x2420, 0xC558, 0x8AAA, 0x2569, 0x0020, 0x0320, 0x6620, 0x0510, 0x0400, 0x2500, 0x0500, 0x0500, 0x2500,
  0x2400, 0x2400, 0x0408, 0x0408, 0x0410, 0x0310, 0x0310, 0x0310, 0x0308, 0x0208, 0x0208, 0x0208, 0x0208, 0x0208, 0x0208, 0x0210,
  0x0210, 0x0110, 0x0110, 0x0118, 0x0118, 0x0118, 0x0118, 0x0018, 0x0010, 0x0018, 0x0028, 0x0130, 0x0140, 0x0140, 0x2148, 0x4258,
  0x4258, 0x8268, 0x0479, 0x4589, 0x8689, 0xA691, 0xA799, 0xC8A9, 0xE9A9, 0xE8A9, 0x08A2, 0x28A2, 0x079A, 0xE699, 0xC799, 0x8899,
  0x8799, 0x8791, 0xA791, 0x8889, 0x6881, 0x4779, 0x4771, 0x6769, 0x4661, 0x0651, 0xE548, 0xC538, 0xA530, 0xA630, 0xA630, 0x6620,
  0x2410, 0x2400, 0x6500, 0x6508, 0x2400, 0x0408, 0x2410, 0x6518, 0x2410, 0x0310, 0x0318, 0x0218, 0x0210, 0x2220, 0x0138, 0x4268,
  0xA290, 0x03B1, 0x4090, 0x89B2, 0xBAFE, 0xFBEE, 0x3EE7, 0xFDDE, 0x9AD6, 0x9DFF, 0x1BFF, 0x34F5, 0x08B2, 0xA388, 0x0579, 0xD7ED,
  0x9EFF, 0x9BCE, 0xE510, 0xE610, 0xE710, 0xE708, 0x0811, 0x2811, 0x6919, 0x2711, 0x0609, 0x2809, 0x2809, 0x4811, 0x4811, 0x4811,
  0x4811, 0x8911, 0x8911, 0x8911, 0x6911, 0x6911, 0x6911, 0x8919, 0xAA19, 0x8A19, 0x6911, 0x6911, 0x6911, 0x4911, 0x4911, 0x4819,
  0x2819, 0x4819, 0x6819, 0x4819, 0x2719, 0x2719, 0xC510, 0xA508, 0xC510, 0xC508, 0xC508, 0xA508, 0x8400, 0x6400, 0x6400, 0x8400,
  0x6400, 0x2300, 0x2300, 0x8408, 0x8508, 0x8508, 0x8408, 0x8408, 0xA510, 0xA410, 0x8408, 0x6408, 0x8408, 0xC510, 0xC510, 0xC510,
  0xC510, 0xC508, 0xA408, 0xA408, 0x8400, 0x8400, 0x6400, 0x8300, 0x8400, 0x8400, 0x8400, 0x4300, 0x6400, 0x8500, 0x6400, 0xA500,
  0xEB19, 0xCA19, 0xA911, 0x8911, 0x6809, 0x4809, 0x6809, 0x6809, 0x6909, 0x8911, 0xCA19, 0xEA19, 0xAA11, 0xCA19, 0x2B22, 0x4C22,
  0x4C22, 0x4C2A, 0x4C22, 0x0B1A, 0xCA11, 0xCA11, 0xCA09, 0xCA09, 0xCA01, 0xEA09, 0x0B12, 0x4C1A, 0x6D22, 0xCE2A, 0x303B, 0x513B,
  0x7243, 0x9243, 0xB243, 0xF34B, 0xD34B, 0xD243, 0xD34B, 0xB243, 0x913B, 0x913B, 0x5133, 0x3033, 0x102B, 0x5133, 0x923B, 0xD343,
  0x3454, 0x755C, 0xD664, 0x176D, 0xF76C, 0x176D, 0x387D, 0x587D, 0x587D, 0x587D, 0x387D, 0x5474, 0x2F73, 0x4F73, 0x0E73, 0x2F73,
  0x9083, 0xD193, 0xD193, 0xD19B, 0xD19B, 0xB09B, 0xAFA3, 0x9093, 0xD28B, 0x7484, 0xB584, 0x7484, 0xB17B, 0x4F9B, 0x2AB2, 0xE3B8,
  0x04D1, 0x2499, 0x0030, 0x0120, 0x0118, 0xE971, 0x96D5, 0x7DF7, 0xDEF7, 0xBEFF, 0xBCFF, 0x7CFF, 0x3AF6, 0xC558, 0x6438, 0x0008,
  0x0120, 0x2258, 0xC4B0, 0x83C0, 0x82B8, 0x82B8, 0xA3B0, 0xA490, 0xC560, 0x2220, 0x4310, 0x2218, 0x4330, 0x6440, 0x11AC, 0x3CFF,
  0x5DFF, 0x99E6, 0x7DFF, 0xFFFF, 0xBDFF, 0x5CF7, 0x9DFF, 0x79F6, 0x298A, 0xE568, 0x4238, 0x2218, 0x2300, 0x2508, 0x0508, 0x2400,
  0x0400, 0x2500, 0x4508, 0x0310, 0x4438, 0x8871, 0x8340, 0x0218, 0x0310, 0x0408, 0x0400, 0x2400, 0x4508, 0x2400, 0x0400, 0x0300,
  0x0308, 0x0308, 0x0308, 0x0308, 0x0310, 0x0310, 0x0320, 0x0320, 0x0320, 0x2320, 0x2220, 0x2120, 0x2128, 0x0130, 0x2140, 0x4248,
  0x6250, 0x8358, 0xA460, 0x0571, 0x4679, 0x4681, 0x6689, 0xA799, 0x09AA, 0x08A2, 0x6ABA, 0xCBD2, 0x2DDB, 0x4DE3, 0x6DE3, 0x8EEB,
  0x8EEB, 0x8EEB, 0x8EEB, 0x6EEB, 0x0CE3, 0xAADA, 0x49D2, 0xE8C9, 0x86B9, 0x66A9, 0x8699, 0x6691, 0x6691, 0x4691, 0x2691, 0x2689,
  0x0681, 0x0581, 0x0579, 0xE568, 0xC658, 0xA548, 0x8540, 0x8438, 0x8538, 0x6538, 0x4428, 0x6420, 0x6418, 0x2418, 0x4518, 0x4518,
  0x0408, 0x0400, 0x2408, 0x2508, 0x0408, 0x0308, 0x2310, 0x0200, 0x0108, 0x0110, 0x0128, 0x0238, 0x6460, 0xA478, 0xA490, 0xA4A8,
  0xA4A8, 0x0188, 0x8AB2, 0x18F6, 0x9AEE, 0xFCE6, 0xFCE6, 0x1CEF, 0x5DFF, 0x18FE, 0x2DD3, 0x05B1, 0x83A0, 0xA490, 0xC881, 0x3CFF,
  0x7EF7, 0x9BCE, 0xC410, 0xE610, 0xE710, 0x2811, 0x0811, 0x6919, 0x4811, 0x0609, 0x0709, 0x2809, 0x6911, 0x4811, 0x4811, 0x8919,
  0x8911, 0x8911, 0x8911, 0x8911, 0x6911, 0x8911, 0xAA19, 0x8911, 0x6811, 0x8919, 0x6911, 0x6911, 0x4911, 0x4911, 0x4911, 0x6819,
  0x4819, 0x2819, 0x2819, 0x0711, 0xE610, 0xC508, 0xC508, 0xC508, 0xA508, 0xC508, 0xA508, 0x8400, 0x8400, 0x8400, 0x8400, 0x6400,
  0x4400, 0x6408, 0x8408, 0x6400, 0x8408, 0xA508, 0xC510, 0xA510, 0xA408, 0x8408, 0x6408, 0x8410, 0xA510, 0xC510, 0xC510, 0xC510,
  0xA410, 0xA508, 0xA408, 0xA408, 0x8400, 0x8400, 0x6400, 0x8300, 0x8400, 0x8400, 0x6400, 0x6400, 0x8400, 0x4400, 0x8500, 0x0709,
  0x4809, 0x2809, 0x2701, 0x2801, 0x4809, 0x6909, 0x8911, 0xA911, 0xAA11, 0xEA19, 0x0A22, 0xEA19, 0xEA19, 0xCA11, 0xCA11, 0xA911,
  0x6909, 0x8909, 0x6909, 0x6909, 0xAA09, 0xAA09, 0xEB11, 0x2B12, 0x6C1A, 0x8D22, 0xCE2A, 0x0F33, 0x303B, 0x503B, 0x513B, 0x7143,
  0x7143, 0x513B, 0x513B, 0x3033, 0x1033, 0x0F2B, 0xEF2A, 0xEF2A, 0xEF2A, 0xEF2A, 0x0F2B, 0x713B, 0xB243, 0xD343, 0x3454, 0x965C,
  0xF76C, 0x176D, 0x176D, 0x5875, 0x5875, 0x3875, 0x3775, 0x1775, 0xF674, 0xB66C, 0xB66C, 0x7474, 0xF17B, 0x5284, 0x7384, 0x9484,
  0xB584, 0xD68C, 0xB684, 0xB684, 0xF78C, 0xF78C, 0xD58C, 0xD684, 0xB77C, 0x9674, 0x3464, 0xF25B, 0xD27B, 0x8D92, 0xE7A8, 0xC4C8,
  0xC2B8, 0x6160, 0x0028, 0x0238, 0x4450, 0x8C9A, 0xFDFE, 0xBBEE, 0xFAEE, 0x3AF7, 0xF0C4, 0x37F6, 0xEDAA, 0xA558, 0x0220, 0x0010,
  0x0038, 0x8388, 0xC3C0, 0x62B0, 0x8EE3, 0x24B1, 0x61A8, 0xA3A8, 0x4699, 0xCD9A, 0x8420, 0x0208, 0x4318, 0x2328, 0xA348, 0xAB92,
  0xB6E5, 0xDAFE, 0xB5D5, 0xD5D5, 0x9CFF, 0x99EE, 0x38EE, 0x5DFF, 0x9CFE, 0x8B9A, 0xE460, 0x6238, 0x4210, 0x0400, 0x0400, 0x2400,
  0x0300, 0x0400, 0x4400, 0x0410, 0x0418, 0xA630, 0x2418, 0x0308, 0x0208, 0x2310, 0x2308, 0x2300, 0x2208, 0x2208, 0x0210, 0x0110,
  0x0118, 0x0120, 0x0128, 0x0028, 0x0128, 0x0130, 0x4350, 0x6360, 0x4360, 0x8470, 0xA470, 0xC480, 0x4691, 0xE8A9, 0xABC2, 0x0CD3,
  0x4CDB, 0x6DE3, 0xAEEB, 0x8DEB, 0x2CEB, 0x2CEB, 0xEBEA, 0xCAE2, 0xCAEA, 0xCAEA, 0x49E2, 0xC7D1, 0x86C9, 0xA6C9, 0xC7C9, 0xC7C1,
  0xC7B9, 0xC7B1, 0xC7B1, 0x87A9, 0x4599, 0x0491, 0xC488, 0xA378, 0x6268, 0x4250, 0x4140, 0x2138, 0x4340, 0x4340, 0x4338, 0x4330,
  0x2230, 0x2230, 0x2228, 0x0220, 0x0210, 0x0310, 0x0308, 0x0408, 0x0408, 0x0508, 0x0508, 0x0400, 0x0400, 0x0400, 0x0400, 0x0400,
  0x2508, 0x0408, 0x2408, 0x2400, 0x0300, 0x0308, 0x0208, 0x0110, 0x0020, 0x2248, 0x8470, 0x6488, 0x4298, 0xA3B0, 0xA3B0, 0x63A0,
  0x87B1, 0x11D4, 0xB7ED, 0xBBF6, 0xDBF6, 0xBBF6, 0xBBFE, 0xD6F5, 0xAED3, 0x09CA, 0xE5C8, 0xE5D0, 0x63A8, 0xA488, 0x76E5, 0xBFFF,
  0x39C6, 0x093A, 0xA408, 0xE610, 0x2811, 0x2811, 0x2811, 0xE708, 0x0709, 0x4811, 0x6819, 0x4811, 0x4811, 0x6911, 0x8919, 0xAA19,
  0x6911, 0x6911, 0x8911, 0x8911, 0x8911, 0xAA19, 0x8919, 0x6911, 0x6911, 0x4811, 0x4911, 0x4911, 0x4811, 0x4811, 0x4811, 0x6819,
  0x4819, 0x2711, 0x0711, 0xC608, 0xC508, 0xA508, 0xC508, 0xC510, 0xA508, 0xA400, 0x8400, 0x8400, 0x8400, 0x6400, 0x4300, 0x4300,
  0x6400, 0x8508, 0x8408, 0x6408, 0xA508, 0xC510, 0xC510, 0xA510, 0x8408, 0x6408, 0x6308, 0xA410, 0xC518, 0xC410, 0xC410, 0xA410,
  0xA408, 0xA408, 0xA408, 0xA408, 0x8400, 0x8400, 0x6400, 0x8400, 0x8400, 0x8400, 0x6400, 0x6400, 0x8500, 0x6500, 0x2711, 0x8919,
  0x4809, 0x6809, 0x8911, 0xA911, 0xA911, 0xA911, 0xA911, 0xA911, 0xCA19, 0xA911, 0x6809, 0x4809, 0x4809, 0x4801, 0x2801, 0x2801,
  0x4801, 0x8909, 0xAA11, 0xEB19, 0x2C1A, 0x4C22, 0x8D2A, 0xEE2A, 0xEF32, 0xEF2A, 0xEE2A, 0xEE2A, 0xEF32, 0xCE2A, 0xAE2A, 0xAE2A,
  0x8E22, 0x8D22, 0x6D22, 0x4D1A, 0x6D1A, 0x8D22, 0xAE22, 0xEF2A, 0x3033, 0xB243, 0x1354, 0x3454, 0x955C, 0x9664, 0xB664, 0xD76C,
  0xF76C, 0xF76C, 0xF66C, 0xF66C, 0xF66C, 0xD66C, 0x9564, 0xB564, 0xF674, 0x1775, 0xF674, 0xF77C, 0x1785, 0xF77C, 0x3785, 0x3785,
  0xF77C, 0x177D, 0x3885, 0x3885, 0x788D, 0x3885, 0xD674, 0x9664, 0x365C, 0x165C, 0x345C, 0xF25B, 0x2F7B, 0xCA99, 0xA5C0, 0xC5D0,
  0x45A1, 0x0028, 0x0118, 0x0238, 0x4881, 0x56ED, 0x56ED, 0xECA2, 0x78FE, 0x8CBB, 0xC591, 0x8AAA, 0x0671, 0x0330, 0x0218, 0x0130,
  0xC488, 0xE4B8, 0xA2B0, 0x69CA, 0x59FE, 0x30E4, 0xA298, 0xA2B0, 0x82A8, 0x29B2, 0x6FA3, 0x8420, 0x4308, 0x2310, 0x2128, 0x6240,
  0x6669, 0x0CA3, 0x70D4, 0xEEBB, 0x8DAB, 0xBAFE, 0xF8ED, 0xAFB3, 0x7AF6, 0xDBFE, 0x8EB3, 0xA360, 0x4340, 0x2318, 0x0300, 0x2400,
  0x0400, 0x2400, 0x2408, 0x2410, 0x0410, 0x0410, 0x0308, 0x0210, 0x0218, 0x0220, 0x0120, 0x0120, 0x0028, 0x0030, 0x2240, 0x8358,
  0xA370, 0xC478, 0xA380, 0xE488, 0x8699, 0x28AA, 0xCAC2, 0x2BDB, 0x0BE3, 0x2CEB, 0x2DF3, 0x0DFB, 0x2DFB, 0x6EFB, 0x6EFB, 0x0DFB,
  0xCAF2, 0x68EA, 0x07E2, 0xC6D9, 0x85D1, 0x65C9, 0x44C1, 0x03B9, 0x03B9, 0x23B9, 0x24B1, 0xC3A0, 0xA398, 0xC390, 0x6280, 0x4270,
  0x2160, 0x0050, 0x0048, 0x0040, 0x0140, 0x0238, 0x0238, 0x0230, 0x0120, 0x0110, 0x0208, 0x0208, 0x0308, 0x0410, 0x0308, 0x0308,
  0x0208, 0x0208, 0x0108, 0x0008, 0x0110, 0x0308, 0x0400, 0x2600, 0x4800, 0x6900, 0x6900, 0xA900, 0x6B19, 0xED29, 0x0919, 0x0500,
  0x0400, 0x0408, 0x0200, 0x6C3A, 0xF58C, 0xF17B, 0x529C, 0xCC8A, 0x6260, 0x6388, 0xA4A8, 0x83B8, 0x62B0, 0xA1B0, 0x6198, 0x29BA,
  0x97FD, 0xBCFE, 0xFCFE, 0x9AFE, 0x17FE, 0x50E4, 0xCBCA, 0xC7D1, 0x04C9, 0xC4D0, 0x05D9, 0xA3C0, 0x0188, 0x6BAA, 0xBCFE, 0x9FFF,
  0x97AD, 0x0000, 0x6721, 0x2711, 0x2811, 0x0811, 0x0809, 0x0709, 0x6819, 0x4811, 0x0711, 0x2811, 0x6919, 0xAA21, 0x8919, 0x4811,
  0x6911, 0x8911, 0x8919, 0x8919, 0x8919, 0xAA19, 0x6911, 0x6911, 0x6911, 0x4811, 0x4811, 0x4811, 0x2811, 0x2811, 0x2811, 0x4819,
  0x2711, 0x0711, 0xE608, 0xC608, 0xA508, 0xA508, 0xA508, 0xA508, 0x8508, 0x6400, 0x8400, 0x8400, 0x6400, 0x6400, 0x4300, 0x4400,
  0x6408, 0x8408, 0x6408, 0xA508, 0xA510, 0xA510, 0x8408, 0x6408, 0x8408, 0x6408, 0x8410, 0xA410, 0xC410, 0xA410, 0xA410, 0xA408,
  0xA408, 0xA408, 0xA408, 0xA408, 0x8400, 0x8400, 0x6400, 0x8400, 0x8400, 0x6400, 0x6400, 0x6400, 0x6400, 0xE600, 0xA919, 0x0B22,
  0x8911, 0x8911, 0x8911, 0x8911, 0x6809, 0x4809, 0x4809, 0x2701, 0x0701, 0x0701, 0x2701, 0x2701, 0x2701, 0x6909, 0x8911, 0xCA11,
  0x0C22, 0x2C22, 0x6D2A, 0x8D2A, 0x6D2A, 0x8D2A, 0x8D2A, 0x8D22, 0x8D22, 0x8D22, 0x8D22, 0x6C1A, 0x4C1A, 0x2C1A, 0x2C1A, 0x0C12,
  0x0C12, 0x0C12, 0x6D1A, 0xAE22, 0xCE2A, 0x3033, 0x713B, 0xF34B, 0x1354, 0x3454, 0x555C, 0x555C, 0x9564, 0x755C, 0x545C, 0x555C,
  0x755C, 0x545C, 0x945C, 0xB564, 0x9564, 0xB564, 0xF66C, 0xF674, 0x3775, 0x1675, 0xF674, 0xF77C, 0xD87C, 0x197D, 0x1985, 0x187D,
  0xF87C, 0x387D, 0x3775, 0xF66C, 0xD66C, 0xB564, 0xB65C, 0x965C, 0x565C, 0x3554, 0x3354, 0x1064, 0x0C8B, 0x05A1, 0xA3C0, 0xE4B8,
  0x6358, 0x2118, 0x2118, 0x0551, 0xAB9A, 0x58FE, 0x69AA, 0x2CCB, 0xE7A9, 0xC388, 0xC590, 0xC578, 0x4340, 0x0210, 0x2218, 0x0250,
  0xC5B8, 0xA3C0, 0x03A1, 0x75F5, 0xBBFE, 0x59FE, 0x2CC3, 0x6198, 0x82B8, 0x82A0, 0x8BB2, 0x11B4, 0xA520, 0x0100, 0x4208, 0x2110,
  0x2138, 0x6260, 0x6699, 0x8ABA, 0x4DD3, 0x29A2, 0x14ED, 0x14E5, 0xA992, 0x92CC, 0x7AFE, 0x11DC, 0x4681, 0x2240, 0x0320, 0x0510,
  0x0508, 0x2400, 0x0408, 0x0410, 0x0318, 0x2328, 0x2228, 0x0130, 0x2248, 0x8368, 0xC580, 0x0691, 0x67A9, 0x88B1, 0x88B9, 0xA8C9,
  0xC8D9, 0xC8E1, 0xE8E1, 0x49EA, 0xCBF2, 0x0BF3, 0x6BFB, 0xCCFB, 0x2AF3, 0x27DA, 0xC6D1, 0x65C9, 0x24C1, 0xE3C0, 0xC3C0, 0xA2B8,
  0x62C0, 0x41C0, 0x41C0, 0x82C0, 0x82B0, 0xA3A8, 0xE3A8, 0xC398, 0x6280, 0x0070, 0x4160, 0x6250, 0x6248, 0x4240, 0x2130, 0x0128,
  0x0120, 0x0218, 0x0210, 0x0210, 0x0310, 0x0410, 0x0418, 0x0318, 0x0310, 0x0308, 0x2300, 0x2400, 0x0400, 0x0408, 0x0410, 0x0418,
  0x0320, 0x0330, 0x6450, 0x8450, 0xE650, 0x2839, 0x6B21, 0xEF19, 0x3112, 0x3112, 0x721A, 0xB22A, 0x123B, 0x2F32, 0xA808, 0x4500,
  0x4500, 0x2300, 0xEA31, 0x5695, 0x56A5, 0x76BD, 0xF0B3, 0x2681, 0x8390, 0x42A8, 0x42B0, 0x21B0, 0x61B0, 0x20A0, 0x86B1, 0x54F5,
  0x79FE, 0x55F5, 0x10DC, 0x08B2, 0xA6C1, 0x23C1, 0x81C0, 0x41D8, 0x82D8, 0xE3D8, 0x82B8, 0x2090, 0xC7A1, 0xB7ED, 0x5EFF, 0x5BD6,
  0xA931, 0xC510, 0x4719, 0x2719, 0x0709, 0x0709, 0x0811, 0x2811, 0x2811, 0x2711, 0x6819, 0x6919, 0x8A21, 0x6919, 0x2811, 0x4811,
  0x6911, 0x8919, 0xAA19, 0x8911, 0x6911, 0x6911, 0x8919, 0x6911, 0x4911, 0x6919, 0x4811, 0x4811, 0x2811, 0x2811, 0x2811, 0x2711,
  0x0611, 0xE608, 0xE608, 0xC608, 0x8500, 0xA508, 0x8508, 0x6400, 0x6400, 0x8400, 0x6400, 0x6400, 0x6400, 0x6400, 0x6408, 0x8408,
  0x6408, 0x6408, 0x8508, 0xC510, 0xA510, 0x8408, 0x8408, 0x6408, 0x6408, 0x8410, 0xA410, 0xA410, 0xA410, 0xA410, 0xA410, 0xA408,
  0xA408, 0xA408, 0xA408, 0xA408, 0x8400, 0x8400, 0x6400, 0x6400, 0x6400, 0x6400, 0x6400, 0x8400, 0xE708, 0x8911, 0xCA19, 0x0B22,
  0x4809, 0x2701, 0x2701, 0x2701, 0x0701, 0x0701, 0x0701, 0x2701, 0x2701, 0x4809, 0x6811, 0x8911, 0xCA19, 0xEA19, 0x0B1A, 0x2C22,
  0x4C22, 0x2C22, 0x4C22, 0x4C22, 0x2C1A, 0x0B1A, 0x0B1A, 0x0B1A, 0x0B1A, 0x0C1A, 0x2B1A, 0x0B12, 0x0B12, 0x0B12, 0x0C1A, 0x6D22,
  0xAE2A, 0xEF32, 0x1033, 0x503B, 0x9143, 0xD24B, 0xF34B, 0x1354, 0x3454, 0x1354, 0x1354, 0xF353, 0xF34B, 0xF353, 0x3454, 0x345C,
  0x545C, 0x545C, 0x745C, 0xB564, 0xD66C, 0xF66C, 0xD66C, 0xD66C, 0xF674, 0x1775, 0x377D, 0x3885, 0x1885, 0xF87C, 0xF77C, 0xD774,
  0xB76C, 0xB76C, 0x9664, 0x755C, 0x5554, 0x9554, 0xB65C, 0xB75C, 0x975C, 0x5554, 0x535C, 0x8E73, 0x289A, 0xE4B0, 0xE3C0, 0x2599,
  0x0128, 0x0118, 0x0028, 0x298A, 0x55F5, 0xCBBA, 0x4599, 0xC7A9, 0x8380, 0x8580, 0x6670, 0x4448, 0x0210, 0x0200, 0x2228, 0x6380,
  0xC4C0, 0x82B0, 0xEBBA, 0xBBFE, 0xBCEE, 0xBBF6, 0x18F6, 0x07A2, 0x41A0, 0x82C0, 0x62A0, 0xCCBA, 0x33B4, 0x4C52, 0x2300, 0x0200,
  0x2218, 0x4238, 0x8360, 0xA480, 0xC8A9, 0x2691, 0xC891, 0x51D4, 0xCDD3, 0x28AA, 0x4AB2, 0x76FD, 0x30DC, 0xA378, 0xA568, 0x0338,
  0x2418, 0x0408, 0x0408, 0x2420, 0xE648, 0x2569, 0x2589, 0xE590, 0xE5A0, 0x06B1, 0xE5B8, 0xC5C8, 0x05C9, 0x05C9, 0x05D1, 0xC4D0,
  0xC3D0, 0x04D9, 0x65E1, 0xA5E1, 0x64C9, 0x44C1, 0x44C1, 0x44C1, 0xC2B0, 0x20A0, 0x00A0, 0x20A8, 0x40A8, 0x40A8, 0x81B0, 0xC2B0,
  0xC3B0, 0xA3A0, 0xA398, 0x8388, 0x4270, 0x4260, 0x6350, 0x6340, 0x4238, 0x0120, 0x0218, 0x0210, 0x0208, 0x0208, 0x2308, 0x2408,
  0x2300, 0x2400, 0x4400, 0x4400, 0x4400, 0x4400, 0x4400, 0x2408, 0x0300, 0xA510, 0x2719, 0xC508, 0x4400, 0x0300, 0x2310, 0x0118,
  0x4250, 0xC590, 0xC5A8, 0x07A1, 0x4A81, 0xCE51, 0x512A, 0xB412, 0xF40A, 0x1513, 0x3523, 0x553B, 0x712A, 0x8800, 0x2500, 0x2400,
  0x0200, 0x0B3A, 0x569D, 0x76AD, 0x55BD, 0xF1BB, 0x0581, 0x4288, 0x4298, 0x21A0, 0x21A8, 0x20A0, 0x00A8, 0x21C0, 0x66D9, 0xCBE2,
  0x8ADA, 0x08D2, 0x25C9, 0x61C0, 0x61C8, 0x60D0, 0x81D8, 0x03E9, 0xE3D8, 0x61B8, 0x61A0, 0x6178, 0xB2DC, 0x3DFF, 0x5EF7, 0xB8B5,
  0xA510, 0x0711, 0x2711, 0x2711, 0x0711, 0x0711, 0x0811, 0x4811, 0x4819, 0x6919, 0xA921, 0x8921, 0x6919, 0x4919, 0x4819, 0x6919,
  0x8919, 0x8919, 0x8919, 0x8919, 0x6911, 0x6911, 0x4911, 0x4811, 0x4811, 0x4811, 0x2811, 0x4811, 0x4819, 0x2711, 0x0711, 0xE608,
  0xC608, 0xC608, 0xC508, 0xA508, 0xA508, 0xA508, 0x8500, 0x4400, 0x6400, 0x8508, 0x6400, 0x6400, 0x8408, 0x8408, 0x8408, 0x6408,
  0x6408, 0x8508, 0xA510, 0xA510, 0xA508, 0x8408, 0x8408, 0x6308, 0x8410, 0xA410, 0xA410, 0xA418, 0xA418, 0xA410, 0xA408, 0x8408,
  0x8408, 0x8408, 0x8408, 0x8400, 0x8400, 0x6300, 0x6400, 0x6400, 0x6400, 0x6400, 0x8500, 0xC600, 0x8911, 0xEA19, 0xCA19, 0x2C22,
  0xE700, 0x0701, 0x0701, 0x0701, 0x2801, 0x4809, 0x6909, 0x8911, 0xA911, 0xCA19, 0xEA19, 0xEA19, 0xEB19, 0x0B1A, 0xEB19, 0xCA11,
  0xAA11, 0xCA11, 0xCA11, 0xCA11, 0xCA11, 0xEB11, 0xEB11, 0xCA11, 0xAA11, 0xCA11, 0xEB11, 0x2C1A, 0x8D22, 0xAE2A, 0xCF32, 0x0F33,
  0x303B, 0x503B, 0x7143, 0x7143, 0x9143, 0x9143, 0xB243, 0x9143, 0x7143, 0xB24B, 0xD24B, 0xD24B, 0xD24B, 0xF353, 0x545C, 0x9564,
  0x9664, 0xB66C, 0xB56C, 0xB56C, 0xB56C, 0xF674, 0x377D, 0x387D, 0x177D, 0x587D, 0x377D, 0xF674, 0xF66C, 0x9564, 0x545C, 0x545C,
  0x555C, 0x355C, 0x555C, 0x765C, 0x9764, 0x975C, 0x9654, 0x765C, 0x565C, 0xF45B, 0xB16B, 0xCC92, 0xE5A8, 0xA4C8, 0xE4B8, 0x6268,
  0x0120, 0x4138, 0xE470, 0xA899, 0x2AB2, 0xA488, 0x0599, 0x0050, 0x4248, 0x0338, 0x0330, 0x0218, 0x0210, 0x2118, 0x0140, 0x05A1,
  0xE4B8, 0x04A1, 0xF8F5, 0xDDEE, 0x9BE6, 0x1DE7, 0x1CEF, 0x18F6, 0x4599, 0x21A8, 0x61B8, 0x2188, 0x6FBB, 0x78D5, 0xB283, 0x8618,
  0x0200, 0x4310, 0x0118, 0x2238, 0x4248, 0x4250, 0x2250, 0xA360, 0xE6A1, 0xAAD2, 0xA298, 0xC390, 0x8EDB, 0xEFF3, 0xC390, 0xA378,
  0x0138, 0x0210, 0x4408, 0x0208, 0x4551, 0x6581, 0xC398, 0x63A0, 0x42A8, 0x42A8, 0x21B0, 0x00B0, 0x00A0, 0x00A0, 0x20A8, 0x41B8,
  0x00B8, 0x00B8, 0x20B8, 0x20A8, 0x0098, 0x0090, 0x0098, 0x00A0, 0x01A8, 0x63B0, 0x83B0, 0xC5B8, 0x05B1, 0xE4A0, 0xA288, 0x4170,
  0x6260, 0x4350, 0x2248, 0x0130, 0x0128, 0x0118, 0x0210, 0x0308, 0x0300, 0x2400, 0x2400, 0x0400, 0x2400, 0x0400, 0x0400, 0x0400,
  0x2400, 0x2400, 0x0400, 0x8610, 0xE718, 0x8508, 0x0400, 0x0408, 0xC718, 0x6A31, 0xE718, 0x2400, 0x0408, 0x0410, 0x0118, 0xA258,
  0x65A9, 0x03C1, 0xE4C0, 0x08A1, 0x4D69, 0xD131, 0x741A, 0xD50A, 0xF50A, 0x1413, 0x752B, 0x9122, 0xA900, 0x2600, 0x2500, 0x4408,
  0x4B42, 0x369D, 0x56AD, 0x55BD, 0xF0BB, 0x2681, 0x2280, 0x4290, 0x2190, 0x0090, 0x0098, 0x00B0, 0x62D0, 0x82E0, 0x62E0, 0x41D8,
  0x20D0, 0x61D0, 0xA2E0, 0xA2E0, 0xA3E0, 0x25F9, 0x65F1, 0x03C9, 0x81B0, 0x41A0, 0x0070, 0x4992, 0x1CFF, 0xBEFF, 0x9BCE, 0x2619,
  0x2719, 0x0711, 0x0711, 0xE710, 0x0711, 0x2811, 0x2811, 0x4811, 0x8921, 0x8921, 0x4819, 0x4919, 0x0811, 0x4919, 0x8921, 0x8921,
  0x8919, 0x6919, 0x6919, 0x6919, 0x6919, 0x6919, 0x4911, 0x4811, 0x4811, 0x4811, 0x4819, 0x4819, 0x2711, 0x0611, 0xE608, 0xC508,
  0xC508, 0xC508, 0xA500, 0xA508, 0x8500, 0x6400, 0x6500, 0x8508, 0x8508, 0x8400, 0x6400, 0x8408, 0x8508, 0x6408, 0x6400, 0xA508,
  0x8408, 0x6408, 0xA510, 0xA510, 0x8408, 0x6408, 0x6408, 0x8408, 0x8410, 0xA410, 0xA410, 0xA418, 0xA418, 0xA410, 0xA408, 0x8408,
  0x8408, 0x8408, 0x8400, 0x8400, 0x8400, 0x8400, 0x6400, 0x8400, 0x6400, 0x8500, 0xE600, 0x4809, 0xCA19, 0xCA11, 0x2C22, 0x0B1A,
  0x2701, 0x4809, 0x6809, 0x6809, 0x8911, 0xA911, 0xA911, 0xA911, 0x8911, 0x8911, 0x8911, 0x8911, 0x8911, 0x8909, 0xA911, 0xA911,
  0x8909, 0xAA11, 0x8909, 0x6909, 0x8A09, 0xAA11, 0xEB11, 0x0B1A, 0x0C1A, 0x2C22, 0x6D22, 0xCE2A, 0x2F33, 0x303B, 0x3043, 0x303B,
  0x303B, 0x303B, 0x303B, 0x503B, 0x503B, 0x703B, 0x713B, 0x9143, 0x914B, 0xD24B, 0x1354, 0x1354, 0x345C, 0x345C, 0x5464, 0x7564,
  0x7564, 0x9564, 0xD66C, 0xD674, 0xF674, 0xF774, 0xD674, 0xB66C, 0xD674, 0xB66C, 0x7564, 0x545C, 0x5454, 0x5454, 0x755C, 0x9564,
  0x9664, 0x9664, 0xB664, 0x965C, 0x755C, 0x7554, 0x764C, 0x354C, 0xF453, 0xB25B, 0xEF72, 0x8891, 0x84B8, 0xE5C8, 0x8490, 0x0130,
  0x0118, 0x6238, 0x6779, 0xC468, 0x4250, 0x8358, 0x2250, 0x2130, 0x0120, 0x0220, 0x0020, 0x0128, 0x0028, 0x0048, 0xA380, 0x04B1,
  0xC3A8, 0xF0DB, 0x9BFE, 0xDDEE, 0xFDEE, 0xFCE6, 0xFCDE, 0xFCF6, 0xB3DC, 0x6288, 0xA2B0, 0x4298, 0x6278, 0x0DAB, 0x78CD, 0xD28B,
  0x917B, 0x8518, 0x0200, 0x2308, 0x0208, 0x0118, 0x0120, 0x0130, 0x4150, 0x0489, 0xE4A0, 0x4290, 0x8388, 0x49B2, 0x4CDB, 0x65A9,
  0x0581, 0x6238, 0x2210, 0x4108, 0x0018, 0x6148, 0xA380, 0x2188, 0x2190, 0x2198, 0x2098, 0x0098, 0x2098, 0x2098, 0x00A0, 0x20A8,
  0x20B0, 0x00B0, 0x00A8, 0x21A8, 0x42A8, 0x84A8, 0xA4B0, 0xC5A8, 0xA498, 0x6388, 0x4370, 0x6360, 0x6350, 0x4340, 0x0230, 0x0120,
  0x0220, 0x0218, 0x0210, 0x0310, 0x0308, 0x2408, 0x0400, 0x0400, 0x2400, 0x2500, 0x4500, 0x0400, 0x0400, 0x6510, 0xE720, 0x6510,
  0x0300, 0x2408, 0x4510, 0x2829, 0xE720, 0x2400, 0x0408, 0x4610, 0x2A29, 0xE820, 0x0408, 0x0310, 0x0328, 0x0330, 0x6368, 0x05B1,
  0xE3C8, 0xA3C8, 0xE5B0, 0x2A79, 0xD041, 0x751A, 0xB60A, 0xB50A, 0xD41A, 0x342B, 0x501A, 0xA900, 0x2600, 0x6608, 0x0200, 0x2A42,
  0x98B5, 0x57B5, 0x35BD, 0xEFAB, 0xE468, 0x0170, 0x4298, 0x2198, 0x0098, 0x20A8, 0x41C0, 0x42D8, 0x62E0, 0x81E0, 0x81E8, 0x81E8,
  0x81E8, 0x61E0, 0xE3E8, 0x86F9, 0xC7F9, 0x87F1, 0xA3C0, 0xA2A0, 0x4190, 0x6278, 0x0892, 0xD7DD, 0x9EF7, 0x39B6, 0x2A3A, 0xA508,
  0xC610, 0xE710, 0x2811, 0x2819, 0x2811, 0x2811, 0x6919, 0x6919, 0x4919, 0x2819, 0x2811, 0x2819, 0x4919, 0x6921, 0x6921, 0x8921,
  0x6919, 0x6919, 0x4919, 0x4919, 0x6919, 0x6911, 0x4911, 0x4811, 0x2811, 0x4811, 0x2711, 0x2711, 0x0609, 0xE608, 0xC508, 0xA500,
  0xA500, 0xA500, 0x8400, 0x8400, 0x6400, 0x6400, 0x8508, 0xA608, 0x6508, 0x6400, 0x8408, 0x8508, 0x8508, 0x6408, 0x6408, 0x6408,
  0x8508, 0xA510, 0xC510, 0xA410, 0x6408, 0x6308, 0x6408, 0x8410, 0xA410, 0xA410, 0xA410, 0xA410, 0xA410, 0xA410, 0x8408, 0x6308,
  0x6300, 0x8400, 0x8400, 0x8400, 0x8400, 0x8400, 0x8400, 0x6400, 0xA500, 0xE708, 0xA919, 0xCA19, 0xCA11, 0xEB19, 0x6D2A, 0xCB19,
  0x6909, 0x8911, 0x8911, 0x8911, 0x8911, 0x6909, 0x8911, 0x8909, 0x6909, 0x6811, 0x6811, 0x6909, 0x6909, 0x6909, 0x6909, 0x6809,
  0x2801, 0x4801, 0x8A09, 0xCB11, 0xEB11, 0x0B1A, 0x2C22, 0x6D2A, 0x8E32, 0xAE32, 0xCE32, 0xEF32, 0xEE2A, 0xCE2A, 0xCE32, 0xEF32,
  0x0F33, 0x0F3B, 0x503B, 0x503B, 0x503B, 0x503B, 0x503B, 0x9143, 0x914B, 0xD24B, 0x135C, 0xF353, 0x135C, 0x345C, 0x5464, 0x7564,
  0xB66C, 0xF774, 0xF774, 0xD674, 0x7564, 0x145C, 0xF353, 0x145C, 0x1354, 0xD353, 0xD353, 0x555C, 0xB66C, 0xB76C, 0xB66C, 0x9664,
  0x7564, 0x755C, 0x545C, 0x5454, 0x334C, 0x1344, 0x1444, 0xF24B, 0xD24B, 0x9163, 0x8D8A, 0x06A9, 0xA3B8, 0xC3A0, 0x2250, 0x0220,
  0x0210, 0x2318, 0xA538, 0x4330, 0x0118, 0x0118, 0x0118, 0x0110, 0x0118, 0x0030, 0x4048, 0xE480, 0xA498, 0x82A0, 0x03C1, 0x61B8,
  0x45B1, 0x39FE, 0x9BFE, 0xFCEE, 0xDCE6, 0xBBDE, 0x1CDF, 0xDBE6, 0x9AF6, 0xD3EC, 0x6388, 0x4298, 0xA398, 0x6170, 0x8FA3, 0xD8D5,
  0x78BD, 0x338C, 0xC718, 0x0400, 0x2500, 0x2408, 0x0308, 0x0210, 0x0220, 0x4340, 0x6468, 0xA478, 0x8260, 0xC368, 0x4AB2, 0x46B1,
  0x05A9, 0x2591, 0x4248, 0x0018, 0x0118, 0x0018, 0x6250, 0xE480, 0x6288, 0x0080, 0x2090, 0x2198, 0x2098, 0x2198, 0x2098, 0x00A0,
  0x62A8, 0xA3A8, 0xC4A8, 0x06A9, 0xC598, 0x4378, 0x6368, 0xA460, 0x4350, 0x0130, 0x0120, 0x0210, 0x0208, 0x0300, 0x0300, 0x0400,
  0x0408, 0x0400, 0x0400, 0x2400, 0x2400, 0x0300, 0x2400, 0x0719, 0xE718, 0x2400, 0x2300, 0x0300, 0xA610, 0xA931, 0x2821, 0x4408,
  0x0300, 0xA618, 0x6931, 0xE720, 0x0300, 0x0300, 0x8610, 0x6A29, 0xC710, 0x0300, 0x0310, 0x0228, 0x0040, 0x6378, 0xE5B8, 0xA4D0,
  0xC5C8, 0x27B1, 0x8B81, 0xEF49, 0x721A, 0xB402, 0xB40A, 0x1523, 0xD32A, 0xEE19, 0x8800, 0x0500, 0x4500, 0x0200, 0x2A42, 0x97B5,
  0x36B5, 0x98CD, 0x12B4, 0xE570, 0x2268, 0x4280, 0x2190, 0x00A0, 0x20B8, 0x61D0, 0x82E0, 0x62E8, 0x41E0, 0x61E0, 0x81E0, 0xC2E0,
  0xA5F9, 0x27FA, 0x27FA, 0x65E1, 0x04C1, 0x83A8, 0x2190, 0x4288, 0x0068, 0x2992, 0x39F6, 0x1CEF, 0x3DDF, 0xCC4A, 0x2200, 0x2719,
  0xC710, 0x0811, 0x0811, 0x0811, 0x4819, 0x6919, 0x6919, 0x6919, 0x2811, 0x2819, 0x4919, 0x4921, 0xAA29, 0x8A21, 0x6921, 0x6921,
  0x6919, 0x6919, 0x4919, 0x4919, 0x4911, 0x4911, 0x2811, 0x2811, 0x2811, 0x2811, 0x2711, 0x0609, 0xC508, 0xA500, 0xA400, 0xA400,
  0xA400, 0xA400, 0x8400, 0x8400, 0x8400, 0x8500, 0x8508, 0x8500, 0x4500, 0x6400, 0x8508, 0x8408, 0x6408, 0x8508, 0x8408, 0x8408,
  0xA510, 0xA510, 0x8510, 0x8408, 0x8408, 0x8408, 0x8410, 0xA410, 0xA418, 0xA418, 0xA410, 0xA410, 0x8410, 0xA410, 0x8408, 0x6300,
  0x6300, 0x8400, 0x6300, 0x6300, 0x8400, 0x8400, 0x8400, 0xA500, 0x2709, 0x6811, 0xEA19, 0xEA19, 0xCA11, 0x2C22, 0x2C22, 0x0C22,
  0x6809, 0x6809, 0x4809, 0x4809, 0x4809, 0x4809, 0x4809, 0x4809, 0x4809, 0x4809, 0x4809, 0x4809, 0x4809, 0x6909, 0x4801, 0x6909,
  0xCA19, 0xEB19, 0xEB19, 0x2C22, 0x6D22, 0x6D2A, 0x6D2A, 0x6D2A, 0x8D2A, 0x8D2A, 0x8D2A, 0xAD2A, 0xCE2A, 0xCE2A, 0xEF32, 0xEF32,
  0xEF3A, 0x103B, 0x303B, 0x303B, 0x303B, 0x503B, 0x9143, 0xB24B, 0x914B, 0xD253, 0x135C, 0xF353, 0x345C, 0x7564, 0x9564, 0x7564,
  0x5464, 0x345C, 0x145C, 0xD353, 0xB24B, 0xB24B, 0xB24B, 0xD353, 0xF353, 0x555C, 0x5564, 0x345C, 0x345C, 0x345C, 0x345C, 0x145C,
  0xF353, 0xB34B, 0xB34B, 0xD34B, 0xF34B, 0xF34B, 0xF34B, 0xF253, 0xD15B, 0x2E73, 0xC991, 0xC5B8, 0x04C1, 0x2389, 0x0028, 0x0210,
  0x4408, 0x4408, 0x0308, 0x0318, 0x0218, 0x0118, 0x0228, 0x2138, 0x0469, 0xE380, 0x0299, 0x05C1, 0x84C8, 0xA4D8, 0xA2D0, 0xA2C8,
  0x05B1, 0x93EC, 0x7AFE, 0xDBFE, 0x3CFF, 0x3CFF, 0xFBEE, 0x1BEF, 0xBAEE, 0x9AFE, 0x32DC, 0xC490, 0x8298, 0xC390, 0x0471, 0x52BC,
  0x56C5, 0x98AD, 0x9584, 0x8608, 0x0500, 0x2608, 0x0508, 0x0408, 0x2408, 0x0418, 0x2428, 0x6330, 0x2120, 0x6238, 0x0250, 0x0791,
  0x48B1, 0x06B1, 0x4699, 0xA458, 0x0120, 0x0218, 0x0128, 0x4250, 0xE480, 0xA390, 0x0190, 0x0298, 0x2298, 0x4290, 0xA398, 0x0499,
  0xE488, 0xA370, 0x8360, 0x8350, 0x2238, 0x0120, 0x0218, 0x0208, 0x0208, 0x2310, 0x0308, 0x2300, 0x0300, 0x2400, 0x4400, 0x2400,
  0x2500, 0xC810, 0x8608, 0x0400, 0x2400, 0x8508, 0x0719, 0x6829, 0x8410, 0x0200, 0x4300, 0x2719, 0xA929, 0xC510, 0x2300, 0x2300,
  0xE610, 0x8921, 0xC610, 0x4400, 0x0300, 0xA618, 0x2821, 0xA508, 0x4300, 0x2208, 0x0020, 0x6158, 0x0399, 0x03B9, 0xE3C8, 0xE5C0,
  0x48A1, 0x8C71, 0xEF41, 0x9222, 0xD30A, 0xF40A, 0x3423, 0xD222, 0x6C11, 0x2600, 0x0600, 0x4500, 0x2300, 0xC931, 0x159D, 0x56B5,
  0x35C5, 0x53BC, 0x0679, 0x2280, 0x4288, 0x2188, 0x41A0, 0x62C0, 0x62D8, 0x62E0, 0x41D8, 0x81D8, 0x82D8, 0x42D8, 0x82D8, 0xA2C8,
  0xC2C8, 0xC3C0, 0xC2C0, 0x20A8, 0x2090, 0x4180, 0x6178, 0x6370, 0xABA2, 0xB7E5, 0xDCF6, 0x3ACE, 0xE939, 0xA510, 0x2719, 0xE610,
  0x2711, 0x0811, 0x2819, 0x4919, 0x6919, 0x4819, 0x2811, 0x2811, 0x4919, 0x6921, 0x6921, 0x8A21, 0x4921, 0x4921, 0x6921, 0x6921,
  0x4919, 0x6919, 0x6919, 0x4819, 0x2811, 0x2811, 0x0811, 0x0709, 0x0709, 0x0711, 0xC608, 0xC508, 0xC500, 0xC508, 0xC508, 0xA500,
  0xA500, 0xA400, 0x8400, 0x8500, 0xA508, 0x8508, 0x6500, 0x4500, 0x8508, 0x8508, 0x8508, 0x6408, 0x6408, 0xA508, 0xA510, 0xC618,
  0xA510, 0x6408, 0x6408, 0x8408, 0x8408, 0xA410, 0xA410, 0xA418, 0xC418, 0xA418, 0xA410, 0x8410, 0x8410, 0x8410, 0x8408, 0x6300,
  0x6300, 0x6300, 0x6300, 0x6400, 0x8400, 0x8400, 0x8400, 0x2711, 0xCA21, 0xA919, 0xCA19, 0xCA11, 0xEB19, 0x4C22, 0xCA11, 0x6D2A,
  0x4809, 0x2809, 0x2701, 0x2701, 0x2701, 0x2809, 0x2701, 0x2701, 0x0701, 0x2809, 0x4809, 0x8911, 0xAA11, 0xAA11, 0xCA19, 0xEB19,
  0x0B22, 0x0C22, 0x0B22, 0x2C22, 0x4C22, 0x4C22, 0x6C22, 0x6C22, 0x6D2A, 0x8D2A, 0xAD2A, 0xAE2A, 0xCE2A, 0xCE32, 0xEF3A, 0xEF3A,
  0xEF3A, 0xEF3A, 0x2F3B, 0x7043, 0x714B, 0x914B, 0x914B, 0xB253, 0x135C, 0x135C, 0x135C, 0x135C, 0x135C, 0xF353, 0xF253, 0xD253,
  0x914B, 0x5143, 0x7143, 0x924B, 0xB24B, 0xD353, 0x145C, 0x345C, 0x145C, 0x345C, 0x145C, 0x145C, 0xF45B, 0xD353, 0xD34B, 0xB24B,
  0xD34B, 0xD34B, 0xD34B, 0xB24B, 0xB24B, 0xD34B, 0xF453, 0xD45B, 0xB273, 0xCC9A, 0x04A1, 0xE3B8, 0x24A1, 0x8250, 0x0018, 0x0218,
  0x0208, 0x0210, 0x0120, 0x0028, 0x0148, 0xC478, 0xE490, 0xA398, 0x04B1, 0xE4B8, 0xA2B0, 0x41B0, 0x62B8, 0x62B8, 0x62B0, 0x62A8,
  0x6298, 0x0599, 0x6691, 0x49A2, 0xECAA, 0xECA2, 0xEFB3, 0x17EE, 0x1BFF, 0xFAFE, 0x3CFF, 0x55FD, 0xC490, 0x2288, 0x2280, 0x8889,
  0xB3CC, 0x56BD, 0x77AD, 0xF694, 0xE718, 0x0300, 0x2408, 0x2400, 0x2400, 0x0400, 0x0408, 0x0308, 0x0308, 0x0208, 0x0218, 0x6440,
  0xA558, 0xA570, 0x6799, 0xC999, 0xE560, 0x2228, 0x0210, 0x0118, 0x6448, 0xE680, 0xC698, 0xA598, 0xC588, 0x8368, 0x6358, 0xA348,
  0x6330, 0x0218, 0x0210, 0x0310, 0x0308, 0x0300, 0x2408, 0x2400, 0x2408, 0x2400, 0x0300, 0xC610, 0x6408, 0x2300, 0x2300, 0x6508,
  0x0819, 0x0819, 0x4500, 0x0400, 0x2400, 0x6929, 0x2721, 0x6408, 0x0200, 0x0200, 0x4719, 0xC929, 0xE618, 0x2308, 0x0300, 0xA618,
  0x6929, 0x0711, 0x4400, 0x0400, 0x8710, 0xE820, 0x8610, 0x0200, 0x0110, 0x0030, 0x6168, 0x03A9, 0xE3C8, 0xA3D8, 0xA4B8, 0x4991,
  0x8C61, 0xEF29, 0x7312, 0x940A, 0xD512, 0x752B, 0xF22A, 0x2A11, 0x0500, 0x2500, 0x4508, 0x0200, 0xAD52, 0x57A5, 0x56AD, 0x56BD,
  0x32BC, 0x0679, 0x2278, 0x6290, 0x0190, 0x21A0, 0xC3C0, 0xC4D0, 0xA3D8, 0xA3D8, 0xA3D0, 0x62C0, 0x41B0, 0x41B0, 0x41A8, 0x00A0,
  0x00A0, 0x0098, 0x0090, 0x6290, 0x8280, 0x0060, 0x8681, 0x56D5, 0x5AEE, 0x5EFF, 0x9BD6, 0x8C4A, 0x4300, 0x0711, 0x0711, 0x2711,
  0x2811, 0x0819, 0x4919, 0x6921, 0x4819, 0x0711, 0x2811, 0x4919, 0x6919, 0xAA21, 0x8921, 0x8921, 0x6921, 0x4819, 0x4919, 0x6919,
  0x2811, 0x4819, 0x4819, 0x2811, 0x0709, 0x0709, 0x0711, 0x0711, 0xE608, 0xC600, 0xA500, 0xA500, 0xA500, 0xA500, 0xA500, 0x8500,
  0xA500, 0x8500, 0x8500, 0xA508, 0xA508, 0x6400, 0x6400, 0x8508, 0x8508, 0xA608, 0x6500, 0xA508, 0x8508, 0xA508, 0xC510, 0xA510,
  0x8408, 0x6308, 0x6308, 0x4308, 0x6308, 0xA410, 0xC418, 0xA310, 0xA410, 0x8310, 0x8410, 0x8410, 0x8408, 0x6408, 0x6300, 0x6308,
  0x8408, 0x8300, 0x6300, 0x8400, 0x8400, 0xA500, 0x2811, 0xAA21, 0xAA21, 0xCA19, 0xEB19, 0xCA11, 0x2B1A, 0x2C1A, 0xEA11, 0x6C22,
  0xE700, 0x0701, 0x0701, 0x0701, 0x2701, 0x2701, 0x4809, 0x6809, 0x8911, 0x8911, 0x8A11, 0xCA19, 0x0B22, 0x0B22, 0x0B22, 0xEB19,
  0x0B22, 0x0B22, 0x0B22, 0x0B1A, 0x4C22, 0x4C22, 0x6C22, 0x8D2A, 0x8D2A, 0x8D2A, 0xAD2A, 0xAD2A, 0xCE32, 0xAE32, 0xCE32, 0x0F3B,
  0x3043, 0x5043, 0x5043, 0x5043, 0x714B, 0xB253, 0xD253, 0xD253, 0xD253, 0xB14B, 0x914B, 0x914B, 0x5043, 0x2F3B, 0x2F3B, 0x0F3B,
  0x7043, 0xD253, 0xB24B, 0xB24B, 0xB353, 0xD353, 0xD353, 0xD353, 0xF353, 0xB24B, 0x924B, 0xB24B, 0x924B, 0xB24B, 0xD34B, 0xF353,
  0xF353, 0x1454, 0x1454, 0x345C, 0x345C, 0x555C, 0x355C, 0x156C, 0x308B, 0xA8A1, 0xE4C0, 0xC3B0, 0x0060, 0x0030, 0x0120, 0x0128,
  0x0030, 0x6248, 0xE470, 0xC488, 0xA4A0, 0x05B9, 0xC5C0, 0x05C1, 0xC4B8, 0xA3A8, 0x49C2, 0xAFE3, 0x05A1, 0x2180, 0x0188, 0x2190,
  0x2290, 0x4188, 0x0080, 0x0078, 0x0070, 0x0068, 0x2168, 0xE478, 0xA789, 0x499A, 0x699A, 0x4DC3, 0x51F4, 0xE8B9, 0x8390, 0x4278,
  0xC468, 0x93C4, 0x56B5, 0x77AD, 0xB58C, 0x2721, 0x0300, 0x4508, 0x4508, 0x4500, 0x0400, 0x0400, 0x0408, 0x0308, 0x0210, 0x0118,
  0x0018, 0x0028, 0x4250, 0x6460, 0x6979, 0xE758, 0x2318, 0x0308, 0x0210, 0x2328, 0x6440, 0x4340, 0x4238, 0x0228, 0x0120, 0x0218,
  0x0210, 0x0308, 0x0408, 0x0300, 0x0300, 0x0408, 0x0400, 0x4508, 0x2400, 0xA610, 0x0821, 0x6508, 0x6408, 0x0300, 0x6408, 0x4821,
  0xE718, 0x2500, 0x0400, 0x2400, 0x2821, 0x4821, 0x6508, 0x2300, 0x4300, 0x0619, 0x4821, 0xE710, 0x2300, 0x2300, 0xE610, 0x8829,
  0xE618, 0x0300, 0x0300, 0x0408, 0x4508, 0x4408, 0x0208, 0x0118, 0x8258, 0xC288, 0xE3B0, 0xE3C0, 0xA4C0, 0xC6B8, 0x4991, 0x6B51,
  0x0F32, 0xB21A, 0x9302, 0xD50A, 0x562B, 0xB222, 0xA800, 0x0500, 0x4508, 0x4508, 0x0300, 0x2B3A, 0x1695, 0x56A5, 0x56BD, 0xF0AB,
  0xC368, 0x2270, 0x6280, 0x4188, 0x4198, 0x41A0, 0x41B0, 0x41B0, 0x21B0, 0x20A8, 0x41A8, 0x01A0, 0x0098, 0x0098, 0x0098, 0x2198,
  0x4298, 0x2288, 0x4280, 0x0060, 0x4579, 0x10CC, 0x96E5, 0xBBEE, 0x1EF7, 0x3ACE, 0x2621, 0x6400, 0x0711, 0x0709, 0x0711, 0x2711,
  0x2811, 0x2819, 0x4921, 0x2819, 0x0811, 0x4819, 0x6921, 0x8921, 0x6921, 0x8A21, 0x8921, 0x6919, 0x4919, 0x8921, 0x6919, 0x2811,
  0x2819, 0x4819, 0x2811, 0x2811, 0x0709, 0x0711, 0x0709, 0xE608, 0xC500, 0xA500, 0xA500, 0xA500, 0xA500, 0xA500, 0xA500, 0x8500,
  0x8500, 0xC508, 0xA508, 0x6400, 0x6508, 0x8508, 0x8508, 0x8508, 0x6508, 0x6500, 0x8508, 0xA610, 0x8508, 0x8508, 0xC510, 0xA408,
  0x8408, 0x6308, 0x6308, 0x6308, 0xA410, 0xC418, 0xA310, 0xA318, 0xA310, 0xA410, 0xA410, 0x6308, 0x8410, 0x6408, 0x8408, 0x8408,
  0x4200, 0x6300, 0xC408, 0x6300, 0xA500, 0x8919, 0x0B2A, 0xCB21, 0xCA21, 0xCB21, 0xEB19, 0x0B1A, 0x4C22, 0xCA09, 0x4C1A, 0x6C22,
  0xE700, 0x0701, 0x2701, 0x2809, 0x6809, 0x6911, 0x8911, 0xAA19, 0xCA19, 0xCA19, 0xCA19, 0xEB19, 0xEB19, 0xCA19, 0xCA19, 0xCA19,
  0xEB21, 0x0B22, 0x2C22, 0x2B22, 0x2B1A, 0x4C22, 0x6C22, 0x8D2A, 0x8D2A, 0x8D2A, 0xAD2A, 0xAD2A, 0xAE32, 0xCE32, 0xCE32, 0xCE32,
  0xEE32, 0x0F3B, 0x5043, 0x5043, 0x5043, 0x5043, 0x714B, 0x5043, 0x2F3B, 0x0F3B, 0xEE32, 0xCE32, 0xCE32, 0x0F3B, 0x5043, 0x914B,
  0x914B, 0x924B, 0xB253, 0x714B, 0x924B, 0x924B, 0x5143, 0x303B, 0x5143, 0x7143, 0x924B, 0x924B, 0x924B, 0xB24B, 0xF353, 0x1454,
  0x345C, 0x545C, 0x7564, 0x9664, 0xB66C, 0x966C, 0x545C, 0xF273, 0x8D92, 0x84A8, 0x83D0, 0x82B0, 0x0058, 0x0050, 0x6470, 0xE690,
  0xA398, 0xA3A0, 0xE4B0, 0xE5B8, 0xC4B0, 0x05B1, 0x46A9, 0xC488, 0xC899, 0xF4E4, 0x18EE, 0x39F6, 0x35DD, 0x73DC, 0x6789, 0x2270,
  0x2178, 0x4280, 0xA390, 0x6288, 0x8288, 0x8388, 0x6390, 0x0288, 0x0288, 0x0178, 0x0178, 0x8280, 0x07B2, 0x86A9, 0x4188, 0x4288,
  0x6378, 0x2671, 0xD0AB, 0x57B5, 0x97AD, 0x337C, 0xA510, 0x2408, 0x4508, 0x0400, 0x2500, 0x2500, 0x0400, 0xC728, 0x2318, 0x0118,
  0x0118, 0x0010, 0x0010, 0x0018, 0x4430, 0x8638, 0x2518, 0x0408, 0x2508, 0x0408, 0x0308, 0x0308, 0x2308, 0x0310, 0x0418, 0x0518,
  0x0510, 0x2508, 0x0400, 0x4408, 0xA618, 0x2310, 0x2408, 0x2400, 0xA610, 0x4821, 0xE718, 0x2400, 0x0300, 0xC610, 0x6829, 0xE618,
  0x4400, 0x0400, 0x0400, 0xC710, 0x8A29, 0x8508, 0x2300, 0x4400, 0xA610, 0x6829, 0xA610, 0x0400, 0x6400, 0x0609, 0xE921, 0x2611,
  0x2300, 0x0300, 0x0308, 0x2408, 0x2308, 0x0108, 0x0028, 0x4160, 0xE3A8, 0x04D1, 0xA2D0, 0xA4B8, 0x49A9, 0x4A89, 0x6C49, 0x302A,
  0x511A, 0x720A, 0x1513, 0x141B, 0x5012, 0x0A01, 0x2500, 0x2400, 0x4508, 0x4408, 0x6821, 0x3695, 0x76A5, 0x76BD, 0x11B4, 0x2571,
  0x4270, 0x8280, 0x4188, 0x2190, 0x2298, 0x2198, 0x0198, 0x0098, 0x21A0, 0x2198, 0x2190, 0x4290, 0x4298, 0x2190, 0x4190, 0x2188,
  0x0178, 0x2168, 0x4679, 0xF0BB, 0x35D5, 0x9BF6, 0xDCF6, 0x1DF7, 0x3ACE, 0x2A4A, 0x6400, 0x4719, 0x0709, 0x0711, 0x0811, 0x0811,
  0x2819, 0x2819, 0x0719, 0x0711, 0x4819, 0x6921, 0x8921, 0x8921, 0x4819, 0x6919, 0x4819, 0x4819, 0x6919, 0x6919, 0x4819, 0x2819,
  0x2811, 0x2811, 0x0711, 0x0709, 0xE608, 0x0709, 0xC608, 0xA500, 0x8500, 0x8500, 0xA500, 0xA500, 0xA500, 0xA500, 0xA500, 0xA500,
  0xA508, 0xA500, 0x6400, 0x6400, 0x8508, 0x8508, 0x6508, 0x8508, 0x8508, 0x8508, 0xA608, 0x8508, 0x8508, 0xA510, 0xA508, 0x8408,
  0x6308, 0x6308, 0x8308, 0x8410, 0xA410, 0xC418, 0xC418, 0xA410, 0xA310, 0xA310, 0x8410, 0x8408, 0x6408, 0x8408, 0x8408, 0x6300,
  0x8300, 0xA408, 0xA408, 0x0611, 0xC921, 0x4C32, 0x0B2A, 0xAA19, 0xCB21, 0xEB19, 0xEB19, 0x4C22, 0x2B1A, 0xCA09, 0x8C22, 0x0B12,
  0x2809, 0x4809, 0x6809, 0x6911, 0x8911, 0x8911, 0x8911, 0xA911, 0xAA19, 0xA911, 0x8911, 0xCA19, 0xCA19, 0xCA19, 0xEB19, 0x0B22,
  0x0B22, 0x0B22, 0x0B22, 0x0B22, 0x2C22, 0x4C22, 0x6C2A, 0x6D2A, 0x8D2A, 0x8D2A, 0x8D2A, 0xAD2A, 0xAE32, 0xCE32, 0xEF32, 0x0F3B,
  0x0F3B, 0xCE32, 0xEE32, 0xEF3A, 0xCE32, 0xAE32, 0xAE32, 0xAD2A, 0x8D2A, 0xCE32, 0xEE32, 0x0F3B, 0x303B, 0x5043, 0x2F3B, 0x5043,
  0x7043, 0x3043, 0x103B, 0x103B, 0x303B, 0x5143, 0x5143, 0x303B, 0x303B, 0x714B, 0x924B, 0x924B, 0xF353, 0x345C, 0x7564, 0x9664,
  0xB66C, 0xD66C, 0xB66C, 0x7564, 0x345C, 0xF35B, 0x915B, 0x0E6B, 0xC899, 0x42B8, 0x82E0, 0x82C8, 0x82A0, 0x83A0, 0xA4B0, 0xE5C8,
  0xC4C8, 0xC4C0, 0xE4B0, 0x2599, 0x4689, 0x4671, 0xA761, 0xC851, 0x2A52, 0x1284, 0x3EDF, 0x1DDF, 0xFDEE, 0xBCF6, 0xB8E5, 0xD5DC,
  0x8FC3, 0xE478, 0x0050, 0x0060, 0x0060, 0x0068, 0x0070, 0x0280, 0x2280, 0x4280, 0x8380, 0x6280, 0x0078, 0x2080, 0x4190, 0x4290,
  0x4288, 0x4270, 0x6360, 0x73BC, 0x36BD, 0x77B5, 0xD59C, 0x506B, 0x0400, 0x0400, 0x4500, 0x2400, 0x2400, 0xA620, 0x0741, 0xE648,
  0x4230, 0x0020, 0x0010, 0x2118, 0x0110, 0x0210, 0x0408, 0x0408, 0x0508, 0x0508, 0x2408, 0x2400, 0x2400, 0x0400, 0x2508, 0x0508,
  0x2608, 0x2500, 0xE818, 0x2821, 0xC610, 0x4408, 0x0200, 0xA508, 0x8929, 0xE610, 0x2300, 0x0300, 0x8510, 0x6929, 0xE618, 0x2300,
  0x2400, 0x6508, 0x2821, 0x0719, 0x4408, 0x0300, 0x0300, 0xE718, 0xAA31, 0x8508, 0x0300, 0x0300, 0xA610, 0xA929, 0x0711, 0x4300,
  0x2300, 0x2308, 0x0208, 0x0208, 0x0118, 0x0140, 0xE380, 0x24C1, 0xA2D8, 0x62D8, 0xC6C8, 0x09A1, 0x4B69, 0x8D41, 0xF021, 0x320A,
  0x531A, 0x152B, 0xD322, 0xCE09, 0xC900, 0x2500, 0x4400, 0x4300, 0x0100, 0x4C42, 0x169D, 0x97AD, 0x56BD, 0x11AC, 0x4671, 0x2168,
  0x6288, 0x8290, 0x2190, 0x2290, 0x0290, 0x0190, 0x0188, 0x2288, 0x0078, 0x0068, 0x0170, 0x0168, 0x0060, 0x0060, 0x0058, 0xA368,
  0xECAA, 0xD4D4, 0x77DD, 0xBCF6, 0xDDEE, 0x7FFF, 0xF9C5, 0x0E63, 0x2A42, 0x6400, 0x2711, 0xE708, 0x2811, 0x2811, 0x0811, 0x0811,
  0x2811, 0x2819, 0x0711, 0x4821, 0x8921, 0x6919, 0x6921, 0x6819, 0x4819, 0x4819, 0x4811, 0x4819, 0x6819, 0x2711, 0x2711, 0x4819,
  0x2711, 0x0711, 0xC608, 0xC608, 0xC600, 0xC600, 0xA500, 0x8500, 0x8500, 0x8500, 0xA500, 0xA500, 0xA500, 0xA500, 0xA500, 0xC508,
  0xC508, 0x6400, 0x6400, 0x8500, 0xA508, 0x8508, 0x6400, 0x6408, 0xA510, 0xA508, 0xA508, 0x6408, 0xA508, 0xA510, 0x8408, 0x8408,
  0x8408, 0x8408, 0x8410, 0xC418, 0x8410, 0xA410, 0xC418, 0x8310, 0xA310, 0x8308, 0x8408, 0x8410, 0x6408, 0x6400, 0x8408, 0xA408,
  0xA408, 0x6400, 0xC508, 0xCA29, 0x8D3A, 0x4C32, 0xCA21, 0xCA19, 0xEB19, 0xEB19, 0x0B1A, 0x4C22, 0x0B1A, 0x2B1A, 0x4B1A, 0x8901,
  0x6809, 0x6911, 0x8911, 0x8911, 0x8911, 0x8911, 0xA911, 0xA911, 0xAA19, 0xCA19, 0xCA19, 0xEA19, 0xEA19, 0xCA19, 0xEA19, 0xEA19,
  0x0B22, 0x2B22, 0x2B22, 0x2C22, 0x4C22, 0x4C22, 0x6C22, 0x6C22, 0x6D2A, 0x8D2A, 0x8D2A, 0x8D2A, 0xAE32, 0xAE32, 0x8D2A, 0x8D2A,
  0x6D2A, 0x6D2A, 0x6D2A, 0x6D2A, 0x4C22, 0x6C22, 0x6D2A, 0x8D2A, 0xCE32, 0xCE32, 0xEF32, 0x0F3B, 0x0F3B, 0x0F3B, 0x0F3B, 0xEE32,
  0xCE32, 0xEF32, 0x103B, 0x303B, 0x303B, 0x5143, 0x914B, 0x924B, 0xD353, 0xF353, 0x145C, 0x5464, 0x545C, 0x545C, 0x555C, 0x545C,
  0x345C, 0xF353, 0xD353, 0xB24B, 0xB24B, 0x9153, 0x2F63, 0x2A82, 0x05A1, 0x61C8, 0x41D8, 0x62D0, 0xC3C8, 0xE4C0, 0x03B9, 0x03A9,
  0x0699, 0x6899, 0xA881, 0xA861, 0xE951, 0x2A3A, 0x4B3A, 0xEE42, 0xEF42, 0x8E32, 0x714B, 0x9153, 0x5CBE, 0xFED6, 0xDDE6, 0x9CEE,
  0x5AEE, 0x76DD, 0x72BC, 0x31BC, 0x71C4, 0x30C4, 0x8EBB, 0x0DAB, 0xE889, 0x2571, 0x8368, 0x6270, 0x6280, 0x4280, 0x8290, 0x8290,
  0x4288, 0x6288, 0x4378, 0x2681, 0x90AB, 0x16C5, 0x36AD, 0x77A5, 0x9173, 0xC718, 0x4400, 0x8500, 0x2400, 0x0308, 0x6528, 0xC758,
  0x8560, 0x6568, 0xC460, 0x8350, 0x8440, 0x2228, 0x0218, 0x0318, 0x0310, 0x0310, 0x2408, 0x2300, 0x2310, 0x0308, 0x0300, 0x2400,
  0x2500, 0x2500, 0xE820, 0xA710, 0x0400, 0x2400, 0xC508, 0x6821, 0xC610, 0x2300, 0x2400, 0x4408, 0x2821, 0xC610, 0x2300, 0x2300,
  0x4400, 0x6929, 0xE718, 0x2400, 0x2400, 0x0400, 0xE718, 0x8929, 0xC610, 0x2400, 0x0300, 0xC518, 0x4831, 0xA618, 0x2400, 0x2400,
  0x2300, 0x0208, 0x0118, 0x0020, 0x8368, 0xC4A0, 0xE3C0, 0xC2D8, 0x82D0, 0xA6C0, 0xEA90, 0x0C51, 0x8E29, 0x1012, 0x320A, 0x7312,
  0xF532, 0x112A, 0xCA00, 0x6700, 0x4500, 0x2408, 0x0300, 0x8829, 0xB06B, 0xF594, 0x98BD, 0x77CD, 0x8FAB, 0x8360, 0x0060, 0x6280,
  0x2188, 0x4188, 0x8390, 0x4280, 0x4278, 0x6378, 0x6268, 0x0579, 0x6BA2, 0x8FBB, 0xD0BB, 0xF1C3, 0x52C4, 0x92C4, 0xB3C4, 0x35CD,
  0xF8DD, 0x7BE6, 0x5BDE, 0xFDE6, 0x1AC6, 0x6B4A, 0xC931, 0x6300, 0xA508, 0x0611, 0x2709, 0x2811, 0x2811, 0x2811, 0x2811, 0x0811,
  0x0711, 0x0819, 0x6921, 0x8921, 0x6921, 0x6819, 0x8921, 0x6919, 0x4819, 0x8919, 0x6919, 0x4819, 0x2811, 0x2819, 0x2811, 0x0711,
  0x0711, 0xE608, 0x8500, 0xA500, 0x8500, 0x8500, 0x8500, 0xA500, 0xA500, 0xA500, 0xA500, 0xA500, 0xA500, 0xA500, 0xA500, 0x8400,
  0x6400, 0x8400, 0xA508, 0xA508, 0x8508, 0xA508, 0x8508, 0x8508, 0x8508, 0x8508, 0xA508, 0x8508, 0xC510, 0x8408, 0x8408, 0x8408,
  0x8408, 0xA410, 0xA410, 0xA410, 0xC418, 0xA410, 0x8310, 0x8310, 0x8310, 0x8410, 0x8410, 0x6408, 0x6408, 0x6400, 0xA408, 0x8400,
  0x8400, 0x4719, 0x2B32, 0xCE42, 0xAD42, 0x2C2A, 0x0B22, 0x0B22, 0x0B22, 0x2B22, 0x4C22, 0x2B1A, 0xEA11, 0x2B1A, 0x8909, 0x2701,
  0x6911, 0x6911, 0x6911, 0x6911, 0x8911, 0x8911, 0x8911, 0x8911, 0x8911, 0xA911, 0xA911, 0xCA19, 0xEA19, 0xEB19, 0xEB19, 0xEA19,
  0x0B22, 0x0B22, 0x2B22, 0x2C22, 0x4C22, 0x4C22, 0x4C22, 0x6C2A, 0x4C22, 0x4C22, 0x4C22, 0x4C22, 0x4C22, 0x4C22, 0x2C22, 0x0B1A,
  0x2C22, 0x2C22, 0x2C22, 0x2C22, 0x4C22, 0x8D2A, 0xAD2A, 0xAE32, 0xCE32, 0xCE32, 0xCE32, 0xCE32, 0xCE32, 0xCE32, 0xEE32, 0xEF32,
  0xEE32, 0xEF3A, 0x103B, 0x5143, 0x914B, 0xB24B, 0xF35B, 0x145C, 0x345C, 0x5464, 0x5464, 0x5464, 0x1354, 0xF353, 0xD24B, 0x9143,
  0x9143, 0x9143, 0x914B, 0xB24B, 0xD353, 0xD263, 0xCE7A, 0x6891, 0xA4B8, 0xA3C8, 0x82C0, 0x83C0, 0xA4B0, 0x25A1, 0xC589, 0x0772,
  0x0A62, 0xEA51, 0x0A4A, 0x6C4A, 0xAD42, 0xEF42, 0xEF3A, 0xCF32, 0xAF32, 0xAF32, 0x2C1A, 0x4C22, 0x9153, 0xB25B, 0xD163, 0xBDCE,
  0xFDD6, 0x3EE7, 0x7EEF, 0x5EEF, 0xDBE6, 0xBBEE, 0x7AE6, 0x7AEE, 0xD8D5, 0x56CD, 0x15CD, 0x93CC, 0xD1CB, 0x0679, 0x0060, 0x4170,
  0x2180, 0x2288, 0x2290, 0x2280, 0xA470, 0x097A, 0xD4B4, 0x56AD, 0x98AD, 0x5484, 0x4400, 0x0300, 0x4400, 0x2408, 0x0318, 0x2438,
  0xA768, 0xC780, 0x6488, 0x6480, 0xA478, 0x6360, 0x6358, 0x8458, 0x0240, 0x0128, 0x0020, 0x0118, 0x6238, 0x8340, 0x2120, 0x0108,
  0x2308, 0x0308, 0x6510, 0x2508, 0x0500, 0x8710, 0x2821, 0xE610, 0x4300, 0x2300, 0x4400, 0x0719, 0xE718, 0x2400, 0x2300, 0x4300,
  0xE618, 0xE618, 0x2300, 0x0300, 0x2400, 0xC718, 0x4821, 0x6508, 0x0300, 0x2300, 0xC510, 0x8829, 0xE718, 0x2408, 0x0408, 0x0310,
  0x0218, 0x0030, 0x8260, 0xE380, 0xA3B0, 0xA4D8, 0x83D0, 0xA4C0, 0x08B1, 0x0B79, 0x2E49, 0xB121, 0x120A, 0x720A, 0xB20A, 0x1423,
  0x3022, 0x6800, 0x2600, 0x2400, 0x6408, 0x0200, 0x2731, 0xB59C, 0xD9B5, 0x97BD, 0x77CD, 0xD0BB, 0x2581, 0x2278, 0x4288, 0x4288,
  0x6280, 0x2178, 0x0060, 0xE468, 0x0DA3, 0x72CC, 0xD3CC, 0x15C5, 0xF8DD, 0x9AE6, 0xBBE6, 0xBBE6, 0xFDEE, 0x3DF7, 0x9FFF, 0x9FFF,
  0x1DE7, 0x3EE7, 0xD9B5, 0x0E5B, 0x4B42, 0x0100, 0x8400, 0x4711, 0x4711, 0x2711, 0x2809, 0x2809, 0x2811, 0x2811, 0x2811, 0x0811,
  0x4819, 0x4821, 0x4819, 0x4819, 0x4819, 0x6819, 0x4819, 0x6819, 0x6819, 0x4819, 0x4811, 0x2711, 0x2711, 0x2711, 0x0711, 0xE608,
  0xC608, 0xA600, 0x8500, 0x8500, 0x8500, 0x8500, 0x8500, 0xA500, 0xA500, 0xA500, 0xA500, 0xA500, 0xA500, 0x8500, 0x8500, 0x8400,
  0x8400, 0x8400, 0xA508, 0xA508, 0x8508, 0x8508, 0x8508, 0x8508, 0x8508, 0xA508, 0xA508, 0xA408, 0x8408, 0x8408, 0x6408, 0x6408,
  0x8410, 0xA410, 0xA418, 0xA410, 0xA410, 0x8410, 0x8310, 0x8310, 0x8308, 0x8408, 0x8408, 0x6408, 0x4408, 0x6400, 0xA508, 0xA500,
  0xE610, 0x6C3A, 0xEF4A, 0xCE42, 0xAD3A, 0x2C2A, 0x2C2A, 0x2C2A, 0x6D32, 0x4C22, 0x0B1A, 0x0B1A, 0xEA19, 0x8909, 0xE600, 0x2701,
  0x6809, 0x6911, 0x6911, 0x6911, 0x8911, 0xA911, 0xA911, 0xA911, 0xAA19, 0xCA19, 0xCA19, 0xEA19, 0xEA19, 0xEA19, 0x0B22, 0x0B22,
  0x0A22, 0xEA19, 0xEA19, 0x0B1A, 0x2B22, 0x0B1A, 0x0B1A, 0x0B1A, 0xEB19, 0xCA11, 0xEB19, 0xEB19, 0xEA19, 0xCA11, 0xEB19, 0x0B1A,
  0x0B1A, 0x2C22, 0x6C22, 0x6D2A, 0xAD2A, 0x6D2A, 0x6D2A, 0x8D2A, 0x8D2A, 0x8D2A, 0x8D2A, 0xAD2A, 0xAE2A, 0xAD2A, 0xAE2A, 0xEF32,
  0x5043, 0x914B, 0x914B, 0xB24B, 0xD253, 0xF35B, 0x345C, 0x135C, 0xF35B, 0xD253, 0x914B, 0x7143, 0x7143, 0x7143, 0x9143, 0x7143,
  0x9143, 0xB24B, 0xD24B, 0xD253, 0xD24B, 0x715B, 0x6C7A, 0x2799, 0xC5A8, 0x05A1, 0x2589, 0x4781, 0x8981, 0xA969, 0xE949, 0x6A42,
  0x8D3A, 0xCE3A, 0xEF42, 0xEF42, 0xCE3A, 0xAE32, 0xAE32, 0xAE2A, 0xAE22, 0xAE22, 0xCE2A, 0xAE22, 0x4C1A, 0xEA11, 0x0B1A, 0xD253,
  0x9153, 0x7053, 0x705B, 0xF26B, 0x9CC6, 0xFDD6, 0xBDD6, 0xDDDE, 0xDDDE, 0xBDDE, 0x7BDE, 0x1ADE, 0x1AE6, 0x94C4, 0x31B4, 0x2DAB,
  0xE580, 0x6390, 0x2298, 0x4298, 0x6280, 0x2158, 0xAB92, 0x35C5, 0x36AD, 0x77AD, 0x338C, 0x2F6B, 0x0721, 0x2300, 0x4410, 0x2318,
  0x6438, 0x2448, 0x6470, 0x8380, 0x8380, 0x4380, 0x6388, 0x6388, 0xC488, 0xE8A1, 0x09A2, 0xE480, 0x2070, 0x6178, 0xE480, 0xE470,
  0x4240, 0x0120, 0x0210, 0x0308, 0x2400, 0x8608, 0xA510, 0x2300, 0x0300, 0x6508, 0xC718, 0xA610, 0x2400, 0x2300, 0x0300, 0x0619,
  0xE618, 0x0200, 0x2300, 0x2400, 0xC610, 0x2821, 0x4508, 0x0300, 0x0300, 0xC618, 0x2819, 0xA508, 0x4400, 0x4408, 0x0310, 0x0228,
  0x4358, 0xC390, 0xA3B0, 0xC2C8, 0xA3D8, 0x83D0, 0xE6B8, 0x4A91, 0x2C59, 0x6E31, 0xB119, 0x1212, 0x7312, 0xD422, 0x911A, 0x6B09,
  0x6700, 0x2500, 0x2400, 0x4300, 0x4308, 0xEA39, 0x9494, 0x57AD, 0x76BD, 0xF4C4, 0x6A92, 0xA370, 0x6280, 0x4298, 0x4290, 0x4280,
  0x2581, 0x8A9A, 0xAFAB, 0xD4C4, 0xB7DD, 0x39DE, 0x5AD6, 0xBBDE, 0xDCD6, 0xDCD6, 0xBBCE, 0x1DD7, 0x9BCE, 0x748C, 0x2F63, 0x8C52,
  0x6C42, 0x4B3A, 0xA821, 0x2200, 0xA400, 0x4711, 0x2609, 0x2709, 0x2709, 0x2709, 0x2809, 0x2811, 0x2811, 0x0811, 0x2811, 0x6919,
  0x6921, 0x2819, 0x2819, 0x2819, 0x2819, 0x4819, 0x4819, 0x6819, 0x6819, 0x4819, 0x2711, 0x2711, 0x0711, 0x0711, 0xC608, 0xA600,
  0xA500, 0x8500, 0x8500, 0x8500, 0x8500, 0xA500, 0xA500, 0xA500, 0xA500, 0xA500, 0xA500, 0xA500, 0xA500, 0xA500, 0x8500, 0xA500,
  0xA500, 0xA500, 0xA400, 0xA400, 0x8508, 0x8508, 0x8508, 0x8508, 0x8508, 0xA408, 0x8408, 0xA408, 0x8408, 0x8408, 0x6408, 0x8408,
  0x8410, 0xA410, 0xA510, 0xA410, 0x8410, 0x8410, 0x8410, 0x8410, 0xA410, 0x8410, 0x6408, 0x4408, 0x4408, 0xA508, 0x8400, 0x2711,
  0x4C32, 0xEF4A, 0xEF42, 0x8D32, 0x6D32, 0x6D32, 0x6D32, 0x6D32, 0x6C2A, 0x0A1A, 0xEA19, 0x0B22, 0xA911, 0x0701, 0xC600, 0x4809,
  0x8911, 0x8911, 0x8911, 0x8911, 0xA911, 0xA911, 0xAA19, 0xAA19, 0xAA19, 0xCA19, 0xCA19, 0xCA19, 0xEA19, 0xEA19, 0xEA19, 0xEA19,
  0xEA19, 0xEA19, 0xEA19, 0xCA19, 0xCA11, 0xCA11, 0xCA11, 0xAA11, 0xCA11, 0xCA11, 0xA911, 0xAA11, 0x0B1A, 0x0B1A, 0x0B1A, 0x0B1A,
  0x2C22, 0x4C22, 0x6D2A, 0x6D2A, 0x6C22, 0x6C22, 0x4C22, 0x6D22, 0x6D22, 0x6D22, 0x8D2A, 0xAD2A, 0xCE32, 0x0F3B, 0x2F3B, 0x5043,
  0x5043, 0x7143, 0xD253, 0xD253, 0xD253, 0xD253, 0xB24B, 0x7143, 0x5043, 0x303B, 0x303B, 0x5043, 0x7143, 0x7143, 0x9143, 0xD24B,
  0xF24B, 0xD24B, 0xB24B, 0x7143, 0x0F33, 0x8D3A, 0x2B5A, 0xA981, 0x8989, 0xC971, 0x0A52, 0x2B42, 0x4B4A, 0x6D4A, 0xAF4A, 0xF042,
  0x303B, 0x0E33, 0xCE2A, 0xCE2A, 0xEF2A, 0x8D22, 0x8D22, 0x8D22, 0x8D22, 0x8D22, 0xAE22, 0xAE2A, 0xAE22, 0xAE22, 0xCE2A, 0x6C22,
  0xCA11, 0x0B22, 0x4C2A, 0x2C2A, 0x7053, 0x705B, 0x305B, 0x105B, 0x0F5B, 0x99A5, 0x9CC6, 0x9CC6, 0x5BC6, 0x3BCE, 0x1ACE, 0xD8DD,
  0xB4DC, 0x8791, 0x6290, 0x83A0, 0x4290, 0x4180, 0x6278, 0xC789, 0x10A4, 0x76C5, 0x36BD, 0x37B5, 0xD17B, 0x4400, 0x4300, 0x8408,
  0x0308, 0x0218, 0x4340, 0xA460, 0xE578, 0x6380, 0x2290, 0x2298, 0x4290, 0xE498, 0x45A9, 0x46B9, 0xA3C0, 0x82C0, 0xC3C0, 0xE4B8,
  0xE4A0, 0x2160, 0x0028, 0x0118, 0x4310, 0x0300, 0x2300, 0x0300, 0x6508, 0xE718, 0xC618, 0x4408, 0x2400, 0x0300, 0xC610, 0xE618,
  0x4300, 0x2300, 0x0300, 0xE718, 0x8929, 0x6508, 0x0300, 0x2400, 0xA618, 0xE618, 0x6508, 0x0300, 0x2308, 0x2220, 0x0030, 0xA370,
  0xE4A8, 0xC4C0, 0xA3D0, 0x82D0, 0xC4C8, 0x07A9, 0x6A81, 0x4D49, 0x8F21, 0xF111, 0x110A, 0x521A, 0xD432, 0x3122, 0xEA08, 0x4500,
  0x2400, 0x4408, 0x2300, 0x0200, 0x6B42, 0xF58C, 0x76A5, 0xD7BD, 0xF0A3, 0x4579, 0x4170, 0x6288, 0x8298, 0x4298, 0x4188, 0x6691,
  0x11C4, 0x56D5, 0xD8D5, 0x3ADE, 0x1AD6, 0x5BD6, 0xDDDE, 0x16A5, 0x6B4A, 0xCD52, 0xCD4A, 0xCD52, 0x6C4A, 0x0719, 0x4408, 0x4400,
  0x0200, 0x4300, 0x8400, 0xE608, 0xE600, 0x2701, 0x0601, 0x0709, 0x0709, 0x2709, 0x2811, 0x2811, 0x0811, 0x0811, 0x4819, 0x6921,
  0x4819, 0x2819, 0x4819, 0x4819, 0x4819, 0x4819, 0x6821, 0x2711, 0x0711, 0x2711, 0x4711, 0x0711, 0x0711, 0xC608, 0xA500, 0x6400,
  0x6400, 0x8500, 0x8500, 0xA500, 0xA500, 0xA500, 0xA500, 0xA500, 0xA500, 0xA500, 0x8500, 0x8500, 0xA500, 0xA500, 0xA500, 0xC508,
  0xC508, 0xA508, 0xA408, 0x8400, 0xA508, 0xA508, 0xA508, 0xA508, 0x8408, 0x8408, 0xA408, 0x8408, 0x8408, 0x8408, 0x8410, 0x8410,
  0x8410, 0xA410, 0xA410, 0x8410, 0x8410, 0x8410, 0x8410, 0x8310, 0x8410, 0x8410, 0x8408, 0x6408, 0x6408, 0xA508, 0xE610, 0x2B32,
  0x2F53, 0xEF4A, 0xAE3A, 0xAE3A, 0x8D32, 0x6D32, 0x8D32, 0xAD3A, 0x2B22, 0xCA19, 0x0A22, 0xC919, 0x2701, 0xC600, 0x4811, 0x0B2A,
  0x8911, 0x8911, 0x8911, 0x8911, 0x8911, 0x8911, 0x8911, 0xA911, 0xA911, 0xA911, 0xA911, 0xA911, 0xA911, 0xC919, 0xC919, 0xC919,
  0xA911, 0xA911, 0xA911, 0x8911, 0x8909, 0x8911, 0xA911, 0xAA11, 0xAA11, 0xCA19, 0x0B1A, 0x0B22, 0x0B1A, 0x0B22, 0x0B1A, 0xEB19,
  0x2C22, 0x2C22, 0x2C22, 0x2C22, 0x2B1A, 0x6C22, 0x6D2A, 0x6C22, 0x6C22, 0x6D22, 0x8D2A, 0xAE2A, 0xEF32, 0x303B, 0x303B, 0x7043,
  0xB24B, 0xB24B, 0x914B, 0x914B, 0x7043, 0x2F3B, 0xEE32, 0x0F3B, 0x0F3B, 0x2F3B, 0x7043, 0x914B, 0x914B, 0xB24B, 0xB14B, 0x7043,
  0x0F33, 0x0F33, 0x8D22, 0x6C22, 0xAD2A, 0xCE3A, 0x8D42, 0x4B52, 0x0B52, 0x4C4A, 0xCE42, 0x2F3B, 0x0E33, 0x0E3B, 0xF13A, 0xD032,
  0xEE2A, 0xCE2A, 0xAD22, 0x8D1A, 0x6D1A, 0x8D22, 0x8D22, 0x8D2A, 0x8D2A, 0x8D2A, 0x8E2A, 0xAE2A, 0xCE2A, 0xEF32, 0xCE2A, 0xAE2A,
  0x345C, 0xAE32, 0xEB21, 0x0C22, 0xAA11, 0x6911, 0x6919, 0x4919, 0x0709, 0x4B2A, 0x4F4B, 0xAC3A, 0x0E4B, 0x3BB6, 0xBED6, 0x7CD6,
  0x19DE, 0x76ED, 0xAABA, 0x82A0, 0x83B0, 0x42A8, 0x4298, 0x0178, 0xA468, 0x0EA3, 0x56D5, 0xD5AC, 0x57A5, 0xD16B, 0xC608, 0x0200,
  0x4400, 0x2308, 0x0318, 0x0220, 0x4338, 0x8468, 0x6388, 0x2298, 0x2198, 0x2090, 0x0090, 0x41A8, 0xC3D0, 0x62D8, 0x42D8, 0x82D8,
  0xA3D0, 0xA3B0, 0xC490, 0x2150, 0x0020, 0x2218, 0x2308, 0x0400, 0x6510, 0x8610, 0x2408, 0x2400, 0x0300, 0xC610, 0xE618, 0x4300,
  0x2200, 0x2300, 0x0719, 0x2719, 0x6508, 0x2400, 0x6508, 0x2408, 0x6510, 0x6408, 0x0308, 0x0220, 0x0130, 0x6268, 0xE298, 0xE2B0,
  0xE3C8, 0xA3C8, 0x84C0, 0xE6C0, 0x0CBA, 0x6B71, 0xEA30, 0x6E19, 0xF109, 0x320A, 0xD322, 0x143B, 0xEF29, 0x6800, 0x0500, 0x0400,
  0x4408, 0x0200, 0xE618, 0x9173, 0x369D, 0x569D, 0x55B5, 0x10AC, 0x0471, 0x0070, 0x4190, 0x62A0, 0x82A8, 0x24A9, 0xEBBA, 0x14D5,
  0xB7D5, 0xF9CD, 0x9CDE, 0xF9C5, 0xED62, 0x0B42, 0xAD52, 0xA931, 0x0100, 0x0200, 0x0200, 0x0200, 0x2300, 0x6400, 0x0100, 0xA929,
  0xB273, 0x8508, 0xC610, 0xE608, 0xE608, 0x0709, 0x4709, 0x2709, 0x2709, 0x0709, 0xE708, 0xE810, 0x2811, 0x4819, 0x4819, 0x2719,
  0x2711, 0x2819, 0x4819, 0x4819, 0x4819, 0x4719, 0x2711, 0x4719, 0x2711, 0x0609, 0xC608, 0xC608, 0xC508, 0xA500, 0x8400, 0x6400,
  0x6400, 0x8500, 0xA500, 0xA500, 0xA500, 0xA500, 0xA500, 0xA500, 0xA500, 0xA500, 0x8500, 0x8500, 0xA500, 0xA500, 0xA500, 0xC500,
  0xC500, 0xA408, 0xA408, 0xA408, 0xA508, 0xA508, 0xA508, 0xA508, 0xA408, 0x8408, 0x8408, 0x8408, 0x8408, 0x8408, 0x8410, 0x8410,
  0xA410, 0xA410, 0x8410, 0x8410, 0x8410, 0x8410, 0x8410, 0x8310, 0x8410, 0x8408, 0x6408, 0x6408, 0x6408, 0x4719, 0x4B3A, 0x2F53,
  0x304B, 0xAE42, 0x8E32, 0xCF3A, 0x8E32, 0x6D32, 0x8D32, 0x6C32, 0xEA21, 0x0B22, 0xEA21, 0x2709, 0x0701, 0xE600, 0xAA21, 0x4C3A,
  0x6809, 0x6809, 0x6911, 0x6911, 0x6911, 0x6911, 0x6911, 0x8911, 0x8911, 0x8911, 0x8811, 0x8811, 0x6811, 0x6809, 0x6809, 0x4809,
  0x6809, 0x6809, 0x8811, 0x6909, 0x6909, 0x8911, 0xCA11, 0xCA19, 0xEB19, 0x0B1A, 0xEB19, 0xEB19, 0xCA19, 0xEB19, 0x0B1A, 0x0B1A,
  0x0B1A, 0x2B1A, 0x2C22, 0x2C22, 0x2C22, 0x2C22, 0x4C22, 0x8D2A, 0x8D2A, 0xAD2A, 0xCE32, 0xEF32, 0x0F3B, 0x2F3B, 0x5043, 0x5043,
  0x2F3B, 0xEF32, 0xEE32, 0xAE32, 0xCE32, 0x0F3B, 0xEF3A, 0x0F3B, 0x5043, 0x7143, 0x7143, 0x5043, 0x3043, 0xEE32, 0x8D22, 0x8D2A,
  0x8D22, 0x8D22, 0xAD22, 0xAD2A, 0xAD2A, 0x8D22, 0xAD2A, 0x2F3B, 0x2F4B, 0xF04A, 0x1043, 0x2F3B, 0x2E33, 0x0D33, 0xEF2A, 0xCF22,
  0x4C1A, 0x6C22, 0x6D22, 0x6D22, 0x4D22, 0x8E2A, 0x8E2A, 0xAE2A, 0xAF2A, 0xAE32, 0x8E32, 0xAE2A, 0x6D22, 0x8E22, 0x8D22, 0x4C1A,
  0x303B, 0x998D, 0x588D, 0x2C2A, 0x6909, 0xCA19, 0x0B22, 0x0B2A, 0x0B22, 0xC911, 0x6801, 0x2701, 0x2709, 0x8D42, 0x6E42, 0xEF52,
  0x9BCE, 0x59DE, 0xB6F5, 0x28C2, 0xA3C0, 0xC5D8, 0x22B0, 0x4298, 0x4380, 0x4368, 0x2A82, 0xF4BC, 0x36AD, 0x57A5, 0xF273, 0x2821,
  0x2400, 0x4408, 0x2408, 0x2308, 0x0208, 0x2230, 0x8468, 0x6488, 0x4290, 0x4298, 0x2098, 0x00A0, 0x00B0, 0x62C8, 0xA2D8, 0x61D8,
  0x41D8, 0x82E0, 0xC4D0, 0xA4A8, 0xE588, 0x4250, 0x0220, 0x0410, 0x0308, 0x0300, 0x2508, 0x2508, 0xC718, 0xC718, 0x2300, 0x2200,
  0x8400, 0x0611, 0x0719, 0x2400, 0x0400, 0x2400, 0x4408, 0x4408, 0x0208, 0x0210, 0x0128, 0x8360, 0xC490, 0xE3B8, 0xE2D8, 0x81D0,
  0x61B8, 0x26B9, 0xEBB9, 0x8B91, 0x4C59, 0x2C29, 0x4D19, 0xAF09, 0x5212, 0x5533, 0x301A, 0x2B11, 0x6700, 0x0500, 0x6608, 0x6510,
  0x0200, 0x6821, 0x748C, 0x17A5, 0x57AD, 0x15B5, 0x4E9B, 0xE470, 0x2178, 0x4190, 0x62B0, 0x83C0, 0x62B0, 0xCACA, 0xD6ED, 0xF7CD,
  0x39CE, 0xD6A4, 0x4B4A, 0x6C42, 0x4300, 0x2300, 0x2400, 0x4400, 0xC610, 0xC610, 0xC510, 0xA508, 0x4300, 0x0A32, 0xF694, 0x537C,
  0xCA31, 0x8510, 0xE718, 0xE710, 0x0811, 0x0811, 0xE708, 0x0609, 0x0709, 0x0711, 0x0811, 0x0811, 0x2819, 0x4819, 0x2711, 0x0711,
  0x2711, 0x2719, 0x2719, 0x4719, 0x2719, 0x2711, 0x2711, 0x0711, 0xE610, 0xC608, 0xA500, 0xA500, 0x8500, 0x8500, 0x6400, 0x6400,
  0x6400, 0x8500, 0xA500, 0xA500, 0xA500, 0xA500, 0xA500, 0x8500, 0x8500, 0x8500, 0x8400, 0x8500, 0x8500, 0xA500, 0xA500, 0x8400,
  0xA400, 0xA400, 0xA508, 0xA508, 0xA508, 0xA508, 0xA508, 0xA508, 0xA408, 0x8408, 0x8408, 0x8408, 0x8308, 0x8308, 0xA410, 0xA410,
  0xA410, 0x8410, 0x8410, 0x8410, 0x8410, 0x8410, 0x8410, 0x6308, 0xA410, 0x6408, 0x4308, 0xA510, 0x0719, 0x4B3A, 0x0E53, 0x2F53,
  0xCE42, 0xCE42, 0xCF42, 0xCF3A, 0x6D2A, 0x8D32, 0xAD32, 0x0B2A, 0x0B2A, 0x2B2A, 0x6811, 0xE600, 0xC600, 0x8919, 0x4C3A, 0x4C3A,
  0x4809, 0x6809, 0x6811, 0x8911, 0x8911, 0x8911, 0x6811, 0x4811, 0x2809, 0x2809, 0x4809, 0x4809, 0x4809, 0x2809, 0x2809, 0x4809,
  0x6911, 0x8911, 0xCA19, 0xCA19, 0xCA11, 0xEB19, 0xEB19, 0xEB19, 0xCA11, 0xAA11, 0xCA19, 0xEB19, 0xEB19, 0xEB19, 0xEB19, 0xEB19,
  0x0B1A, 0x0C22, 0xEB19, 0xEB19, 0x2C22, 0x6D2A, 0x8D2A, 0xAE32, 0xAE32, 0xAE32, 0xCF32, 0xEF3A, 0xEF3A, 0xCE32, 0xCE32, 0xAE32,
  0x8D2A, 0x6D2A, 0xAD32, 0xAE32, 0xAE32, 0xEE3A, 0x0F3B, 0x0F3B, 0x0F3B, 0xEE3A, 0xCE32, 0x8D2A, 0x6D2A, 0x4C22, 0x4C22, 0x6D22,
  0x8D22, 0x6D22, 0x8D22, 0x8D22, 0xCE2A, 0x2F33, 0x503B, 0x2F33, 0x2F3B, 0x2F3B, 0x0F3B, 0x0F33, 0xEE32, 0x8D22, 0x8D2A, 0x6D22,
  0x2C1A, 0x4C1A, 0x4C22, 0x6D22, 0xAE2A, 0xAE2A, 0xCE2A, 0xCE2A, 0xAE2A, 0xAE2A, 0xAF2A, 0x8E2A, 0x6D22, 0x0C12, 0x4C1A, 0x4C1A,
  0xEA11, 0xD25B, 0xFEC6, 0x378D, 0x1685, 0x1685, 0xA921, 0xE608, 0xE608, 0x2709, 0x8909, 0xA911, 0x8911, 0x0709, 0xC600, 0xA500,
  0x4F5B, 0xF9BD, 0x38DE, 0x14FD, 0x05C9, 0x43D8, 0x42D8, 0x82C8, 0x0198, 0x4388, 0x4270, 0xE879, 0xF0A3, 0x56B5, 0x56A5, 0xB584,
  0xF273, 0x0711, 0x0300, 0x4400, 0x4408, 0x0310, 0x4430, 0x4450, 0x6470, 0x8488, 0x4290, 0x2190, 0x0198, 0x00A0, 0x21B0, 0x61C8,
  0xC2E0, 0x61E0, 0x41E0, 0x83D8, 0xA3D0, 0x42B0, 0xA488, 0x4358, 0x0028, 0x0320, 0x0410, 0x0408, 0x4610, 0x2508, 0x0300, 0x8300,
  0x6711, 0x0611, 0x4408, 0x0510, 0x2510, 0x0408, 0x2308, 0x0110, 0x0028, 0x8368, 0xA398, 0xA3B8, 0xC3C0, 0xA2C8, 0x82C0, 0xE4B8,
  0x4FE3, 0x4D9A, 0x4B49, 0x2C29, 0x4E11, 0x8F09, 0xD011, 0x722A, 0x7122, 0xCD19, 0xA800, 0x0500, 0x2500, 0x2500, 0x0300, 0xCA31,
  0x705B, 0xD484, 0xF8AD, 0x96B5, 0x72AC, 0x2982, 0xC470, 0x2178, 0x0088, 0x00A8, 0x62D0, 0x62D0, 0x08D2, 0x14ED, 0x18D6, 0xF8BD,
  0xB494, 0xC831, 0x0100, 0x4400, 0xA508, 0xA508, 0x6408, 0x0200, 0x0200, 0x0200, 0x0200, 0x4E5B, 0x7384, 0xD9B5, 0x9CCE, 0x2B42,
  0x2400, 0xE710, 0x0711, 0xE710, 0xC708, 0xC708, 0xE708, 0xE608, 0x0709, 0x2711, 0x4811, 0x2811, 0x2711, 0x4811, 0x2711, 0x2711,
  0x4811, 0x2719, 0x4719, 0x2711, 0x0711, 0xE608, 0xE610, 0xE608, 0xA508, 0xA500, 0x8500, 0x8400, 0x8400, 0x6400, 0x6400, 0x6400,
  0x8500, 0xA500, 0xA500, 0xA500, 0xA500, 0xA500, 0x8500, 0x8500, 0x6400, 0x6400, 0x8400, 0x8400, 0xA400, 0xA508, 0xA508, 0xA408,
  0xA408, 0xA408, 0xA508, 0xA508, 0x8408, 0x8408, 0x8408, 0x8408, 0x8408, 0x8410, 0x8410, 0x8410, 0x8408, 0x8308, 0xA410, 0x8410,
  0x8410, 0x8410, 0x8410, 0x8408, 0x8408, 0xA408, 0x8408, 0x6308, 0x6300, 0x6408, 0xA508, 0x8829, 0x4C42, 0xEE4A, 0x3053, 0x0F4B,
  0xAE3A, 0xCE42, 0xCF42, 0x6D32, 0x8D32, 0x6E32, 0x0C2A, 0xEA21, 0x0A22, 0xA919, 0x0709, 0xA500, 0x0711, 0x4C3A, 0xAE4A, 0x0F5B,
  0x4809, 0x4809, 0x4809, 0x4809, 0x4809, 0x4809, 0x2809, 0x2811, 0x0709, 0x2809, 0x4809, 0x2809, 0x4809, 0x6911, 0x8911, 0x8911,
  0xAA19, 0xCA19, 0xEA21, 0xCA19, 0xAA11, 0xCA19, 0xAA11, 0xAA11, 0xAA11, 0xCA19, 0xEB19, 0xEB19, 0xCA19, 0xAA11, 0xEA19, 0x0B1A,
  0xEB19, 0x0B1A, 0x2C22, 0x4C22, 0x6C2A, 0x8D2A, 0x8D32, 0xAE32, 0xAE32, 0x8D2A, 0x8D2A, 0x8D2A, 0x8D2A, 0x6D2A, 0x6D2A, 0x6D2A,
  0x8D32, 0xAE32, 0xAD32, 0xAD32, 0xCE32, 0xAD32, 0x8D2A, 0xAD32, 0x4C22, 0x0B1A, 0x0B1A, 0x2B22, 0x2C22, 0x4C22, 0x8D2A, 0xAD2A,
  0x8D2A, 0xAD2A, 0xCE2A, 0x0F33, 0x2F33, 0x4F3B, 0x503B, 0x2F3B, 0x0F33, 0xEF32, 0xCE32, 0xAE2A, 0x6D22, 0x2C1A, 0x4C22, 0x4C22,
  0x6D22, 0xAE2A, 0xCE2A, 0xAE2A, 0xAE2A, 0xAE2A, 0x8D22, 0xAE2A, 0xAE2A, 0x8D22, 0x4D22, 0x0C1A, 0x4D1A, 0x2C1A, 0xEA11, 0x0B12,
  0x4C22, 0x8809, 0xB15B, 0xDDBE, 0xDDBE, 0x9CBE, 0x1695, 0x9484, 0x947C, 0x7474, 0x6C2A, 0x8809, 0x4709, 0x2709, 0x2701, 0x8911,
  0x2300, 0x779D, 0x39D6, 0x75F5, 0x88D1, 0x02D0, 0x63E0, 0xC3D8, 0x83B8, 0x4298, 0x4288, 0x2168, 0xA368, 0xE971, 0x93B4, 0x77B5,
  0x98AD, 0xB484, 0xE618, 0x0400, 0x2408, 0x2408, 0x0310, 0x0218, 0x2238, 0x6358, 0x8378, 0x6280, 0x2190, 0x2198, 0x00A0, 0x00A8,
  0x82C0, 0x04E1, 0xC3E0, 0x41D0, 0x61D0, 0xE3D8, 0x25D1, 0xC3A0, 0x2591, 0x4250, 0x0120, 0x0310, 0x0308, 0x0400, 0x0400, 0x6610,
  0x8610, 0x2408, 0x0400, 0x2400, 0x2308, 0x0210, 0x0128, 0xA368, 0xC490, 0xA4B0, 0xC4D8, 0xA2D8, 0x42C0, 0xA3B0, 0xACD2, 0xCEAA,
  0x4D72, 0x4B31, 0xEC10, 0x6F19, 0x4F01, 0x321A, 0xD432, 0x502A, 0xEA08, 0x0500, 0x4600, 0x2400, 0x6508, 0x0200, 0x0B3A, 0x179D,
  0x78AD, 0x98BD, 0x56BD, 0xAF9B, 0x2561, 0x2160, 0x2180, 0x2190, 0x41A8, 0xA2D0, 0x82E0, 0x41D0, 0x8AD2, 0x95ED, 0xF8C5, 0x3ABE,
  0xED52, 0x0100, 0xA408, 0x8400, 0x8408, 0x4300, 0xC510, 0x6F6B, 0xB48C, 0x7384, 0x948C, 0xD9B5, 0x1EDF, 0x1BBE, 0xEA31, 0x2300,
  0xE710, 0xE710, 0x0711, 0xE708, 0xE708, 0xE708, 0xE708, 0xE708, 0x2711, 0x4811, 0x2711, 0x0711, 0x2711, 0x0711, 0x2711, 0x2811,
  0x2711, 0x2711, 0x2711, 0x0711, 0xE608, 0xE608, 0xC608, 0xC608, 0xA500, 0xA500, 0x8500, 0x6400, 0x6400, 0x6400, 0x8400, 0x8500,
  0x8500, 0x8500, 0x8500, 0x8500, 0x8500, 0x6400, 0x6400, 0x6400, 0x6400, 0x8400, 0xA400, 0xA400, 0x8408, 0x8408, 0x8408, 0xA408,
  0xA408, 0xA408, 0xA508, 0xA508, 0xA408, 0xA408, 0xA408, 0x8408, 0x8408, 0x6408, 0x8408, 0x8410, 0x8410, 0x8410, 0x8410, 0x8410,
  0x8410, 0x8410, 0x8410, 0xA408, 0x8408, 0x6408, 0x8408, 0x8408, 0x8408, 0xA508, 0x6721, 0x8C42, 0x0F53, 0x0F53, 0xCE4A, 0xCE42,
  0xEF42, 0x0F43, 0x8D32, 0x6D32, 0xAE3A, 0x8E3A, 0x0C2A, 0xCA21, 0x8811, 0xE600, 0xA500, 0xE708, 0x2B32, 0xCE4A, 0x505B, 0x3374,
  0x2709, 0x2701, 0x0701, 0x0701, 0xE600, 0x0701, 0x0709, 0x0709, 0x2711, 0x2809, 0x2809, 0x6811, 0x8911, 0xA919, 0xAA19, 0xAA19,
  0x8919, 0x8911, 0x8911, 0x8911, 0x8911, 0x8911, 0x8911, 0x8911, 0xAA19, 0xCA19, 0x8911, 0x8911, 0xCA19, 0x0B1A, 0x0B1A, 0x2B1A,
  0x2B22, 0x2C22, 0x4C22, 0x6C2A, 0x4C22, 0x4C22, 0x2C22, 0x4C22, 0x4C2A, 0x2C22, 0x2C22, 0x4C22, 0x4C2A, 0x4C22, 0x4C2A, 0x6D2A,
  0x6D2A, 0x8D2A, 0x6D2A, 0x6C2A, 0x4C22, 0x2C22, 0x0B1A, 0xEA19, 0x0B1A, 0x2C22, 0x4C22, 0x2C22, 0x4C22, 0x4C22, 0x6C22, 0xAE2A,
  0xEF32, 0xEE32, 0x2F3B, 0x2F33, 0x2F33, 0x2F3B, 0x0F33, 0xEF32, 0xCE2A, 0xAE2A, 0x6D22, 0x4D22, 0x4D22, 0x6D2A, 0x8E2A, 0xAE2A,
  0xAE2A, 0x8D2A, 0x8D22, 0x8D2A, 0xAE2A, 0x8D22, 0x6D22, 0x4C22, 0x2C1A, 0x2C1A, 0x2C1A, 0xEC11, 0xEB11, 0x0B12, 0x2C1A, 0x2C1A,
  0x0B1A, 0x2B22, 0xA911, 0x2F53, 0x5BB6, 0x1AB6, 0x5BBE, 0x5CBE, 0x9CBE, 0x3AAE, 0x778D, 0xD47C, 0x937C, 0xD484, 0xD684, 0x957C,
  0xB584, 0x19B6, 0xF8CD, 0x35F5, 0x87C9, 0x22D8, 0x62E8, 0x41D0, 0x83C8, 0x62B0, 0x0098, 0x8398, 0x0278, 0x4368, 0xC981, 0xD5CC,
  0x15AD, 0x77AD, 0x127C, 0x1384, 0xA618, 0x2408, 0x4410, 0x2308, 0x0210, 0x0120, 0x4240, 0xA468, 0xC380, 0x4088, 0x2190, 0x21A0,
  0x00A0, 0x62B8, 0xA3C0, 0xC3C8, 0x04D9, 0x61D0, 0x41D0, 0xA2D0, 0x04C9, 0xA298, 0xE380, 0x2040, 0x0120, 0x0318, 0x0410, 0x0508,
  0x0510, 0x0410, 0x2308, 0x0210, 0x0020, 0x2150, 0x6388, 0xA3B0, 0xE4D0, 0xA3D0, 0x62C8, 0x63B8, 0x0EEB, 0x71CB, 0x0D7A, 0x6C41,
  0xEB10, 0x6E11, 0x4F09, 0xF219, 0x522A, 0x712A, 0x6D11, 0x6800, 0x0600, 0x2500, 0x4508, 0x2400, 0x0200, 0x8C4A, 0xF69C, 0x78B5,
  0xF6BC, 0xF6D4, 0x0EAB, 0xE570, 0x2270, 0x4280, 0x2190, 0x42A8, 0x83C0, 0x82D8, 0x42E0, 0x21C8, 0x6ADA, 0x95F5, 0xF8CD, 0x3AC6,
  0x37A5, 0x9484, 0x948C, 0x938C, 0xD494, 0x938C, 0xD494, 0xB8AD, 0x5BC6, 0x9CCE, 0x1ABE, 0x7CCE, 0x78A5, 0xE939, 0x8408, 0xE610,
  0xE610, 0xE608, 0xE710, 0xE708, 0xE708, 0xE708, 0x0811, 0x4819, 0x0711, 0x0709, 0x0711, 0x2711, 0x0711, 0x0709, 0x2711, 0x2711,
  0x0711, 0x0611, 0x0611, 0xE608, 0xC608, 0xC608, 0xA500, 0xA500, 0x8500, 0x8400, 0x6400, 0x6400, 0x6400, 0x8400, 0x8500, 0x8500,
  0x8500, 0x8500, 0x8500, 0x8500, 0x6500, 0x4400, 0x4400, 0x6400, 0x8400, 0xA508, 0xA508, 0xA508, 0x8408, 0x8400, 0x8400, 0xA408,
  0xA408, 0xA408, 0xA508, 0xA508, 0xA508, 0xA508, 0x8408, 0x8408, 0x8408, 0x6408, 0x6408, 0x8410, 0xA410, 0xA410, 0x8408, 0x8410,
  0x8410, 0x8408, 0x8408, 0x8408, 0x8408, 0x6408, 0x6400, 0x8408, 0x8408, 0x8821, 0xAC42, 0x2E53, 0x0E53, 0x0F4B, 0xEF4A, 0x0F4B,
  0x0F4B, 0xCE3A, 0xAD32, 0x8D32, 0x8D32, 0x4C2A, 0x0C2A, 0x6911, 0xE700, 0xA600, 0x0709, 0xAA21, 0x0F4B, 0x715B, 0x3374, 0x715B,
  0x0601, 0xE600, 0xE600, 0xE600, 0xE600, 0xE708, 0x0709, 0x2709, 0x4711, 0x4811, 0x6811, 0x6911, 0x6911, 0x4811, 0x4811, 0x6911,
  0x6911, 0x6911, 0x8911, 0x8911, 0x8911, 0x8911, 0x8911, 0x8911, 0x8911, 0xAA19, 0xCA19, 0xEB21, 0xEB19, 0x0B22, 0x2B22, 0x0B1A,
  0x4C22, 0x2C22, 0x0B1A, 0x0B1A, 0x0B1A, 0x0B1A, 0x2B1A, 0x0B1A, 0x0B22, 0x0B22, 0x2C22, 0x2C22, 0x2C22, 0x0B22, 0x2C22, 0x2C22,
  0x2C22, 0xEB19, 0xEA19, 0xEA19, 0xAA11, 0xAA11, 0x0B1A, 0x2B22, 0x0B1A, 0x0B1A, 0x4C22, 0x4C22, 0x6C22, 0xCE32, 0xCE32, 0xEE32,
  0x0F3B, 0x2F3B, 0x7143, 0x503B, 0xCE2A, 0x8D22, 0x6D22, 0x4D1A, 0x4D22, 0x4C1A, 0x4C22, 0x6D22, 0x6D2A, 0x8E2A, 0x6D2A, 0x6D2A,
  0x8D2A, 0x8D22, 0x8D22, 0x4C22, 0x2C1A, 0x2C1A, 0x2C1A, 0xEB11, 0xCA11, 0xEB11, 0xCB11, 0x2C1A, 0x2C1A, 0x2C1A, 0x2B1A, 0x2C1A,
  0xCA11, 0xCA11, 0x6809, 0x0701, 0xEE42, 0x1AAE, 0xFAAD, 0x3ABE, 0xD9AD, 0x19AE, 0x9ABE, 0xDBCE, 0x9ACE, 0x9AD6, 0x5BCE, 0x3BCE,
  0x1AD6, 0xD8D5, 0x18F6, 0x10EC, 0xE4C8, 0x22E0, 0x21E8, 0x61E0, 0x82D8, 0x41C0, 0x21A8, 0x0090, 0x2188, 0x6388, 0x2268, 0x8879,
  0xD4C4, 0x96C5, 0x77B5, 0x98B5, 0xD594, 0xA510, 0x0200, 0x2300, 0x2300, 0x0208, 0x0218, 0x2330, 0x4148, 0xA268, 0xA380, 0x2290,
  0x0198, 0x0198, 0x00A0, 0x41B0, 0x45D9, 0xA6E9, 0x04E9, 0x20D0, 0x60C8, 0xE3D0, 0x03C9, 0xE3A0, 0xC380, 0x4250, 0x0120, 0x0318,
  0x0418, 0x0220, 0x0128, 0x2258, 0x8488, 0x83B0, 0xA4C8, 0xE4D0, 0x82C0, 0x20A8, 0x4AC2, 0x70CB, 0xCF9A, 0xAC51, 0xCB20, 0xED10,
  0x0F09, 0x9111, 0x5322, 0xD42A, 0xEF21, 0xA908, 0x2600, 0x2600, 0x2500, 0x2400, 0x0100, 0x2B4A, 0x3284, 0x37A5, 0x77AD, 0x56BD,
  0x94C4, 0xC989, 0x0268, 0x4380, 0x6288, 0x2190, 0x2198, 0x82B0, 0xA2D0, 0x41E0, 0x82F0, 0x62E0, 0xE3B8, 0xEFDB, 0x18EE, 0xF9DD,
  0x1AD6, 0x3BD6, 0x7BDE, 0x7ADE, 0x7AD6, 0x9BD6, 0xBBD6, 0x3ABE, 0x3ABE, 0xD9B5, 0x5BC6, 0xD9B5, 0xCA31, 0x0200, 0xE610, 0xE610,
  0xC608, 0xE710, 0xE708, 0xE708, 0xE708, 0xE708, 0x0709, 0x0711, 0x2711, 0x2711, 0x0709, 0x0709, 0x2711, 0x0711, 0x0711, 0x0711,
  0xE608, 0xE608, 0xC608, 0xA500, 0xA500, 0xA500, 0x8400, 0x8400, 0x6400, 0x6400, 0x6400, 0x6400, 0x8400, 0x8400, 0x8500, 0x8500,
  0x8500, 0x8500, 0x6500, 0x6500, 0x6400, 0x6400, 0x6400, 0x6400, 0x8500, 0xA508, 0xA400, 0xA400, 0x8408, 0x8408, 0x8408, 0xA408,
  0xA408, 0xA408, 0xA508, 0xA508, 0xA508, 0x8408, 0x8408, 0x6408, 0x6408, 0x6408, 0x8408, 0x8410, 0x8410, 0x8410, 0x8408, 0x8408,
  0x8408, 0x8408, 0x8408, 0x4408, 0x8408, 0x8408, 0xA508, 0xE510, 0xA929, 0xAD42, 0x0E4B, 0x0E4B, 0x4F53, 0x0F4B, 0x0F4B, 0xEF42,
  0xCE3A, 0xEE3A, 0x6D32, 0x8D32, 0xAE3A, 0x0B22, 0x6911, 0x0709, 0xA600, 0xC600, 0xCA21, 0xEE42, 0xD25B, 0x1364, 0x9153, 0x2F4B,
  0xC600, 0xE600, 0xE600, 0xE600, 0x2709, 0x4811, 0x2709, 0x2711, 0x2711, 0x2709, 0x2709, 0x2709, 0x2709, 0x4809, 0x4809, 0x4809,
  0x4809, 0x6811, 0x6811, 0x4809, 0x4809, 0x6809, 0x8911, 0xCA19, 0xCA19, 0xCA19, 0xEA21, 0xEB21, 0xEA19, 0xCA19, 0xEA19, 0x0A1A,
  0xEA11, 0xCA11, 0x0B1A, 0x2B22, 0x2B1A, 0x2B1A, 0x2B1A, 0x2B22, 0x2C22, 0x2C2A, 0x2C22, 0xEB19, 0xCA19, 0xCA19, 0xAA11, 0x8911,
  0xAA11, 0xAA11, 0xAA11, 0xAA11, 0xEA19, 0xEB19, 0xCA11, 0xEA19, 0x2B22, 0x6C2A, 0x8D2A, 0xAE32, 0xCE32, 0xCE32, 0x2F3B, 0x303B,
  0x2F3B, 0x0F3B, 0x8D2A, 0xAD2A, 0xAD2A, 0x6D22, 0x2C1A, 0x4D1A, 0x6D22, 0x6E22, 0x6D2A, 0x6D2A, 0x4D22, 0x4D2A, 0x2D22, 0x6D2A,
  0x4C22, 0x0C1A, 0x0B1A, 0xEB11, 0xCA11, 0xEB11, 0xCA11, 0xCB11, 0x0B1A, 0x0B1A, 0x2C1A, 0x4C1A, 0x2C1A, 0x2C1A, 0xCA11, 0x8909,
  0x8909, 0x6809, 0x6809, 0x6809, 0x2701, 0xAD42, 0x5CBE, 0xFAB5, 0x1ABE, 0xF9B5, 0xD494, 0xD3A4, 0xF4B4, 0x76D5, 0x97DD, 0x36DD,
  0x36E5, 0xD4EC, 0xECC2, 0x04B9, 0x82D8, 0x21E8, 0x21E8, 0x41E0, 0x62D8, 0xA3D0, 0x0098, 0x4088, 0x6188, 0x4280, 0x4378, 0x6368,
  0x8779, 0x6A82, 0x36BD, 0x15A5, 0x98AD, 0x1274, 0x705B, 0x8508, 0x0400, 0x4410, 0x2308, 0x0208, 0x0110, 0x2238, 0x8458, 0xA480,
  0x4288, 0x2198, 0x21A0, 0x0098, 0x62B0, 0xE4C0, 0x86D9, 0x89EA, 0xE3C8, 0x61C0, 0x61C8, 0xE3D8, 0xC4C8, 0xA3A8, 0xE490, 0x4260,
  0x0038, 0x6360, 0xA488, 0x84B0, 0xC4D0, 0xA4D8, 0x63C0, 0x62A0, 0x4ABA, 0xB3DC, 0x5093, 0xEC41, 0xCA20, 0xAB10, 0xEE10, 0x5009,
  0xF219, 0xB432, 0x5032, 0x2B19, 0x6700, 0x2600, 0x4600, 0x2500, 0x0400, 0x0200, 0x6C52, 0x7394, 0x16AD, 0x16AD, 0x56BD, 0xF0A3,
  0xE560, 0x2370, 0x8490, 0x4388, 0x4188, 0x4190, 0x2098, 0x61B0, 0xA2D0, 0x41E0, 0x00E8, 0x62E8, 0x62C8, 0x04B1, 0x2DCB, 0x73DC,
  0x36E5, 0x56DD, 0x56D5, 0x56CD, 0x15BD, 0x729C, 0x9394, 0xD8B5, 0x3ABE, 0x3ABE, 0x579D, 0x8831, 0x6408, 0xC608, 0x8508, 0xC608,
  0xE608, 0xE608, 0xE608, 0xE708, 0xE708, 0x0709, 0x0711, 0x0711, 0xE608, 0xE608, 0x0711, 0x0711, 0x2711, 0x2711, 0xE708, 0xE608,
  0xE608, 0xC608, 0xA500, 0x8500, 0x8500, 0x8500, 0x6400, 0x6400, 0x6400, 0x6400, 0x6400, 0xA500, 0xA500, 0x8500, 0x8400, 0x6400,
  0x8500, 0x6500, 0x6400, 0x4400, 0x4400, 0x8500, 0x8500, 0xA500, 0xA508, 0x8500, 0x8400, 0x8400, 0xA408, 0xA408, 0xA508, 0xA408,
  0x8408, 0xA408, 0xA508, 0xA508, 0x8408, 0x8408, 0x6408, 0x4308, 0x4300, 0x8410, 0x8410, 0x8410, 0x8408, 0x8408, 0x8408, 0x8408,
  0x8408, 0x8408, 0x8408, 0x6408, 0x6408, 0x6408, 0xE610, 0xA929, 0xAD42, 0xEE4A, 0xEE4A, 0x2F4B, 0x7053, 0x2F4B, 0x2F4B, 0x2F4B,
  0xEE42, 0x8D32, 0x6C2A, 0x8D32, 0x6C32, 0x8911, 0xE600, 0x8500, 0xC600, 0x8919, 0xCE42, 0xB15B, 0x1364, 0xD15B, 0x2F43, 0x0E3B,
  0xE608, 0x0709, 0x2711, 0x2711, 0x4711, 0x2711, 0x0709, 0x0609, 0x0601, 0x0709, 0x2709, 0x0701, 0x0701, 0x2709, 0x0701, 0x0701,
  0x2709, 0x6811, 0x8911, 0x8911, 0xA911, 0xA911, 0xAA19, 0xCA19, 0xCA19, 0x8911, 0x8911, 0x8911, 0xAA19, 0xA911, 0xC911, 0xEA11,
  0xEA11, 0xEA19, 0x0B1A, 0x0B1A, 0x2B1A, 0x2B22, 0x2B1A, 0x0B1A, 0xEB19, 0xCB19, 0xCA19, 0xAA11, 0xAA11, 0x8911, 0x8911, 0x6911,
  0x6909, 0xAA11, 0xCA19, 0xCA11, 0x0B1A, 0xEB19, 0x2B22, 0x4C22, 0x8D2A, 0xCE32, 0xCE32, 0x0F3B, 0x0F3B, 0x0F3B, 0xEE32, 0xAD2A,
  0x6D2A, 0x8D2A, 0x4C22, 0x4C22, 0x4C22, 0x6D22, 0x6D22, 0x6D22, 0x4D22, 0x4D22, 0x6D22, 0x6D2A, 0x4D2A, 0x4D22, 0xEB19, 0xEB19,
  0x0B1A, 0xEB19, 0xCA11, 0xCA11, 0xCA11, 0xCA11, 0xCA11, 0xEB19, 0x0B1A, 0x0B1A, 0x0B1A, 0xEB11, 0xAA09, 0x8909, 0x6801, 0x6909,
  0x6801, 0x8909, 0xCA11, 0xCA11, 0xC911, 0x4709, 0x705B, 0x3BBE, 0x1ABE, 0xF9BD, 0x56B5, 0x32A4, 0x2A72, 0x6A8A, 0xABAA, 0x8AB2,
  0x6AC2, 0xC8C1, 0x83B0, 0x41C8, 0x21E0, 0x21E8, 0x41E8, 0x82E0, 0x62D8, 0x42B8, 0x2090, 0x2080, 0x8180, 0x6280, 0x4380, 0x6488,
  0x2370, 0x4360, 0x6B82, 0xD4BC, 0x56BD, 0x77AD, 0x98A5, 0x137C, 0xE718, 0x0200, 0x0400, 0x2408, 0x0308, 0x0318, 0x2330, 0x6348,
  0x8470, 0x4280, 0x2290, 0x2198, 0x2198, 0x0090, 0x8298, 0xA6B9, 0x8AE2, 0x0CEB, 0x24C9, 0x20B8, 0x82D0, 0x83C8, 0xE4D0, 0x62B8,
  0x62A0, 0xC3B0, 0xE4C0, 0xA3C8, 0x42B8, 0x41A0, 0x2ED3, 0x36ED, 0xF3B3, 0x5183, 0x2C29, 0x6A00, 0xED08, 0xED08, 0xB011, 0x5222,
  0x101A, 0xAD19, 0xA808, 0x0300, 0x2500, 0x2500, 0x0400, 0x0200, 0xC510, 0x4F63, 0xF59C, 0x36B5, 0x36BD, 0x12A4, 0x8B82, 0x4571,
  0x0260, 0x4380, 0x2390, 0x2288, 0x2180, 0x6188, 0x4098, 0x20A0, 0x41C0, 0x82E8, 0x41E8, 0x01E8, 0x62E0, 0x42C0, 0x83B0, 0xA7B9,
  0x4ABA, 0x8AAA, 0xAA9A, 0x6A7A, 0xE861, 0x4E83, 0x36B5, 0xD8BD, 0x9BC6, 0x369D, 0xEA39, 0x0200, 0xC608, 0xA508, 0xC608, 0xC608,
  0xC608, 0xE608, 0xE708, 0xE708, 0xE708, 0xE708, 0xE708, 0xE608, 0xE608, 0x0711, 0x0711, 0x0711, 0x0611, 0xE608, 0xE608, 0xE608,
  0xE608, 0xA500, 0x8500, 0x8500, 0x8500, 0x8400, 0x6400, 0x6400, 0x6400, 0x6400, 0x8500, 0xA500, 0xA500, 0x8400, 0x6400, 0x6400,
  0x6500, 0x4400, 0x2400, 0x4400, 0x6500, 0x8500, 0x8500, 0xA508, 0x8400, 0x8500, 0xA508, 0xA508, 0xA408, 0xA408, 0xA408, 0x8408,
  0x8408, 0x8408, 0x8408, 0xA408, 0x8408, 0x6408, 0x4300, 0x4300, 0x6408, 0x8408, 0x8408, 0x8408, 0x8408, 0x8408, 0x6408, 0x8408,
  0x8408, 0x6400, 0x6408, 0x6408, 0x6408, 0xE618, 0xEA31, 0xAD4A, 0x0F53, 0x0F4B, 0x5053, 0x9053, 0x7053, 0x2F4B, 0x2F4B, 0x0F43,
  0xCE3A, 0x2B22, 0xCE3A, 0x8D32, 0x8919, 0xE700, 0x8500, 0xA600, 0x8919, 0x6D3A, 0x5053, 0xD263, 0x1364, 0x704B, 0x2F43, 0x0F3B,
  0x2711, 0x2711, 0x2709, 0x0709, 0xE608, 0xE608, 0x0709, 0x0709, 0xE600, 0xE600, 0x0701, 0x0701, 0x2709, 0x2709, 0x4709, 0x4809,
  0x6811, 0x8911, 0xA919, 0xA919, 0xCA19, 0xA919, 0xA919, 0x8911, 0x8911, 0x8911, 0x6911, 0x8911, 0xA919, 0xEA19, 0xEA19, 0xCA11,
  0xEA19, 0x0B22, 0x2B22, 0x0B1A, 0xEA19, 0xCA11, 0xC911, 0xA911, 0xA911, 0x8911, 0x6911, 0x6809, 0x4809, 0x6809, 0x8911, 0xAA11,
  0x8911, 0xA911, 0xCA11, 0x0B1A, 0x6C2A, 0x4C22, 0x8D2A, 0xCE32, 0x0F3B, 0x2F43, 0x0F3B, 0xEE32, 0xAE32, 0x8D2A, 0x4C22, 0x2C22,
  0x0B1A, 0x2C22, 0x4C22, 0x6D2A, 0x4C2A, 0x2C22, 0x4C22, 0x4C22, 0x6D22, 0x4C22, 0x2C1A, 0xEB19, 0xCA11, 0x0B1A, 0xCB19, 0xAA11,
  0xAA11, 0xAA11, 0xA911, 0xCA19, 0xEB19, 0xCA11, 0xEB19, 0x0B1A, 0xEB19, 0xCA11, 0xA909, 0x8901, 0x6901, 0x6909, 0x8909, 0x8909,
  0xAA11, 0xCA11, 0xEA11, 0xEA11, 0x0A12, 0x2B1A, 0x4809, 0x5053, 0x1BB6, 0x3BC6, 0xD9C5, 0x77CD, 0xF1AB, 0x2A8A, 0xA270, 0x4178,
  0x6290, 0xA4B0, 0x83C8, 0x83D8, 0x82E0, 0x62E0, 0x41D0, 0x61C8, 0x22B8, 0x01A0, 0x0088, 0x6188, 0x6288, 0x4288, 0x2390, 0x2390,
  0x4488, 0x6480, 0x0268, 0x6881, 0xED9A, 0xF5BC, 0x56B5, 0x97A5, 0x537C, 0xD173, 0x2821, 0x0300, 0x2410, 0x2308, 0x2310, 0x0218,
  0x2338, 0x4458, 0x6478, 0x6388, 0x4188, 0x6190, 0x6190, 0x0080, 0xC3A0, 0x66B1, 0x49DA, 0x2DEB, 0xA6D1, 0x61B8, 0x61C0, 0xA2D0,
  0x82C8, 0xA2C0, 0xA2B8, 0xA2A8, 0x6EDB, 0x77F5, 0x17CD, 0x927B, 0xAD39, 0x0700, 0xCC10, 0xED10, 0xAF19, 0x712A, 0x7122, 0xAD19,
  0xC908, 0x0500, 0x2500, 0x4500, 0x0400, 0x0400, 0x8510, 0x0E5B, 0x948C, 0x97B5, 0x35B5, 0x36C5, 0xF1AB, 0x4661, 0x2250, 0x2270,
  0x4380, 0x0288, 0x0288, 0x2188, 0x2180, 0x4180, 0x2190, 0x0098, 0x00A8, 0x41C8, 0x82D8, 0x62E0, 0x62E0, 0xA3D8, 0x83C0, 0x83A8,
  0xC398, 0x6170, 0x4150, 0xC869, 0xF0A3, 0x35BD, 0xD8C5, 0x3AC6, 0x77A5, 0x2619, 0x4300, 0x0711, 0xC608, 0xC608, 0xC608, 0xC608,
  0xE608, 0xE608, 0x0709, 0xE708, 0xE708, 0xE608, 0xC608, 0xE608, 0x4719, 0x4819, 0x0611, 0xC608, 0xE608, 0xC508, 0xA500, 0xA500,
  0xA500, 0x8500, 0x8500, 0x8500, 0x8400, 0x8400, 0x6400, 0x6400, 0x6400, 0x6400, 0x8500, 0x8500, 0x6400, 0x4400, 0x4400, 0x4400,
  0x4400, 0x4400, 0x4400, 0x6500, 0x8500, 0x8500, 0x8500, 0xA500, 0x8400, 0x8500, 0xA508, 0xA508, 0xA408, 0xA408, 0x8408, 0x6400,
  0x8408, 0x8408, 0x8408, 0x8408, 0x6408, 0x4300, 0x4300, 0x6408, 0x6408, 0x6410, 0x6408, 0x6408, 0x6408, 0x8408, 0x8408, 0x6408,
  0x8400, 0x8400, 0x4300, 0x4400, 0xE610, 0x0B32, 0xCE4A, 0x0F53, 0x2F53, 0x5053, 0xB15B, 0x915B, 0x504B, 0x0F4B, 0xEF42, 0xCE42,
  0x2B2A, 0x8D32, 0xCE3A, 0x8919, 0xE600, 0xC600, 0xA500, 0x2811, 0x2C32, 0x7153, 0x1364, 0xF263, 0x9153, 0x5043, 0x0F43, 0x0F3B,
  0x0709, 0xE608, 0xE608, 0xE608, 0x0609, 0x0709, 0x0609, 0x0609, 0xE600, 0x0601, 0x0701, 0x2709, 0x4709, 0x4809, 0x6811, 0x8911,
  0x8811, 0x6811, 0x6811, 0x4809, 0x6811, 0x6811, 0x8911, 0x8911, 0x8911, 0x8911, 0xCA19, 0xCA19, 0xA919, 0x8911, 0xC911, 0xEA19,
  0x0A22, 0xEA19, 0xCA19, 0xA911, 0xA911, 0x8911, 0x6809, 0x4809, 0x4809, 0x6809, 0x6911, 0x8911, 0x8911, 0xA911, 0x8911, 0xA911,
  0xCA19, 0x0B22, 0x4C22, 0x4C22, 0x6C2A, 0xAE32, 0xEE3A, 0xEF3A, 0xCE32, 0xAD32, 0x6C2A, 0x4C22, 0x2C1A, 0x0B1A, 0x0B1A, 0x4C22,
  0x6D2A, 0x4C22, 0x0B22, 0x0B22, 0x2C22, 0x4C22, 0x4C22, 0x2B1A, 0xEA11, 0xEA19, 0xEB19, 0xCA11, 0x8909, 0x6909, 0x8911, 0xAA11,
  0x8911, 0xCA11, 0xCA11, 0xEB19, 0xCA19, 0xEB19, 0xAA11, 0x6909, 0x6909, 0x6909, 0x6801, 0xA909, 0xAA11, 0x8909, 0x8909, 0xCA11,
  0xCA11, 0xEB11, 0x0B1A, 0x4C1A, 0x2B1A, 0xCA11, 0xCA11, 0xEB21, 0x6D3A, 0xF26B, 0x1ABE, 0x98BD, 0x98CD, 0x15CD, 0xCFBB, 0xC789,
  0x6270, 0x6288, 0x42A0, 0x42B0, 0x41B0, 0x41B0, 0x21A8, 0x21A0, 0x0190, 0x0188, 0x2288, 0x4288, 0x4288, 0x2288, 0x0290, 0x0390,
  0x2388, 0x2388, 0x6388, 0x2378, 0x2268, 0xC981, 0xB0A3, 0x56B5, 0x77AD, 0x97AD, 0xD17B, 0x917B, 0xA518, 0x2308, 0x8510, 0x2400,
  0x2310, 0x2428, 0x0340, 0x4360, 0xA378, 0x8278, 0x6280, 0x4290, 0x4298, 0x0198, 0x63A0, 0xA6B9, 0x2CDB, 0xB2FC, 0xAADA, 0x82A8,
  0x62A8, 0xA3A0, 0xAFDB, 0x19FE, 0xD5C4, 0xF28B, 0x0D42, 0x2800, 0x0D11, 0x4E11, 0x6E11, 0xEF19, 0x7032, 0xAD21, 0x0911, 0x6600,
  0x2500, 0x4508, 0x2400, 0x0400, 0x0300, 0x6C4A, 0x3384, 0x16A5, 0x98BD, 0x77CD, 0xF1A3, 0x2A82, 0x0569, 0x6360, 0x6378, 0x4388,
  0x2288, 0x0288, 0x2288, 0x2288, 0x2180, 0x4180, 0x4188, 0x2290, 0x0198, 0x21A0, 0x62A8, 0x42B0, 0x42B0, 0x63B0, 0x2298, 0x4288,
  0x0168, 0x8679, 0xF0B3, 0xF5C4, 0x77CD, 0xB8CD, 0xF9C5, 0xD594, 0xE939, 0x8400, 0xC608, 0xE708, 0xC608, 0xC608, 0xC608, 0xE608,
  0xE608, 0xE608, 0xE608, 0xE608, 0xE608, 0xE608, 0x0709, 0x4719, 0x2711, 0xC608, 0xE608, 0xE610, 0xA500, 0xA500, 0xA500, 0x8500,
  0x8500, 0x8500, 0x8500, 0x8500, 0x8400, 0x6400, 0x6400, 0x6400, 0x6400, 0x6400, 0x6400, 0x6400, 0x4400, 0x4400, 0x4400, 0x4400,
  0x4400, 0x4400, 0x4400, 0x8500, 0x8500, 0x8500, 0x8500, 0x8500, 0x8500, 0x8500, 0xA400, 0xA400, 0x8408, 0x8408, 0x8408, 0x6400,
  0x8408, 0x8408, 0x6408, 0x6408, 0x6408, 0x2300, 0x4308, 0x6408, 0x6408, 0x6408, 0x6408, 0x6408, 0x6408, 0x6408, 0xA408, 0xA408,
  0x8400, 0x8400, 0xA508, 0x0711, 0x0B32, 0xCE4A, 0x0F53, 0x5053, 0x705B, 0x915B, 0xB15B, 0x915B, 0x5053, 0x0F4B, 0xCE42, 0x4C32,
  0x2B2A, 0xAD3A, 0xCA21, 0xE608, 0xC600, 0x8500, 0x4819, 0x8D42, 0x5053, 0xD263, 0x1364, 0x9153, 0x0F43, 0x3043, 0x2F43, 0x0F43,
  0xA500, 0xA500, 0xA500, 0xC608, 0xE608, 0xE600, 0xC500, 0xE600, 0x0609, 0x2709, 0x2709, 0x2709, 0x4709, 0x4809, 0x4709, 0x2709,
  0x4709, 0x4709, 0x4809, 0x4809, 0x4809, 0x4809, 0x4809, 0x4809, 0x6811, 0x8911, 0x8911, 0x8911, 0xA919, 0xC919, 0xA919, 0x6811,
  0x6809, 0x6811, 0x4809, 0x2709, 0x4809, 0x4809, 0x4809, 0x4809, 0x4809, 0x4809, 0x6811, 0x8911, 0x8911, 0xA919, 0xEB21, 0x2B22,
  0x4C2A, 0x4C2A, 0x8D2A, 0xAD32, 0xAD32, 0xAE32, 0x8D2A, 0x6C2A, 0x2C22, 0x2C22, 0x2C22, 0x2B1A, 0x2C1A, 0x6C22, 0x6C22, 0x0B1A,
  0xCA19, 0x0B1A, 0x2C22, 0x2C22, 0x0B22, 0xEB19, 0xEA11, 0xEA11, 0xEA11, 0xA911, 0x6809, 0x6809, 0xCA11, 0xA911, 0xA911, 0xAA11,
  0xA911, 0xCA11, 0xAA11, 0xA911, 0x6809, 0x2801, 0x4801, 0x4809, 0x4809, 0x4801, 0x8901, 0x8901, 0x8909, 0xCA11, 0xEB19, 0xCA19,
  0x0B1A, 0x2C1A, 0x0B1A, 0xCA09, 0xEA11, 0x0B1A, 0xCB19, 0x0C1A, 0xCB11, 0xCA11, 0x9053, 0xD9A5, 0xF9B5, 0xB8BD, 0xB7C5, 0xF4BC,
  0x31B4, 0xCCA2, 0x4681, 0x0168, 0x0070, 0x0078, 0x2180, 0x2280, 0x2280, 0x6388, 0x6388, 0x4280, 0x6388, 0x4288, 0x4288, 0x4288,
  0x4288, 0x4288, 0x4280, 0x8380, 0x6380, 0x2268, 0xA468, 0x2A82, 0x94BC, 0x77BD, 0x77B5, 0x77AD, 0x738C, 0x0A3A, 0x0200, 0x2300,
  0x2400, 0x0308, 0x0318, 0x0330, 0x0238, 0x8458, 0xA478, 0x6388, 0x2288, 0x6398, 0x4190, 0x0078, 0x4599, 0xCAB2, 0x49B2, 0x30F4,
  0x36FD, 0x1AFE, 0x33AC, 0xD383, 0xED39, 0x0600, 0x4900, 0x4E19, 0x6E11, 0x1022, 0x912A, 0xED19, 0x2A11, 0x6708, 0x0400, 0x0400,
  0x4500, 0x4400, 0x0300, 0x2C42, 0xD273, 0xB58C, 0x37AD, 0x37BD, 0x12A4, 0xCD92, 0x6779, 0x0158, 0x6278, 0x8380, 0x4278, 0x4280,
  0x2280, 0x6388, 0x6288, 0x4280, 0x6388, 0x6280, 0x4288, 0x4288, 0x4288, 0x4180, 0x0178, 0x0070, 0x0070, 0x0270, 0xE580, 0x4A9A,
  0x6FA3, 0x93B4, 0xB7C5, 0xD8C5, 0x39CE, 0x15A5, 0x2A42, 0xE510, 0xA408, 0xE610, 0xA608, 0xC608, 0xA600, 0xC600, 0xC600, 0xC600,
  0xC600, 0xC600, 0xC600, 0xC608, 0xE608, 0x0709, 0x0711, 0x0711, 0xE610, 0xC508, 0xC508, 0xC508, 0xA500, 0xA500, 0xA508, 0xA500,
  0x8500, 0x8500, 0x8500, 0x8400, 0x6400, 0x6400, 0x8400, 0x8500, 0x8400, 0x6400, 0x6400, 0x4400, 0x4400, 0x2400, 0x4400, 0x4400,
  0x4400, 0x6500, 0x6500, 0x8500, 0x8500, 0x8500, 0xA500, 0x8500, 0x8500, 0x8500, 0x8400, 0x8400, 0x8400, 0x8400, 0x8400, 0x6408,
  0x8408, 0x8408, 0x6408, 0x4300, 0x4308, 0x4300, 0x4408, 0x6408, 0x6410, 0x6408, 0x6408, 0x6408, 0x6408, 0x6408, 0x6300, 0x8408,
  0x6300, 0x8400, 0x2711, 0x4C3A, 0xEE4A, 0x0F4B, 0xEE4A, 0x5053, 0xB263, 0xB263, 0x915B, 0x5153, 0x5153, 0xEF4A, 0xAE42, 0xEB29,
  0x6C32, 0xEA29, 0xE600, 0xA500, 0x8400, 0xC608, 0x4C42, 0x0F53, 0x925B, 0x136C, 0xD25B, 0x504B, 0x0F43, 0xEF42, 0xAE3A, 0x0F43,
  0x8500, 0x8500, 0xA500, 0xA500, 0xC600, 0xE608, 0x0609, 0x0709, 0x2709, 0x2709, 0x2709, 0x2709, 0x2709, 0x0701, 0x0701, 0x2709,
  0x2709, 0x4709, 0x4709, 0x4809, 0x4811, 0x4811, 0x4811, 0x4811, 0x6811, 0xA919, 0xA919, 0x6811, 0x4809, 0x2709, 0x2709, 0x2709,
  0x0701, 0x0601, 0x0601, 0x0709, 0x2709, 0x2709, 0x2709, 0x4709, 0x4809, 0x6811, 0xA919, 0xCA19, 0xEA21, 0x2B2A, 0x2B2A, 0x4C2A,
  0x6C32, 0x4C2A, 0x4C22, 0x4C22, 0x2B22, 0x4C22, 0x0B1A, 0x0B1A, 0x0B1A, 0x4C22, 0x4C22, 0x2C22, 0x2B1A, 0xEB11, 0xCA11, 0xEB19,
  0x0B22, 0xEB19, 0xCA19, 0xAA11, 0x8911, 0x8911, 0x8809, 0x8809, 0x8909, 0xA911, 0xA911, 0xA911, 0xA911, 0x8911, 0xA911, 0x6809,
  0x8909, 0x4809, 0x0701, 0x2701, 0x2801, 0x4809, 0x4801, 0x4809, 0x6909, 0x8909, 0xA909, 0xCA11, 0xEA11, 0xEB19, 0x0B22, 0xEB19,
  0xCA11, 0xCA11, 0xEB11, 0x0B12, 0x0B1A, 0x2C22, 0x2D22, 0x2D1A, 0x6D1A, 0x6D1A, 0x0B0A, 0x0E33, 0x904B, 0x979D, 0x3AB6, 0x1AB6,
  0xFAC5, 0x57BD, 0x32AC, 0xAFAB, 0x6EAB, 0x298A, 0x0571, 0xC578, 0x6370, 0x4268, 0x4270, 0x4270, 0x4268, 0x4270, 0x6270, 0x4270,
  0x4270, 0x4278, 0x4170, 0x6170, 0x4270, 0x4370, 0x2370, 0x6468, 0xA981, 0x8C82, 0x15B5, 0x76A5, 0x779D, 0x1695, 0x7063, 0x0619,
  0x2200, 0x4308, 0x2308, 0x0310, 0x0218, 0x0328, 0x4348, 0x8468, 0xA478, 0x8378, 0x8280, 0xA288, 0x6180, 0x2078, 0x2170, 0x49AA,
  0xEE8A, 0x1073, 0x8710, 0x4700, 0xCB00, 0xED08, 0x4F19, 0x6E19, 0x302A, 0xEE21, 0x2B11, 0x6708, 0x0500, 0x4600, 0x4500, 0x2400,
  0x2300, 0x6408, 0x6C42, 0xF68C, 0x78A5, 0x36A5, 0x77BD, 0xB09B, 0x4861, 0x4358, 0x2368, 0x8480, 0x6278, 0x2178, 0x6278, 0x8370,
  0x4268, 0x4268, 0x6270, 0x4270, 0x4270, 0x4270, 0x4268, 0x4268, 0xA470, 0xE478, 0x6679, 0x8B9A, 0x4EAB, 0x6FAB, 0x11B4, 0x16C5,
  0x98C5, 0xB8B5, 0x1ABE, 0xB38C, 0xAB52, 0xA829, 0x0200, 0xC508, 0xC508, 0xE608, 0xC608, 0xA608, 0xC600, 0xA500, 0xA500, 0xA600,
  0xC600, 0xC600, 0xC600, 0xE608, 0xE608, 0xE608, 0xE608, 0xC608, 0xA508, 0xA508, 0xA508, 0xA508, 0xA508, 0xA508, 0xA508, 0x8400,
  0x8400, 0x8500, 0x8500, 0x8400, 0x6400, 0x6400, 0x8500, 0x8500, 0x8500, 0x6400, 0x6400, 0x6400, 0x4400, 0x4400, 0x4400, 0x6400,
  0x6500, 0x8500, 0x8500, 0x8500, 0x6500, 0x8500, 0xA500, 0x8400, 0xA508, 0x8500, 0x8400, 0x8400, 0x8400, 0x8400, 0x8400, 0x8408,
  0x8408, 0x6408, 0x4300, 0x4300, 0x2300, 0x4408, 0x4408, 0x4408, 0x8410, 0x6408, 0x4408, 0x4408, 0x6408, 0x6400, 0x4400, 0x6400,
  0xA508, 0x8821, 0x6C3A, 0x0F4B, 0xEE4A, 0x0F4B, 0x5053, 0xB163, 0xB263, 0xD263, 0x915B, 0x3053, 0x5053, 0xAE42, 0x2C32, 0x2C32,
  0x2C32, 0x0711, 0x8500, 0x4400, 0xE610, 0x2B3A, 0x8D4A, 0x715B, 0x136C, 0xB25B, 0x304B, 0x0F4B, 0x0F43, 0xEE42, 0xEE42, 0x5053,
  0xA500, 0xC600, 0xC600, 0xE600, 0xE608, 0x0711, 0x0711, 0x0711, 0x0709, 0x0709, 0x0709, 0x0701, 0xE600, 0xE600, 0x0701, 0x2709,
  0x2709, 0x4709, 0x2709, 0x4709, 0x6811, 0x6811, 0x6811, 0x6811, 0x6811, 0x4811, 0x4709, 0x2709, 0xE608, 0xE600, 0x0601, 0x2601,
  0x0701, 0x0601, 0x0601, 0x0601, 0x2709, 0x6809, 0x6811, 0x8911, 0xCA11, 0xEA19, 0x0B22, 0x2B22, 0x4C2A, 0x4C2A, 0x2C2A, 0x2B2A,
  0x2B2A, 0x2C22, 0x0C22, 0x0B22, 0x0B1A, 0x0B1A, 0x0B1A, 0x0B22, 0x0B22, 0xEA19, 0xCA11, 0xCA19, 0xEB21, 0xEA19, 0xEA19, 0xEA19,
  0xEA19, 0xAA19, 0xA911, 0x8911, 0x6809, 0x6809, 0x8811, 0x6809, 0x6811, 0x8911, 0xA919, 0xA911, 0x8911, 0x6911, 0x2809, 0x2809,
  0x0701, 0x0701, 0x2801, 0x2801, 0x4801, 0x4809, 0x4801, 0x6909, 0xAA11, 0xCA11, 0x0B1A, 0x2C1A, 0x0B1A, 0xCA11, 0xAA11, 0xAA11,
  0xAA11, 0xCB11, 0x0B1A, 0x4C22, 0x4D22, 0x2C22, 0x4C22, 0x4D22, 0x6D22, 0x6D22, 0x6D22, 0xA909, 0xA909, 0xEF3A, 0x7153, 0x957C,
  0xFAAD, 0x1BBE, 0xD9B5, 0xF9C5, 0xB8C5, 0x36BD, 0x93AC, 0x73AC, 0x32AC, 0x11A4, 0xD1A3, 0xB0A3, 0x909B, 0x90A3, 0x4F9B, 0x4F9B,
  0xCD8A, 0x8C8A, 0x8B82, 0x8B8A, 0xC879, 0x8881, 0x2781, 0xA668, 0x0248, 0x4340, 0xC961, 0x8F83, 0x369D, 0x779D, 0xB8AD, 0x7384,
  0x706B, 0x4300, 0x0100, 0x2300, 0x2408, 0x0308, 0x0208, 0x4320, 0x4440, 0x8460, 0xA578, 0x6488, 0x6388, 0x4280, 0x6278, 0x2168,
  0x0320, 0x0700, 0xA900, 0xEB00, 0xAE11, 0xCF19, 0x513A, 0x6D21, 0xEA10, 0x8700, 0x0400, 0x0500, 0x2500, 0x2500, 0x0300, 0xA608,
  0x7063, 0x537C, 0x579D, 0x979D, 0x36A5, 0xB08B, 0xEA61, 0xA548, 0x4448, 0xE668, 0x2771, 0xA981, 0x4B92, 0xAC9A, 0xED92, 0xCD8A,
  0x0E93, 0x2E9B, 0x4F9B, 0x6F9B, 0x6F9B, 0x8F9B, 0xB0A3, 0xD0A3, 0x11A4, 0x52AC, 0xB4B4, 0xF5B4, 0x98C5, 0x98C5, 0xD9C5, 0xFAC5,
  0xFABD, 0x948C, 0xCD4A, 0xA929, 0x0200, 0x8400, 0xC500, 0xA500, 0xC608, 0xA500, 0xA500, 0xC608, 0xA600, 0x8500, 0xA500, 0xC608,
  0xC608, 0xA608, 0xC608, 0xC608, 0xC608, 0xC608, 0xC608, 0xC608, 0xA508, 0xA500, 0xA500, 0xA500, 0xA508, 0x8500, 0x8400, 0x8400,
  0x6400, 0x6400, 0x8500, 0x6400, 0x6400, 0x8500, 0x6400, 0x6400, 0x6400, 0x4400, 0x4400, 0x6400, 0x4400, 0x4400, 0x6400, 0x8500,
  0x8500, 0xA500, 0x8400, 0x6500, 0x8500, 0x8500, 0x8500, 0x8500, 0x8500, 0xA500, 0x8500, 0x8500, 0x8508, 0xA508, 0xA508, 0x6400,
  0x6400, 0x6300, 0x4300, 0x4300, 0x4408, 0x6408, 0x6408, 0x6408, 0x4408, 0x6308, 0x6308, 0x4300, 0x4300, 0x6408, 0x4400, 0x6500,
  0x8921, 0xCE42, 0x0F4B, 0xEE4A, 0x2F4B, 0x5053, 0xD263, 0xF263, 0xF263, 0xB15B, 0x715B, 0x7153, 0x304B, 0x2C2A, 0x2C32, 0x2C32,
  0x4819, 0x6400, 0x6400, 0x4400, 0xA929, 0x8D4A, 0xAE4A, 0xF36B, 0xD263, 0xEF4A, 0xCE4A, 0xEE4A, 0xCE42, 0x8D3A, 0x2F53, 0x5053,
  0xC600, 0xE600, 0xE600, 0xE608, 0xE608, 0xE608, 0xE608, 0xE608, 0xE708, 0xE608, 0xE600, 0xE600, 0xE600, 0xE600, 0x0701, 0x2709,
  0x2709, 0x2709, 0x4709, 0x4709, 0x2709, 0x2709, 0x2709, 0x2709, 0x0601, 0xE600, 0xC600, 0xE600, 0x0709, 0x2709, 0x0601, 0x0601,
  0x0601, 0x0601, 0x2701, 0x4809, 0x6809, 0x8911, 0xCA19, 0xEA19, 0x0B22, 0x2B22, 0x2C22, 0x0B22, 0xEB19, 0xEB21, 0xEB21, 0xEB21,
  0xEB21, 0xEB21, 0xEB19, 0xEB19, 0xEB19, 0xEB19, 0xEB19, 0xEA19, 0xA911, 0xCA19, 0xEA19, 0xCA19, 0xCA19, 0xA919, 0xA911, 0x8911,
  0x8911, 0x6809, 0x6811, 0x6811, 0x6809, 0x6809, 0x6809, 0x8811, 0xA911, 0x8911, 0x8911, 0x4809, 0x2809, 0x2809, 0xE700, 0xE700,
  0x0701, 0x2809, 0x4809, 0x2801, 0x2701, 0x6909, 0xAA11, 0xCA11, 0xEB19, 0x4C22, 0x2C1A, 0xAA09, 0xAA09, 0xCA11, 0xCB11, 0xEB11,
  0x0B1A, 0x2C1A, 0x4C22, 0x4C22, 0x4C22, 0x6D2A, 0x8D2A, 0x6D22, 0x0B1A, 0x2C1A, 0xEB11, 0x2C1A, 0x6C1A, 0xEB11, 0xAA11, 0x0B22,
  0x304B, 0xB25B, 0x1795, 0xFAAD, 0xD9B5, 0xD9B5, 0x98B5, 0x77AD, 0x97B5, 0x77B5, 0x77B5, 0x57B5, 0x57B5, 0x36B5, 0xF6B4, 0x37BD,
  0xD5B4, 0xD5B4, 0xD4AC, 0xF4AC, 0x93AC, 0x73B4, 0x32AC, 0xB09B, 0x12A4, 0x119C, 0x6F7B, 0x1184, 0x56A5, 0x369D, 0x369D, 0x77A5,
  0x379D, 0xB16B, 0x6C4A, 0x6508, 0x2300, 0x4408, 0x4408, 0x2310, 0x0218, 0x2330, 0x4348, 0x6358, 0x8470, 0x6470, 0x8478, 0xA470,
  0x6730, 0x8A08, 0x4C19, 0xEF19, 0x502A, 0x8D19, 0xEA10, 0x8808, 0x0500, 0x2500, 0x4500, 0x2500, 0x2400, 0x0400, 0x8D4A, 0x137C,
  0x579D, 0x78A5, 0x3695, 0x579D, 0x97A5, 0x9394, 0x4F73, 0x8F83, 0x12A4, 0xF1A3, 0x11A4, 0x73AC, 0xB4AC, 0xD4AC, 0xD5AC, 0xF5AC,
  0xF6B4, 0x16B5, 0x36B5, 0x36B5, 0x36B5, 0x56B5, 0x56B5, 0x76B5, 0x56B5, 0x77B5, 0xB8BD, 0xD9C5, 0xD8BD, 0xF9BD, 0xB594, 0xAD4A,
  0xEE52, 0xC929, 0x0200, 0x6400, 0xE608, 0xC608, 0x8500, 0xC608, 0xC600, 0xC600, 0xA500, 0xC608, 0xA500, 0xA608, 0xE608, 0xA608,
  0xA608, 0xC608, 0xC608, 0xC608, 0xE608, 0xC608, 0xC608, 0xC608, 0xA500, 0x8500, 0xA500, 0xA508, 0x8500, 0x8500, 0x8500, 0x8500,
  0x8500, 0x6400, 0x4400, 0x4400, 0x8500, 0x8508, 0x6400, 0x6400, 0x4400, 0x4400, 0x4400, 0x4400, 0x4400, 0x6400, 0x8500, 0xA500,
  0x8500, 0x6400, 0x8500, 0x8508, 0x6400, 0x8500, 0x8500, 0x8500, 0x8500, 0x8500, 0x8500, 0x8500, 0x8500, 0x8508, 0x8408, 0x6400,
  0x6400, 0x6300, 0x4300, 0x4300, 0x6408, 0x6408, 0x6408, 0x6408, 0x4408, 0x6308, 0x6300, 0x4300, 0x6400, 0x4400, 0xA508, 0xAA29,
  0x8D42, 0xAD42, 0xCE42, 0x2F4B, 0x915B, 0x915B, 0xF263, 0xF26B, 0xB163, 0x705B, 0x915B, 0x5053, 0x6D3A, 0x2C2A, 0x4C32, 0xA921,
  0x8500, 0x6400, 0x4400, 0x4821, 0x2B42, 0x4C42, 0x7163, 0x9163, 0x6D42, 0xAD42, 0xAD4A, 0x6D42, 0x6D42, 0xAE4A, 0x2F53, 0xEE4A,
  0xC500, 0xE600, 0xC600, 0xE600, 0xE600, 0xC600, 0xE608, 0xE608, 0xE608, 0xC608, 0xE600, 0xE608, 0x0609, 0x0709, 0x0709, 0x0709,
  0x0609, 0x0601, 0x0701, 0xE600, 0xE600, 0xE600, 0xE600, 0xE600, 0xE600, 0x0601, 0x2709, 0x2709, 0xE600, 0xE600, 0x0601, 0x2601,
  0x4709, 0x4709, 0x8811, 0xC919, 0xC919, 0xEA19, 0x0B22, 0x0B22, 0xEB21, 0xCA19, 0xCA19, 0xCA19, 0xEA19, 0xCA19, 0xCA19, 0xCA19,
  0xA911, 0xCA19, 0xEB19, 0xCA19, 0xCA19, 0xAA19, 0xCA19, 0xEA19, 0xCA19, 0xA911, 0xA911, 0xA911, 0xA919, 0x8811, 0x6809, 0x6809,
  0x6811, 0x8811, 0x4809, 0x4809, 0x8911, 0x8811, 0x6811, 0x6811, 0x4809, 0x4709, 0x2709, 0x0701, 0xE700, 0x0701, 0x2701, 0x4809,
  0x2801, 0x0701, 0x2801, 0x6809, 0x8911, 0xEB19, 0x2C22, 0x2B22, 0xEA11, 0xA909, 0xAA11, 0xAA11, 0xCB11, 0x0B1A, 0x2C1A, 0x2C1A,
  0x2C1A, 0x2C22, 0x6D22, 0x8E2A, 0x8D2A, 0x4C22, 0x2C22, 0x2C1A, 0x0B1A, 0x2C1A, 0x4C22, 0x2C1A, 0x0B12, 0x4C1A, 0x4C1A, 0x0B1A,
  0x0B1A, 0x0B22, 0xCE3A, 0x5053, 0x2F53, 0x705B, 0xB484, 0xB9AD, 0xB8AD, 0xB8AD, 0xB8AD, 0xB8AD, 0xB8B5, 0xB8B5, 0xB8B5, 0xD9BD,
  0xB9BD, 0xB9BD, 0xF8B5, 0x19B6, 0xF9B5, 0xF9BD, 0xF9BD, 0xF9BD, 0xB8B5, 0xD8B5, 0xF8AD, 0x97A5, 0x569D, 0x579D, 0x369D, 0x369D,
  0x579D, 0x78A5, 0x1695, 0xF273, 0xF273, 0x4821, 0x0100, 0x2410, 0x2308, 0x0208, 0x0110, 0x0118, 0x6330, 0x4340, 0x6558, 0xA668,
  0x0A41, 0x6C29, 0x0E32, 0xCD21, 0x2B11, 0x6800, 0x0600, 0x4600, 0x6508, 0x2300, 0x2300, 0x0200, 0x8D4A, 0x137C, 0x379D, 0x99AD,
  0x579D, 0x579D, 0x579D, 0x3795, 0x5695, 0xB79D, 0xF8AD, 0xF8B5, 0xF8BD, 0xD8BD, 0xF8BD, 0xF8BD, 0xF8B5, 0xD8AD, 0xD8B5, 0xD9B5,
  0xB9B5, 0xB8B5, 0xB8AD, 0xB8B5, 0xD8B5, 0xD8AD, 0xB8AD, 0xB7AD, 0x97AD, 0xD9BD, 0x1184, 0xAC5A, 0xED5A, 0x0E5B, 0xC931, 0x2300,
  0x0200, 0x6400, 0xE608, 0xC608, 0xA500, 0xE608, 0xC608, 0xC600, 0xC600, 0xA500, 0xA500, 0xC600, 0xA500, 0xA608, 0xC608, 0xC608,
  0xC608, 0xC608, 0xE710, 0xE608, 0xC608, 0xC608, 0xC608, 0xA500, 0xA508, 0xA500, 0xA500, 0x8500, 0x8400, 0x8500, 0x8500, 0x8500,
  0x6400, 0x4400, 0x4400, 0x6500, 0x8508, 0x8500, 0x4400, 0x4400, 0x4400, 0x4400, 0x4400, 0x4400, 0x6400, 0x8400, 0xA500, 0xA500,
  0x8400, 0x8500, 0x8500, 0x8500, 0x6400, 0x8500, 0x8500, 0xA500, 0xA500, 0x8500, 0x8500, 0x8500, 0x8400, 0x8400, 0x8400, 0x4300,
  0x4300, 0x4300, 0x4300, 0x4300, 0x4300, 0x6408, 0x6408, 0x6408, 0x4308, 0x4300, 0x8408, 0x6400, 0x6400, 0xC510, 0xEA31, 0xAE4A,
  0xEE4A, 0xAE42, 0xEF4A, 0x715B, 0xD263, 0xF263, 0x136C, 0xF263, 0x915B, 0xB15B, 0x5053, 0x8D3A, 0x2B32, 0xAD3A, 0x6919, 0xA508,
  0x8508, 0x2300, 0xC618, 0xCA39, 0x2B4A, 0x8D52, 0x306B, 0x6C42, 0xEA31, 0x4C42, 0x6C42, 0x0B3A, 0x2B3A, 0x8D4A, 0xCE4A, 0x6C42,
  0xC500, 0xC500, 0xC500, 0xC500, 0xC600, 0xC600, 0xC600, 0xE600, 0xE608, 0xE608, 0xE608, 0xE608, 0xE608, 0x0609, 0x0609, 0xE608,
  0xE600, 0xC500, 0xC500, 0xA500, 0xA500, 0xA500, 0xC500, 0xC600, 0xE600, 0xE600, 0xE600, 0xE600, 0x0601, 0x2709, 0x6709, 0x8811,
  0xA911, 0xC919, 0xA919, 0x8919, 0xC919, 0xCA19, 0xA919, 0xA919, 0xA919, 0xCA19, 0xCA19, 0xA919, 0xA919, 0xA919, 0xA919, 0xC919,
  0xC911, 0xAA19, 0xAA19, 0xAA19, 0xAA19, 0xAA19, 0xA911, 0xA911, 0xCA19, 0x8811, 0x6809, 0x6811, 0x4809, 0x4809, 0x4709, 0x4709,
  0x2709, 0x6811, 0xA919, 0x8911, 0x8811, 0x4709, 0x4709, 0x2709, 0xE600, 0xE600, 0x0701, 0x2709, 0x0701, 0x0701, 0x0701, 0x2801,
  0x2801, 0x8911, 0xCA19, 0xEB19, 0xEB19, 0xCA11, 0x6909, 0x8909, 0xCA11, 0xCA11, 0xCA11, 0x2C1A, 0x0C1A, 0xEB11, 0x0B1A, 0x0B1A,
  0x4C22, 0x8D2A, 0x6D22, 0x2C22, 0x0C1A, 0x0B1A, 0x2C1A, 0x2C1A, 0x0C1A, 0x4C22, 0x0B1A, 0x0B12, 0x2C1A, 0x4C1A, 0x8D22, 0x8D22,
  0x2C1A, 0x4C22, 0xCA11, 0xAA11, 0xA911, 0x8911, 0xAD32, 0x7153, 0x9053, 0x9053, 0x7053, 0x6F53, 0x4F53, 0x4F53, 0x4F53, 0x4F53,
  0x2F53, 0x0E53, 0x0E4B, 0x2F53, 0x4F53, 0x4F53, 0x2F53, 0x4F53, 0x4F53, 0xB063, 0x737C, 0x98A5, 0xD9A5, 0xB8A5, 0xB9A5, 0xB9AD,
  0x579D, 0xF694, 0x579D, 0x579D, 0xB9AD, 0x7484, 0xD273, 0x0719, 0x0200, 0x6300, 0x6308, 0x2200, 0x0208, 0x0210, 0x2428, 0x4538,
  0x4A39, 0x8C29, 0x0A19, 0x4600, 0x0500, 0x4600, 0x2500, 0x2400, 0x0200, 0x0932, 0x9063, 0x906B, 0x1795, 0x98A5, 0x98A5, 0x3795,
  0x579D, 0x99A5, 0xB9A5, 0xD9AD, 0xD9A5, 0xD8A5, 0x158D, 0xD063, 0x2E5B, 0x0D53, 0x0E5B, 0x0E53, 0x0E53, 0xEE52, 0x0E53, 0x0F53,
  0x0F53, 0x0F53, 0x0F53, 0x0E53, 0x0E53, 0x0E53, 0x0D53, 0x0D4B, 0xCD4A, 0x4F63, 0x6729, 0x0000, 0x4300, 0x4300, 0x6400, 0xA508,
  0xC608, 0xA608, 0x8500, 0xA500, 0xC608, 0xA500, 0xA500, 0xC600, 0xA500, 0xA500, 0xA500, 0xA500, 0xC608, 0xA608, 0xA608, 0xE710,
  0xE710, 0xC608, 0xE608, 0xC608, 0xA608, 0xA608, 0xA500, 0xA500, 0xA508, 0xA500, 0x8500, 0x6400, 0x8500, 0x8500, 0x8500, 0x8400,
  0x6400, 0x4400, 0x6500, 0x8508, 0x6500, 0x4400, 0x4400, 0x4400, 0x4400, 0x4400, 0x6400, 0x6400, 0x6400, 0x8500, 0x8500, 0x8500,
  0x6400, 0xA500, 0x8400, 0x6400, 0x8500, 0x8500, 0x8500, 0x8500, 0xA500, 0x8500, 0x8500, 0x8400, 0x6400, 0x6400, 0x6400, 0x4300,
  0x4300, 0x4300, 0x4300, 0x6300, 0x4300, 0x6408, 0x6408, 0x6408, 0x4300, 0x6400, 0x6400, 0x4300, 0xE610, 0x0B32, 0xEE52, 0xCE4A,
  0xCE4A, 0x0F53, 0x915B, 0xD263, 0xF26B, 0xF36B, 0xF26B, 0xB163, 0x915B, 0xB163, 0xEE4A, 0x0B2A, 0x2B32, 0xEA29, 0xE608, 0x4400,
  0x4408, 0xA518, 0x8939, 0xA941, 0x4C52, 0x0F6B, 0x6D5A, 0x8931, 0xEA39, 0xEA39, 0xEA39, 0xEA39, 0x2C42, 0x4C4A, 0x4C4A, 0x4C42,
  0xC500, 0xC500, 0xE500, 0xE600, 0xE600, 0xC600, 0xE600, 0xE600, 0xE608, 0xE608, 0xE508, 0xC508, 0xC508, 0xC500, 0xC500, 0xC500,
  0xC500, 0xA500, 0xA400, 0xA500, 0xC500, 0xC500, 0xA500, 0xA500, 0xC600, 0x0601, 0x0601, 0x2709, 0x4709, 0x6811, 0x8811, 0x8811,
  0x8811, 0xA919, 0x8911, 0x6811, 0x6811, 0x8911, 0x8911, 0xA919, 0xA919, 0x8919, 0x8919, 0xA919, 0xA919, 0xA919, 0xA911, 0xA911,
  0xA911, 0xA911, 0x8911, 0x8911, 0x8911, 0x8911, 0x8911, 0x6811, 0x4709, 0x4709, 0x4811, 0x4709, 0x2709, 0x4709, 0x4809, 0x6811,
  0x6811, 0x8811, 0x6811, 0x2709, 0x4809, 0x0701, 0xE600, 0x0601, 0x0601, 0xE600, 0x0701, 0x2701, 0x0701, 0x4809, 0x6809, 0xAA11,
  0xCA19, 0xEB21, 0xEB19, 0xCA11, 0x8909, 0x6909, 0xAA11, 0xCA11, 0xCA11, 0x0B1A, 0x2C22, 0xEB19, 0x0B1A, 0x4C22, 0x6D22, 0x6D2A,
  0x4C22, 0x0C1A, 0x0B1A, 0x0B1A, 0xEB19, 0x0B1A, 0x4C22, 0x2C22, 0x0B1A, 0x2C1A, 0x4C1A, 0x6D22, 0x6D22, 0x6D22, 0x4C1A, 0x2C1A,
  0x2C1A, 0x2C1A, 0x4C1A, 0x2C1A, 0x6D22, 0x0C1A, 0x0C1A, 0xAA09, 0x8901, 0x6801, 0x4801, 0x0701, 0xE600, 0xC600, 0xE600, 0xE600,
  0xC600, 0xC600, 0x8600, 0x8600, 0xC600, 0xE700, 0xE600, 0xE600, 0xE600, 0xE608, 0x8929, 0x4C42, 0x4B3A, 0x8C42, 0x6C42, 0x0E53,
  0x789D, 0xB9A5, 0x99A5, 0x579D, 0xF68C, 0x379D, 0xB9A5, 0x747C, 0x6821, 0x2200, 0x2300, 0x4300, 0x2408, 0x2410, 0x0408, 0x0410,
  0x6610, 0x4600, 0x0500, 0x2500, 0x4508, 0x2400, 0x2300, 0x0200, 0x2A42, 0xD48C, 0x779D, 0x98A5, 0x3695, 0x3795, 0x98A5, 0xB9A5,
  0xB9A5, 0x547C, 0x6C42, 0x8D42, 0x6C3A, 0x2B3A, 0xA929, 0xE608, 0x6400, 0x6400, 0x6400, 0x4400, 0x2400, 0x2400, 0x2400, 0x2400,
  0x2400, 0x4400, 0x4400, 0x4400, 0x2400, 0x4400, 0x4400, 0x4400, 0x4400, 0x2300, 0xA400, 0xA508, 0xC508, 0xA500, 0xC608, 0xC608,
  0xA500, 0xA500, 0xC608, 0xC600, 0xA500, 0x8500, 0xA500, 0xC608, 0xA500, 0xA500, 0xA500, 0xA500, 0xA600, 0xC608, 0xE608, 0xE608,
  0xC608, 0xC608, 0xC608, 0xA608, 0x8500, 0x8500, 0xA500, 0xA508, 0x8500, 0x6400, 0x8500, 0xA500, 0x8500, 0x8400, 0x6400, 0x6400,
  0x6400, 0x8508, 0x8508, 0x6400, 0x4400, 0x4400, 0x4400, 0x4400, 0x4400, 0x4400, 0x6400, 0x8500, 0x8500, 0x8500, 0x8500, 0x6400,
  0x8500, 0x6400, 0x6400, 0x8500, 0x6400, 0x8500, 0x8500, 0x8500, 0x8500, 0xA508, 0x8408, 0x8408, 0x6400, 0x6300, 0x4300, 0x2300,
  0x4300, 0x4300, 0x6300, 0x6400, 0x4300, 0x6400, 0x6408, 0x6400, 0x6300, 0x4300, 0x8400, 0x2719, 0x2B3A, 0xCE4A, 0xEF52, 0xEE4A,
  0x0F53, 0x505B, 0xB163, 0xD26B, 0xF26B, 0xF26B, 0xB163, 0x9163, 0x915B, 0xAD42, 0x4B32, 0x2B32, 0xC929, 0xC508, 0x6400, 0x4300,
  0x6410, 0x6839, 0x6841, 0xC949, 0xCE6A, 0x6D62, 0x6839, 0x8939, 0x8831, 0x6831, 0x4831, 0xCA41, 0x0B4A, 0xEA49, 0xEA41, 0x0B4A,
  0xC500, 0xC500, 0xE500, 0xE500, 0xC500, 0xC500, 0xC500, 0xC500, 0xA500, 0xA500, 0xA408, 0xA400, 0xA400, 0xA400, 0xA400, 0xA400,
  0xA400, 0xA400, 0xA400, 0xA500, 0xA500, 0xC500, 0xC600, 0xE600, 0xE600, 0x0601, 0x4709, 0x6811, 0x8811, 0x8811, 0x6811, 0x8811,
  0x8811, 0x6811, 0x6811, 0x8911, 0x6811, 0x8919, 0xA919, 0x6811, 0x6811, 0x6811, 0x8811, 0x8919, 0x8919, 0x6811, 0x6811, 0x6809,
  0x8811, 0x6811, 0x6811, 0x6811, 0x6811, 0x6811, 0x4811, 0x2709, 0x2709, 0x2609, 0x4709, 0x4709, 0x4811, 0x6811, 0x6811, 0x4709,
  0x4709, 0x4709, 0x0601, 0xC500, 0xE600, 0x0601, 0xE600, 0xE600, 0x0709, 0xE600, 0x0701, 0x4809, 0x6809, 0xA911, 0xCA19, 0xEB19,
  0xAA11, 0x8911, 0xAA11, 0xAA11, 0x8911, 0xAA11, 0xEB19, 0x2B22, 0x2B22, 0x2B22, 0x2C22, 0x2C1A, 0x6D22, 0x8D2A, 0x4D22, 0x2C1A,
  0x0C1A, 0x0B1A, 0x0B1A, 0x0C1A, 0x0C1A, 0x0B1A, 0x0B1A, 0x2C1A, 0x2C22, 0x2C1A, 0x8D22, 0x8D22, 0x2C1A, 0x2B1A, 0x2B12, 0x0B12,
  0x4C1A, 0x4C1A, 0x4D1A, 0x0C12, 0x0C12, 0x0C12, 0x0C12, 0x0C12, 0xEB11, 0xCA11, 0xAA09, 0x6909, 0x6909, 0x6909, 0x6909, 0x6909,
  0x6909, 0x6909, 0x6A11, 0x8A11, 0x8A11, 0x8909, 0x8909, 0x6901, 0x4801, 0x2809, 0xC608, 0x6500, 0x6400, 0x8500, 0x6400, 0xE608,
  0xAD42, 0x0E53, 0xAD42, 0xF68C, 0xFAAD, 0x989D, 0x368D, 0xD9A5, 0x747C, 0xB173, 0x6C4A, 0x0200, 0x0200, 0x0400, 0x2400, 0x0400,
  0x0400, 0x2500, 0x2400, 0x2400, 0x0300, 0x0100, 0x4B4A, 0xB073, 0xF594, 0xB7A5, 0x158D, 0x98A5, 0xD9A5, 0x789D, 0x905B, 0x6C42,
  0xCE42, 0x8921, 0x4400, 0x6500, 0xA600, 0x8500, 0xA500, 0xE600, 0x0709, 0x2709, 0x0709, 0xE700, 0xC700, 0xA600, 0xA600, 0xA708,
  0xA708, 0xC708, 0xC708, 0xA708, 0xA608, 0xC608, 0xC608, 0xA608, 0xC608, 0xC500, 0xC500, 0xA500, 0xA500, 0xA500, 0xE608, 0xC600,
  0xA600, 0xA600, 0x8500, 0xA500, 0xA500, 0xA500, 0xA500, 0x8500, 0x8500, 0x8500, 0xA500, 0xC500, 0xC608, 0xC608, 0xC608, 0xC608,
  0xA608, 0xA608, 0xA608, 0x8500, 0x8500, 0x8500, 0x8500, 0x8400, 0x8400, 0x8500, 0x8500, 0x8500, 0x6400, 0x6400, 0x6400, 0x6400,
  0x8500, 0x8500, 0x6400, 0x4400, 0x4400, 0x4400, 0x4400, 0x4400, 0x6400, 0x6400, 0x6500, 0x6400, 0x6400, 0x8500, 0x8500, 0x8500,
  0x6400, 0x6400, 0x6400, 0x8500, 0x8508, 0x8500, 0x8500, 0x8500, 0x8400, 0x8400, 0x6400, 0x6300, 0x4300, 0x4300, 0x4300, 0x4300,
  0x4300, 0x4300, 0x4300, 0x4300, 0x6400, 0x8408, 0x8408, 0x6400, 0x4300, 0x6400, 0x4719, 0x4C3A, 0xCE4A, 0xEE4A, 0xAD42, 0xEE4A,
  0x5053, 0x915B, 0xD263, 0xF36B, 0xD26B, 0x9163, 0x705B, 0x705B, 0x2F53, 0x4C3A, 0xEA29, 0x8821, 0xE610, 0x8408, 0x2300, 0x2308,
  0xE628, 0x4739, 0x2741, 0x6C6A, 0x6C6A, 0x4841, 0xE730, 0x4839, 0x2731, 0x2731, 0x4839, 0xA949, 0xAA49, 0x8941, 0x8941, 0xAA49,
  0xC500, 0xC500, 0xC500, 0xA500, 0xA500, 0xA500, 0x8400, 0x8400, 0x8400, 0xA400, 0x8400, 0x8400, 0x8400, 0x8400, 0xA400, 0xA400,
  0xA400, 0xA400, 0xA400, 0xA500, 0xC600, 0xC600, 0xE600, 0x2709, 0x2709, 0x2709, 0x2709, 0x4709, 0x4709, 0x6811, 0x6811, 0x4711,
  0x6811, 0x8811, 0x8911, 0xA919, 0x8811, 0x2709, 0x4809, 0x6811, 0x4711, 0x6811, 0x6811, 0x6811, 0x4711, 0x4709, 0x4709, 0x4709,
  0x6709, 0x2709, 0x0709, 0x2709, 0x2709, 0x2709, 0x0609, 0x0601, 0x2709, 0x4709, 0x4711, 0x2709, 0x0601, 0x2709, 0x2709, 0x0601,
  0xE600, 0xE600, 0xE600, 0xE600, 0x0601, 0x2709, 0x0601, 0xC600, 0x0709, 0x4809, 0x8911, 0xCA19, 0xCA11, 0xA911, 0x8911, 0x6909,
  0x6909, 0x8911, 0x8911, 0xCA11, 0x2B22, 0x4C22, 0x0B1A, 0xEB19, 0x2C22, 0x6C2A, 0x4D22, 0x6D22, 0x0C1A, 0xEB11, 0x2C1A, 0x0C1A,
  0x0B1A, 0xEB19, 0x0B1A, 0x0B1A, 0x2C1A, 0x0C1A, 0x2C1A, 0x4D22, 0x8D2A, 0x8D2A, 0x4C22, 0x2C1A, 0x2C1A, 0x2C1A, 0x4C1A, 0x4C1A,
  0x2C1A, 0x2C1A, 0x2C1A, 0xEB11, 0xCB09, 0xEB11, 0xCB09, 0xCB09, 0xAA09, 0x8A09, 0x6909, 0x6909, 0x6909, 0x6909, 0x6909, 0x4909,
  0x6909, 0x8A11, 0x8A11, 0x8A09, 0x6A09, 0x6901, 0x4801, 0x6901, 0x4801, 0x2809, 0x2809, 0x0809, 0x2709, 0x2709, 0x4811, 0x2709,
  0xA500, 0xC500, 0xA500, 0xA921, 0x0B32, 0x2B32, 0xF68C, 0xD9AD, 0x579D, 0x98AD, 0x179D, 0xD27B, 0x6D4A, 0x4408, 0x0300, 0x4500,
  0x4400, 0x4400, 0x0300, 0x4300, 0xCD52, 0xB073, 0xD594, 0x77A5, 0x1595, 0x569D, 0xF9AD, 0xF16B, 0x0A3A, 0xCA29, 0x2711, 0x4400,
  0x8500, 0xC600, 0x2809, 0x2809, 0x0709, 0x2709, 0x2709, 0x0701, 0x0701, 0xE700, 0xE700, 0xE700, 0xC700, 0xC700, 0xC700, 0xC700,
  0xA700, 0xA600, 0xA600, 0xA600, 0xC600, 0xA600, 0x8600, 0xA608, 0xC600, 0xC500, 0xA500, 0xA500, 0xA500, 0xA500, 0xA500, 0xA500,
  0xA600, 0xA600, 0xA500, 0xA500, 0xA500, 0xA500, 0xA500, 0xA500, 0xA500, 0xA500, 0xC600, 0xC608, 0xC608, 0xC608, 0xC608, 0xA608,
  0xA500, 0xA608, 0xA500, 0x8500, 0xA608, 0x8500, 0x6400, 0x8400, 0xA500, 0xA500, 0x8400, 0x6400, 0x6400, 0x6400, 0x8500, 0x8500,
  0x8500, 0x6400, 0x4400, 0x4400, 0x4400, 0x4400, 0x4400, 0x4400, 0x6400, 0x6400, 0x6400, 0x6400, 0x6400, 0x8500, 0x8500, 0x8500,
  0x6400, 0x6400, 0x6400, 0x6500, 0x8500, 0x8500, 0x8500, 0x6400, 0x6400, 0x6400, 0x6400, 0x4300, 0x4300, 0x2300, 0x2300, 0x4300,
  0x4300, 0x4300, 0x4300, 0x4300, 0x4300, 0x6400, 0x6400, 0x6300, 0x6400, 0x6819, 0x4C3A, 0xEE4A, 0xCE42, 0x8D3A, 0x0F4B, 0x5053,
  0x915B, 0xB263, 0xF26B, 0xD26B, 0xB163, 0x705B, 0x705B, 0x2F53, 0x6C42, 0xEA31, 0x8821, 0xC508, 0x8400, 0x2300, 0x0308, 0x8420,
  0xE630, 0xC538, 0xA959, 0x4B6A, 0x6849, 0xA530, 0xE638, 0x0739, 0xE630, 0x0739, 0x4841, 0x6849, 0x4841, 0x2841, 0x4841, 0x6849,
  0xC500, 0xA500, 0x8400, 0x8400, 0x8400, 0x8400, 0x8400, 0x6400, 0x6400, 0x6400, 0x8400, 0x8400, 0x8400, 0x8400, 0xA400, 0xA500,
  0xA500, 0xC500, 0xC500, 0xE600, 0x0609, 0x2709, 0x2709, 0x2709, 0x4709, 0x4709, 0x2709, 0x2709, 0x2709, 0x2709, 0x4709, 0x6811,
  0x8811, 0x6811, 0x4709, 0x4811, 0x4811, 0x4809, 0x6811, 0x4811, 0x4709, 0x4709, 0x4709, 0x4709, 0x4711, 0x6811, 0x4711, 0x4709,
  0x2709, 0x2709, 0x2709, 0xE600, 0xE600, 0x0609, 0x2709, 0x4711, 0x2609, 0x0609, 0x2609, 0x2609, 0x0601, 0x0601, 0xE600, 0xE600,
  0xC500, 0xC600, 0xC600, 0xE600, 0x0601, 0x0601, 0x0609, 0x6811, 0xA919, 0xC919, 0xCA19, 0x8809, 0xA911, 0xC911, 0xCA11, 0xAA11,
  0x8911, 0xCA19, 0x0B22, 0x0B22, 0x0B22, 0x2C22, 0x4C2A, 0x6C2A, 0x6C2A, 0x4C22, 0x0B1A, 0x2C1A, 0xEB19, 0xEB11, 0x2C1A, 0xEB11,
  0xEB11, 0xEB19, 0x0C1A, 0x2C22, 0x4D22, 0x8D2A, 0x8D2A, 0x6D22, 0x2C1A, 0x2C1A, 0x0B1A, 0x2C1A, 0x6C22, 0x4C1A, 0x4C1A, 0x2C1A,
  0x0B12, 0xCA11, 0xAA09, 0xEB11, 0xEB11, 0xCA09, 0xAA09, 0x8A09, 0x6909, 0x4909, 0x6909, 0x6909, 0x8A11, 0x6909, 0x8A11, 0xAB11,
  0xAA11, 0x6909, 0x6909, 0x6A09, 0x6909, 0x6909, 0x6909, 0x4909, 0x4809, 0x2809, 0x2809, 0x2709, 0x4809, 0x0709, 0x0701, 0x2809,
  0x2809, 0x2709, 0x2709, 0x0709, 0x8500, 0xA500, 0x0A32, 0x4C4A, 0xD694, 0x99A5, 0x379D, 0x78A5, 0x379D, 0xB26B, 0xF37B, 0xAA31,
  0x0200, 0xC610, 0x0E5B, 0xD173, 0x369D, 0x98AD, 0x77A5, 0x98A5, 0xB484, 0x6C42, 0xEE4A, 0x6819, 0x4400, 0xA500, 0xE708, 0x0709,
  0x0709, 0xC600, 0xE700, 0x0809, 0xE700, 0x0701, 0x0709, 0x0701, 0xE700, 0xC700, 0xC700, 0xE700, 0xE700, 0xE708, 0xC700, 0xC600,
  0xC700, 0xC700, 0xE700, 0xC600, 0xA600, 0xE600, 0xE600, 0xA600, 0xA500, 0xC600, 0xC500, 0xC600, 0xA500, 0xA500, 0x8500, 0xA500,
  0xA500, 0xC600, 0xC600, 0xA500, 0x8500, 0x8500, 0xA500, 0xA500, 0xC600, 0xC600, 0xC608, 0xC608, 0xC608, 0xA608, 0xA608, 0xA500,
  0xA500, 0x8500, 0x8500, 0xA500, 0x8500, 0x6500, 0x8500, 0xA500, 0x8500, 0x8500, 0x6400, 0x6400, 0x8400, 0x8400, 0x8500, 0x8500,
  0x8500, 0x6400, 0x4400, 0x4400, 0x4400, 0x6400, 0x6400, 0x6400, 0x6400, 0x6400, 0x6400, 0x6400, 0x6400, 0x8400, 0x8500, 0x8500,
  0x8400, 0x6400, 0x6400, 0x6400, 0x6500, 0x8400, 0x8400, 0x6400, 0x6400, 0x4400, 0x6300, 0x4300, 0x2300, 0x2300, 0x4300, 0x4300,
  0x4300, 0x4300, 0x4300, 0x4300, 0x6400, 0x6300, 0x4300, 0xC508, 0x8821, 0xCE42, 0xCE42, 0xAD3A, 0x8C3A, 0xEE42, 0x5053, 0x7053,
  0xB15B, 0xD263, 0xF36B, 0x9263, 0x505B, 0x505B, 0x705B, 0xCE4A, 0x0A32, 0x6821, 0xE510, 0x6300, 0x2300, 0x0208, 0x2318, 0x6428,
  0x8430, 0x2749, 0xC961, 0x4751, 0x8438, 0x8430, 0xC538, 0xC638, 0xE638, 0x0639, 0x0641, 0xE640, 0xE640, 0xE740, 0x0741, 0x2741,
  0xA400, 0x8400, 0x8400, 0x8400, 0x6400, 0x6400, 0x8400, 0x8400, 0x6400, 0x6400, 0x8400, 0x8400, 0x8400, 0xA500, 0xA500, 0xC500,
  0xC500, 0xE600, 0x0609, 0x0609, 0x2709, 0x2709, 0x2709, 0x0601, 0x0609, 0x2709, 0x2709, 0x2709, 0x2709, 0x4711, 0x4711, 0x2709,
  0x2709, 0x2709, 0x4709, 0x2709, 0x2709, 0x4811, 0x4811, 0x0601, 0x2609, 0x2609, 0x2709, 0x4709, 0x2609, 0x0609, 0x0609, 0x0609,
  0x0601, 0x0609, 0xE608, 0x2709, 0x4711, 0x2709, 0x0609, 0xE608, 0x0609, 0x2609, 0x0509, 0xE500, 0xE600, 0xC500, 0xA500, 0xA500,
  0xC500, 0xE600, 0xE600, 0xE600, 0x2709, 0x4811, 0x8819, 0xA919, 0x6811, 0x6811, 0x8911, 0x8911, 0xA911, 0xCA11, 0xCA11, 0xCA11,
  0x0B22, 0xEB19, 0x2C22, 0x6D2A, 0x6C2A, 0x6C2A, 0x4C2A, 0x2C22, 0x0B1A, 0x0B1A, 0xEB19, 0x0B1A, 0x2C1A, 0x0B1A, 0xCA11, 0xCA11,
  0xEB19, 0x2C1A, 0x4D22, 0x8D2A, 0x8D2A, 0x6D2A, 0x2C22, 0x0C1A, 0x0B1A, 0x2C1A, 0x2C1A, 0x2C1A, 0x0B12, 0xEB11, 0xEA11, 0xEA11,
  0xEA11, 0xCA11, 0xCA09, 0xA909, 0x8909, 0x8909, 0x6801, 0x4801, 0x6909, 0x6909, 0x6909, 0x6909, 0x8A11, 0xAA11, 0x8A11, 0x6909,
  0x6909, 0x6909, 0x6909, 0x6909, 0x6909, 0x6911, 0x6911, 0x4811, 0x4911, 0x4811, 0x2809, 0x2809, 0x4909, 0x6909, 0x4809, 0x2809,
  0x2809, 0x2809, 0x0709, 0x2709, 0x4811, 0x2711, 0xA508, 0x2300, 0x8D42, 0x2F5B, 0xF68C, 0xB9A5, 0x1695, 0x789D, 0xB9AD, 0x5384,
  0x916B, 0x547C, 0x57A5, 0x77A5, 0x77A5, 0x979D, 0x5274, 0x2F53, 0xEB29, 0x4400, 0x6500, 0xA600, 0x2811, 0x0709, 0xE708, 0x0701,
  0x0701, 0x0801, 0xE700, 0x2801, 0x0701, 0xE700, 0xE700, 0xE700, 0xC700, 0xC700, 0xC700, 0xC700, 0xC700, 0xC700, 0xE700, 0xE700,
  0xE700, 0xC600, 0xC600, 0xC600, 0xC600, 0xA500, 0xA500, 0xC600, 0xC600, 0xC600, 0xC600, 0xA500, 0xA500, 0xA500, 0xA500, 0xA500,
  0xA500, 0xA500, 0xA500, 0xA500, 0x8500, 0x8500, 0x8500, 0xA500, 0xC600, 0xC600, 0xC600, 0xC600, 0xA500, 0xA500, 0xA500, 0x8500,
  0x8500, 0x6500, 0x6500, 0x8500, 0x4400, 0x8500, 0xC608, 0xA500, 0x6400, 0x6400, 0x6400, 0x8500, 0x8500, 0x8500, 0x6400, 0x6400,
  0x6400, 0x4400, 0x4400, 0x4400, 0x6400, 0x6400, 0x6500, 0x6500, 0x6400, 0x6400, 0x6400, 0x6400, 0x6400, 0x6400, 0x8400, 0x8400,
  0x8500, 0x6400, 0x6400, 0x6400, 0x6400, 0x6400, 0x6400, 0x6400, 0x4300, 0x4300, 0x4300, 0x4300, 0x2300, 0x4300, 0x4300, 0x4300,
  0x4300, 0x4300, 0x4300, 0x4300, 0x6300, 0x6300, 0xC508, 0xC821, 0x8C42, 0xCE42, 0x8D3A, 0x8D3A, 0xAD3A, 0x2F4B, 0x7053, 0x915B,
  0xB263, 0xD263, 0xB263, 0x505B, 0x0F53, 0x0F53, 0x0F53, 0x2B3A, 0x6821, 0xA508, 0x4300, 0x2200, 0x0200, 0x2318, 0x4428, 0x0328,
  0x6438, 0x6859, 0xE648, 0x2330, 0x4330, 0xA430, 0x8430, 0x6428, 0x8530, 0xC538, 0xC640, 0xA540, 0xA538, 0xA540, 0xC640, 0xC640,
  0x6400, 0x6400, 0x6400, 0x8400, 0x8400, 0x6400, 0x6400, 0x4400, 0x4400, 0x6400, 0x8400, 0x8500, 0xA500, 0xA500, 0xC500, 0xE600,
  0xE600, 0x0609, 0x2709, 0x2709, 0x0601, 0xE600, 0xE600, 0x0609, 0x0709, 0x0709, 0x2709, 0x2709, 0x2709, 0x0609, 0x0609, 0x0709,
  0x2709, 0x2709, 0x2709, 0x2709, 0x2709, 0xE708, 0x0709, 0x2709, 0x4709, 0x0601, 0xE500, 0x0601, 0xE600, 0xE600, 0x0609, 0x0609,
  0xE608, 0x0609, 0xE608, 0xE608, 0xE608, 0xE608, 0xE508, 0x0609, 0x0609, 0x0509, 0xE500, 0xC500, 0xA500, 0xC500, 0xC500, 0xE600,
  0x0609, 0x0609, 0x2709, 0x4711, 0x6811, 0x6811, 0x6811, 0x4809, 0x4811, 0xA919, 0x8911, 0x8909, 0xA911, 0xEA19, 0x0B1A, 0x0B1A,
  0x2C22, 0x4C2A, 0x4C2A, 0x4C2A, 0x6D2A, 0x0B22, 0x0B1A, 0xEB19, 0x0B1A, 0x0B1A, 0x0B1A, 0xEB11, 0xCB11, 0xEB11, 0x0B1A, 0x2C22,
  0x6D22, 0x6D22, 0x6D22, 0x4C22, 0x2C1A, 0x0C1A, 0x0C1A, 0x2C1A, 0x2C1A, 0x0B1A, 0x2C1A, 0x0B12, 0xCA11, 0xEB11, 0xCA09, 0xCA09,
  0xA909, 0xA909, 0x8909, 0x6801, 0x4801, 0x6801, 0x6809, 0x6809, 0x8909, 0x8909, 0x8909, 0x8909, 0x8911, 0x8909, 0x6909, 0x6809,
  0x6809, 0x6909, 0x8901, 0xA909, 0x8909, 0x8911, 0x8911, 0x4811, 0x6911, 0x4809, 0x4801, 0x4801, 0x6909, 0x4809, 0x2801, 0x2809,
  0x2809, 0x0701, 0x4809, 0x0709, 0x0709, 0xE708, 0x0709, 0x2709, 0xC600, 0x6400, 0x2B32, 0x8C42, 0xD584, 0xB9A5, 0x3795, 0x779D,
  0x579D, 0x589D, 0x77A5, 0x779D, 0x8F63, 0x6B3A, 0x4711, 0xA500, 0xC700, 0x0809, 0x0809, 0x0809, 0xE708, 0xE808, 0x0809, 0x0701,
  0x2809, 0x0701, 0x0701, 0x0701, 0x0701, 0x0701, 0xE700, 0xE700, 0xE700, 0xE700, 0xE700, 0xE700, 0xC700, 0xC600, 0xE600, 0xC600,
  0xC600, 0xC600, 0xC600, 0xC600, 0xC600, 0xA600, 0xA600, 0xA600, 0xC600, 0xC600, 0xC600, 0xA600, 0xA500, 0xA500, 0xA500, 0xA500,
  0x8500, 0x8500, 0x8500, 0x8500, 0xA500, 0xA500, 0x8500, 0x8500, 0xA500, 0xA500, 0xA500, 0xA500, 0xA500, 0xA500, 0x8500, 0x8500,
  0x8500, 0x8500, 0x6400, 0x4400, 0x8500, 0x8500, 0x6400, 0x6400, 0x6400, 0x6400, 0x8500, 0x8500, 0x6400, 0x6400, 0x6400, 0x4400,
  0x4400, 0x4400, 0x4400, 0x6400, 0x6400, 0x8500, 0x8500, 0x8500, 0x6400, 0x6400, 0x4400, 0x6400, 0x6400, 0x6400, 0x8400, 0x8400,
  0x8500, 0x6400, 0x6400, 0x4400, 0x4400, 0x6400, 0x6400, 0x4300, 0x4300, 0x4300, 0x4300, 0x2300, 0x2200, 0x4300, 0x4300, 0x4300,
  0x4300, 0x4300, 0x4300, 0x6300, 0x6400, 0xE610, 0xEA29, 0xAC42, 0xAD42, 0x8D3A, 0x6D3A, 0xCE42, 0x2F4B, 0x7053, 0xB15B, 0xB15B,
  0xB263, 0x915B, 0x2F53, 0x0F53, 0x0F53, 0xCE4A, 0x6C3A, 0x8821, 0x8408, 0x4300, 0x4300, 0x0200, 0x2308, 0x4420, 0x2328, 0x0228,
  0xE648, 0xA548, 0x0230, 0x0228, 0x2228, 0x2228, 0x4328, 0x4328, 0x4430, 0x6438, 0x6438, 0x4438, 0x6438, 0x8438, 0x6438, 0x6438,
  0x6300, 0x6400, 0x6400, 0x6400, 0x6400, 0x6400, 0x6400, 0x6400, 0x6400, 0x8500, 0xC500, 0xC500, 0xC500, 0xC500, 0xE500, 0xE608,
  0xE600, 0xE500, 0xC500, 0xE500, 0xE608, 0x0609, 0x0609, 0x0609, 0x0609, 0x2609, 0x0609, 0x0609, 0x0609, 0xE608, 0xE608, 0x0609,
  0xE608, 0xE608, 0xE608, 0xE600, 0xE600, 0xC500, 0xE600, 0xE600, 0xE500, 0xE500, 0xE500, 0xE500, 0xC500, 0xC500, 0xE508, 0x0609,
  0xE508, 0xC508, 0xC508, 0xC508, 0xE508, 0xE508, 0xC508, 0xC500, 0xA500, 0xA500, 0xA500, 0xC500, 0xC500, 0xE500, 0xE600, 0x0709,
  0x4709, 0x4811, 0x4811, 0x2709, 0x2709, 0x4809, 0x8911, 0x8911, 0x8911, 0xAA11, 0xAA11, 0xEB19, 0xEB19, 0xEB19, 0x2C22, 0x2C22,
  0x4C22, 0x2C22, 0x2C22, 0xEB19, 0xEB19, 0xEB19, 0x0B1A, 0x2C22, 0xCB19, 0xAA11, 0xCA11, 0xEB19, 0x0C22, 0x4C22, 0x4D22, 0x4C22,
  0x4C22, 0x4C22, 0x2C1A, 0x0B1A, 0x0B12, 0x0B12, 0x2B1A, 0x2B1A, 0x0B12, 0xEB11, 0xEA11, 0xCA11, 0xCA11, 0xCA11, 0x8A09, 0x6909,
  0x4801, 0x4801, 0x6909, 0x4801, 0x4801, 0x4909, 0x6909, 0x8909, 0x8909, 0x8909, 0x8909, 0x8909, 0x8909, 0x4901, 0x4801, 0x4909,
  0x6909, 0xAA09, 0x8909, 0x8909, 0x8909, 0x8909, 0x6909, 0x6909, 0x2809, 0x2801, 0x4809, 0x4809, 0x2809, 0x2809, 0x2809, 0x4809,
  0x4809, 0x2809, 0x2709, 0x0701, 0x2809, 0x0701, 0x0701, 0x0701, 0x2809, 0x2809, 0xC600, 0x4500, 0x4C32, 0xCE4A, 0x715B, 0x5895,
  0xBAA5, 0x789D, 0x7063, 0x0E53, 0x6819, 0x4400, 0xC600, 0x0709, 0xE708, 0xE708, 0x0801, 0x0809, 0x0809, 0xE800, 0xE800, 0x0809,
  0x0801, 0xE800, 0xE700, 0xE700, 0xE700, 0xE700, 0xE700, 0xE700, 0xE700, 0xE700, 0xE700, 0xC700, 0xE700, 0xC700, 0xC700, 0xC600,
  0xC600, 0xE700, 0xC600, 0xA600, 0xA600, 0xC600, 0xA600, 0xA500, 0xA600, 0xA600, 0xA500, 0x8500, 0xA500, 0xA600, 0xA500, 0xA500,
  0xA500, 0x8500, 0x8500, 0xA500, 0xA500, 0xA500, 0xA500, 0xA500, 0xA500, 0xA500, 0xA500, 0x8500, 0x8500, 0x8500, 0x8500, 0x6400,
  0x6400, 0x8500, 0x6400, 0x6400, 0xA508, 0x8500, 0x4400, 0x4400, 0x8500, 0x8500, 0x8500, 0x6400, 0x4400, 0x4400, 0x4400, 0x4400,
  0x4300, 0x4300, 0x4300, 0x6400, 0x6400, 0x6400, 0x6400, 0x6400, 0x6400, 0x6400, 0x6400, 0x6400, 0x6400, 0x6400, 0x6400, 0x6400,
  0x6400, 0x4400, 0x4400, 0x4400, 0x4400, 0x4300, 0x4300, 0x4300, 0x4300, 0x4300, 0x4300, 0x2300, 0x4300, 0x4300, 0x4300, 0x4300,
  0x6300, 0x6300, 0x6400, 0x6400, 0x0711, 0x0B2A, 0xAD42, 0xAD42, 0x6D3A, 0x6C32, 0xCE42, 0x304B, 0x7153, 0x925B, 0x715B, 0x925B,
  0x925B, 0x0F4B, 0xEE4A, 0x0F53, 0xCE4A, 0x4C3A, 0x8929, 0xC610, 0x4400, 0x4308, 0x2208, 0x0208, 0x0210, 0x0120, 0x2230, 0xA438,
  0xC440, 0x4230, 0x0120, 0x0128, 0x0228, 0x2228, 0x4330, 0x2330, 0x0230, 0x2330, 0x0330, 0x0230, 0x0330, 0x0330, 0x0330, 0x0338,
  0x6300, 0x6300, 0x6400, 0x6400, 0x6400, 0x6400, 0x6500, 0x8500, 0x8508, 0xC500, 0xC500, 0xC500, 0xC500, 0xE500, 0xC500, 0xC500,
  0xC500, 0xE500, 0xE600, 0xE608, 0x0609, 0x0609, 0x0609, 0xE608, 0xE608, 0xE608, 0xE608, 0xE500, 0xE500, 0xC500, 0xC500, 0xC500,
  0xC500, 0xC500, 0xE500, 0xE500, 0xC500, 0xC500, 0xC500, 0xA500, 0xC500, 0xE500, 0xE508, 0xC500, 0xC500, 0xC500, 0xA500, 0xA500,
  0xC508, 0xE508, 0xE508, 0xC508, 0xC500, 0x8400, 0x8400, 0x8400, 0xA500, 0xC500, 0xC500, 0xE600, 0x0609, 0x0601, 0x0609, 0x2709,
  0x2709, 0x2709, 0x4811, 0x4811, 0x4811, 0x6811, 0xAA11, 0xAA19, 0xCA19, 0xEB19, 0xEB19, 0x0B1A, 0x2C22, 0x2B1A, 0x2B22, 0x0B1A,
  0x2C22, 0x0B1A, 0xEB19, 0xCA11, 0xCA11, 0xEB19, 0xCA19, 0xAA11, 0xCA11, 0xEB19, 0x0B1A, 0x2C22, 0x6D2A, 0x4C22, 0x4C22, 0x2C22,
  0x0B1A, 0x0B12, 0x0B1A, 0x2B1A, 0x2B1A, 0x0B12, 0xEA11, 0xEA11, 0xEA11, 0xA909, 0xAA11, 0xAA11, 0x8909, 0x4801, 0x4801, 0x2801,
  0x2801, 0x4801, 0x6909, 0x4909, 0x6909, 0x6909, 0x6909, 0x8909, 0x6909, 0x6909, 0x6909, 0x6909, 0x6909, 0x6909, 0x6909, 0xAA11,
  0x8A11, 0x6909, 0x8909, 0x8909, 0x6909, 0x6909, 0x6809, 0x2801, 0x4809, 0x4809, 0x2801, 0x2809, 0x2701, 0x2809, 0x4809, 0x4809,
  0x2809, 0x2701, 0x2701, 0x2701, 0x2701, 0x2701, 0x2801, 0x2801, 0x2801, 0x0809, 0x2809, 0x4911, 0xE700, 0x4500, 0x2809, 0x2C32,
  0x6C3A, 0x8D42, 0x0711, 0x6400, 0xE708, 0x0709, 0xE708, 0xE700, 0xE700, 0xE700, 0x0701, 0x0701, 0x0701, 0x0801, 0x0801, 0x0801,
  0x0801, 0x0701, 0x0701, 0xE700, 0xE700, 0xE700, 0xE700, 0xE700, 0xE700, 0xC700, 0xC700, 0xC700, 0xC700, 0xC700, 0xC600, 0xC700,
  0xE700, 0xA600, 0xC600, 0xC600, 0xC600, 0xA600, 0xA600, 0xA600, 0xA600, 0xA600, 0x8500, 0x8500, 0xA500, 0xA500, 0x8500, 0x8500,
  0x8500, 0x8500, 0x8500, 0xA500, 0xA500, 0xA500, 0xA500, 0xA500, 0xA500, 0x8500, 0x8500, 0x8500, 0x8500, 0x6400, 0x8500, 0x8500,
  0x6400, 0x6400, 0x8500, 0xA508, 0x6400, 0x4400, 0x6400, 0x6500, 0x8500, 0x8500, 0x6400, 0x4400, 0x4400, 0x4400, 0x4400, 0x4300,
  0x4300, 0x4300, 0x4300, 0x6300, 0x6300, 0x6300, 0x6300, 0x6300, 0x6300, 0x6300, 0x6400, 0x6400, 0x6400, 0x6400, 0x4400, 0x4400,
  0x4400, 0x4400, 0x4400, 0x4400, 0x4300, 0x4300, 0x4300, 0x4300, 0x4300, 0x4300, 0x2300, 0x2300, 0x4300, 0x4300, 0x4300, 0x4300,
  0x6300, 0x4300, 0x8400, 0x0711, 0x0B32, 0x8D3A, 0x8D3A, 0x6D32, 0x4C32, 0xCE42, 0x0F4B, 0x7153, 0x925B, 0x5153, 0x5153, 0x3053,
  0x1053, 0xCE42, 0xCE4A, 0xAE4A, 0x4C42, 0x6921, 0x8508, 0x2300, 0x4308, 0x0208, 0x0208, 0x0210, 0x0118, 0x0128, 0x6338, 0xC440,
  0x6230, 0x0120, 0x0120, 0x0120, 0x0228, 0x0228, 0x0228, 0x0228, 0x0230, 0x0230, 0x0230, 0x0230, 0x0230, 0x0230, 0x0230, 0x0230,
  0x6300, 0x6300, 0x6400, 0x6400, 0x6400, 0x8400, 0x8500, 0xA500, 0xA508, 0xA500, 0xA500, 0xA500, 0xA500, 0xC500, 0xC500, 0xC500,
  0xC500, 0xE500, 0x0609, 0xE608, 0xE508, 0xE500, 0xC500, 0xA500, 0xA500, 0xC500, 0xC500, 0xC500, 0xC500, 0xC500, 0xC500, 0xC500,
  0xC500, 0xC500, 0xA500, 0xA400, 0xA500, 0xA500, 0xA500, 0xA500, 0xC500, 0xC500, 0xA500, 0xA400, 0x8400, 0x8400, 0xC508, 0xC508,
  0xA508, 0xA400, 0xA400, 0x8400, 0x8400, 0xA400, 0xA400, 0xA400, 0xC500, 0xC600, 0xE608, 0x0609, 0x2709, 0x2709, 0x2709, 0x2709,
  0x2709, 0x2709, 0x4811, 0x6911, 0x8919, 0xAA19, 0xCA19, 0xEB19, 0x0B22, 0x2C22, 0x2C22, 0x2C22, 0x2C22, 0x2B22, 0x0B1A, 0x0B1A,
  0xEB19, 0x0B1A, 0x0B1A, 0xCA11, 0x8911, 0x8909, 0xCA11, 0x0B1A, 0x2C22, 0x2C22, 0x4C22, 0x4C2A, 0x4C22, 0x2C22, 0x0B1A, 0xEB19,
  0x0B1A, 0x0B1A, 0xEB11, 0xCA11, 0xEA11, 0xCA11, 0xCA11, 0xA911, 0xA909, 0x8909, 0x6909, 0x6809, 0x2801, 0x0701, 0x2801, 0x2801,
  0x4801, 0x6909, 0x6909, 0x6909, 0x6909, 0x6909, 0x6909, 0x8909, 0x6909, 0x6909, 0x6909, 0x6909, 0x6909, 0xAA11, 0xAA11, 0x8909,
  0x8909, 0x8909, 0x8909, 0x6909, 0x4809, 0x4809, 0x6809, 0x6909, 0x4809, 0x2801, 0x0701, 0x2809, 0x4809, 0x2809, 0x0701, 0x0701,
  0x4809, 0x2809, 0x2709, 0x2709, 0x2709, 0x2709, 0x0701, 0x0701, 0x0701, 0x0701, 0x0709, 0x0709, 0x2809, 0x2809, 0xC700, 0xA600,
  0x8500, 0x8500, 0xE708, 0x4811, 0x0709, 0xE700, 0x0801, 0xE800, 0xE800, 0xE800, 0x0701, 0x0701, 0x0701, 0x0701, 0x0701, 0x0701,
  0xE700, 0xE700, 0xE700, 0xE700, 0xE700, 0xE700, 0xE700, 0xE700, 0xC700, 0xC700, 0xC700, 0xC700, 0xC700, 0xC700, 0xC700, 0xC700,
  0xC600, 0xA600, 0xC600, 0xC600, 0xC600, 0xC600, 0xA600, 0xA600, 0xA600, 0xA500, 0x8500, 0x8500, 0x8500, 0x8500, 0x8500, 0x8500,
  0x8500, 0x8500, 0x8500, 0x8500, 0x8500, 0x8500, 0x8500, 0x8500, 0x8500, 0x8500, 0x8500, 0x8500, 0x6400, 0x6400, 0x8500, 0x8500,
  0x8500, 0x8500, 0x8500, 0x6400, 0x6400, 0x6400, 0x6500, 0x8500, 0x8500, 0x6500, 0x4400, 0x4400, 0x4400, 0x4400, 0x4300, 0x4300,
  0x4300, 0x4300, 0x4300, 0x6300, 0x6300, 0x6300, 0x6300, 0x6300, 0x6300, 0x6300, 0x6300, 0x6400, 0x6400, 0x4400, 0x4400, 0x4300,
  0x4300, 0x4300, 0x2300, 0x2300, 0x4300, 0x4300, 0x4300, 0x2300, 0x2300, 0x2300, 0x2300, 0x2300, 0x4300, 0x4300, 0x4300, 0x4300,
  0x6300, 0xC508, 0x8821, 0x2B32, 0x8D3A, 0x8D3A, 0x8D3A, 0x8D3A, 0xAE3A, 0x5053, 0x7053, 0x7153, 0x7153, 0x5153, 0x5153, 0x104B,
  0xCF42, 0xAE42, 0xAE42, 0x6C42, 0x8921, 0xA508, 0x2300, 0x4300, 0x0200, 0x0208, 0x0110, 0x0118, 0x0120, 0x6230, 0xA338, 0x6330,
  0x0120, 0x0120, 0x0120, 0x0120, 0x0120, 0x0120, 0x0120, 0x0128, 0x0128, 0x0128, 0x0128, 0x0128, 0x0128, 0x0130, 0x0130, 0x0130,
  0x8400, 0x8400, 0x8400, 0x8400, 0x8400, 0x8500, 0x8500, 0x8500, 0x8500, 0xA500, 0xC500, 0xC500, 0xC500, 0xC500, 0xC500, 0xC500,
  0xC500, 0xC500, 0xC500, 0xC500, 0xC500, 0xC500, 0xA500, 0xA500, 0xC500, 0xC500, 0xC500, 0xA500, 0xA400, 0xA400, 0x8400, 0x8400,
  0xA400, 0xA400, 0x8400, 0xA400, 0xA400, 0xA500, 0xC500, 0xC500, 0xA400, 0x8400, 0x8400, 0x8400, 0xC508, 0xE608, 0xA400, 0x6400,
  0x6400, 0x8400, 0x8400, 0x8400, 0xA400, 0xA500, 0xC500, 0xC500, 0xE600, 0x0609, 0x0709, 0x2709, 0x2709, 0x2709, 0x2709, 0x4709,
  0x6811, 0x8911, 0x8811, 0x8919, 0xCA19, 0xEA21, 0x0B22, 0x0B22, 0xEB21, 0xEB19, 0x0B1A, 0x0B1A, 0xEA19, 0xEB19, 0xEB19, 0x0B1A,
  0xEB19, 0xAA11, 0x8909, 0x8911, 0xCA11, 0xCA11, 0xEB19, 0x2C22, 0x4C22, 0x2C22, 0x2C22, 0x0B1A, 0xCA19, 0xCA11, 0xCA19, 0xEB19,
  0xCA11, 0xAA11, 0xA909, 0xA911, 0x8909, 0xA911, 0xA911, 0x6909, 0x6809, 0x6809, 0x2801, 0x0701, 0x0701, 0x2809, 0x4801, 0x4809,
  0x6909, 0x6909, 0x6909, 0x6909, 0x6909, 0x6909, 0x6909, 0x6909, 0x6909, 0x6909, 0x6909, 0x6909, 0x6909, 0x8909, 0x8911, 0x8911,
  0x6909, 0x4809, 0x4801, 0x4801, 0x4801, 0x4809, 0x4809, 0x2801, 0x0701, 0x4809, 0x6911, 0x2809, 0x0709, 0x2809, 0x2809, 0x2709,
  0x0701, 0x0709, 0x2709, 0x2709, 0x2709, 0x2709, 0x0701, 0x0701, 0x0701, 0x0701, 0x0701, 0x0701, 0xC700, 0xE700, 0xE700, 0x0709,
  0x0809, 0x2809, 0x2809, 0x0701, 0x2809, 0x0809, 0x0801, 0x0801, 0x0801, 0x0801, 0x0701, 0xE700, 0xE700, 0xE700, 0xE700, 0xE700,
  0xE700, 0xE700, 0xE700, 0xE700, 0xC700, 0xC700, 0xC700, 0xC700, 0xC700, 0xC600, 0xC600, 0xC600, 0xC600, 0xC600, 0xC700, 0xC600,
  0xA600, 0xC700, 0xC600, 0xA600, 0xC600, 0xA600, 0xA500, 0xA500, 0xA500, 0x8500, 0x8500, 0x8500, 0x8500, 0x8500, 0x8500, 0x8500,
  0x8500, 0x8500, 0x8500, 0x8500, 0x8500, 0x8500, 0x8500, 0x8500, 0x8500, 0x8400, 0x8400, 0x6400, 0x6400, 0x6400, 0x6400, 0x6400,
  0x8500, 0xA508, 0x6400, 0x2300, 0x6400, 0x8500, 0x6400, 0x6500, 0x6500, 0x6400, 0x4400, 0x4400, 0x4400, 0x4300, 0x4300, 0x4300,
  0x4300, 0x4300, 0x4300, 0x6300, 0x6300, 0x6300, 0x4300, 0x4300, 0x4300, 0x4300, 0x4300, 0x4300, 0x4300, 0x4300, 0x4300, 0x4300,
  0x2300, 0x2300, 0x2300, 0x2300, 0x2300, 0x2300, 0x2300, 0x2300, 0x2300, 0x2300, 0x2300, 0x2300, 0x2300, 0x4300, 0x4300, 0x8400,
  0xC508, 0x8821, 0x4C3A, 0x8D42, 0x8D3A, 0x6C3A, 0x8D3A, 0xCE42, 0x0F4B, 0x7153, 0x9153, 0x304B, 0x104B, 0x5153, 0xEF4A, 0xCF42,
  0x8D42, 0x6D3A, 0x4C3A, 0xCA31, 0xA508, 0x2300, 0x2200, 0x2200, 0x0100, 0x0110, 0x0118, 0x0120, 0x4230, 0xA338, 0x6338, 0x0128,
  0x0018, 0x2220, 0x2120, 0x0120, 0x0118, 0x0120, 0x0120, 0x0120, 0x0128, 0x0128, 0x0128, 0x0128, 0x0128, 0x0128, 0x0128, 0x0130,
  0x8400, 0xA400, 0xA400, 0xA400, 0x8400, 0x8400, 0x8400, 0xA500, 0xA500, 0xA500, 0xA500, 0xA500, 0xC500, 0xC500, 0xA500, 0xA400,
  0xA400, 0xA500, 0xC500, 0xA400, 0x8400, 0x8400, 0x8400, 0xC500, 0xA500, 0xA400, 0xA400, 0x8400, 0x8400, 0xA400, 0x8400, 0x8400,
  0xA400, 0xA400, 0x8400, 0x8400, 0x8400, 0x8400, 0x8400, 0x8400, 0x8400, 0xA500, 0xA508, 0xA508, 0xA508, 0x8400, 0x6400, 0x6400,
  0x6400, 0x6400, 0x8400, 0xA400, 0xC500, 0xE608, 0xE608, 0xE608, 0xE608, 0x0601, 0x0609, 0x0609, 0x2709, 0x2709, 0x4711, 0x8811,
  0x8919, 0xA919, 0xC919, 0xCA21, 0xEA21, 0xEA21, 0xEA19, 0xEA19, 0xCA19, 0xCA19, 0xEA19, 0xCA19, 0xCA19, 0xEA19, 0xA911, 0xA911,
  0x4809, 0x8911, 0xAA19, 0xCA19, 0xEB19, 0x0B22, 0x0B22, 0x2C22, 0x0B22, 0x0B22, 0xCA19, 0xAA11, 0xAA11, 0xAA11, 0xCA19, 0xAA11,
  0xAA11, 0x8911, 0x8911, 0x8911, 0xA911, 0x8911, 0x4809, 0x2809, 0x2701, 0x2709, 0x2709, 0x2809, 0x2809, 0x4809, 0x4809, 0x6909,
  0x6909, 0x4809, 0x4809, 0x6909, 0x6909, 0x6809, 0x4809, 0x4809, 0x6909, 0x6911, 0x6911, 0x6911, 0x6911, 0x6909, 0x4809, 0x4809,
  0x4809, 0x4809, 0x4809, 0x4809, 0x4809, 0x4809, 0x2801, 0x2701, 0x4809, 0x4809, 0x2709, 0x0701, 0x2809, 0x2809, 0x2709, 0x0701,
  0xE700, 0x0709, 0x2709, 0x2709, 0x2709, 0x2709, 0x0701, 0x0701, 0x0701, 0x0701, 0x0701, 0xC700, 0x0701, 0x0701, 0x0701, 0x0701,
  0x0801, 0x2809, 0x0809, 0x2809, 0x2809, 0xE700, 0x0801, 0x0801, 0x0801, 0x0801, 0x0701, 0xE700, 0xE700, 0xE700, 0xE700, 0xE700,
  0xE700, 0xE700, 0xE700, 0xC700, 0xC700, 0xE700, 0xC600, 0xC600, 0xC600, 0xC600, 0xC600, 0xC600, 0xC600, 0xC600, 0xC600, 0xC600,
  0xE700, 0xC600, 0xC600, 0xC600, 0xA500, 0xA500, 0x8500, 0xA500, 0xA500, 0x8500, 0x6500, 0x6500, 0x8500, 0x8500, 0x8500, 0x8500,
  0x6500, 0x6500, 0x6500, 0x8500, 0x8500, 0x8500, 0x8500, 0x8500, 0x8400, 0x6400, 0x6400, 0x6400, 0x6400, 0x6400, 0x6400, 0x8500,
  0x8500, 0x8500, 0x4400, 0x6400, 0x6400, 0x6400, 0x6500, 0x4400, 0x4400, 0x6400, 0x6400, 0x6400, 0x4300, 0x4300, 0x4300, 0x4300,
  0x4300, 0x4300, 0x4300, 0x6300, 0x6300, 0x6300, 0x4300, 0x4300, 0x4300, 0x4300, 0x4300, 0x4300, 0x4300, 0x4300, 0x2300, 0x2300,
  0x2300, 0x2300, 0x2300, 0x2300, 0x2300, 0x2300, 0x2300, 0x2300, 0x2300, 0x2300, 0x2300, 0x2300, 0x2300, 0x2300, 0x4300, 0xE610,
  0xA921, 0x6C3A, 0xAD42, 0x8D3A, 0x8D3A, 0x6D3A, 0xAD3A, 0x0F4B, 0x5053, 0x7053, 0x5053, 0x304B, 0x304B, 0x104B, 0x8E3A, 0x8D3A,
  0x4C3A, 0x0B32, 0x6821, 0x8508, 0x2200, 0x4300, 0x0200, 0x0100, 0x2108, 0x0110, 0x0120, 0x2130, 0x6338, 0x4230, 0x0128, 0x0120,
  0x0118, 0x2120, 0x0118, 0x0118, 0x0118, 0x0218, 0x2220, 0x0120, 0x0020, 0x0020, 0x0020, 0x0020, 0x0020, 0x0028, 0x0028, 0x0028,
  0xA400, 0x8400, 0x8400, 0x8400, 0x8400, 0xA500, 0xA400, 0xA500, 0xA500, 0xA400, 0xA400, 0xA400, 0xA400, 0xA400, 0x8400, 0x8400,
  0x8400, 0x8400, 0x8400, 0x8400, 0x8400, 0x6400, 0x8400, 0x8400, 0x8400, 0x6300, 0x8400, 0x8400, 0x8400, 0x8400, 0xA400, 0x8400,
  0x8400, 0x8400, 0x8400, 0x6300, 0x6300, 0x6400, 0x8400, 0xA508, 0xC508, 0xA508, 0x8400, 0x6400, 0x4300, 0x4300, 0x6400, 0x8400,
  0x8400, 0xA400, 0xC508, 0xC500, 0xC500, 0xE608, 0xE608, 0xE600, 0x0609, 0x2709, 0x2709, 0x4709, 0x4709, 0x4709, 0x8811, 0xC919,
  0xEA21, 0xEA21, 0xEA21, 0xCA21, 0xCA19, 0xCA19, 0xCA19, 0xCA19, 0xCA19, 0xCA19, 0xCA19, 0xCA19, 0xA911, 0x8911, 0x8909, 0x8911,
  0xAA11, 0xAA11, 0xEB19, 0x2C22, 0x0B22, 0xEB19, 0x0B22, 0x0B22, 0xCA19, 0x8911, 0xAA11, 0xAA19, 0xAA19, 0xAA11, 0x8911, 0x8911,
  0x8911, 0x8911, 0x6909, 0x4809, 0x6811, 0x4809, 0x2809, 0x0709, 0x0701, 0x0709, 0x2809, 0x2809, 0x4809, 0x4809, 0x6909, 0x6909,
  0x6909, 0x6909, 0x4809, 0x4809, 0x4809, 0x4809, 0x6909, 0x6909, 0x6909, 0x6909, 0x6909, 0x6909, 0x6909, 0x4809, 0x4809, 0x4809,
  0x4809, 0x6909, 0x6809, 0x4809, 0x4809, 0x4809, 0x4809, 0x4809, 0x2809, 0x0709, 0x0701, 0x0709, 0x2809, 0x0709, 0xE700, 0xE700,
  0x0701, 0x0701, 0xE700, 0xE700, 0xE700, 0xE700, 0xE700, 0xE700, 0xE700, 0x0701, 0x0701, 0x0701, 0x2801, 0x2801, 0x0701, 0x2809,
  0x2801, 0x2801, 0x0801, 0x0801, 0x2801, 0x2801, 0x2801, 0x0801, 0x0801, 0x0801, 0xE700, 0xE700, 0xE700, 0xE700, 0xC700, 0xC700,
  0xC700, 0xC700, 0xC700, 0xC600, 0xC700, 0xC600, 0xA600, 0xA600, 0xA600, 0xA600, 0xC600, 0xC600, 0xC600, 0xC600, 0xC600, 0xC600,
  0xC600, 0xC600, 0xA600, 0xA600, 0xA500, 0xA500, 0x8500, 0x8500, 0x8400, 0x6400, 0x8500, 0x8500, 0x6400, 0x6400, 0x8500, 0x6400,
  0x6400, 0x8500, 0x8500, 0x8400, 0x8500, 0x8500, 0x8400, 0x6400, 0x6400, 0x6400, 0x6400, 0x6400, 0x6400, 0x8500, 0x8500, 0x6400,
  0x6400, 0x6400, 0x6400, 0x6400, 0x6400, 0x6400, 0x6400, 0x4400, 0x4400, 0x4400, 0x4400, 0x4400, 0x4300, 0x4300, 0x4300, 0x6300,
  0x6300, 0x6300, 0x6300, 0x6300, 0x6300, 0x6300, 0x6300, 0x6300, 0x4300, 0x4300, 0x4300, 0x4300, 0x4300, 0x4300, 0x4300, 0x4300,
  0x2300, 0x2300, 0x2300, 0x0300, 0x2300, 0x2300, 0x2300, 0x2300, 0x2300, 0x2300, 0x2300, 0x4400, 0x2300, 0x6400, 0x0719, 0x0A32,
  0x8D42, 0xAD42, 0x6C3A, 0x8D3A, 0x6C3A, 0xAE42, 0x0F4B, 0x5053, 0x7153, 0x3053, 0x304B, 0x304B, 0x104B, 0xAE3A, 0x6D3A, 0x4C3A,
  0x2B32, 0x8921, 0x8408, 0x2200, 0x0100, 0x0200, 0x2100, 0x0108, 0x0110, 0x0010, 0x0120, 0x4230, 0x6238, 0x0128, 0x0118, 0x0118,
  0x0118, 0x0110, 0x0110, 0x0118, 0x0118, 0x0218, 0x0118, 0x0018, 0x0020, 0x0020, 0x0020, 0x0020, 0x0020, 0x0020, 0x0020, 0x0020,
  0x8300, 0x8300, 0x8400, 0x8400, 0xA400, 0xA400, 0xA400, 0x8400, 0x8400, 0x8400, 0x8400, 0x8400, 0x8400, 0x8400, 0x6400, 0x6400,
  0x8400, 0x8400, 0x8400, 0x6400, 0x6400, 0x6400, 0x6400, 0x6400, 0x6300, 0x4300, 0x6300, 0x6300, 0x6400, 0x6400, 0x6300, 0x6300,
  0x4300, 0x4300, 0x4300, 0x6400, 0x8400, 0x8400, 0x8400, 0x8400, 0x8400, 0x6400, 0x6400, 0x6400, 0x6400, 0x6400, 0x8400, 0xA500,
  0xA500, 0xC508, 0xE608, 0xC500, 0xE500, 0x0609, 0x0609, 0x0609, 0x2709, 0x4811, 0x6811, 0x6811, 0x6709, 0xA819, 0xC919, 0xEA21,
  0xEA21, 0xEA21, 0xEA21, 0xCA19, 0xA919, 0xA919, 0xAA19, 0xA919, 0xA919, 0xA911, 0x8911, 0x6809, 0x6809, 0x8909, 0xA911, 0xCA19,
  0xEB19, 0xEB19, 0xEB19, 0x0B22, 0x0B22, 0xEB21, 0xAA11, 0x6911, 0x8911, 0xAA19, 0xA911, 0xAA11, 0xAA11, 0x8911, 0x6911, 0x6911,
  0x6911, 0x4811, 0x2809, 0x0709, 0x0701, 0x0709, 0x2709, 0x2809, 0x2809, 0x0709, 0x2709, 0x4809, 0x6811, 0x6811, 0x4809, 0x4809,
  0x4809, 0x4809, 0x6809, 0x2809, 0x2809, 0x4809, 0x6911, 0x8911, 0x6911, 0x6911, 0x6911, 0x6809, 0x6809, 0x4809, 0x4809, 0x4809,
  0x4809, 0x4809, 0x4809, 0x4809, 0x2701, 0x2701, 0x2809, 0x2709, 0x0709, 0x0701, 0x0701, 0x0709, 0x0701, 0x0701, 0x0701, 0x0701,
  0x0701, 0xE700, 0xE700, 0xE700, 0xE700, 0xE700, 0xE700, 0xE700, 0xE700, 0x0701, 0x0701, 0xE700, 0x0701, 0x2809, 0x4809, 0x2801,
  0x2801, 0x2801, 0x2801, 0x0801, 0x0801, 0x0801, 0x0801, 0x0801, 0xE700, 0xE700, 0xC700, 0xC600, 0xC600, 0xC700, 0xE700, 0xC700,
  0xC600, 0xC600, 0xC600, 0xC600, 0xC600, 0xC600, 0x8500, 0xA500, 0xC600, 0xC600, 0xC600, 0xC600, 0xC600, 0xC600, 0xC600, 0xC600,
  0xA600, 0xA600, 0xA500, 0xA500, 0xA500, 0xA500, 0x8500, 0x6400, 0x6400, 0x6400, 0x8500, 0x8500, 0x6400, 0x6400, 0x6400, 0x6400,
  0x8500, 0x8500, 0x8500, 0x8500, 0x6400, 0x4400, 0x6400, 0x8400, 0x6400, 0x6400, 0x6400, 0x8500, 0x8500, 0x8500, 0x8500, 0x6400,
  0x6400, 0x6400, 0x6400, 0x6400, 0x6400, 0x6400, 0x4400, 0x4400, 0x4400, 0x4400, 0x4400, 0x4400, 0x4300, 0x4300, 0x6300, 0x6300,
  0x6300, 0x6300, 0x6300, 0x6300, 0x6300, 0x6300, 0x4300, 0x4300, 0x4300, 0x4300, 0x4300, 0x4300, 0x4300, 0x4300, 0x4300, 0x2300,
  0x2300, 0x2300, 0x0300, 0x0300, 0x0300, 0x2200, 0x2300, 0x2300, 0x2300, 0x2300, 0x4300, 0x2300, 0x8500, 0x4819, 0xEA31, 0x8D42,
  0x6C3A, 0x8C3A, 0x8D3A, 0x8D3A, 0xCE42, 0x0F4B, 0x5053, 0x5053, 0x5053, 0x0F4B, 0x0F4B, 0xEF42, 0xAE3A, 0x6D3A, 0x4C32, 0x2B32,
  0x6821, 0x8508, 0x2300, 0x0200, 0x0100, 0x0108, 0x0108, 0x0110, 0x0010, 0x0120, 0x4228, 0x4230, 0x0128, 0x0120, 0x0118, 0x0118,
  0x0110, 0x0110, 0x0110, 0x0110, 0x0110, 0x0118, 0x0218, 0x0018, 0x0018, 0x0018, 0x0018, 0x0018, 0x0020, 0x0020, 0x0020, 0x0020,
  0x6300, 0x8300, 0x8400, 0xA400, 0x8400, 0x8400, 0x8400, 0x8400, 0x6400, 0x6400, 0x6300, 0x6300, 0x6300, 0x6300, 0x6300, 0x6300,
  0x6300, 0x6300, 0x6300, 0x6300, 0x6300, 0x6300, 0x6300, 0x6300, 0x6400, 0x6400, 0x6400, 0x6300, 0x6300, 0x4300, 0x4300, 0x4300,
  0x6400, 0x8400, 0x8408, 0x8408, 0x8400, 0x6300, 0x4300, 0x4300, 0x4300, 0x4300, 0x6400, 0x8400, 0x8400, 0x8400, 0xA500, 0xE508,
  0xE608, 0xE508, 0xC500, 0x0609, 0x2709, 0x2709, 0x2709, 0x4709, 0x4811, 0x6811, 0x6811, 0x8911, 0xEA21, 0xE919, 0xCA19, 0xC919,
  0xC919, 0xC919, 0xC919, 0xCA19, 0xCA19, 0xCA19, 0x8919, 0x8911, 0x6811, 0x4809, 0x4809, 0x8911, 0x8911, 0xC911, 0xEA19, 0xEA19,
  0xCA19, 0x0B22, 0x0B22, 0xAA19, 0x8911, 0x8911, 0xA919, 0xCA19, 0xCA19, 0xA911, 0x8911, 0x6809, 0x4809, 0x4809, 0x6811, 0x4809,
  0x0709, 0xE700, 0x0709, 0x2809, 0xE700, 0x0709, 0x2709, 0x2709, 0x2709, 0x4809, 0x4809, 0x4809, 0x4809, 0x4809, 0x4809, 0x4809,
  0x4809, 0x4809, 0x4809, 0x6809, 0x6809, 0x6809, 0x4809, 0x4809, 0x4809, 0x4809, 0x4809, 0x4809, 0x4809, 0x4809, 0x4809, 0x4809,
  0x4809, 0x4809, 0x2701, 0x2701, 0x2701, 0x0701, 0x0701, 0x0709, 0x0701, 0xE600, 0xE600, 0xE600, 0xE700, 0x0701, 0x0709, 0x0701,
  0xE700, 0xE700, 0xE700, 0xE700, 0xE700, 0xE700, 0xE700, 0xE700, 0xE700, 0x0701, 0x0701, 0xE700, 0x0701, 0x2801, 0x2801, 0x2701,
  0x2801, 0x2801, 0x0801, 0x0801, 0x0701, 0x0701, 0x0701, 0x0701, 0xE700, 0xE700, 0xE700, 0xE700, 0xC600, 0xC600, 0xA600, 0xA600,
  0xC600, 0xC600, 0xA600, 0xC600, 0xA600, 0x8500, 0xA600, 0xC600, 0xC600, 0xC600, 0xA600, 0xA600, 0xA600, 0xA600, 0xA600, 0xA600,
  0xA600, 0xA500, 0x8500, 0x8500, 0x8500, 0x8500, 0x6400, 0x6400, 0x6400, 0x6400, 0x6400, 0x6400, 0x6400, 0x6400, 0x6400, 0x8500,
  0x8500, 0x6400, 0x6400, 0x6400, 0x8500, 0x8500, 0x6400, 0x4400, 0x6400, 0x6400, 0x8500, 0x8500, 0x8500, 0x6400, 0x6400, 0x6400,
  0x6400, 0x6400, 0x6400, 0x6400, 0x6400, 0x4400, 0x4400, 0x4400, 0x4400, 0x4400, 0x4300, 0x4300, 0x4300, 0x4300, 0x6300, 0x6300,
  0x6300, 0x6300, 0x6300, 0x6300, 0x6300, 0x6300, 0x4300, 0x4300, 0x4300, 0x4300, 0x4300, 0x2300, 0x2300, 0x2300, 0x2300, 0x2300,
  0x2300, 0x2300, 0x0300, 0x0200, 0x0200, 0x2200, 0x4300, 0x4300, 0x6400, 0x6400, 0x4400, 0xA508, 0x6821, 0x2C32, 0x6D3A, 0xAD3A,
  0x6C3A, 0x6D3A, 0xAD3A, 0x8D3A, 0x0F4B, 0x5053, 0x7053, 0x5053, 0x0F4B, 0xEF4A, 0xCF4A, 0x8E3A, 0x4D32, 0x2C32, 0x0B32, 0x8921,
  0x8508, 0x0200, 0x0200, 0x0100, 0x0108, 0x0110, 0x0110, 0x0118, 0x0120, 0x2128, 0x6228, 0x2128, 0x0018, 0x0018, 0x0110, 0x0110,
  0x0110, 0x0110, 0x0110, 0x0110, 0x0110, 0x0118, 0x0218, 0x0018, 0x0018, 0x0018, 0x0018, 0x0018, 0x0018, 0x0018, 0x0018, 0x0018,
  0x6300, 0x6300, 0x8300, 0x8400, 0x8400, 0x6300, 0x6300, 0x6400, 0x6400, 0x6300, 0x6300, 0x6300, 0x6300, 0x6300, 0x6300, 0x6300,
  0x6300, 0x6300, 0x6300, 0x4300, 0x4300, 0x4300, 0x4300, 0x4300, 0x4300, 0x4300, 0x4300, 0x4300, 0x2200, 0x6300, 0x8408, 0x8408,
  0x8408, 0x8400, 0x6400, 0x6300, 0x4300, 0x4300, 0x4300, 0x6400, 0x6400, 0x6400, 0x8400, 0xA400, 0xA500, 0xC500, 0xC500, 0x0609,
  0x0609, 0x0609, 0x0609, 0xC500, 0xC600, 0x2709, 0x6811, 0x6811, 0x8919, 0xA919, 0xCA19, 0xEA19, 0x0A22, 0xC919, 0xA911, 0xA911,
  0xC919, 0xC919, 0xA911, 0xA911, 0x8911, 0x6811, 0x2809, 0x4811, 0x6811, 0x6811, 0x8911, 0xCA19, 0xC919, 0xA911, 0xCA19, 0xCA19,
  0xCA19, 0xAA19, 0x8911, 0x8911, 0xAA19, 0xA911, 0x8911, 0x8911, 0x8911, 0x6809, 0x2809, 0x4809, 0x4809, 0x2809, 0xE700, 0xE700,
  0x0709, 0x2809, 0x0709, 0xC600, 0xE600, 0x0709, 0x2809, 0x4811, 0x4809, 0x4809, 0x4809, 0x4809, 0x6809, 0x6809, 0x4809, 0x4809,
  0x4809, 0x4809, 0x4809, 0x4809, 0x6809, 0x6911, 0x6811, 0x6809, 0x4809, 0x4809, 0x4809, 0x6809, 0x6809, 0x4809, 0x4809, 0x2809,
  0x2709, 0x2701, 0x0701, 0x2701, 0x2701, 0x0701, 0x0701, 0x0701, 0xE700, 0xE600, 0xC600, 0xE600, 0xE700, 0xE700, 0xE700, 0xC600,
  0xC600, 0xC600, 0xC600, 0xC600, 0xC600, 0xC600, 0xE700, 0xE700, 0xE700, 0x0701, 0x0701, 0x0701, 0x0701, 0x0701, 0x2701, 0x2801,
  0x2801, 0x0701, 0x0701, 0x0701, 0x0701, 0x0701, 0x0701, 0xE700, 0xE600, 0xE600, 0xC600, 0xA600, 0xA600, 0xA600, 0xA600, 0xA600,
  0xA600, 0xA600, 0xA600, 0xA600, 0x8500, 0x8500, 0xC600, 0xC600, 0xA600, 0xA600, 0xA600, 0xA600, 0xA600, 0xA600, 0xA500, 0x8500,
  0x8500, 0x8500, 0x8500, 0x8500, 0x8400, 0x6400, 0x4400, 0x6400, 0x8400, 0x6400, 0x4400, 0x4400, 0x6400, 0x6400, 0x8400, 0x8400,
  0x6400, 0x6400, 0x6400, 0x8500, 0x6400, 0x4400, 0x6400, 0x6400, 0x6400, 0x6400, 0x6400, 0x8500, 0x6400, 0x4400, 0x6400, 0x6400,
  0x6400, 0x6400, 0x6400, 0x6400, 0x4400, 0x4400, 0x4400, 0x2400, 0x4400, 0x4300, 0x4300, 0x4300, 0x4300, 0x6300, 0x6300, 0x6300,
  0x6300, 0x6300, 0x6300, 0x6300, 0x6300, 0x6300, 0x4300, 0x4300, 0x4300, 0x4300, 0x4300, 0x2300, 0x2300, 0x2300, 0x2300, 0x2300,
  0x2200, 0x0200, 0x0200, 0x0200, 0x0200, 0x2300, 0x2300, 0x2300, 0x4300, 0x6400, 0xC608, 0xCA21, 0x6C3A, 0x8D42, 0xAE42, 0x6D32,
  0xAE3A, 0xAE3A, 0xAE3A, 0xEE42, 0x304B, 0x5053, 0x304B, 0x0F4B, 0xEF4A, 0x0F53, 0x8D42, 0x2C32, 0x0C32, 0x2C32, 0x4819, 0x8500,
  0x0300, 0x0300, 0x0200, 0x0108, 0x0110, 0x0218, 0x0118, 0x0120, 0x2228, 0x2228, 0x2120, 0x0118, 0x0110, 0x0110, 0x0110, 0x0110,
  0x0108, 0x0108, 0x0110, 0x0110, 0x0110, 0x0210, 0x0118, 0x0010, 0x0010, 0x0010, 0x0010, 0x0018, 0x0018, 0x0018, 0x0018, 0x0018,
  0x6300, 0x6300, 0x6300, 0x6300, 0x6300, 0x6300, 0x4300, 0x4300, 0x4300, 0x6300, 0x6300, 0x6300, 0x6300, 0x6300, 0x4300, 0x4300,
  0x4300, 0x4300, 0x4300, 0x4300, 0x4300, 0x4300, 0x4300, 0x6300, 0x4300, 0x2200, 0x4300, 0x4300, 0x6300, 0x6400, 0x6400, 0x6300,
  0x4300, 0x4300, 0x4300, 0x4300, 0x4300, 0x6300, 0x6300, 0x8400, 0xA400, 0xA400, 0xA500, 0xC500, 0xE508, 0x0609, 0x0609, 0x0601,
  0xE500, 0xE500, 0xE608, 0x0609, 0x2709, 0x4811, 0x8811, 0xA919, 0xC919, 0xCA19, 0xCA19, 0xA919, 0x8811, 0xA911, 0xA911, 0xA911,
  0x8811, 0x6809, 0x6809, 0x4809, 0x4809, 0x4809, 0x4811, 0x6811, 0x8919, 0xA919, 0xC919, 0xEA19, 0xC919, 0xA911, 0xA911, 0xA911,
  0x8911, 0x6811, 0x8911, 0xA919, 0xA919, 0xA919, 0x8911, 0x6811, 0x4809, 0x4809, 0x4809, 0x2701, 0x0701, 0x0701, 0x0709, 0x0709,
  0x0709, 0x0709, 0x0709, 0x0709, 0x0709, 0x2709, 0x4811, 0x4809, 0x4709, 0x4809, 0x6809, 0x4809, 0x4809, 0x4809, 0x4809, 0x4809,
  0x4809, 0x4809, 0x4809, 0x6811, 0x6811, 0x6811, 0x6811, 0x4809, 0x4809, 0x4809, 0x4809, 0x4809, 0x4809, 0x4809, 0x2709, 0x2709,
  0x0701, 0x0701, 0x0701, 0x2701, 0x2709, 0x0709, 0x0601, 0x0701, 0xE600, 0xE600, 0xC600, 0xE600, 0xC600, 0xC600, 0xA600, 0xA600,
  0xC600, 0xC600, 0xC600, 0xC600, 0xC600, 0xC600, 0xE700, 0xE700, 0x0701, 0x0701, 0x0701, 0x0701, 0x0701, 0x2801, 0x2801, 0x2701,
  0x2701, 0x0701, 0x0701, 0x0701, 0x0701, 0x0701, 0xE700, 0xE600, 0xC600, 0xC600, 0xC600, 0xC600, 0xC600, 0xA600, 0xC600, 0xA600,
  0xA600, 0xA600, 0xA600, 0x8500, 0xC600, 0xC600, 0x8500, 0x8500, 0xA500, 0xA500, 0xA500, 0xA500, 0xA500, 0xA500, 0xA500, 0x8500,
  0x8500, 0x8500, 0x8500, 0x6400, 0x6400, 0x6400, 0x8400, 0x8400, 0x8400, 0x6400, 0x4400, 0x4300, 0x6400, 0x8400, 0x8400, 0x6400,
  0x6400, 0x6400, 0x6400, 0x6400, 0x6400, 0x4400, 0x4400, 0x6400, 0x6400, 0x6400, 0x4400, 0x4400, 0x4400, 0x4400, 0x4400, 0x6400,
  0x6400, 0x6400, 0x6400, 0x6400, 0x4400, 0x4400, 0x4400, 0x2400, 0x4300, 0x4300, 0x4300, 0x4300, 0x4300, 0x6300, 0x6300, 0x6300,
  0x6300, 0x6300, 0x6300, 0x6300, 0x6300, 0x6300, 0x4300, 0x4300, 0x4300, 0x4300, 0x4300, 0x2300, 0x2300, 0x2300, 0x2300, 0x2300,
  0x2200, 0x0200, 0x0200, 0x0200, 0x0200, 0x6300, 0x4300, 0x4300, 0x8400, 0xE608, 0xCA29, 0x8C3A, 0xEE42, 0xAE3A, 0x8D3A, 0xAE3A,
  0xCE42, 0xEE42, 0x0F43, 0x504B, 0x304B, 0x304B, 0x0F4B, 0xEF42, 0xEF4A, 0x6D3A, 0x2C32, 0x2C32, 0xEB29, 0x2811, 0x6500, 0x2400,
  0x0300, 0x0200, 0x0208, 0x0108, 0x0110, 0x0118, 0x0120, 0x2228, 0x2230, 0x2228, 0x0120, 0x0010, 0x0110, 0x0108, 0x0008, 0x0108,
  0x0108, 0x0108, 0x0108, 0x0110, 0x0110, 0x0210, 0x0118, 0x0010, 0x0010, 0x0010, 0x0010, 0x0010, 0x0010, 0x0010, 0x0010, 0x0018,
  0x4300, 0x4300, 0x4300, 0x4300, 0x4300, 0x4300, 0x4300, 0x4300, 0x4300, 0x4300, 0x4300, 0x4300, 0x4300, 0x4300, 0x4300, 0x2300,
  0x4200, 0x4200, 0x2200, 0x4300, 0x4300, 0x2200, 0x2200, 0x2200, 0x4300, 0x6300, 0x4300, 0x4300, 0x4300, 0x4300, 0x4300, 0x4300,
  0x4300, 0x4300, 0x4300, 0x4300, 0x6400, 0xA400, 0xA400, 0xA500, 0xC500, 0xC500, 0xC500, 0xE500, 0xE600, 0x0609, 0x0601, 0xE500,
  0x0609, 0x2709, 0x4709, 0x4711, 0x6811, 0xA919, 0xA919, 0xA919, 0xA919, 0xA919, 0x8811, 0x8811, 0xA919, 0xA919, 0x6811, 0x4811,
  0x2709, 0x2709, 0x2709, 0x2709, 0x4811, 0x6811, 0x8911, 0x8811, 0x8911, 0xA919, 0xC919, 0xA911, 0xA911, 0x8811, 0x6809, 0x8811,
  0x8811, 0xA911, 0xA911, 0xA919, 0x6811, 0x6809, 0x6809, 0x4809, 0x4709, 0x2709, 0x2709, 0x2709, 0x0701, 0x0709, 0x0709, 0x0701,
  0x0601, 0x0601, 0x0709, 0x2709, 0x2709, 0x2709, 0x2709, 0x2709, 0x2709, 0x4809, 0x2709, 0x2709, 0x2709, 0x4809, 0x4809, 0x2709,
  0x2709, 0x4809, 0x6809, 0x6811, 0x6811, 0x6809, 0x4809, 0x4809, 0x4709, 0x2709, 0x2709, 0x2709, 0x0709, 0x2709, 0x2709, 0x2709,
  0x0709, 0x0701, 0x2609, 0x2601, 0x0601, 0xE600, 0xE600, 0xE600, 0xE600, 0xE600, 0xC600, 0xC600, 0xA600, 0xA600, 0xA600, 0xC600,
  0xC600, 0xC600, 0xE700, 0xE700, 0xE700, 0xE700, 0xE700, 0x0701, 0x0809, 0x0801, 0xE700, 0x0801, 0x2801, 0x2801, 0x2801, 0x0701,
  0x0701, 0x0701, 0x0701, 0xE700, 0xE700, 0xE700, 0xE700, 0xE700, 0xC600, 0xC600, 0xC600, 0xC600, 0xC600, 0xC600, 0xA500, 0xA500,
  0xA500, 0x8500, 0x8500, 0x8500, 0xA500, 0xA500, 0xA500, 0x8500, 0xA500, 0xA500, 0xA500, 0xA500, 0x8500, 0x8500, 0x8500, 0x8500,
  0x8500, 0x8400, 0x6400, 0x4400, 0x4400, 0x6400, 0x6400, 0x6400, 0x6400, 0x6400, 0x4400, 0x4400, 0x6400, 0x6400, 0x4400, 0x6400,
  0x6400, 0x6400, 0x6400, 0x4400, 0x6400, 0x8400, 0x6400, 0x6400, 0x8400, 0x6400, 0x6400, 0x4400, 0x4400, 0x4300, 0x4400, 0x6400,
  0x6400, 0x6400, 0x4400, 0x4400, 0x4300, 0x4300, 0x4300, 0x4300, 0x4300, 0x4400, 0x6400, 0x6400, 0x6400, 0x6400, 0x6300, 0x6300,
  0x4300, 0x6300, 0x6300, 0x4300, 0x4300, 0x4300, 0x4300, 0x2300, 0x2300, 0x2300, 0x2200, 0x2300, 0x2300, 0x2200, 0x2200, 0x2200,
  0x2200, 0x2300, 0x2200, 0x2200, 0x2200, 0x4300, 0x4300, 0x8400, 0x6819, 0x0A2A, 0x8D3A, 0xCE3A, 0xAE32, 0x8D32, 0xAE32, 0xEF42,
  0xEF42, 0x304B, 0x504B, 0x7153, 0x7053, 0x0F4B, 0x0F4B, 0xEF42, 0x8D3A, 0x0C32, 0xEB31, 0xEB29, 0x2819, 0x4500, 0x0300, 0x0300,
  0x0200, 0x0208, 0x0108, 0x2110, 0x0018, 0x0018, 0x0120, 0x2228, 0x2228, 0x2120, 0x0010, 0x0008, 0x2008, 0x0008, 0x0008, 0x0108,
  0x0108, 0x0108, 0x0110, 0x0110, 0x0110, 0x0110, 0x0110, 0x0010, 0x0010, 0x0010, 0x0010, 0x0010, 0x0010, 0x0010, 0x0010, 0x0010,
  0x2300, 0x2300, 0x2300, 0x2300, 0x2300, 0x2300, 0x2300, 0x2300, 0x2300, 0x2300, 0x2300, 0x2300, 0x2300, 0x2300, 0x2300, 0x2200,
  0x2200, 0x2200, 0x2200, 0x2200, 0x2200, 0x2200, 0x2200, 0x2300, 0x4300, 0x4300, 0x4300, 0x4300, 0x2200, 0x4300, 0x4300, 0x4300,
  0x4300, 0x6300, 0x6400, 0x8400, 0x6400, 0x8400, 0xC500, 0xC500, 0xC500, 0xE600, 0x0601, 0xE600, 0xE600, 0x0601, 0xE600, 0x0609,
  0x2709, 0x2709, 0x8811, 0x8811, 0x8811, 0xA819, 0x8811, 0x6811, 0x6811, 0x8811, 0x8811, 0x8811, 0x6811, 0x2709, 0x0701, 0x2709,
  0x2709, 0x2709, 0x4811, 0x8911, 0x8919, 0x6811, 0x8811, 0xC919, 0xA911, 0x8811, 0xA919, 0x8911, 0x6809, 0x6811, 0xA911, 0xA911,
  0xC919, 0xA919, 0x6811, 0x6811, 0x2709, 0x4709, 0x2709, 0x0601, 0x0601, 0x0701, 0x0701, 0x0701, 0x0701, 0x0701, 0xE600, 0x0709,
  0x0701, 0x0701, 0x0709, 0x2709, 0x2709, 0x0701, 0x0701, 0x2709, 0x4811, 0x2709, 0x0709, 0x0709, 0x0709, 0x2709, 0x2709, 0x4809,
  0x6809, 0x6809, 0x4809, 0x6811, 0x4809, 0x4809, 0x4809, 0x4809, 0x2709, 0x2709, 0x2709, 0x0709, 0x0709, 0x2709, 0x0701, 0xE600,
  0x0701, 0x2709, 0x0601, 0xE500, 0xC500, 0xC500, 0xE600, 0xE608, 0xE600, 0xC600, 0xA500, 0xA500, 0xA600, 0xA600, 0xA600, 0xC600,
  0xC600, 0xE700, 0xE700, 0xC600, 0xE700, 0x0701, 0x2809, 0x0801, 0xC700, 0xC700, 0x0701, 0x2801, 0x0701, 0x0701, 0x0701, 0x0701,
  0x0701, 0x0701, 0xE700, 0xE700, 0xE700, 0xE700, 0xC700, 0xC600, 0xC600, 0xC600, 0xC600, 0xC600, 0xA500, 0xA500, 0xA500, 0xA500,
  0x8500, 0x8500, 0x8500, 0x8500, 0xA500, 0xA500, 0xA500, 0xA500, 0xA500, 0xA500, 0xA500, 0x8500, 0x8500, 0x8500, 0x6500, 0x6400,
  0x6400, 0x6400, 0x6400, 0x6400, 0x6400, 0x6400, 0x6400, 0x4400, 0x4400, 0x6400, 0x6400, 0x6400, 0x6400, 0x4400, 0x4400, 0x4400,
  0x6400, 0x6400, 0x6400, 0x6400, 0x4400, 0x6400, 0x8400, 0x8500, 0x6400, 0x6400, 0x6400, 0x6400, 0x4400, 0x4300, 0x4300, 0x4300,
  0x4300, 0x4300, 0x4300, 0x4300, 0x4300, 0x2300, 0x4300, 0x4300, 0x4300, 0x6300, 0x6400, 0x6400, 0x6300, 0x6300, 0x4300, 0x4300,
  0x4300, 0x6300, 0x4300, 0x4300, 0x4300, 0x4300, 0x2300, 0x2300, 0x2300, 0x2300, 0x2200, 0x2300, 0x2300, 0x2300, 0x2200, 0x2200,
  0x0200, 0x2200, 0x2200, 0x2200, 0x4300, 0x6400, 0x8400, 0x4711, 0x4B32, 0x8D3A, 0xCE3A, 0x8D32, 0xAE32, 0xCE3A, 0xCE3A, 0xEF42,
  0x2F4B, 0x504B, 0x7153, 0x7153, 0x504B, 0xEF42, 0xCE42, 0xAE3A, 0x4C2A, 0x0B2A, 0xCA29, 0x4919, 0x6500, 0x2400, 0x0300, 0x0200,
  0x0208, 0x0110, 0x0110, 0x0018, 0x0018, 0x0020, 0x2120, 0x4228, 0x2120, 0x0018, 0x0010, 0x0008, 0x2008, 0x0000, 0x0008, 0x0008,
  0x0108, 0x0108, 0x0110, 0x0110, 0x0110, 0x0110, 0x0110, 0x0010, 0x0010, 0x0010, 0x0010, 0x0010, 0x0010, 0x0008, 0x0008, 0x0008,
  0x2200, 0x2200, 0x2200, 0x2200, 0x2200, 0x2200, 0x2200, 0x2200, 0x2200, 0x2200, 0x2300, 0x2200, 0x2200, 0x2300, 0x2200, 0x2200,
  0x2200, 0x2200, 0x2200, 0x2200, 0x2200, 0x2200, 0x2200, 0x2200, 0x2200, 0x2200, 0x2200, 0x2200, 0x2200, 0x4300, 0x4300, 0x6300,
  0x6300, 0x6300, 0x6400, 0x6400, 0x8400, 0xA500, 0xC508, 0xE608, 0xE600, 0xC500, 0xC500, 0xE600, 0x0609, 0x0609, 0xE600, 0x2709,
  0x8819, 0xA919, 0x8811, 0x4711, 0x4709, 0x8811, 0x8819, 0x8811, 0x6811, 0x6811, 0x6811, 0x4709, 0x0601, 0xE600, 0x0601, 0x4709,
  0x6811, 0x8811, 0x6811, 0x6811, 0x8919, 0xC919, 0xA919, 0xA919, 0x8811, 0x6809, 0x6809, 0x6809, 0x8911, 0xC919, 0xA911, 0x6811,
  0x6811, 0x6811, 0x2709, 0x2709, 0x0601, 0xE600, 0xE600, 0x0701, 0x2709, 0x0709, 0xE600, 0xE600, 0xE600, 0xE600, 0xE600, 0xE600,
  0x0709, 0x2709, 0x2709, 0xE600, 0xE700, 0x2709, 0x4811, 0x2709, 0x0701, 0x0701, 0x0709, 0x0709, 0x0709, 0x2709, 0x4809, 0x4809,
  0x4809, 0x4809, 0x4809, 0x2709, 0x4809, 0x6811, 0x4809, 0x0709, 0x0709, 0x2709, 0x0709, 0x0701, 0x0601, 0xE600, 0x0601, 0x0709,
  0xE600, 0xC600, 0xC500, 0xC500, 0xC500, 0xC500, 0xE600, 0xC600, 0xC500, 0xA500, 0xA500, 0xA500, 0xA600, 0xA600, 0xA600, 0xC600,
  0xC600, 0xE600, 0xE600, 0xE600, 0xE700, 0x0701, 0xC600, 0xC700, 0x0701, 0x0809, 0x0701, 0xE700, 0xE700, 0xE700, 0x0701, 0x0701,
  0x0701, 0xE700, 0xE700, 0xC600, 0xC600, 0xC600, 0xC600, 0xC600, 0xC600, 0xA600, 0xA600, 0xA500, 0xA500, 0xA500, 0xA500, 0x8500,
  0x8500, 0x8500, 0x8500, 0x8500, 0x8500, 0xA500, 0x8500, 0x8500, 0x8500, 0x8500, 0x8500, 0x8500, 0x6500, 0x6400, 0x6400, 0x6400,
  0x4400, 0x4400, 0x6400, 0x6400, 0x6400, 0x6400, 0x6400, 0x4400, 0x6400, 0x6400, 0x6400, 0x6400, 0x4400, 0x4400, 0x4400, 0x4400,
  0x6400, 0x6400, 0x6400, 0x6400, 0x6400, 0x6400, 0x6400, 0x6400, 0x6400, 0x6400, 0x6400, 0x6400, 0x4300, 0x4300, 0x4300, 0x4300,
  0x4300, 0x4300, 0x4300, 0x4300, 0x4300, 0x2300, 0x4300, 0x4300, 0x4300, 0x6300, 0x6300, 0x6300, 0x4300, 0x4300, 0x4300, 0x4300,
  0x4300, 0x4300, 0x4300, 0x4300, 0x4300, 0x2300, 0x2300, 0x2300, 0x2300, 0x2300, 0x2200, 0x0200, 0x0200, 0x2200, 0x2200, 0x2200,
  0x2300, 0x2300, 0x2200, 0x0200, 0x2300, 0xA500, 0x6819, 0x2B2A, 0xAD42, 0xAD3A, 0xAD3A, 0x8D32, 0xCE3A, 0x0F3B, 0xEF3A, 0x3043,
  0x504B, 0x7153, 0x704B, 0x304B, 0xEE42, 0xAE3A, 0x8D3A, 0x6D32, 0x2C2A, 0xAA21, 0x4819, 0xC608, 0x4400, 0x2300, 0x0300, 0x0208,
  0x0110, 0x0110, 0x0118, 0x0018, 0x0020, 0x2120, 0x2128, 0x4228, 0x0018, 0x0010, 0x0008, 0x0008, 0x2108, 0x0008, 0x0008, 0x0008,
  0x0008, 0x0110, 0x0110, 0x0110, 0x0110, 0x0110, 0x0008, 0x0010, 0x0010, 0x0010, 0x0010, 0x0010, 0x0008, 0x0008, 0x0008, 0x0008,
  0x2200, 0x2200, 0x2200, 0x2200, 0x2200, 0x2200, 0x2200, 0x2200, 0x2200, 0x2200, 0x2200, 0x2200, 0x2200, 0x2200, 0x2200, 0x2200,
  0x2200, 0x2200, 0x2200, 0x2200, 0x2200, 0x2200, 0x2200, 0x2200, 0x0200, 0x2200, 0x2200, 0x4200, 0x4300, 0x4300, 0x6300, 0x6300,
  0x8400, 0x8400, 0x8400, 0xA400, 0xC500, 0xC508, 0xC500, 0xA500, 0xA500, 0xE600, 0x0609, 0x2709, 0x0709, 0x2711, 0x6819, 0x4711,
  0x2711, 0x4711, 0x4709, 0x6811, 0x8811, 0x6811, 0x6811, 0x4711, 0x2709, 0x2709, 0x0609, 0x0609, 0x0709, 0x2709, 0x4811, 0x4811,
  0x6811, 0x6811, 0x8919, 0xA919, 0xC919, 0xC919, 0x6811, 0x2709, 0x6811, 0x8811, 0x6811, 0x8911, 0xA919, 0x4811, 0x2709, 0x6811,
  0x2709, 0x0601, 0x0601, 0xC600, 0xE600, 0xE600, 0x0609, 0x2709, 0x0601, 0xE600, 0xE600, 0xE600, 0x0601, 0x0609, 0x0709, 0x2709,
  0x0601, 0xE600, 0x0609, 0x2709, 0x2709, 0x0709, 0x0709, 0xE600, 0xE600, 0xE600, 0x0709, 0x0709, 0x2709, 0x2709, 0x4811, 0x2709,
  0x0709, 0x2709, 0x4709, 0x2709, 0x0709, 0xE600, 0x0709, 0x4809, 0x0709, 0x0609, 0x0609, 0xE600, 0xE600, 0x0609, 0xE600, 0xC500,
  0xC500, 0xC500, 0xA500, 0xE500, 0xE600, 0xC600, 0xC500, 0xA500, 0xA500, 0xA500, 0xA500, 0xC600, 0xA600, 0xA600, 0xA600, 0xC600,
  0xC600, 0xC600, 0xE700, 0x0701, 0xE700, 0xE600, 0xE700, 0xE700, 0xE700, 0xE700, 0xE700, 0xE700, 0xE700, 0xE700, 0xE700, 0xE700,
  0xE700, 0xC600, 0xC600, 0xC600, 0xC600, 0xA600, 0xA600, 0xA600, 0xA600, 0xA600, 0xA500, 0xA500, 0xA500, 0xA500, 0x8500, 0x8500,
  0x8500, 0x8500, 0x8500, 0x8500, 0x8500, 0x8500, 0x8500, 0x8500, 0x8500, 0x8500, 0x8400, 0x6400, 0x6400, 0x4400, 0x4400, 0x4400,
  0x4400, 0x4400, 0x6400, 0x4400, 0x4400, 0x6400, 0x6400, 0x6400, 0x6400, 0x6400, 0x4400, 0x4300, 0x6400, 0x6400, 0x4400, 0x6400,
  0x6400, 0x6400, 0x6400, 0x6400, 0x8400, 0x8400, 0x6400, 0x4300, 0x6400, 0x4300, 0x4300, 0x6400, 0x6400, 0x4300, 0x4300, 0x2300,
  0x2300, 0x2300, 0x2300, 0x4300, 0x4300, 0x4300, 0x4300, 0x4300, 0x4300, 0x4300, 0x6300, 0x4300, 0x4300, 0x4300, 0x4300, 0x2300,
  0x2300, 0x4300, 0x2300, 0x2300, 0x2300, 0x2300, 0x2300, 0x2300, 0x2300, 0x2200, 0x2200, 0x0200, 0x0200, 0x0200, 0x0200, 0x0200,
  0x0200, 0x2300, 0x2300, 0x6400, 0xA508, 0x8919, 0x6C3A, 0xAD3A, 0x8D3A, 0x6D32, 0x6D32, 0xCE3A, 0x0F43, 0x0F43, 0x3043, 0x504B,
  0x704B, 0x504B, 0x2F43, 0xEE3A, 0xEE3A, 0xAD3A, 0x8D32, 0x4C2A, 0xEA21, 0x2711, 0x8400, 0x4400, 0x2300, 0x0200, 0x0208, 0x0108,
  0x0110, 0x0018, 0x0018, 0x0020, 0x0120, 0x2128, 0x2120, 0x2118, 0x0010, 0x0010, 0x0010, 0x0008, 0x2110, 0x0008, 0x0008, 0x0008,
  0x0108, 0x0110, 0x0110, 0x0110, 0x0110, 0x0008, 0x0008, 0x0010, 0x0010, 0x0010, 0x0010, 0x0008, 0x0008, 0x0008, 0x0008, 0x0008,
  0x2200, 0x2200, 0x2200, 0x2200, 0x2200, 0x2200, 0x2200, 0x2200, 0x2200, 0x2200, 0x2200, 0x0200, 0x0200, 0x0200, 0x2200, 0x2200,
  0x2200, 0x2200, 0x2200, 0x2200, 0x2200, 0x2200, 0x2200, 0x2200, 0x2200, 0x2200, 0x4200, 0x4300, 0x6300, 0x6300, 0x6300, 0x6300,
  0x8400, 0xA400, 0xA500, 0xA500, 0xC500, 0xA500, 0xC500, 0xC500, 0xE608, 0x0609, 0x2709, 0x2711, 0x4711, 0x4711, 0x2709, 0x2709,
  0x0609, 0x2709, 0x6811, 0x6811, 0x6811, 0x2709, 0x0609, 0x0601, 0x0601, 0x0601, 0x0601, 0x0709, 0x4709, 0x2709, 0x6811, 0x6811,
  0xA919, 0xA919, 0xA919, 0x8919, 0x6811, 0x6811, 0x6811, 0x6811, 0x8811, 0x8811, 0x8811, 0x8811, 0x4709, 0x2709, 0x0601, 0x0601,
  0xE600, 0xC600, 0xE600, 0xE600, 0x2709, 0x2709, 0xE600, 0xC600, 0xC600, 0xE600, 0xE600, 0x0609, 0x0709, 0x2709, 0x2709, 0x0601,
  0x0709, 0x0709, 0x0709, 0x0709, 0x0709, 0xE600, 0xE600, 0xE600, 0xE600, 0x0709, 0x2709, 0x2709, 0x2709, 0x0709, 0x2709, 0x2709,
  0x2709, 0x0709, 0xE700, 0xE600, 0xE600, 0x0709, 0x0709, 0x2709, 0x0709, 0xE608, 0xE608, 0xE600, 0xE600, 0xC600, 0xC500, 0xA500,
  0xC500, 0xC500, 0xE500, 0xE500, 0xC500, 0xC500, 0xA500, 0x8500, 0xA500, 0xA600, 0xA600, 0xA500, 0xA600, 0xA600, 0xA600, 0xC600,
  0xC600, 0xC600, 0xE600, 0xE600, 0xE600, 0x0601, 0x0701, 0xE700, 0xE700, 0xE600, 0xE700, 0x0701, 0x0701, 0xE700, 0xE700, 0xE700,
  0xE600, 0xC600, 0xC600, 0xA600, 0xA600, 0xA600, 0xA600, 0xA500, 0xA500, 0x8500, 0xA500, 0xA500, 0x8500, 0x8500, 0x8500, 0x8500,
  0x8500, 0x8500, 0x8500, 0x8500, 0x8500, 0x8500, 0x8500, 0x8500, 0x8500, 0x8400, 0x6400, 0x6400, 0x4400, 0x4400, 0x4400, 0x4400,
  0x6400, 0x6400, 0x6400, 0x6400, 0x6400, 0x6400, 0x6400, 0x6400, 0x4400, 0x4400, 0x4400, 0x6400, 0x6400, 0x4400, 0x4400, 0x4400,
  0x6400, 0x6400, 0x6400, 0x8400, 0x6400, 0x6400, 0x6400, 0x6400, 0x4300, 0x4300, 0x4300, 0x6400, 0x6300, 0x4300, 0x4300, 0x2300,
  0x2200, 0x2300, 0x2300, 0x4300, 0x4300, 0x4300, 0x4300, 0x4300, 0x4300, 0x6300, 0x6300, 0x6300, 0x4300, 0x4300, 0x4300, 0x4300,
  0x2300, 0x2300, 0x2300, 0x2300, 0x2200, 0x2200, 0x2300, 0x2300, 0x2200, 0x2200, 0x0200, 0x0200, 0x0200, 0x0200, 0x0200, 0x0300,
  0x2300, 0x2300, 0x6400, 0xE610, 0xA921, 0x8C3A, 0x8D3A, 0x6C32, 0x6C32, 0x6C32, 0xCE3A, 0x0F43, 0x3043, 0x504B, 0x704B, 0x5043,
  0x5043, 0x2F43, 0xEE3A, 0xCE3A, 0xAD3A, 0x4C32, 0x4C32, 0xEA29, 0x2711, 0x6400, 0x4300, 0x4300, 0x0200, 0x0208, 0x0108, 0x0110,
  0x0018, 0x0018, 0x0020, 0x0020, 0x0128, 0x2128, 0x0118, 0x0010, 0x0010, 0x0010, 0x0010, 0x0010, 0x0010, 0x0008, 0x0008, 0x0008,
  0x0008, 0x0010, 0x0010, 0x0010, 0x0008, 0x0008, 0x0008, 0x0010, 0x0010, 0x0008, 0x0008, 0x0008, 0x0008, 0x0008, 0x0008, 0x0008,
  0x2200, 0x2200, 0x2200, 0x2200, 0x0100, 0x0100, 0x0100, 0x0100, 0x0100, 0x0100, 0x0100, 0x2100, 0x2200, 0x2200, 0x0200, 0x0200,
  0x0200, 0x0200, 0x2200, 0x2200, 0x2200, 0x2200, 0x2200, 0x2200, 0x4200, 0x4300, 0x4300, 0x6300, 0x6300, 0x6300, 0x8400, 0xA400,
  0xA400, 0x8400, 0x8400, 0xA400, 0xC500, 0xE508, 0x0609, 0x0609, 0x0609, 0x2709, 0x2711, 0x2709, 0x0609, 0xE608, 0x0609, 0x2711,
  0x4711, 0x4711, 0x2709, 0x0609, 0xE608, 0xE600, 0xE600, 0xE608, 0xE608, 0x2709, 0x2709, 0x2709, 0x4811, 0x4811, 0x4811, 0x6811,
  0x8819, 0x8819, 0x2711, 0x0609, 0x2709, 0x4711, 0x6811, 0x6811, 0x4709, 0x4709, 0x6811, 0x2709, 0x0609, 0x0609, 0xE600, 0xC500,
  0xC500, 0xE600, 0x0609, 0x0609, 0xE608, 0xE600, 0xC600, 0xC600, 0xE600, 0xE600, 0xE608, 0x0609, 0x0709, 0xE608, 0xC600, 0x0609,
  0x2709, 0x0709, 0xE608, 0xC600, 0xE600, 0x0709, 0x0709, 0x0609, 0x0709, 0x2711, 0x2709, 0xE608, 0xE600, 0x0709, 0x0709, 0x0709,
  0x0709, 0x0709, 0xE608, 0xE608, 0x0709, 0x0709, 0xE608, 0xE600, 0x0609, 0x0609, 0xE608, 0xC500, 0xA500, 0xA500, 0xA500, 0xC500,
  0xC600, 0xC600, 0xC500, 0xC500, 0xA500, 0xA500, 0xA500, 0xA500, 0xA500, 0xA500, 0xA500, 0xA500, 0x8500, 0xA600, 0xC600, 0xC600,
  0xC600, 0xC600, 0xC600, 0xE600, 0xE700, 0x0701, 0xE700, 0xE700, 0xE700, 0xE700, 0xC600, 0xE700, 0xE700, 0xC600, 0xC600, 0xA600,
  0xA600, 0xC600, 0xA600, 0xA600, 0xA600, 0xA600, 0x8500, 0x8500, 0x8500, 0x8500, 0x8500, 0x8500, 0x8500, 0x8500, 0x8500, 0x8500,
  0x8500, 0x8500, 0x8500, 0x8500, 0x8400, 0x8400, 0x8400, 0x6400, 0x6400, 0x6400, 0x6400, 0x4400, 0x4400, 0x4300, 0x4300, 0x4300,
  0x4300, 0x4400, 0x4400, 0x6400, 0x4400, 0x6400, 0x8400, 0x6400, 0x2300, 0x4300, 0x6400, 0x6400, 0x4300, 0x4400, 0x6400, 0x4300,
  0x4300, 0x6400, 0x6400, 0x4300, 0x4300, 0x4300, 0x4300, 0x4300, 0x4300, 0x4300, 0x4300, 0x4300, 0x4300, 0x2300, 0x2300, 0x2300,
  0x2300, 0x4300, 0x2300, 0x2300, 0x4300, 0x4300, 0x4300, 0x4300, 0x4300, 0x4300, 0x4300, 0x4300, 0x2300, 0x2300, 0x2300, 0x2300,
  0x2300, 0x2300, 0x2300, 0x2300, 0x2300, 0x2300, 0x2200, 0x2200, 0x2200, 0x2200, 0x0200, 0x0300, 0x0200, 0x0300, 0x0300, 0x2300,
  0x2300, 0x4400, 0x2711, 0xCA29, 0x6C3A, 0x8D32, 0x6C32, 0x4C2A, 0x4C2A, 0xAD3A, 0x0F43, 0x0F43, 0x304B, 0x504B, 0x5043, 0x2F43,
  0xEE3A, 0xEE3A, 0xCE32, 0x8D32, 0x6C32, 0x0B2A, 0xCA29, 0x4711, 0x6400, 0x2300, 0x2200, 0x0200, 0x0100, 0x0108, 0x0110, 0x0018,
  0x0018, 0x0020, 0x0020, 0x2128, 0x2128, 0x0020, 0x0010, 0x0010, 0x0010, 0x2010, 0x0010, 0x0010, 0x0010, 0x0010, 0x0008, 0x0110,
  0x2110, 0x2110, 0x0008, 0x0008, 0x0008, 0x0008, 0x0008, 0x0008, 0x0010, 0x0010, 0x0008, 0x0008, 0x0008, 0x0008, 0x0008, 0x0008,
  0x2100, 0x2100, 0x2100, 0x2100, 0x0100, 0x0100, 0x0100, 0x0100, 0x0100, 0x0100, 0x0100, 0x0100, 0x2100, 0x2200, 0x0200, 0x0200,
  0x0200, 0x0200, 0x0200, 0x2200, 0x2200, 0x2200, 0x2200, 0x4200, 0x4300, 0x4300, 0x6300, 0x6300, 0x6300, 0x8400, 0x8400, 0x6300,
  0x8400, 0xA400, 0xC508, 0xC508, 0xC500, 0xE500, 0x2609, 0x2711, 0x2711, 0x0609, 0xE608, 0xE608, 0x0609, 0x2711, 0x2711, 0x2711,
  0x0709, 0xE608, 0xE600, 0xE600, 0xE600, 0xE600, 0xE600, 0x0609, 0x0709, 0x0609, 0x2711, 0x4811, 0x4811, 0xA919, 0x8919, 0x4811,
  0x0709, 0x0709, 0x4711, 0x6819, 0x6811, 0x4711, 0x4711, 0x2709, 0x4711, 0x2709, 0xE608, 0x0609, 0xC500, 0xC500, 0xC500, 0xE600,
  0x0609, 0xE600, 0xC500, 0xC600, 0xE600, 0xE600, 0xC500, 0xE608, 0x0609, 0xE608, 0x0609, 0xC500, 0xC500, 0xE608, 0x2711, 0x0709,
  0xE600, 0xC500, 0xC500, 0xE600, 0x0709, 0xE608, 0x0709, 0x2709, 0x0709, 0x0709, 0xE608, 0x0709, 0x0709, 0xE608, 0xE600, 0xE600,
  0xE608, 0xE608, 0xE608, 0x0709, 0xE608, 0xE608, 0xC600, 0xC600, 0xE608, 0xC500, 0xA500, 0xA500, 0xA500, 0xC500, 0xC500, 0xA500,
  0xA500, 0xA500, 0xA500, 0xA500, 0xA500, 0xA500, 0xA500, 0xA500, 0xA500, 0xA500, 0xA500, 0x8500, 0xA600, 0xA600, 0xA600, 0xA600,
  0xA600, 0xC600, 0xC600, 0xE600, 0xE600, 0xE600, 0xE600, 0xC600, 0xC600, 0xC600, 0xC600, 0xC600, 0xC600, 0xC600, 0xA600, 0xA600,
  0xA600, 0xA500, 0xA500, 0xA500, 0xA500, 0x8500, 0x8500, 0x8500, 0x8500, 0x8500, 0x8500, 0x8500, 0x8500, 0x8500, 0x8500, 0x6400,
  0x6400, 0x6400, 0x8500, 0x8500, 0x8400, 0x6400, 0x6400, 0x6400, 0x6400, 0x4400, 0x4300, 0x2300, 0x2300, 0x2300, 0x4300, 0x4300,
  0x4300, 0x4300, 0x6400, 0x4300, 0x6400, 0x6400, 0x4300, 0x4300, 0x6400, 0x4400, 0x4300, 0x2300, 0x4400, 0x4400, 0x4300, 0x6400,
  0x6400, 0x4300, 0x4300, 0x4300, 0x4300, 0x4300, 0x4300, 0x4300, 0x4300, 0x4300, 0x4300, 0x4300, 0x2300, 0x2200, 0x2200, 0x2300,
  0x4300, 0x4300, 0x4300, 0x4300, 0x4300, 0x4300, 0x4300, 0x4300, 0x4300, 0x4300, 0x4300, 0x4300, 0x2300, 0x2300, 0x2300, 0x2300,
  0x2300, 0x2300, 0x2300, 0x2300, 0x2300, 0x2300, 0x2200, 0x2200, 0x2200, 0x2200, 0x0200, 0x0200, 0x0300, 0x0300, 0x0300, 0x2400,
  0xA500, 0x4711, 0x0B2A, 0x4C32, 0x6C32, 0x6C2A, 0x6D2A, 0x4C2A, 0x4C2A, 0xEF3A, 0x0F43, 0x3043, 0x504B, 0x304B, 0x3043, 0x0F3B,
  0xCE32, 0x8D32, 0x6C32, 0x4C32, 0x2B2A, 0xEA29, 0x2719, 0x8500, 0x4300, 0x0200, 0x0200, 0x0100, 0x0108, 0x0110, 0x0018, 0x0018,
  0x0020, 0x0020, 0x0128, 0x2128, 0x0120, 0x0018, 0x0010, 0x0010, 0x0010, 0x0010, 0x0010, 0x0010, 0x0010, 0x0010, 0x0010, 0x0010,
  0x2110, 0x2110, 0x0008, 0x0008, 0x0008, 0x0008, 0x0008, 0x0008, 0x0010, 0x0010, 0x0008, 0x0008, 0x0008, 0x0008, 0x0008, 0x0000,
  0x0100, 0x0100, 0x0100, 0x0100, 0x0100, 0x0100, 0x0100, 0x0100, 0x0100, 0x0100, 0x0100, 0x0100, 0x0100, 0x0100, 0x0100, 0x0200,
  0x0200, 0x0200, 0x0200, 0x2200, 0x2200, 0x2200, 0x2200, 0x4300, 0x4300, 0x6300, 0x6300, 0x6300, 0x8300, 0x8300, 0x8300, 0xA400,
  0xC500, 0xC508, 0xC500, 0xC500, 0x0609, 0x0609, 0xE608, 0xE608, 0xC600, 0xC500, 0xE608, 0x0709, 0x2711, 0x2709, 0x2711, 0x0609,
  0xC600, 0xC500, 0xE600, 0xE608, 0xE608, 0x0609, 0x0609, 0x0609, 0x2711, 0x4711, 0x6811, 0x8819, 0x6819, 0x4711, 0x2711, 0x0609,
  0x4711, 0x8819, 0x4811, 0x4711, 0x2711, 0x2711, 0x2711, 0x0609, 0x0609, 0xE608, 0xA500, 0xA500, 0xE608, 0x2709, 0x0709, 0xE608,
  0xC500, 0xC500, 0xC500, 0xE608, 0xE608, 0xC600, 0xE608, 0xE608, 0xC500, 0xC500, 0xA500, 0xE600, 0x0609, 0x0609, 0x0609, 0xC500,
  0xC500, 0xC500, 0xC500, 0xE608, 0x0609, 0xE608, 0x0609, 0x0709, 0x0609, 0xE608, 0xE600, 0xE608, 0xE608, 0xE600, 0xC608, 0xC608,
  0xE608, 0xE608, 0xE608, 0xC600, 0xC600, 0xC600, 0xC600, 0xC600, 0xA500, 0xA500, 0xA500, 0xC500, 0xC608, 0xC508, 0xC500, 0xA500,
  0xA500, 0x8400, 0xA500, 0xA500, 0xA500, 0x8500, 0x8500, 0xA500, 0xA500, 0xA500, 0xA500, 0xA500, 0xC608, 0xC600, 0xA500, 0xA500,
  0xA500, 0xC600, 0xC600, 0xC600, 0xC600, 0xC600, 0xC600, 0xC600, 0xC600, 0xA600, 0xA600, 0xA600, 0xA600, 0xA600, 0xA600, 0xA600,
  0xA500, 0xA500, 0xA500, 0xA500, 0x8500, 0x8500, 0x8500, 0x8500, 0x8500, 0x8500, 0x8500, 0x8400, 0x8400, 0x8400, 0x8400, 0x6400,
  0x6400, 0x6400, 0x6400, 0x6400, 0x6400, 0x6400, 0x6400, 0x4400, 0x4400, 0x2300, 0x2300, 0x2300, 0x4300, 0x4400, 0x4400, 0x4300,
  0x4300, 0x4300, 0x6400, 0x4300, 0x4300, 0x4300, 0x2300, 0x4300, 0x6400, 0x4300, 0x4300, 0x4300, 0x4300, 0x4300, 0x4300, 0x6400,
  0x6400, 0x2300, 0x2300, 0x4300, 0x4300, 0x4300, 0x4300, 0x4300, 0x4300, 0x4300, 0x4300, 0x2300, 0x2300, 0x2200, 0x2200, 0x2200,
  0x4300, 0x4300, 0x4300, 0x4300, 0x4300, 0x4300, 0x4300, 0x2200, 0x2200, 0x2200, 0x2200, 0x2200, 0x2200, 0x2200, 0x2200, 0x2200,
  0x2200, 0x0200, 0x0200, 0x0200, 0x0200, 0x0200, 0x2200, 0x2200, 0x2200, 0x2200, 0x0200, 0x0200, 0x2300, 0x0300, 0x2300, 0xA508,
  0x6819, 0x2B2A, 0x8D32, 0x4C32, 0x4C2A, 0x4C2A, 0x2C22, 0x6D2A, 0xAE32, 0xEF3A, 0xEF42, 0x3043, 0x0F43, 0xCE3A, 0xAE3A, 0xCE32,
  0xAE32, 0x6C2A, 0x4C2A, 0x2B32, 0xCA21, 0x2719, 0x6400, 0x0300, 0x0200, 0x0200, 0x0208, 0x0108, 0x0110, 0x2118, 0x0018, 0x0120,
  0x0020, 0x0020, 0x4228, 0x2120, 0x0018, 0x0018, 0x0010, 0x0010, 0x0010, 0x0010, 0x0010, 0x0010, 0x0010, 0x0010, 0x0010, 0x0010,
  0x0010, 0x0010, 0x0008, 0x0008, 0x0008, 0x0008, 0x0008, 0x0008, 0x0008, 0x0008, 0x0008, 0x0008, 0x0008, 0x0008, 0x0000, 0x0000,
  0x0100, 0x0100, 0x0100, 0x0100, 0x0100, 0x0100, 0x0100, 0x0100, 0x0100, 0x0000, 0x0000, 0x0000, 0x0100, 0x0100, 0x0100, 0x0200,
  0x0200, 0x0200, 0x0200, 0x2200, 0x2200, 0x2200, 0x4300, 0x4300, 0x4300, 0x6300, 0x8300, 0x8300, 0x8300, 0xA400, 0xC400, 0xA400,
  0xA400, 0xE508, 0x0609, 0xE608, 0xC500, 0xC500, 0xC500, 0xC500, 0xE608, 0x0609, 0x0711, 0x0711, 0xE608, 0xC500, 0xE608, 0xC608,
  0xC500, 0xC500, 0xE608, 0xE608, 0xE608, 0xE608, 0x0709, 0x2711, 0x2711, 0x6819, 0x6819, 0x2711, 0x0609, 0x2711, 0x4711, 0x4711,
  0x6719, 0x0609, 0x2609, 0x2609, 0x2609, 0x0609, 0x0609, 0x0609, 0xC500, 0xC500, 0xE608, 0xE608, 0xE508, 0xC500, 0xC500, 0xC500,
  0xC508, 0xC508, 0xC500, 0xC500, 0xC500, 0xC508, 0xE608, 0x8400, 0x8400, 0xC500, 0xC500, 0xC500, 0xE500, 0xE500, 0xC500, 0xA500,
  0xC500, 0xE608, 0xE608, 0xE608, 0xE608, 0x0709, 0xE608, 0xC500, 0xE608, 0xC600, 0xE608, 0xC500, 0xA500, 0xE608, 0xE608, 0xE608,
  0xE608, 0xC608, 0xC608, 0xC608, 0xC608, 0xA500, 0xA500, 0x8400, 0x8400, 0xA500, 0xC508, 0xC508, 0xA500, 0xA500, 0xA500, 0x8400,
  0x8400, 0x8400, 0x8400, 0x8400, 0x8400, 0x8500, 0x8400, 0x8500, 0x8500, 0xA500, 0xA600, 0xC600, 0xA600, 0xA500, 0xA500, 0xA600,
  0xC600, 0xC600, 0xC600, 0xC600, 0xA500, 0xC500, 0xA600, 0xA600, 0xA600, 0xA600, 0xA500, 0xA500, 0xA500, 0x8500, 0x8500, 0x8500,
  0x8500, 0x8500, 0x8500, 0x8500, 0x8500, 0x8500, 0x6500, 0x6500, 0x6500, 0x6500, 0x6400, 0x8400, 0x8400, 0x8400, 0x6400, 0x8400,
  0x8400, 0x6400, 0x4400, 0x4300, 0x4300, 0x4300, 0x4300, 0x4300, 0x2300, 0x2300, 0x2300, 0x4300, 0x4400, 0x6408, 0x4400, 0x4300,
  0x4300, 0x4300, 0x4300, 0x4300, 0x2300, 0x2200, 0x6300, 0x6400, 0x2300, 0x4300, 0x6300, 0x6400, 0x4300, 0x4300, 0x4300, 0x2300,
  0x2300, 0x4300, 0x4300, 0x2300, 0x2300, 0x2300, 0x2300, 0x2300, 0x2300, 0x2300, 0x2300, 0x2300, 0x2200, 0x2200, 0x2200, 0x2200,
  0x4300, 0x4300, 0x2200, 0x4200, 0x4300, 0x4300, 0x4300, 0x2200, 0x2200, 0x2200, 0x2200, 0x2200, 0x2200, 0x2200, 0x2200, 0x2200,
  0x2200, 0x0200, 0x0200, 0x0200, 0x0200, 0x0200, 0x0200, 0x2200, 0x2200, 0x2200, 0x2200, 0x2300, 0x2300, 0x4300, 0xC608, 0x8921,
  0x2C32, 0x6D32, 0x6C2A, 0x4C2A, 0x4C2A, 0x4C22, 0x2C22, 0xAE32, 0xEF3A, 0xCF3A, 0xEF3A, 0xEF42, 0xCE3A, 0x8D32, 0x6D32, 0x6C2A,
  0x8D2A, 0x2B2A, 0x2B2A, 0xCA21, 0x2719, 0x6400, 0x0300, 0x0300, 0x0200, 0x0208, 0x0210, 0x0110, 0x0118, 0x0118, 0x0020, 0x0120,
  0x0120, 0x2128, 0x2228, 0x0018, 0x0018, 0x0010, 0x0010, 0x0010, 0x0010, 0x0010, 0x0010, 0x0010, 0x0010, 0x0010, 0x0010, 0x0010,
  0x0008, 0x0008, 0x0008, 0x0008, 0x0008, 0x0008, 0x0008, 0x0008, 0x0008, 0x0008, 0x0008, 0x0008, 0x0008, 0x0000, 0x0000, 0x0000,
  0x0000, 0x0000, 0x0000, 0x0000, 0x0000, 0x0000, 0x0000, 0x0000, 0x0000, 0x0000, 0x0000, 0x0000, 0x0100, 0x0100, 0x0100, 0x0200,
  0x0200, 0x0200, 0x0200, 0x2200, 0x2200, 0x4300, 0x4300, 0x4300, 0x6300, 0x6300, 0x8300, 0x8300, 0x8400, 0xA400, 0xC508, 0xC508,
  0xC508, 0xC500, 0xC500, 0xA500, 0xC500, 0xC500, 0x0609, 0xE608, 0xC608, 0xC608, 0xC500, 0xA500, 0xA500, 0xA500, 0xC500, 0xC608,
  0xC608, 0xC600, 0xC600, 0xE608, 0x0609, 0x2711, 0x4711, 0x4711, 0x2711, 0x0609, 0xE608, 0x0609, 0x0609, 0x4711, 0x6819, 0x0609,
  0x0609, 0xE500, 0xE608, 0x0609, 0xE608, 0xC500, 0xA500, 0xC500, 0xE508, 0xE608, 0xE608, 0xE608, 0xA500, 0xA500, 0xA500, 0xA500,
  0xC508, 0xA500, 0xA500, 0xC500, 0xC508, 0xC508, 0x8400, 0xA508, 0xE608, 0xC508, 0xC500, 0xC500, 0xA500, 0xA500, 0xC500, 0xE608,
  0xC500, 0xC500, 0xC500, 0xE500, 0xE608, 0xE600, 0xC600, 0xC600, 0xC500, 0xA500, 0xA500, 0xC600, 0xE608, 0xC500, 0xC500, 0xC508,
  0xC508, 0xC508, 0xC508, 0xA500, 0xA500, 0x8500, 0x8500, 0x8400, 0xA500, 0xA500, 0xA500, 0xA500, 0xA500, 0x8400, 0x8400, 0x8400,
  0xA400, 0xA500, 0x8400, 0x8400, 0x8400, 0x6400, 0x6400, 0x8500, 0x8500, 0xA500, 0xA500, 0xC600, 0x8500, 0x8500, 0xA500, 0xC600,
  0xA500, 0xC600, 0xC600, 0xC500, 0xA500, 0xA500, 0xA500, 0xA500, 0xA500, 0xA500, 0x8500, 0x8500, 0x8500, 0x8500, 0x8500, 0x8500,
  0x8500, 0x8500, 0x8500, 0x8500, 0x8500, 0x6500, 0x6500, 0x6500, 0x6500, 0x6500, 0x6400, 0x8400, 0x8400, 0x6400, 0x6400, 0x8400,
  0x6400, 0x6400, 0x4400, 0x4300, 0x4300, 0x4300, 0x4300, 0x2300, 0x2300, 0x4300, 0x4400, 0x4300, 0x2300, 0x2300, 0x2300, 0x4300,
  0x6300, 0x6400, 0x4300, 0x4300, 0x4300, 0x6400, 0x4300, 0x2300, 0x4300, 0x4300, 0x4300, 0x4300, 0x4300, 0x4300, 0x4300, 0x2300,
  0x2300, 0x2300, 0x2300, 0x2300, 0x2300, 0x2300, 0x2300, 0x2300, 0x2300, 0x2300, 0x2200, 0x2200, 0x2200, 0x2200, 0x2200, 0x2200,
  0x4200, 0x2200, 0x2200, 0x2200, 0x2200, 0x2200, 0x2200, 0x2200, 0x2200, 0x2200, 0x2200, 0x2200, 0x2200, 0x2200, 0x2200, 0x2200,
  0x2200, 0x0200, 0x0200, 0x0200, 0x0200, 0x0200, 0x0200, 0x0200, 0x2200, 0x2200, 0x2300, 0x2300, 0x6400, 0xE610, 0xA921, 0x2C32,
  0x8D3A, 0x4C2A, 0x0B22, 0x4C2A, 0x2C22, 0x4C22, 0x8D2A, 0xEF3A, 0xCE3A, 0xEF3A, 0xAE3A, 0x8D32, 0x8D32, 0x8D32, 0x6D32, 0x4C2A,
  0x4C2A, 0x0B22, 0xEA21, 0x2711, 0x6400, 0x2300, 0x0200, 0x0200, 0x0308, 0x0210, 0x0210, 0x0118, 0x0118, 0x0120, 0x2120, 0x0120,
  0x2228, 0x4228, 0x0120, 0x0010, 0x0010, 0x0010, 0x0010, 0x0010, 0x0010, 0x0010, 0x0010, 0x0010, 0x0010, 0x0010, 0x0010, 0x0010,
  0x0008, 0x0008, 0x0008, 0x0008, 0x0008, 0x0008, 0x0008, 0x0008, 0x0008, 0x0008, 0x0008, 0x0008, 0x0000, 0x0000, 0x0000, 0x0000,
  0x0000, 0x0000, 0x0000, 0x0000, 0x0000, 0x0000, 0x0000, 0x0000, 0x0000, 0x0100, 0x0100, 0x0100, 0x0100, 0x0200, 0x0200, 0x0200,
  0x0200, 0x2200, 0x2300, 0x4300, 0x4200, 0x4300, 0x6300, 0x6300, 0x6300, 0x8400, 0xA400, 0xA400, 0xA400, 0xA400, 0xA400, 0xA400,
  0xA400, 0xC508, 0xC500, 0xC500, 0xC500, 0xE508, 0xE600, 0xC500, 0xA500, 0xA500, 0xA500, 0xA400, 0xA500, 0xC500, 0xC600, 0xC600,
  0xC500, 0xC500, 0xE608, 0x2609, 0x4711, 0x4711, 0x2711, 0x2611, 0x0609, 0xE608, 0x0609, 0x4711, 0x2611, 0x0609, 0xE508, 0xC500,
  0xE508, 0xE608, 0xC500, 0x8400, 0xA400, 0xA400, 0xC508, 0xE508, 0x0509, 0xE508, 0xA500, 0xA500, 0xA400, 0xA400, 0x8500, 0x8400,
  0x8400, 0xE508, 0xC508, 0xA500, 0x8400, 0xC508, 0xC608, 0xE608, 0xC608, 0x8400, 0xA500, 0xA500, 0xA500, 0xC500, 0xC500, 0xA500,
  0xC500, 0xC500, 0xE600, 0xE608, 0xC500, 0xC500, 0xC500, 0xA500, 0x8400, 0xA500, 0xC500, 0xE608, 0xE608, 0xC500, 0xC508, 0xA500,
  0xA500, 0x8400, 0x8400, 0x8400, 0x8400, 0xA400, 0xA500, 0xC508, 0xA500, 0x8500, 0x6400, 0x8400, 0x8500, 0x8400, 0x8400, 0x8500,
  0x8500, 0x8500, 0x8500, 0x8500, 0x8500, 0x8400, 0x6400, 0xA500, 0xA500, 0x8500, 0x8500, 0x8500, 0xA500, 0xC500, 0xC500, 0xC500,
  0xA500, 0xA500, 0xA500, 0xA500, 0xA500, 0xA500, 0xA500, 0xA500, 0xA500, 0x8400, 0x8400, 0x8400, 0x8400, 0x8400, 0x8400, 0x8400,
  0x8400, 0x6400, 0x6400, 0x6400, 0x6400, 0x6400, 0x6400, 0x6400, 0x6400, 0x6400, 0x6400, 0x8400, 0x6400, 0x8400, 0x6400, 0x6400,
  0x6400, 0x4300, 0x4300, 0x2300, 0x2300, 0x2300, 0x2300, 0x2300, 0x2400, 0x4400, 0x4400, 0x4400, 0x4400, 0x2300, 0x4300, 0x4300,
  0x4300, 0x4300, 0x4300, 0x2300, 0x4300, 0x4300, 0x4300, 0x4300, 0x4300, 0x4300, 0x2300, 0x2300, 0x4300, 0x2300, 0x2300, 0x2300,
  0x2300, 0x2300, 0x2300, 0x2200, 0x2200, 0x2200, 0x2200, 0x2300, 0x2300, 0x2300, 0x2300, 0x2300, 0x2300, 0x2200, 0x2200, 0x2200,
  0x2200, 0x2200, 0x2200, 0x2200, 0x2200, 0x2200, 0x2200, 0x2200, 0x2200, 0x2200, 0x2200, 0x2200, 0x0200, 0x0200, 0x0200, 0x0200,
  0x0200, 0x0200, 0x0200, 0x0200, 0x0200, 0x0200, 0x0300, 0x0200, 0x2300, 0x2200, 0x4300, 0x8400, 0x0711, 0xA921, 0x6C3A, 0x6C32,
  0x4C2A, 0x0B22, 0x0B22, 0x2B22, 0x0B22, 0x4C2A, 0xCE3A, 0xEE3A, 0xEF3A, 0xAE32, 0x8D32, 0x6D2A, 0x6C2A, 0x4C2A, 0x4C2A, 0x2B22,
  0x2B2A, 0xEA21, 0x8819, 0x8500, 0x0300, 0x0300, 0x0200, 0x0208, 0x0210, 0x0218, 0x2220, 0x2220, 0x0220, 0x2220, 0x4220, 0x4328,
  0x6328, 0x4328, 0x0218, 0x0118, 0x0010, 0x0010, 0x0010, 0x0018, 0x0010, 0x0010, 0x0010, 0x0010, 0x0010, 0x0010, 0x0010, 0x0008,
  0x0008, 0x0008, 0x0008, 0x0008, 0x0008, 0x0010, 0x0010, 0x0008, 0x0008, 0x0008, 0x0000, 0x0000, 0x0000, 0x0000, 0x0000, 0x0000,
  0x0000, 0x0000, 0x0000, 0x0000, 0x0000, 0x0000, 0x0000, 0x0000, 0x0000, 0x0100, 0x0200, 0x0200, 0x0200, 0x0200, 0x2200, 0x2200,
  0x2200, 0x2200, 0x2300, 0x4300, 0x4200, 0x6300, 0x6300, 0x6300, 0x8400, 0x8400, 0x8400, 0xA400, 0xA400, 0x8400, 0x8400, 0xA400,
  0xC508, 0xC500, 0xC508, 0xC508, 0xC500, 0xA500, 0xA500, 0xA400, 0xA400, 0xA500, 0xA500, 0xC500, 0xE500, 0xE600, 0xE500, 0xE600,
  0x0609, 0x2609, 0x2611, 0x2611, 0x2611, 0x0609, 0xE508, 0xE508, 0x4711, 0x4711, 0x2611, 0x0609, 0xC500, 0xE508, 0xC508, 0xC508,
  0xA400, 0x8400, 0xA500, 0xC508, 0xC500, 0xC508, 0x0509, 0xC408, 0x8400, 0xA400, 0xA400, 0x8400, 0xA400, 0xA500, 0xA500, 0xC500,
  0xC508, 0x8400, 0x8400, 0xA500, 0xE608, 0xE608, 0xC608, 0xA500, 0x8500, 0x8500, 0xA500, 0xC500, 0xC600, 0xC500, 0xA500, 0xC500,
  0xC600, 0xE600, 0xE600, 0xC500, 0xA500, 0xA500, 0xA400, 0xA400, 0xC500, 0xE608, 0xC508, 0x8400, 0xA500, 0xE508, 0xA500, 0xA500,
  0xA400, 0x8400, 0x8400, 0xA400, 0x8400, 0xA400, 0xA400, 0xA500, 0x8500, 0x8400, 0x8500, 0x8500, 0xA500, 0x8500, 0x8500, 0x8500,
  0x8500, 0x8500, 0x6400, 0x8400, 0x8500, 0x8500, 0x8500, 0x8500, 0x8500, 0x8500, 0x8500, 0xA500, 0xC500, 0xC500, 0xC500, 0xA500,
  0xA500, 0xA500, 0xA500, 0xA500, 0xA500, 0xA400, 0x8400, 0x8400, 0x8400, 0x8400, 0x8400, 0x8400, 0x8400, 0x8400, 0x8400, 0x8400,
  0x8400, 0x6400, 0x6400, 0x6400, 0x6400, 0x6400, 0x6400, 0x6400, 0x6400, 0x6400, 0x8400, 0x8400, 0x8400, 0x6300, 0x6300, 0x6300,
  0x6300, 0x4300, 0x4300, 0x2300, 0x2300, 0x2300, 0x2400, 0x2400, 0x4400, 0x4400, 0x4400, 0x2400, 0x4400, 0x4400, 0x4400, 0x4300,
  0x4300, 0x2300, 0x2300, 0x2300, 0x2300, 0x2300, 0x4300, 0x4300, 0x4300, 0x2300, 0x2300, 0x2300, 0x2300, 0x2300, 0x2300, 0x2300,
  0x2300, 0x2300, 0x2200, 0x2200, 0x2200, 0x2200, 0x2200, 0x2300, 0x2300, 0x2300, 0x2300, 0x2300, 0x2300, 0x2300, 0x2300, 0x2300,
  0x2300, 0x2300, 0x2300, 0x2300, 0x2300, 0x2200, 0x2200, 0x2200, 0x2200, 0x2200, 0x2200, 0x2200, 0x0200, 0x0200, 0x0200, 0x0200,
  0x0200, 0x0200, 0x0200, 0x0200, 0x0200, 0x0200, 0x0200, 0x0200, 0x4300, 0x4300, 0xA500, 0x2709, 0xCA21, 0x2B2A, 0x6C32, 0x2B2A,
  0x0B22, 0x4C22, 0x2B22, 0x2B22, 0x4C22, 0xAE32, 0xCE3A, 0xAE3A, 0xAE32, 0x6D2A, 0x6D2A, 0x4C2A, 0x4C2A, 0x0B22, 0x2B22, 0x0B22,
  0xA919, 0x0609, 0xA500, 0x2300, 0x0200, 0x0200, 0x0208, 0x2310, 0x2318, 0x2320, 0x2220, 0x4320, 0x6328, 0x2320, 0x6428, 0x8428,
  0x6428, 0x4320, 0x0218, 0x2218, 0x2110, 0x0110, 0x0110, 0x0118, 0x0110, 0x0010, 0x0010, 0x0010, 0x0010, 0x0110, 0x0110, 0x0008,
  0x0008, 0x0008, 0x0008, 0x0008, 0x0008, 0x0010, 0x0010, 0x0008, 0x0008, 0x0000, 0x0000, 0x0000, 0x0000, 0x0000, 0x0000, 0x0000,
  0x0000, 0x0000, 0x0000, 0x0000, 0x0000, 0x0000, 0x0000, 0x0000, 0x0100, 0x0100, 0x0200, 0x0200, 0x0200, 0x2200, 0x2200, 0x2200,
  0x2200, 0x2300, 0x2300, 0x4300, 0x6300, 0x6300, 0x6300, 0x6300, 0x6300, 0x6300, 0x8400, 0x8400, 0xA400, 0x8400, 0xA400, 0xA400,
  0xA400, 0xA400, 0xA500, 0xC500, 0xA500, 0x8400, 0x8400, 0x8400, 0xA500, 0xC500, 0xC500, 0xE608, 0xC500, 0xC500, 0xE500, 0x0609,
  0x4711, 0x2711, 0xE508, 0xE508, 0xE508, 0x2611, 0x4719, 0x2611, 0xE508, 0xE508, 0xC400, 0xC500, 0xC508, 0xC508, 0xC508, 0xA400,
  0xA400, 0xE508, 0xE508, 0xE508, 0xC508, 0xA400, 0xA400, 0xA400, 0xA400, 0x8400, 0x8400, 0xA500, 0xC500, 0xC508, 0xC500, 0xA400,
  0x4300, 0x8400, 0xE608, 0xE608, 0xC508, 0xA500, 0xA500, 0x8500, 0xA500, 0xC600, 0xC600, 0xA500, 0xA500, 0xA500, 0xC600, 0xE608,
  0xC600, 0xA500, 0xA500, 0xA500, 0x8400, 0x8400, 0x8400, 0xC508, 0xE608, 0x8400, 0xA500, 0xC500, 0xA500, 0xA400, 0x8400, 0x8400,
  0xA400, 0xA400, 0xA500, 0xA400, 0x8400, 0x8400, 0x8400, 0x8400, 0x6400, 0x8400, 0x8500, 0x8500, 0x6400, 0x8400, 0x8400, 0x8400,
  0x8400, 0x8400, 0x6400, 0x8400, 0x8400, 0x8500, 0x8500, 0x6400, 0x6400, 0x8500, 0xA500, 0xA508, 0xA500, 0xA500, 0xA500, 0xA500,
  0xA500, 0x8500, 0x8500, 0x8400, 0x8400, 0x8400, 0x8400, 0x8400, 0x8400, 0x8400, 0x8400, 0x8400, 0x8400, 0x8400, 0x8400, 0x8400,
  0x6400, 0x6400, 0x6400, 0x6400, 0x6400, 0x6400, 0x6400, 0x6400, 0x6400, 0x6400, 0x8400, 0x8400, 0x6300, 0x6300, 0x4300, 0x4300,
  0x4300, 0x4300, 0x4300, 0x2300, 0x2300, 0x2400, 0x2400, 0x2400, 0x2400, 0x2400, 0x2400, 0x2400, 0x2400, 0x4400, 0x4400, 0x2300,
  0x2300, 0x2300, 0x2300, 0x2300, 0x2300, 0x4300, 0x4300, 0x4300, 0x4300, 0x2300, 0x2300, 0x2300, 0x2300, 0x2300, 0x2300, 0x2300,
  0x2300, 0x2300, 0x2200, 0x2200, 0x2200, 0x2200, 0x2200, 0x2300, 0x2300, 0x2300, 0x2300, 0x2300, 0x2300, 0x2300, 0x2300, 0x2300,
  0x2300, 0x2300, 0x2300, 0x2300, 0x2200, 0x0200, 0x0200, 0x0200, 0x0200, 0x0200, 0x0200, 0x0200, 0x0200, 0x0200, 0x0200, 0x0200,
  0x0200, 0x0200, 0x0200, 0x0200, 0x0200, 0x0200, 0x2300, 0x2300, 0x4300, 0xA500, 0x4819, 0xEA29, 0x6C32, 0x4C32, 0x2B2A, 0x0A22,
  0xEA19, 0x2B22, 0x2B22, 0x6D2A, 0xAD32, 0xCE3A, 0xAE32, 0x6D32, 0x4C2A, 0x2C22, 0x2C22, 0x0B22, 0x2C22, 0x0B22, 0x0B22, 0xCA21,
  0x0609, 0x6400, 0x2300, 0x2300, 0x0200, 0x0200, 0x0208, 0x4310, 0x6418, 0x4320, 0x4320, 0x8428, 0x8428, 0x6428, 0xC530, 0xA528,
  0x8428, 0x4320, 0x2318, 0x2218, 0x2218, 0x2218, 0x2218, 0x2218, 0x2110, 0x0110, 0x0110, 0x0110, 0x0110, 0x0110, 0x0110, 0x0008,
  0x0008, 0x0008, 0x0008, 0x0008, 0x0008, 0x0010, 0x0010, 0x0008, 0x0008, 0x0008, 0x0000, 0x0000, 0x0000, 0x0000, 0x0000, 0x0008,
  0x0000, 0x0000, 0x0000, 0x0000, 0x0000, 0x0100, 0x0100, 0x0100, 0x0100, 0x0100, 0x0200, 0x0200, 0x2200, 0x2200, 0x2200, 0x2200,
  0x2300, 0x2300, 0x4300, 0x4300, 0x6300, 0x6300, 0x6300, 0x6300, 0x6300, 0x6300, 0x8400, 0x8400, 0x8400, 0xA400, 0xA408, 0x8400,
  0x8400, 0xA400, 0xA400, 0x8400, 0xA400, 0x8400, 0xA500, 0xA500, 0xA500, 0xA500, 0xA500, 0xC500, 0xC500, 0xE500, 0x0609, 0x0609,
  0xE508, 0xC508, 0xE508, 0x2611, 0x4611, 0x0609, 0xE508, 0xC500, 0x8400, 0xC500, 0xC508, 0xA400, 0xA400, 0x8400, 0x8400, 0xA400,
  0xC508, 0xC508, 0xA400, 0xA400, 0xA400, 0xA400, 0xA400, 0x8300, 0x6300, 0x8400, 0xA400, 0xA400, 0xA400, 0x8400, 0x8400, 0x6400,
  0xA400, 0xA400, 0xC508, 0xC500, 0xA500, 0x8500, 0x8500, 0xA500, 0xC608, 0xC608, 0xA500, 0xC500, 0xC500, 0xC500, 0xC500, 0xC500,
  0xA500, 0x8400, 0x8500, 0xA500, 0xA400, 0xC508, 0xC508, 0xA500, 0x8400, 0x8400, 0xA400, 0xA400, 0x8400, 0x6400, 0x6400, 0x8400,
  0x8400, 0xA400, 0xA500, 0x8400, 0x8400, 0x6400, 0x6400, 0x6400, 0x6400, 0x8500, 0x8500, 0x6400, 0x6400, 0x6400, 0x6400, 0x6400,
  0x6400, 0x6400, 0x8500, 0x8500, 0x8400, 0x6400, 0x6400, 0x6400, 0x8500, 0xA500, 0xA500, 0xA500, 0x8500, 0x8500, 0x8500, 0x8500,
  0x8400, 0x8400, 0x8400, 0x8400, 0x6400, 0x6400, 0x8400, 0x8400, 0x8400, 0x8400, 0x8400, 0x8400, 0x8400, 0x8400, 0x8400, 0x8400,
  0x6400, 0x6400, 0x6400, 0x6400, 0x6400, 0x4300, 0x6400, 0x6400, 0x6400, 0x6400, 0x6400, 0x6300, 0x4300, 0x4300, 0x4300, 0x4300,
  0x2300, 0x2300, 0x4300, 0x4300, 0x2300, 0x4400, 0x2300, 0x2300, 0x2300, 0x2300, 0x2300, 0x4400, 0x4400, 0x2300, 0x2300, 0x2300,
  0x2300, 0x2300, 0x4300, 0x4300, 0x2300, 0x4300, 0x4300, 0x4300, 0x2300, 0x2300, 0x2300, 0x2300, 0x2300, 0x2300, 0x2300, 0x2300,
  0x2300, 0x2300, 0x2200, 0x2200, 0x2200, 0x2200, 0x2200, 0x2300, 0x2300, 0x2300, 0x2300, 0x2300, 0x2300, 0x2300, 0x2300, 0x2300,
  0x2300, 0x2300, 0x2200, 0x2200, 0x0200, 0x0200, 0x0200, 0x0200, 0x0200, 0x0200, 0x0200, 0x0200, 0x0200, 0x0200, 0x0200, 0x0200,
  0x0200, 0x0200, 0x0200, 0x0200, 0x0200, 0x0300, 0x2300, 0x6400, 0xE608, 0x6819, 0x4B32, 0x6C32, 0x6C32, 0x2B2A, 0x0A22, 0x0B22,
  0x0B22, 0x0B1A, 0x4C22, 0xEE3A, 0xCE3A, 0x8D32, 0x4D2A, 0x4C22, 0x2C22, 0x2C22, 0x0B22, 0x0B22, 0x2C2A, 0x0B22, 0xCA21, 0x0611,
  0x6400, 0x4300, 0x2300, 0x2200, 0x0200, 0x2208, 0x4310, 0x8418, 0x8418, 0x8420, 0xC528, 0xC528, 0xA528, 0xE630, 0xE630, 0xC528,
  0xA528, 0x8420, 0x6420, 0x6318, 0x6318, 0x6318, 0x6318, 0x4318, 0x4318, 0x2218, 0x2218, 0x2218, 0x2218, 0x2210, 0x0110, 0x0108,
  0x0108, 0x0108, 0x0008, 0x0008, 0x0110, 0x0010, 0x0010, 0x0008, 0x0008, 0x0008, 0x0008, 0x0008, 0x0008, 0x0008, 0x0008, 0x0008,
  0x0000, 0x0000, 0x0000, 0x0000, 0x0100, 0x0100, 0x0100, 0x0100, 0x0100, 0x0200, 0x0200, 0x2200, 0x2200, 0x2200, 0x2200, 0x2200,
  0x2300, 0x2300, 0x4300, 0x4300, 0x6300, 0x4300, 0x6300, 0x4300, 0x6300, 0x6300, 0x8400, 0x8400, 0x8400, 0x8400, 0x8400, 0x8400,
  0x8400, 0x6300, 0x6400, 0x8400, 0x8400, 0xA500, 0xA500, 0xA500, 0xA400, 0xA500, 0xC500, 0xE608, 0x0609, 0x0609, 0xE508, 0xE508,
  0xE508, 0x0611, 0x4611, 0xE508, 0xC408, 0xA400, 0xA400, 0xC508, 0xE508, 0xA400, 0x8300, 0x8400, 0x8400, 0xA400, 0xA400, 0xA400,
  0xA400, 0x8400, 0x8300, 0x8300, 0x8400, 0x8400, 0x8300, 0x8400, 0x8400, 0xA400, 0xA400, 0x4300, 0x6400, 0x8400, 0xA500, 0xC508,
  0xC508, 0xC500, 0x8400, 0x8400, 0xA500, 0xA500, 0xA500, 0xA500, 0xA500, 0xA500, 0xC608, 0xC608, 0xC500, 0xA500, 0xA500, 0xA500,
  0x8400, 0x8400, 0xA500, 0xE608, 0xC508, 0xA500, 0x8400, 0x8400, 0xA500, 0x8400, 0x6400, 0x6400, 0x8400, 0x8400, 0x8400, 0x8400,
  0x8400, 0x8400, 0x8400, 0x8400, 0x8400, 0x6400, 0x6400, 0x6300, 0x6400, 0x6400, 0x6400, 0x6400, 0x6400, 0x6400, 0x6400, 0x6400,
  0x6400, 0x6400, 0x6400, 0x6400, 0x6400, 0x6400, 0x6400, 0x8500, 0xA500, 0xA500, 0x8500, 0x8500, 0x8500, 0x8500, 0x8500, 0x8400,
  0x6400, 0x8500, 0x8500, 0x8400, 0x6400, 0x6400, 0x6400, 0x6400, 0x6400, 0x6400, 0x6400, 0x6400, 0x6400, 0x6400, 0x6400, 0x6400,
  0x6400, 0x6400, 0x6400, 0x6400, 0x6400, 0x4300, 0x4300, 0x6400, 0x6400, 0x6400, 0x4300, 0x4300, 0x4300, 0x4300, 0x4300, 0x2300,
  0x2300, 0x2300, 0x2300, 0x4300, 0x4300, 0x4400, 0x2300, 0x2300, 0x2300, 0x2300, 0x4400, 0x2300, 0x2300, 0x2300, 0x2300, 0x2300,
  0x2300, 0x4300, 0x6300, 0x4300, 0x2300, 0x4300, 0x4300, 0x4300, 0x2300, 0x2300, 0x2300, 0x2300, 0x2300, 0x2300, 0x2300, 0x2300,
  0x2300, 0x2300, 0x2200, 0x2200, 0x2200, 0x2200, 0x2200, 0x2300, 0x2300, 0x2300, 0x2300, 0x2300, 0x2300, 0x2300, 0x2300, 0x2300,
  0x2300, 0x2300, 0x2200, 0x2200, 0x0200, 0x0200, 0x0200, 0x0200, 0x0200, 0x0200, 0x0200, 0x0200, 0x0200, 0x0200, 0x0200, 0x0200,
  0x0200, 0x0200, 0x0200, 0x0200, 0x2200, 0x2300, 0x6400, 0xE608, 0xCA21, 0x2B2A, 0x6C32, 0x4C32, 0x2B2A, 0x2B2A, 0x0B22, 0xEA21,
  0x2B22, 0x8D2A, 0x8D2A, 0xEE3A, 0xAE32, 0x2C2A, 0x0B22, 0x2C22, 0xEB19, 0x0B1A, 0x0B22, 0x0B22, 0x2C2A, 0xCA21, 0x2811, 0x6400,
  0x0200, 0x2300, 0x0200, 0x0200, 0x6308, 0x8410, 0xA418, 0xC518, 0xC520, 0xE628, 0xC528, 0xE628, 0x2731, 0x4731, 0xE628, 0xE628,
  0xC528, 0xA520, 0x8520, 0x8418, 0x8520, 0x8520, 0x8520, 0x6418, 0x6418, 0x4318, 0x4318, 0x4318, 0x4318, 0x2210, 0x2210, 0x0110,
  0x0110, 0x2110, 0x0108, 0x0110, 0x0110, 0x0110, 0x0010, 0x0008, 0x0008, 0x0008, 0x0008, 0x0008, 0x0008, 0x0008, 0x0008, 0x0008,
  0x0000, 0x0000, 0x0000, 0x0000, 0x0100, 0x0100, 0x0100, 0x0100, 0x0100, 0x0100, 0x0200, 0x2200, 0x2200, 0x2200, 0x2200, 0x2300,
  0x2300, 0x2300, 0x4300, 0x4300, 0x6300, 0x6300, 0x6300, 0x6300, 0x6300, 0x6300, 0x6300, 0x8300, 0x8400, 0x8400, 0x8400, 0x8300,
  0x6300, 0x6300, 0x8400, 0x8400, 0xA400, 0xA500, 0xA500, 0xA500, 0xE500, 0x0609, 0x0609, 0x0609, 0xE508, 0xC500, 0xE508, 0xE508,
  0xE508, 0xC508, 0xA400, 0x8400, 0x8400, 0xC400, 0xC400, 0x8400, 0xA400, 0x8400, 0x8400, 0xA400, 0xA400, 0xA400, 0xA400, 0x8400,
  0x8400, 0x8400, 0x8400, 0x8400, 0x8300, 0x8400, 0x8400, 0x8400, 0x8400, 0x6300, 0x4300, 0x6400, 0x8400, 0xA508, 0xC508, 0xC508,
  0xA400, 0xA400, 0x8400, 0xC508, 0xE608, 0xA500, 0xA500, 0xA500, 0xA500, 0xC608, 0xC608, 0xA500, 0x8500, 0x8500, 0x8500, 0x8400,
  0xA500, 0xA500, 0xC500, 0xA500, 0x8400, 0x8400, 0xC508, 0x8400, 0x6400, 0x6400, 0x8400, 0x8400, 0x6400, 0x6400, 0x8400, 0x8400,
  0x8400, 0x8400, 0x8400, 0x6400, 0x6400, 0x6400, 0x6400, 0x6400, 0x6400, 0x6400, 0x6400, 0x8400, 0x8400, 0x6400, 0x6400, 0x6400,
  0x6400, 0x6400, 0x6400, 0x6400, 0x6400, 0x8500, 0x8500, 0x8500, 0x8500, 0x8500, 0x8400, 0x6400, 0x8400, 0x6400, 0x6400, 0x6400,
  0x6400, 0x6400, 0x6400, 0x6400, 0x6400, 0x6400, 0x6400, 0x6400, 0x6400, 0x6400, 0x6400, 0x6400, 0x6400, 0x6400, 0x6400, 0x6400,
  0x6300, 0x4300, 0x4300, 0x4300, 0x4300, 0x4300, 0x4300, 0x4300, 0x4300, 0x4300, 0x4300, 0x4300, 0x2300, 0x2300, 0x2300, 0x2300,
  0x2300, 0x4300, 0x4300, 0x4300, 0x2300, 0x4300, 0x4300, 0x4300, 0x4300, 0x2300, 0x2300, 0x2300, 0x2300, 0x2300, 0x2300, 0x4300,
  0x4300, 0x4300, 0x4300, 0x4300, 0x4300, 0x2300, 0x2300, 0x2300, 0x2300, 0x2300, 0x2300, 0x2300, 0x2300, 0x2300, 0x2200, 0x2200,
  0x2200, 0x2300, 0x4200, 0x2200, 0x2200, 0x2200, 0x2200, 0x2200, 0x2300, 0x2300, 0x2300, 0x2300, 0x2300, 0x2300, 0x2300, 0x2300,
  0x2300, 0x2200, 0x0200, 0x0200, 0x0200, 0x0200, 0x0200, 0x0200, 0x0200, 0x0200, 0x0200, 0x0200, 0x0200, 0x0200, 0x0200, 0x0200,
  0x0200, 0x0200, 0x0200, 0x2200, 0x2300, 0x6400, 0x2711, 0xCA21, 0x4C32, 0x6C32, 0x2C2A, 0x0B22, 0x0B22, 0x2B2A, 0x0B22, 0x0B22,
  0x6C2A, 0xCE32, 0xAE32, 0x8D2A, 0x6D2A, 0x4D2A, 0x0B22, 0xEB19, 0xEB19, 0x2B22, 0x2B22, 0x0B22, 0xAA19, 0x0709, 0x8500, 0x0300,
  0x0200, 0x0200, 0x2300, 0x6408, 0xA410, 0xC518, 0xE518, 0x0621, 0x0621, 0x2729, 0xE620, 0x2729, 0x6839, 0x6839, 0x0729, 0x0629,
  0xE628, 0xC620, 0xA520, 0xA620, 0xA620, 0xC620, 0xA520, 0xA520, 0x8520, 0x8520, 0x8418, 0x6418, 0x6418, 0x6318, 0x4210, 0x2210,
  0x2210, 0x2210, 0x2218, 0x2218, 0x2218, 0x0110, 0x0110, 0x0108, 0x0008, 0x0008, 0x0008, 0x0008, 0x0008, 0x0008, 0x0008, 0x0008,
  0x0000, 0x0000, 0x0000, 0x0000, 0x0100, 0x0100, 0x0100, 0x0200, 0x0200, 0x0200, 0x0200, 0x2200, 0x2200, 0x2200, 0x2200, 0x2300,
  0x2300, 0x2300, 0x2300, 0x2300, 0x4300, 0x6300, 0x6300, 0x6300, 0x6300, 0x6300, 0x6300, 0x6300, 0x6400, 0x6300, 0x6300, 0x6300,
  0x8400, 0x8400, 0x8400, 0x8400, 0x8400, 0xA500, 0xC500, 0xE600, 0x0609, 0xE600, 0xE500, 0xE508, 0xE508, 0xE508, 0xC508, 0xA408,
  0x8300, 0x6300, 0xA400, 0xA400, 0xA400, 0x8400, 0x8300, 0x6300, 0x8300, 0x8400, 0xA400, 0x8400, 0x8300, 0x6300, 0x6300, 0x6300,
  0x6300, 0x8400, 0x8300, 0x8300, 0x8300, 0x6300, 0x6300, 0x4300, 0x4300, 0x6400, 0xA400, 0xA500, 0xA400, 0xA508, 0x8500, 0x8500,
  0x8400, 0xA500, 0xA500, 0xC508, 0xA500, 0x8500, 0xA500, 0xC608, 0xC608, 0xA500, 0xA500, 0x8500, 0x8500, 0x8500, 0x8500, 0x8500,
  0xA500, 0xA500, 0xA500, 0x8500, 0xA500, 0x8400, 0x8400, 0x4300, 0x6400, 0x6400, 0x6400, 0x6400, 0x8400, 0x8400, 0x6400, 0x6400,
  0x6400, 0x6400, 0x6400, 0x6400, 0x6400, 0x6400, 0x6400, 0x6400, 0x6400, 0x6400, 0x6400, 0x8400, 0x6400, 0x6400, 0x6400, 0x6400,
  0x6400, 0x6400, 0x8400, 0x6400, 0x8400, 0x8500, 0x8500, 0x8500, 0x8500, 0x8400, 0x6400, 0x6400, 0x6400, 0x6400, 0x6400, 0x6400,
  0x8400, 0x6400, 0x6400, 0x6400, 0x6400, 0x6400, 0x6400, 0x6400, 0x6400, 0x6400, 0x6400, 0x6400, 0x6400, 0x6400, 0x6400, 0x6400,
  0x6300, 0x4300, 0x4300, 0x4300, 0x4300, 0x4300, 0x4300, 0x4300, 0x4300, 0x4300, 0x4300, 0x2300, 0x2300, 0x2300, 0x2300, 0x2300,
  0x2300, 0x4300, 0x4300, 0x2300, 0x2300, 0x2300, 0x4300, 0x4300, 0x4300, 0x2300, 0x2300, 0x2300, 0x2300, 0x2300, 0x2300, 0x4300,
  0x4300, 0x4300, 0x4300, 0x4300, 0x4300, 0x2300, 0x2300, 0x2300, 0x2300, 0x2200, 0x2200, 0x2200, 0x2200, 0x2200, 0x2200, 0x2200,
  0x2200, 0x2300, 0x4200, 0x2200, 0x2200, 0x2200, 0x2200, 0x2200, 0x2300, 0x2300, 0x2300, 0x2300, 0x2300, 0x2300, 0x2300, 0x2300,
  0x2300, 0x2200, 0x0200, 0x0200, 0x0200, 0x0200, 0x0200, 0x0200, 0x0200, 0x0200, 0x0200, 0x0200, 0x0200, 0x0200, 0x0200, 0x0200,
  0x0200, 0x2200, 0x0200, 0x4300, 0xA508, 0x2711, 0xCA21, 0x4C32, 0x4C32, 0x4C32, 0x2B2A, 0x0B22, 0x0B22, 0x2B22, 0x2B22, 0x4C2A,
  0xAE32, 0xAE32, 0x8D2A, 0x4C22, 0x2C22, 0x2C22, 0x0B1A, 0xEB19, 0x0B1A, 0x2C22, 0x4C2A, 0xA919, 0xE708, 0x4400, 0x2300, 0x0200,
  0x0200, 0x0200, 0x4308, 0x8410, 0xC518, 0xE518, 0x0621, 0x2621, 0x4729, 0x2729, 0x4829, 0x6831, 0x8931, 0x4829, 0x2729, 0x2729,
  0x0721, 0xE620, 0xC620, 0xC620, 0xC620, 0xC620, 0xC620, 0xA620, 0xA620, 0xA520, 0xA520, 0x8518, 0x8518, 0x8418, 0x6318, 0x4318,
  0x6318, 0x4318, 0x4318, 0x4218, 0x2218, 0x2218, 0x0110, 0x0110, 0x0110, 0x0108, 0x0108, 0x0108, 0x0110, 0x0108, 0x0108, 0x0108,
  0x0000, 0x0000, 0x0000, 0x0000, 0x0100, 0x0100, 0x0200, 0x0200, 0x0200, 0x0200, 0x0200, 0x2200, 0x2200, 0x2200, 0x2200, 0x2300,
  0x2300, 0x2300, 0x2300, 0x2300, 0x4300, 0x6300, 0x6300, 0x6300, 0x6300, 0x6300, 0x6300, 0x6300, 0x6400, 0x6300, 0x6300, 0x8400,
  0x8400, 0x8400, 0x6400, 0x8400, 0xA400, 0xA500, 0xC500, 0xE600, 0xC600, 0xC500, 0xC500, 0xE508, 0xC508, 0xA400, 0x8300, 0x8300,
  0x6300, 0x8300, 0xA400, 0x8400, 0x8300, 0x6300, 0x6300, 0xA400, 0x8400, 0x8300, 0x6300, 0x6300, 0x6300, 0x6300, 0x6300, 0x6300,
  0x6300, 0x6300, 0x6300, 0x6300, 0x6300, 0x6300, 0x4300, 0x6300, 0x8400, 0xA400, 0xA508, 0xA508, 0x8400, 0x8400, 0x6400, 0x8400,
  0x8400, 0xA500, 0xA500, 0xA500, 0x8400, 0xA500, 0xC508, 0xC608, 0xA500, 0x6400, 0x6400, 0x8500, 0x8500, 0x8500, 0x8500, 0xA500,
  0xA500, 0x8500, 0x8500, 0x8400, 0x8400, 0x6300, 0x6400, 0x6400, 0x8400, 0x8400, 0x8400, 0x8400, 0x8400, 0x8400, 0x6400, 0x6400,
  0x6400, 0x6400, 0x6400, 0x6400, 0x6400, 0x6400, 0x6400, 0x6400, 0x6400, 0x6400, 0x6400, 0x6400, 0x6400, 0x6400, 0x6400, 0x6400,
  0x6400, 0x8500, 0x8500, 0x6400, 0x8500, 0x8500, 0x8500, 0x8500, 0x8500, 0x8400, 0x6400, 0x6400, 0x6400, 0x6400, 0x6400, 0x8400,
  0x8400, 0x6400, 0x6400, 0x6400, 0x6400, 0x6400, 0x6400, 0x6400, 0x6400, 0x6400, 0x6400, 0x6400, 0x6400, 0x6400, 0x6400, 0x6400,
  0x4300, 0x4300, 0x4300, 0x4300, 0x4300, 0x4300, 0x4300, 0x4300, 0x4300, 0x2300, 0x2300, 0x2300, 0x2300, 0x2300, 0x2300, 0x2300,
  0x2300, 0x4300, 0x4300, 0x2300, 0x2300, 0x4300, 0x4300, 0x4300, 0x4300, 0x2300, 0x2300, 0x2300, 0x2300, 0x2300, 0x2300, 0x4300,
  0x4300, 0x4300, 0x4300, 0x4300, 0x4300, 0x2300, 0x2300, 0x2300, 0x2300, 0x2200, 0x2200, 0x2200, 0x2200, 0x2200, 0x2200, 0x2200,
  0x2200, 0x2200, 0x2200, 0x2200, 0x2200, 0x2200, 0x2200, 0x2200, 0x2300, 0x2300, 0x2300, 0x2300, 0x2300, 0x2200, 0x2200, 0x2200,
  0x2200, 0x2200, 0x0200, 0x0200, 0x0200, 0x0200, 0x0200, 0x0200, 0x0200, 0x0200, 0x0200, 0x0200, 0x0200, 0x0200, 0x0200, 0x0200,
  0x0200, 0x2200, 0x2300, 0xA408, 0x4711, 0xC921, 0x4B2A, 0x4C32, 0x2B2A, 0x2C2A, 0x0B22, 0x0B1A, 0x0A1A, 0x2B22, 0x4C22, 0x8D32,
  0xAE32, 0x6D2A, 0x2C22, 0x0B1A, 0xCB19, 0xCA19, 0xCA19, 0xEB19, 0x2C22, 0x4C2A, 0xCA19, 0xE608, 0x6400, 0x0300, 0x2300, 0x2300,
  0x4300, 0x4408, 0x8408, 0xC510, 0xE618, 0x0721, 0x2721, 0x4729, 0x4829, 0x4829, 0x8931, 0x8939, 0x4831, 0x2729, 0x2829, 0x2729,
  0x0729, 0x0721, 0xE720, 0xE720, 0xE720, 0xE720, 0xE720, 0xC620, 0xC620, 0xC620, 0xA520, 0xA520, 0xA518, 0xA518, 0xA418, 0x8418,
  0x8420, 0x6420, 0x6320, 0x4318, 0x2218, 0x2218, 0x0210, 0x0110, 0x0110, 0x0110, 0x0110, 0x0110, 0x0110, 0x0110, 0x0110, 0x0110,
  0x0000, 0x0000, 0x0000, 0x0000, 0x0100, 0x0100, 0x0200, 0x0200, 0x0200, 0x0200, 0x0200, 0x2200, 0x2200, 0x2200, 0x2200, 0x2300,
  0x2300, 0x2300, 0x2300, 0x2300, 0x4200, 0x4300, 0x6300, 0x4300, 0x4300, 0x6300, 0x6300, 0x6300, 0x6300, 0x6300, 0x6300, 0x8400,
  0xA400, 0x8400, 0x8400, 0xA500, 0xA500, 0xA500, 0xC500, 0xC500, 0xC500, 0xC500, 0xC500, 0xC400, 0x8400, 0x4200, 0x6300, 0x8300,
  0x8300, 0x6300, 0x6300, 0x6300, 0x8300, 0x8400, 0xA400, 0x8400, 0x8300, 0x8300, 0x6300, 0x6300, 0x6300, 0x8300, 0x8300, 0x8400,
  0x8300, 0x6300, 0x6300, 0x6300, 0x6300, 0x6300, 0x6300, 0xA400, 0xA508, 0xA408, 0x8400, 0x8400, 0x8400, 0x8400, 0x6400, 0xA500,
  0xA500, 0xA400, 0x6400, 0xA500, 0xA500, 0xA500, 0xA500, 0x8500, 0x8500, 0x8500, 0x6400, 0x8400, 0x8500, 0x8500, 0x8500, 0xA500,
  0xA500, 0x8500, 0x8400, 0x8400, 0x4300, 0x6300, 0x8400, 0x6400, 0x6400, 0x8400, 0x8400, 0x8400, 0x8400, 0x8400, 0x6400, 0x6400,
  0x6400, 0x6400, 0x6400, 0x6400, 0x6400, 0x6400, 0x6400, 0x6400, 0x6400, 0x6400, 0x6400, 0x6400, 0x6400, 0x6400, 0x6400, 0x4400,
  0x6400, 0x8500, 0x8500, 0x8400, 0x8500, 0x8500, 0x8500, 0x8500, 0x8500, 0x8400, 0x6400, 0x6400, 0x6400, 0x6400, 0x6400, 0x8400,
  0x8400, 0x6400, 0x6400, 0x6400, 0x6400, 0x6400, 0x6400, 0x6400, 0x6400, 0x6400, 0x6400, 0x6400, 0x6400, 0x6400, 0x6400, 0x6300,
  0x4300, 0x4300, 0x4300, 0x4300, 0x4300, 0x4300, 0x4300, 0x4300, 0x2300, 0x2300, 0x2300, 0x2300, 0x2300, 0x2300, 0x2300, 0x2300,
  0x2300, 0x4300, 0x4300, 0x2300, 0x4300, 0x4300, 0x4300, 0x4300, 0x4300, 0x2300, 0x2300, 0x2300, 0x2300, 0x2300, 0x4300, 0x4300,
  0x4300, 0x4300, 0x4300, 0x4300, 0x4300, 0x2300, 0x2300, 0x2300, 0x2300, 0x2200, 0x2200, 0x2200, 0x2200, 0x2200, 0x2200, 0x2200,
  0x2200, 0x2200, 0x2200, 0x2200, 0x2200, 0x2200, 0x2200, 0x2200, 0x2300, 0x2300, 0x2300, 0x2300, 0x2300, 0x0200, 0x0200, 0x0200,
  0x0200, 0x0200, 0x0200, 0x0200, 0x0200, 0x0200, 0x0200, 0x0100, 0x0100, 0x0100, 0x0100, 0x0100, 0x0100, 0x0100, 0x0100, 0x0100,
  0x0200, 0x2300, 0xA508, 0x4719, 0xCA29, 0x2B2A, 0x4B2A, 0x4B2A, 0x0B22, 0x0B22, 0x0B22, 0x0B1A, 0x0B1A, 0x2B22, 0x6C2A, 0xAE32,
  0x6D2A, 0x0B22, 0xEB19, 0xCB19, 0xAA11, 0xEB19, 0xEB19, 0xEA19, 0x2B22, 0xEA19, 0x2709, 0x8500, 0x4400, 0x0300, 0x2300, 0x4400,
  0x6408, 0x8508, 0xC510, 0xE618, 0x0721, 0x2721, 0x4829, 0x6829, 0x6829, 0x8931, 0xAA39, 0x8931, 0x4829, 0x4829, 0x2829, 0x2829,
  0x2829, 0x0721, 0x0721, 0xE720, 0x0721, 0x0729, 0xE720, 0xE620, 0xE620, 0xE620, 0xC620, 0xA520, 0xA520, 0xC520, 0xA518, 0x8518,
  0x8520, 0x8420, 0x6420, 0x4420, 0x4318, 0x2218, 0x0210, 0x2210, 0x0210, 0x0110, 0x0110, 0x0110, 0x0210, 0x0110, 0x0110, 0x0110,
};
